{
  "authorDailyContributionsMap": {
    "tjwjoe": [
      {
        "date": "2020-09-29",
        "commitResults": [
          {
            "hash": "bb474f94acc3e55fee7d1e9642cc016048eb9ad4",
            "messageTitle": "Update README",
            "messageBody": "",
            "fileTypesAndContributionMap": {
              "docs": {
                "insertions": 19,
                "deletions": 11
              }
            }
          },
          {
            "hash": "be303c4f4a03ddc3c348c626c31a3e6e5572bd88",
            "messageTitle": "Update README to fix checkstyle errors",
            "messageBody": "",
            "fileTypesAndContributionMap": {
              "docs": {
                "insertions": 2,
                "deletions": 3
              }
            }
          },
          {
            "hash": "995ae99715c1c1854e32d3de60cf30ca666a1bf2",
            "messageTitle": "Fix minor typos",
            "messageBody": "",
            "fileTypesAndContributionMap": {
              "docs": {
                "insertions": 4,
                "deletions": 4
              }
            }
          },
          {
            "hash": "ad77cd3bbb956922640589239ae9ed9f006a630b",
            "messageTitle": "Add user stories",
            "messageBody": "",
            "fileTypesAndContributionMap": {
              "docs": {
                "insertions": 14,
                "deletions": 0
              }
            }
          },
          {
            "hash": "2daecd0dc15c01b3421a32941b77baae63b84cca",
            "messageTitle": "Fix minor typo",
            "messageBody": "",
            "fileTypesAndContributionMap": {
              "docs": {
                "insertions": 1,
                "deletions": 1
              }
            }
          }
        ]
      },
      {
        "date": "2020-10-06",
        "commitResults": [
          {
            "hash": "1b1ae67428894bf1e4ecddced524c86c0e1cec40",
            "messageTitle": "Minor refactor of ListCommand",
            "messageBody": "",
            "fileTypesAndContributionMap": {
              "functional-code": {
                "insertions": 11,
                "deletions": 11
              },
              "test-code": {
                "insertions": 8,
                "deletions": 8
              }
            }
          }
        ]
      },
      {
        "date": "2020-10-13",
        "commitResults": [
          {
            "hash": "24e5d227b55c6242a13cb0aef4e74d44ae7817ec",
            "messageTitle": "Refactor packages and static variables to glossary/phrases",
            "messageBody": "",
            "fileTypesAndContributionMap": {
              "functional-code": {
                "insertions": 1,
                "deletions": 1
              },
              "other": {
                "insertions": 817,
                "deletions": 821
              },
              "docs": {
                "insertions": 12,
                "deletions": 12
              },
              "test-code": {
                "insertions": 671,
                "deletions": 675
              }
            }
          },
          {
            "hash": "b93c1168ae4fa3f3aa58a73d6f7f3f439284b716",
            "messageTitle": "Fix checkstyle violations",
            "messageBody": "",
            "fileTypesAndContributionMap": {
              "test-code": {
                "insertions": 54,
                "deletions": 34
              }
            }
          },
          {
            "hash": "2336b391143c3a86ec5b0d0932879481db47920b",
            "messageTitle": "Fix more checkstyle violations",
            "messageBody": "",
            "fileTypesAndContributionMap": {
              "test-code": {
                "insertions": 7,
                "deletions": 8
              }
            }
          },
          {
            "hash": "6d96a4c0ee3d7dd46029f1e86b2008eb688979c4",
            "messageTitle": "Fix more checkstyle violations again",
            "messageBody": "",
            "fileTypesAndContributionMap": {
              "test-code": {
                "insertions": 1,
                "deletions": 1
              }
            }
          }
        ]
      },
      {
        "date": "2020-10-18",
        "commitResults": [
          {
            "hash": "0ce9e64e71a9a994f879c00b261eebd912a774f8",
            "messageTitle": "Add Sort Command and tests",
            "messageBody": "",
            "fileTypesAndContributionMap": {
              "functional-code": {
                "insertions": 108,
                "deletions": 9
              },
              "test-code": {
                "insertions": 123,
                "deletions": 18
              }
            }
          },
          {
            "hash": "72f1644f9f1b9db549faf3312e8949c0a10749c5",
            "messageTitle": "Add overridden Command abstract methods",
            "messageBody": "",
            "fileTypesAndContributionMap": {
              "functional-code": {
                "insertions": 8,
                "deletions": 1
              }
            }
          },
          {
            "hash": "248de7bf32d18ec947092bc6c013e99fae178743",
            "messageTitle": "Fix checkstyle violation",
            "messageBody": "",
            "fileTypesAndContributionMap": {
              "functional-code": {
                "insertions": 1,
                "deletions": 1
              }
            }
          },
          {
            "hash": "027d03b753ca135bdac15f83aef6fc26f988600f",
            "messageTitle": "Fix checkstyle violation",
            "messageBody": "",
            "fileTypesAndContributionMap": {
              "test-code": {
                "insertions": 4,
                "deletions": 6
              }
            }
          },
          {
            "hash": "080bc3e31486111d3b94fed0a51b2119a6079075",
            "messageTitle": "Fix minor errors regarding tests",
            "messageBody": "",
            "fileTypesAndContributionMap": {
              "functional-code": {
                "insertions": 12,
                "deletions": 0
              }
            }
          }
        ]
      },
      {
        "date": "2020-10-20",
        "commitResults": [
          {
            "hash": "fd05f755407506be9f1bf301823e0bbe2808e230",
            "messageTitle": "Integrate difficulty into sorting",
            "messageBody": "",
            "fileTypesAndContributionMap": {
              "functional-code": {
                "insertions": 71,
                "deletions": 18
              },
              "test-code": {
                "insertions": 59,
                "deletions": 19
              }
            }
          },
          {
            "hash": "d82154800e82d9f2d4dd32205e3afd48a49e04cc",
            "messageTitle": "Add minor corrections",
            "messageBody": "",
            "fileTypesAndContributionMap": {
              "functional-code": {
                "insertions": 6,
                "deletions": 2
              }
            }
          },
          {
            "hash": "dd3bc87caeb7bc21b59846f46794190a35b5466d",
            "messageTitle": "Update User Guide",
            "messageBody": "",
            "fileTypesAndContributionMap": {
              "docs": {
                "insertions": 17,
                "deletions": 1
              }
            }
          },
          {
            "hash": "15bcac21aba3e49320dbee308516bf7fe37b6a3d",
            "messageTitle": "Update Developer Guide",
            "messageBody": "",
            "fileTypesAndContributionMap": {
              "functional-code": {
                "insertions": 19,
                "deletions": 9
              },
              "other": {
                "insertions": 3,
                "deletions": 3
              },
              "docs": {
                "insertions": 164,
                "deletions": 0
              }
            }
          },
          {
            "hash": "b27e2007d056f7b5c33ddc55d4f3446999d0b09d",
            "messageTitle": "Fix checkstyle violations",
            "messageBody": "",
            "fileTypesAndContributionMap": {
              "docs": {
                "insertions": 12,
                "deletions": 12
              }
            }
          }
        ]
      },
      {
        "date": "2020-10-23",
        "commitResults": [
          {
            "hash": "686b9c4cc99d9d3bc881ef122b237eeb005b230e",
            "messageTitle": "Fix chronological sorting",
            "messageBody": "",
            "fileTypesAndContributionMap": {
              "functional-code": {
                "insertions": 185,
                "deletions": 54
              },
              "docs": {
                "insertions": 5,
                "deletions": 3
              },
              "test-code": {
                "insertions": 36,
                "deletions": 29
              }
            }
          },
          {
            "hash": "65bcae930c0d873ad50aeb3e9aa0867b5f9724cc",
            "messageTitle": "Fix tests affected by Order field",
            "messageBody": "",
            "fileTypesAndContributionMap": {
              "functional-code": {
                "insertions": 38,
                "deletions": 32
              },
              "other": {
                "insertions": 24,
                "deletions": 12
              },
              "test-code": {
                "insertions": 51,
                "deletions": 16
              }
            }
          },
          {
            "hash": "599babeb6c1b3ee19dbe7ff59d085119fad4a19a",
            "messageTitle": "Update UG to match recent changes",
            "messageBody": "",
            "fileTypesAndContributionMap": {
              "docs": {
                "insertions": 3,
                "deletions": 2
              }
            }
          },
          {
            "hash": "88ca619e7603254f7fcd40dd841dbc4d0c6d3ffa",
            "messageTitle": "Remove unused imports",
            "messageBody": "",
            "fileTypesAndContributionMap": {
              "test-code": {
                "insertions": 0,
                "deletions": 3
              }
            }
          },
          {
            "hash": "a2f565e40ddd2b54a08e414dd89f369783b0ddcc",
            "messageTitle": "Fix erroneous test cases",
            "messageBody": "",
            "fileTypesAndContributionMap": {
              "functional-code": {
                "insertions": 3,
                "deletions": 5
              },
              "test-code": {
                "insertions": 22,
                "deletions": 10
              }
            }
          },
          {
            "hash": "9a81dc586c1407f01b7ac5b733f56904e41b16ed",
            "messageTitle": "Fix checkstyle violation",
            "messageBody": "",
            "fileTypesAndContributionMap": {
              "test-code": {
                "insertions": 3,
                "deletions": 1
              }
            }
          }
        ]
      },
      {
        "date": "2020-10-25",
        "commitResults": [
          {
            "hash": "265f03db4c3a9edb99f16cb1c90a7bae1bf72718",
            "messageTitle": "Small update to User Guide",
            "messageBody": "",
            "fileTypesAndContributionMap": {
              "functional-code": {
                "insertions": 6,
                "deletions": 6
              },
              "docs": {
                "insertions": 31,
                "deletions": 26
              }
            }
          }
        ]
      },
      {
        "date": "2020-10-26",
        "commitResults": [
          {
            "hash": "836a8adefabcf7bd11553a8e9c449b45e17dea32",
            "messageTitle": "Update User Guide",
            "messageBody": "",
            "fileTypesAndContributionMap": {
              "docs": {
                "insertions": 87,
                "deletions": 73
              }
            }
          }
        ]
      },
      {
        "date": "2020-10-27",
        "commitResults": [
          {
            "hash": "3268414a4996c5794c3d6e21697edb3bf58ed574",
            "messageTitle": "Update Developer Guide",
            "messageBody": "",
            "fileTypesAndContributionMap": {
              "docs": {
                "insertions": 18,
                "deletions": 111
              }
            }
          },
          {
            "hash": "1ba6593afa81374d6f77c47427162c8907613d57",
            "messageTitle": "Add Order to Model Class Diagrams",
            "messageBody": "",
            "fileTypesAndContributionMap": {
              "docs": {
                "insertions": 1,
                "deletions": 0
              }
            }
          }
        ]
      },
      {
        "date": "2020-11-02",
        "commitResults": [
          {
            "hash": "0d2e11928f7f8a1b679434e2d986eaf326d492e7",
            "messageTitle": "Add partial PPP",
            "messageBody": "",
            "fileTypesAndContributionMap": {
              "docs": {
                "insertions": 38,
                "deletions": 0
              }
            }
          },
          {
            "hash": "8b6600848fabf8af249d5842da3b5f2d9a9c1218",
            "messageTitle": "Fix UG bugs",
            "messageBody": "",
            "fileTypesAndContributionMap": {
              "docs": {
                "insertions": 19,
                "deletions": 19
              }
            }
          }
        ]
      },
      {
        "date": "2020-11-03",
        "commitResults": [
          {
            "hash": "9915ccdc8036c596a53896387059ad30586e220a",
            "messageTitle": "Update PPP links in AboutUs.md",
            "messageBody": "",
            "fileTypesAndContributionMap": {
              "docs": {
                "insertions": 5,
                "deletions": 7
              }
            }
          }
        ]
      },
      {
        "date": "2020-11-04",
        "commitResults": [
          {
            "hash": "65a1cb598ce60bbd7753cef6c56821b49613725c",
            "messageTitle": "Fix incorrect Order after using clear",
            "messageBody": "",
            "fileTypesAndContributionMap": {
              "functional-code": {
                "insertions": 2,
                "deletions": 1
              }
            }
          },
          {
            "hash": "a38d75c4d13ae73052feefad4c4c884398b738f1",
            "messageTitle": "Fix bug involving capitalisation and adding",
            "messageBody": "",
            "fileTypesAndContributionMap": {
              "functional-code": {
                "insertions": 5,
                "deletions": 3
              }
            }
          },
          {
            "hash": "118ad1b521307c628477250a3183a35f1437caa0",
            "messageTitle": "Fix sorting and list bugs",
            "messageBody": "",
            "fileTypesAndContributionMap": {
              "functional-code": {
                "insertions": 14,
                "deletions": 4
              }
            }
          },
          {
            "hash": "35998cbb4220fa85f862c90d9d8d228c3a6ac9f8",
            "messageTitle": "Add test cases",
            "messageBody": "",
            "fileTypesAndContributionMap": {
              "test-code": {
                "insertions": 19,
                "deletions": 1
              }
            }
          }
        ]
      }
    ],
    "YangJiyu98": [
      {
        "date": "2020-09-29",
        "commitResults": [
          {
            "hash": "d99fcd55552eb82a0cad14c2686beef20ba194ad",
            "messageTitle": "Add use case 4",
            "messageBody": "",
            "fileTypesAndContributionMap": {
              "docs": {
                "insertions": 32,
                "deletions": 10
              }
            }
          },
          {
            "hash": "d3d52ee288ab0b2ca27e15dea072c0e250970a6f",
            "messageTitle": "Update naming and bullet points",
            "messageBody": "",
            "fileTypesAndContributionMap": {
              "docs": {
                "insertions": 20,
                "deletions": 17
              }
            }
          }
        ]
      },
      {
        "date": "2020-10-06",
        "commitResults": [
          {
            "hash": "1cbe03d59e795b27bfa274c1ae618ea1c4ba56f1",
            "messageTitle": "Implement prefix g/ for german word",
            "messageBody": "",
            "fileTypesAndContributionMap": {
              "functional-code": {
                "insertions": 148,
                "deletions": 148
              },
              "test-code": {
                "insertions": 58,
                "deletions": 56
              }
            }
          },
          {
            "hash": "87c3dd3accaf002bba6d631782ea964e1acf63fe",
            "messageTitle": "Update test cases",
            "messageBody": "",
            "fileTypesAndContributionMap": {
              "functional-code": {
                "insertions": 4,
                "deletions": 3
              },
              "test-code": {
                "insertions": 29,
                "deletions": 28
              }
            }
          }
        ]
      },
      {
        "date": "2020-10-07",
        "commitResults": [
          {
            "hash": "0c76f5f1950dce1bfefa5df0057c336ec2e78c82",
            "messageTitle": "Implement ee/ prefix for English phrase",
            "messageBody": "",
            "fileTypesAndContributionMap": {
              "functional-code": {
                "insertions": 132,
                "deletions": 129
              },
              "test-code": {
                "insertions": 122,
                "deletions": 110
              }
            }
          },
          {
            "hash": "ce0960fcd6d4fd71943e2c30a3a91094600d9ef5",
            "messageTitle": "Update to pass Gradlew test",
            "messageBody": "",
            "fileTypesAndContributionMap": {
              "test-code": {
                "insertions": 15,
                "deletions": 15
              }
            }
          }
        ]
      },
      {
        "date": "2020-10-12",
        "commitResults": [
          {
            "hash": "c2fb5bd514e2ac2e76630dd45cb774e40d222426",
            "messageTitle": "Update README terminology",
            "messageBody": "",
            "fileTypesAndContributionMap": {
              "docs": {
                "insertions": 1,
                "deletions": 1
              }
            }
          }
        ]
      },
      {
        "date": "2020-10-13",
        "commitResults": [
          {
            "hash": "2a1aa2e23ac33fd08a9ad0b633a1cc7c6b19301f",
            "messageTitle": "Update Sample data",
            "messageBody": "",
            "fileTypesAndContributionMap": {
              "functional-code": {
                "insertions": 17,
                "deletions": 15
              },
              "test-code": {
                "insertions": 11,
                "deletions": 6
              }
            }
          },
          {
            "hash": "552aa24255f474e093c05554657d3b612262c229",
            "messageTitle": "Update PREFIX_ENGLISH_PHRASE to e/ from temporary ee/",
            "messageBody": "",
            "fileTypesAndContributionMap": {
              "functional-code": {
                "insertions": 3,
                "deletions": 3
              },
              "docs": {
                "insertions": 5,
                "deletions": 5
              },
              "test-code": {
                "insertions": 1,
                "deletions": 1
              }
            }
          },
          {
            "hash": "ebc76847f74d07e667c6d78c99751034908befdf",
            "messageTitle": "Update to past gradlew test",
            "messageBody": "",
            "fileTypesAndContributionMap": {
              "functional-code": {
                "insertions": 1,
                "deletions": 1
              },
              "other": {
                "insertions": 1,
                "deletions": 1
              },
              "test-code": {
                "insertions": 6,
                "deletions": 10
              }
            }
          }
        ]
      },
      {
        "date": "2020-10-16",
        "commitResults": [
          {
            "hash": "2f9f5b90d1364cfaaec15f18dff3cae7ed3911c0",
            "messageTitle": "add difficuty tag",
            "messageBody": "",
            "fileTypesAndContributionMap": {
              "functional-code": {
                "insertions": 52,
                "deletions": 0
              },
              "test-code": {
                "insertions": 42,
                "deletions": 0
              }
            }
          },
          {
            "hash": "8fa088bdfd5675cba16c27c91810bec2aac816fb",
            "messageTitle": " add default difficulty",
            "messageBody": "",
            "fileTypesAndContributionMap": {
              "functional-code": {
                "insertions": 19,
                "deletions": 7
              },
              "test-code": {
                "insertions": 13,
                "deletions": 4
              }
            }
          },
          {
            "hash": "daaea13ae607056794c658313876c948b16b545d",
            "messageTitle": ":remove old flashcard constructor",
            "messageBody": "",
            "fileTypesAndContributionMap": {
              "functional-code": {
                "insertions": 37,
                "deletions": 11
              },
              "test-code": {
                "insertions": 2,
                "deletions": 8
              }
            }
          },
          {
            "hash": "31daaf2a17041e2356a1a1661a4d9eddaf158ecd",
            "messageTitle": "Resolving errors pertaining to difficulty tag",
            "messageBody": "",
            "fileTypesAndContributionMap": {
              "functional-code": {
                "insertions": 87,
                "deletions": 19
              },
              "test-code": {
                "insertions": 91,
                "deletions": 26
              }
            }
          },
          {
            "hash": "1e17e9f8b1a35a77a63e2087ec8ffbd9e8f2f659",
            "messageTitle": "Update to throw error from null difficulty tag",
            "messageBody": "",
            "fileTypesAndContributionMap": {
              "functional-code": {
                "insertions": 2,
                "deletions": 17
              },
              "test-code": {
                "insertions": 0,
                "deletions": 2
              }
            }
          }
        ]
      },
      {
        "date": "2020-10-19",
        "commitResults": [
          {
            "hash": "43811e182210f2652b9f505fc066655027645680",
            "messageTitle": "Fail to add styling for difficulty tags",
            "messageBody": "",
            "fileTypesAndContributionMap": {
              "functional-code": {
                "insertions": 28,
                "deletions": 15
              },
              "test-code": {
                "insertions": 39,
                "deletions": 19
              }
            }
          },
          {
            "hash": "07e7d74b4967fea3ca1bf65adb1f9b5e8c8d66a9",
            "messageTitle": "Implement difficulty tag with color coded",
            "messageBody": "",
            "fileTypesAndContributionMap": {
              "functional-code": {
                "insertions": 47,
                "deletions": 3
              }
            }
          },
          {
            "hash": "45d59bd680f30d06b3b9bc4e5f725570eb7e0fdc",
            "messageTitle": "Enable assertions",
            "messageBody": "",
            "fileTypesAndContributionMap": {
              "other": {
                "insertions": 4,
                "deletions": 0
              }
            }
          },
          {
            "hash": "0af13b3deb7b9cb3804a22b0318cfc089620dd46",
            "messageTitle": "Fix merge conflicts",
            "messageBody": "",
            "fileTypesAndContributionMap": {
              "functional-code": {
                "insertions": 2,
                "deletions": 6
              }
            }
          },
          {
            "hash": "c7ecc016fe2f0042e103064beb947666bb58237a",
            "messageTitle": "Fix EOF",
            "messageBody": "",
            "fileTypesAndContributionMap": {
              "functional-code": {
                "insertions": 1,
                "deletions": 1
              }
            }
          }
        ]
      },
      {
        "date": "2020-10-20",
        "commitResults": [
          {
            "hash": "4fcbe52ef67517d72dd7c43b902047cc1b2036bf",
            "messageTitle": "Modify difficultyTag test",
            "messageBody": "",
            "fileTypesAndContributionMap": {
              "test-code": {
                "insertions": 3,
                "deletions": 3
              }
            }
          },
          {
            "hash": "6034154e6a1d1cb6de3fe8695ce9f945794f7785",
            "messageTitle": "Add assertions",
            "messageBody": "",
            "fileTypesAndContributionMap": {
              "functional-code": {
                "insertions": 10,
                "deletions": 3
              },
              "test-code": {
                "insertions": 5,
                "deletions": 0
              }
            }
          },
          {
            "hash": "c18ee620cc71b6394bdf5cbe4de742d48d99bc28",
            "messageTitle": "Remove static imports",
            "messageBody": "",
            "fileTypesAndContributionMap": {
              "functional-code": {
                "insertions": 6,
                "deletions": 10
              },
              "test-code": {
                "insertions": 2,
                "deletions": 5
              }
            }
          },
          {
            "hash": "cd4cdca1d25e00f6a5c9340b2c4aeb78f744a0a8",
            "messageTitle": "Add diagrams for add command in puml format",
            "messageBody": "",
            "fileTypesAndContributionMap": {
              "docs": {
                "insertions": 120,
                "deletions": 0
              }
            }
          },
          {
            "hash": "4fc762a800080a31f94e2a8b95fdd3e7e8f814eb",
            "messageTitle": "Update DG",
            "messageBody": "",
            "fileTypesAndContributionMap": {
              "docs": {
                "insertions": 31,
                "deletions": 42
              }
            }
          },
          {
            "hash": "1ef993501bbf98b6d33596a47b1bfcc2019eba4c",
            "messageTitle": "Add Difficulty tag sequence diagram",
            "messageBody": "",
            "fileTypesAndContributionMap": {
              "docs": {
                "insertions": 19,
                "deletions": 0
              }
            }
          },
          {
            "hash": "47614ba90580f172983093d07ab0fc7dd361883c",
            "messageTitle": "Update developer guide",
            "messageBody": "",
            "fileTypesAndContributionMap": {
              "docs": {
                "insertions": 6,
                "deletions": 0
              }
            }
          },
          {
            "hash": "feca52c9829bdafd3c979296ed86c19a1e6d38f0",
            "messageTitle": "Add EOF",
            "messageBody": "",
            "fileTypesAndContributionMap": {
              "docs": {
                "insertions": 1,
                "deletions": 1
              }
            }
          }
        ]
      },
      {
        "date": "2020-10-21",
        "commitResults": [
          {
            "hash": "057630cfe7686e98b244468c2981adfe6adb06f3",
            "messageTitle": "Update app ver",
            "messageBody": "",
            "fileTypesAndContributionMap": {
              "functional-code": {
                "insertions": 1,
                "deletions": 1
              }
            }
          }
        ]
      },
      {
        "date": "2020-10-22",
        "commitResults": [
          {
            "hash": "26a0283a6789aa0f505653ea29310efffcad3afb",
            "messageTitle": "Update header tags and diagram",
            "messageBody": "",
            "fileTypesAndContributionMap": {
              "docs": {
                "insertions": 4,
                "deletions": 3
              }
            }
          },
          {
            "hash": "c73e279b60074bdb5e814fcde6a3e289603af9b0",
            "messageTitle": "Update DG",
            "messageBody": "",
            "fileTypesAndContributionMap": {
              "docs": {
                "insertions": 1,
                "deletions": 3
              }
            }
          }
        ]
      },
      {
        "date": "2020-10-23",
        "commitResults": [
          {
            "hash": "e07ed19a57fa1c4225d447f8f6a8be8bab6c8666",
            "messageTitle": "test",
            "messageBody": "",
            "fileTypesAndContributionMap": {
              "functional-code": {
                "insertions": 45,
                "deletions": 13
              },
              "test-code": {
                "insertions": 1,
                "deletions": 8
              }
            }
          }
        ]
      },
      {
        "date": "2020-10-24",
        "commitResults": [
          {
            "hash": "2b23b8f2b6dfa400709cc2080f07ca329f1c5419",
            "messageTitle": " Add prefdefined tags",
            "messageBody": "",
            "fileTypesAndContributionMap": {
              "functional-code": {
                "insertions": 228,
                "deletions": 46
              },
              "test-code": {
                "insertions": 64,
                "deletions": 12
              }
            }
          }
        ]
      },
      {
        "date": "2020-10-25",
        "commitResults": [
          {
            "hash": "06fe7e747e9e9b18c0e0c2e6e6566a9b4525e930",
            "messageTitle": "Fix merge conflicts",
            "messageBody": "",
            "fileTypesAndContributionMap": {
              "functional-code": {
                "insertions": 11,
                "deletions": 36
              }
            }
          },
          {
            "hash": "3b6fe60eb65799f0ce39ecb5906426a0d196b5f2",
            "messageTitle": "Fix merge conflicts",
            "messageBody": "",
            "fileTypesAndContributionMap": {
              "test-code": {
                "insertions": 0,
                "deletions": 36
              }
            }
          },
          {
            "hash": "3a4f4d02191442ac188f35d4b14936c3399ddf80",
            "messageTitle": "Update sample data",
            "messageBody": "",
            "fileTypesAndContributionMap": {
              "functional-code": {
                "insertions": 6,
                "deletions": 6
              },
              "test-code": {
                "insertions": 4,
                "deletions": 2
              }
            }
          },
          {
            "hash": "10d1cf5b2ce82b3673ffdd602e608133d75593bd",
            "messageTitle": "update UG",
            "messageBody": "",
            "fileTypesAndContributionMap": {
              "docs": {
                "insertions": 24,
                "deletions": 5
              }
            }
          },
          {
            "hash": "79f2e39414f6cee0aafb1eb51a7e0dce51a4c27e",
            "messageTitle": "add find commadn into UG",
            "messageBody": "",
            "fileTypesAndContributionMap": {
              "docs": {
                "insertions": 11,
                "deletions": 2
              }
            }
          },
          {
            "hash": "41361536b3d6fb3ce73c52a51a9a9b089f705fb7",
            "messageTitle": " Update gender tags",
            "messageBody": "",
            "fileTypesAndContributionMap": {
              "functional-code": {
                "insertions": 6,
                "deletions": 6
              },
              "test-code": {
                "insertions": 24,
                "deletions": 17
              }
            }
          },
          {
            "hash": "851363636dc52fdf0dcc2fe72277642e0de93a66",
            "messageTitle": "Fix errors",
            "messageBody": "",
            "fileTypesAndContributionMap": {
              "test-code": {
                "insertions": 39,
                "deletions": 17
              }
            }
          },
          {
            "hash": "8d301b5ea0824c92a7b815a83c496cc387d96146",
            "messageTitle": " Fix errors",
            "messageBody": "",
            "fileTypesAndContributionMap": {
              "functional-code": {
                "insertions": 2,
                "deletions": 1
              },
              "test-code": {
                "insertions": 1,
                "deletions": 0
              }
            }
          },
          {
            "hash": "6d206bf8fe600a8603e0e832c63024daabc213aa",
            "messageTitle": "Update minor changes",
            "messageBody": "",
            "fileTypesAndContributionMap": {
              "docs": {
                "insertions": 5,
                "deletions": 4
              }
            }
          }
        ]
      },
      {
        "date": "2020-10-26",
        "commitResults": [
          {
            "hash": "aedbd1c1abdb2403825674eb38314fe335d05adc",
            "messageTitle": "Add None for Gender Tag",
            "messageBody": "",
            "fileTypesAndContributionMap": {
              "functional-code": {
                "insertions": 24,
                "deletions": 25
              },
              "test-code": {
                "insertions": 1,
                "deletions": 1
              }
            }
          },
          {
            "hash": "20a0adc5dd459da46114f2777d6bd16b3a4246a3",
            "messageTitle": "Add test for predefined tags",
            "messageBody": "",
            "fileTypesAndContributionMap": {
              "functional-code": {
                "insertions": 6,
                "deletions": 5
              },
              "test-code": {
                "insertions": 131,
                "deletions": 31
              }
            }
          }
        ]
      },
      {
        "date": "2020-10-27",
        "commitResults": [
          {
            "hash": "0f0ac1441044c42f0e0b1a2d84de426f91d1daea",
            "messageTitle": "Update ug with new tags",
            "messageBody": "",
            "fileTypesAndContributionMap": {
              "docs": {
                "insertions": 5,
                "deletions": 5
              }
            }
          },
          {
            "hash": "c6b4da01e724322f18a82f6f286196134a9f35bd",
            "messageTitle": "Update minor error",
            "messageBody": "",
            "fileTypesAndContributionMap": {
              "docs": {
                "insertions": 1,
                "deletions": 1
              }
            }
          },
          {
            "hash": "cd60cf64508a2d46e1f90ade0cb406dc258f0c77",
            "messageTitle": "Change ver number",
            "messageBody": "",
            "fileTypesAndContributionMap": {
              "functional-code": {
                "insertions": 1,
                "deletions": 1
              }
            }
          }
        ]
      },
      {
        "date": "2020-10-30",
        "commitResults": [
          {
            "hash": "18c133dc57d191e76326f70ff3b514927b1c1126",
            "messageTitle": "fix restricted characters",
            "messageBody": "",
            "fileTypesAndContributionMap": {
              "functional-code": {
                "insertions": 2,
                "deletions": 2
              },
              "test-code": {
                "insertions": 24,
                "deletions": 23
              }
            }
          }
        ]
      },
      {
        "date": "2020-11-02",
        "commitResults": [
          {
            "hash": "d09ea60e3f79e4d2b648b0e5b77da10ede13d47a",
            "messageTitle": "Update DG",
            "messageBody": "",
            "fileTypesAndContributionMap": {
              "functional-code": {
                "insertions": 6,
                "deletions": 2
              },
              "docs": {
                "insertions": 49,
                "deletions": 1
              }
            }
          },
          {
            "hash": "8c650cd067f0dbb8812d6c0f675a6168454e207c",
            "messageTitle": "Add Yang Jiyu\u0027s PPP",
            "messageBody": "",
            "fileTypesAndContributionMap": {
              "docs": {
                "insertions": 42,
                "deletions": 0
              }
            }
          }
        ]
      },
      {
        "date": "2020-11-03",
        "commitResults": [
          {
            "hash": "69146ce75b3da7c38258e7162f0c7bdee3350637",
            "messageTitle": "Update file name",
            "messageBody": "",
            "fileTypesAndContributionMap": {
              "docs": {
                "insertions": 0,
                "deletions": 0
              }
            }
          }
        ]
      },
      {
        "date": "2020-11-06",
        "commitResults": [
          {
            "hash": "c64ba8a804c722bcac060bd6413ca2efebe635f5",
            "messageTitle": "Fix issue#176",
            "messageBody": "",
            "fileTypesAndContributionMap": {
              "docs": {
                "insertions": 1,
                "deletions": 1
              }
            }
          },
          {
            "hash": "5d23fbcc8fddd2061176c23e21f33db5b3a157ec",
            "messageTitle": "Fix issue 159",
            "messageBody": "",
            "fileTypesAndContributionMap": {
              "functional-code": {
                "insertions": 1,
                "deletions": 1
              },
              "docs": {
                "insertions": 2,
                "deletions": 0
              }
            }
          },
          {
            "hash": "e4fdb8200e810809c80151a3c326b1809b2174c2",
            "messageTitle": "Fix issue #170",
            "messageBody": "",
            "fileTypesAndContributionMap": {
              "functional-code": {
                "insertions": 1,
                "deletions": 0
              }
            }
          },
          {
            "hash": "92a231f59885f45671c2fe7e14da57fe6f7aad08",
            "messageTitle": "Fix issue #178",
            "messageBody": "",
            "fileTypesAndContributionMap": {
              "docs": {
                "insertions": 1,
                "deletions": 1
              }
            }
          },
          {
            "hash": "5d5ca8e2bcc7f2f41f1deef99f4370a3f3a9f76a",
            "messageTitle": "Add edit command in UG",
            "messageBody": "",
            "fileTypesAndContributionMap": {
              "docs": {
                "insertions": 24,
                "deletions": 3
              }
            }
          }
        ]
      },
      {
        "date": "2020-11-07",
        "commitResults": [
          {
            "hash": "d765fc9fbaac73321ba08e6a8061249fb5bc8f41",
            "messageTitle": "Enhance add and edit commands to take in only one prefix",
            "messageBody": "",
            "fileTypesAndContributionMap": {
              "functional-code": {
                "insertions": 53,
                "deletions": 4
              },
              "test-code": {
                "insertions": 36,
                "deletions": 51
              }
            }
          },
          {
            "hash": "43c8bcf8bcad9276b113220b5bc9aba142bd4a46",
            "messageTitle": "Refactor add and edit command",
            "messageBody": "",
            "fileTypesAndContributionMap": {
              "functional-code": {
                "insertions": 56,
                "deletions": 18
              }
            }
          }
        ]
      }
    ],
    "zhizhizhizhizhi": [
      {
        "date": "2020-09-29",
        "commitResults": [
          {
            "hash": "fa370644a52f2365ec520da5173ed5433acf4823",
            "messageTitle": "Added use cases to developer guide",
            "messageBody": "",
            "fileTypesAndContributionMap": {
              "docs": {
                "insertions": 41,
                "deletions": 100
              }
            }
          },
          {
            "hash": "6cc02dab63c4008053d301e64fd71ab50577c147",
            "messageTitle": "Restored user guide and updated developer guide",
            "messageBody": "",
            "fileTypesAndContributionMap": {
              "docs": {
                "insertions": 70,
                "deletions": 302
              }
            }
          },
          {
            "hash": "9bce44cd430e1d3f608222f99bba4b02d8ed076c",
            "messageTitle": "Switched files",
            "messageBody": "",
            "fileTypesAndContributionMap": {
              "docs": {
                "insertions": 141,
                "deletions": 141
              }
            }
          },
          {
            "hash": "4a37f86dababcbe3617258eaa29047c93ca1a126",
            "messageTitle": "Update README.md",
            "messageBody": "",
            "fileTypesAndContributionMap": {
              "docs": {
                "insertions": 1,
                "deletions": 1
              }
            }
          },
          {
            "hash": "b2c23e8220e949b6f973366458b181783eba7f25",
            "messageTitle": "Update README.md",
            "messageBody": "",
            "fileTypesAndContributionMap": {
              "docs": {
                "insertions": 1,
                "deletions": 1
              }
            }
          },
          {
            "hash": "376f197cc92edb824a7364a7761026ea1f91fbfc",
            "messageTitle": "Update README.md",
            "messageBody": "",
            "fileTypesAndContributionMap": {
              "docs": {
                "insertions": 1,
                "deletions": 1
              }
            }
          }
        ]
      },
      {
        "date": "2020-10-06",
        "commitResults": [
          {
            "hash": "b3d8962c9589e77fa7068c2ab0ce04800d6c0a32",
            "messageTitle": "Added empty flashcard class",
            "messageBody": "",
            "fileTypesAndContributionMap": {
              "functional-code": {
                "insertions": 7,
                "deletions": 0
              }
            }
          }
        ]
      },
      {
        "date": "2020-10-13",
        "commitResults": [
          {
            "hash": "683ba6ae1e0b4b36f0b53a5b356a9c4f9a1b3d96",
            "messageTitle": "Implemented commands for self-testing feature",
            "messageBody": "",
            "fileTypesAndContributionMap": {
              "functional-code": {
                "insertions": 200,
                "deletions": 10
              },
              "test-code": {
                "insertions": 171,
                "deletions": 0
              }
            }
          },
          {
            "hash": "b0995ab57dfd41a8fe8c56dab85a93f7dd6eb13e",
            "messageTitle": "Added new line at end of file",
            "messageBody": "",
            "fileTypesAndContributionMap": {
              "functional-code": {
                "insertions": 1,
                "deletions": 1
              }
            }
          },
          {
            "hash": "b075d705fc61592ffa6d4dd26663574251f62cb5",
            "messageTitle": "Fixed checkstyle issues",
            "messageBody": "",
            "fileTypesAndContributionMap": {
              "functional-code": {
                "insertions": 23,
                "deletions": 35
              },
              "test-code": {
                "insertions": 1,
                "deletions": 9
              }
            }
          }
        ]
      },
      {
        "date": "2020-10-15",
        "commitResults": [
          {
            "hash": "f7f73adbd62b6ab823aa29f58389ed59cd77e719",
            "messageTitle": "Fixed issue #97",
            "messageBody": "",
            "fileTypesAndContributionMap": {
              "functional-code": {
                "insertions": 195,
                "deletions": 22
              },
              "test-code": {
                "insertions": 12,
                "deletions": 9
              }
            }
          },
          {
            "hash": "84b8eb7819e38e1c52591be835e9436abc3bfcb9",
            "messageTitle": "Fixed checkstyle issues",
            "messageBody": "",
            "fileTypesAndContributionMap": {
              "functional-code": {
                "insertions": 18,
                "deletions": 21
              },
              "test-code": {
                "insertions": 0,
                "deletions": 1
              }
            }
          }
        ]
      },
      {
        "date": "2020-10-19",
        "commitResults": [
          {
            "hash": "19600ab04f565f777182e2ad60fce8da9cfd9ffd",
            "messageTitle": "new \u0027try\u0027 command for grading",
            "messageBody": "",
            "fileTypesAndContributionMap": {
              "functional-code": {
                "insertions": 95,
                "deletions": 16
              }
            }
          },
          {
            "hash": "e5713fddfebf4776146eb1eecb0f61f615e258bd",
            "messageTitle": "added commands and tests for grading feature",
            "messageBody": "",
            "fileTypesAndContributionMap": {
              "functional-code": {
                "insertions": 102,
                "deletions": 39
              },
              "test-code": {
                "insertions": 124,
                "deletions": 14
              }
            }
          },
          {
            "hash": "af5d77eb5ea2d423cafc7a8c25e3d81756dcb437",
            "messageTitle": "fixed checkstyles issues",
            "messageBody": "",
            "fileTypesAndContributionMap": {
              "functional-code": {
                "insertions": 11,
                "deletions": 14
              },
              "test-code": {
                "insertions": 2,
                "deletions": 4
              }
            }
          }
        ]
      },
      {
        "date": "2020-10-20",
        "commitResults": [
          {
            "hash": "f85ea8f66eb71146fee0913c1ebb9191575efbf6",
            "messageTitle": "updated DG",
            "messageBody": "",
            "fileTypesAndContributionMap": {
              "docs": {
                "insertions": 46,
                "deletions": 0
              }
            }
          },
          {
            "hash": "cda50570a25554c203a5a99a2257973b7b79b0b3",
            "messageTitle": "gradle checks",
            "messageBody": "",
            "fileTypesAndContributionMap": {
              "docs": {
                "insertions": 10,
                "deletions": 25
              }
            }
          }
        ]
      },
      {
        "date": "2020-10-21",
        "commitResults": [
          {
            "hash": "ac17579797c0f1ac1842cd1bc38bfaa016ae51a0",
            "messageTitle": "added sequence diagram for quiz command",
            "messageBody": "",
            "fileTypesAndContributionMap": {
              "docs": {
                "insertions": 59,
                "deletions": 4
              }
            }
          },
          {
            "hash": "e4c4bbb0551efc1e0e4362504097196d1003583b",
            "messageTitle": "added activity diagram for quiz feature",
            "messageBody": "",
            "fileTypesAndContributionMap": {
              "docs": {
                "insertions": 20,
                "deletions": 1
              }
            }
          }
        ]
      },
      {
        "date": "2020-10-25",
        "commitResults": [
          {
            "hash": "8f5ba0fe81f2d6d1aa7f442b2b994f90bc9d3121",
            "messageTitle": "documented more commands in user guide",
            "messageBody": "",
            "fileTypesAndContributionMap": {
              "docs": {
                "insertions": 8,
                "deletions": 2
              }
            }
          }
        ]
      },
      {
        "date": "2020-10-27",
        "commitResults": [
          {
            "hash": "cb9c6a0fc64c7e38e1597b78cab9b9c6e32bf581",
            "messageTitle": "added more descriptions for some features",
            "messageBody": "",
            "fileTypesAndContributionMap": {
              "docs": {
                "insertions": 8,
                "deletions": 7
              }
            }
          },
          {
            "hash": "25fbe66217edab2e605cdef6cb0b8ee52dd95bca",
            "messageTitle": "added even more descriptions for some features and fixed some issues",
            "messageBody": "",
            "fileTypesAndContributionMap": {
              "functional-code": {
                "insertions": 14,
                "deletions": 4
              },
              "docs": {
                "insertions": 12,
                "deletions": 12
              },
              "test-code": {
                "insertions": 9,
                "deletions": 3
              }
            }
          },
          {
            "hash": "e9d3f1f1d85bf8c845a59f51c24d5dc41fd6dc7c",
            "messageTitle": "rephrased to make user guide feature description less repetitive",
            "messageBody": "",
            "fileTypesAndContributionMap": {
              "docs": {
                "insertions": 2,
                "deletions": 2
              }
            }
          }
        ]
      },
      {
        "date": "2020-11-03",
        "commitResults": [
          {
            "hash": "2758eb61ca64dedbf0a05bc2df56ce0c3725309e",
            "messageTitle": "Add PPP",
            "messageBody": "",
            "fileTypesAndContributionMap": {
              "docs": {
                "insertions": 45,
                "deletions": 0
              }
            }
          }
        ]
      },
      {
        "date": "2020-11-07",
        "commitResults": [
          {
            "hash": "6ae1523e749ebb060dac1debb029f6cc332ba7d5",
            "messageTitle": "fix issue #171",
            "messageBody": "",
            "fileTypesAndContributionMap": {
              "functional-code": {
                "insertions": 5,
                "deletions": 2
              }
            }
          },
          {
            "hash": "772e1880c8de971e83a559f6dc68d52fdd9defc4",
            "messageTitle": "fix issue #181",
            "messageBody": "",
            "fileTypesAndContributionMap": {
              "functional-code": {
                "insertions": 10,
                "deletions": 2
              },
              "docs": {
                "insertions": 1,
                "deletions": 0
              }
            }
          },
          {
            "hash": "cdfcfa2fcccc8538d676f76a0e45a57901b104e0",
            "messageTitle": "fix issue #188 rearranged test yourself section in ug",
            "messageBody": "",
            "fileTypesAndContributionMap": {
              "docs": {
                "insertions": 21,
                "deletions": 20
              }
            }
          },
          {
            "hash": "afecde67526a6c496914c11d7782daf22fb8ec70",
            "messageTitle": "very bad autoscroll :/",
            "messageBody": "",
            "fileTypesAndContributionMap": {
              "functional-code": {
                "insertions": 39,
                "deletions": 4
              },
              "test-code": {
                "insertions": 14,
                "deletions": 11
              }
            }
          },
          {
            "hash": "6d47f79695038bbc949185061852b22174b1edbb",
            "messageTitle": "fixed case insensitive command issue",
            "messageBody": "",
            "fileTypesAndContributionMap": {
              "functional-code": {
                "insertions": 2,
                "deletions": 2
              }
            }
          },
          {
            "hash": "c5f036528a5dc11069a097a07aeace12ac50ea7e",
            "messageTitle": "patched up auto scroll",
            "messageBody": "",
            "fileTypesAndContributionMap": {
              "functional-code": {
                "insertions": 3,
                "deletions": 1
              }
            }
          }
        ]
      }
    ],
    "rayasamhr": [
      {
        "date": "2020-09-29",
        "commitResults": [
          {
            "hash": "c8c4bfe278251a0722bec997e03e00df40385f03",
            "messageTitle": "Delete \u0027Address\u0027 class",
            "messageBody": "",
            "fileTypesAndContributionMap": {
              "functional-code": {
                "insertions": 17,
                "deletions": 150
              },
              "test-code": {
                "insertions": 58,
                "deletions": 238
              }
            }
          },
          {
            "hash": "ecf804796968d6fe436d5169ee93017a8c8300ea",
            "messageTitle": "Add non-functional requirements and glossary to DG",
            "messageBody": "",
            "fileTypesAndContributionMap": {
              "docs": {
                "insertions": 38,
                "deletions": 15
              }
            }
          },
          {
            "hash": "be7c44710d9261f945ccfc7012ce3dee11db281f",
            "messageTitle": "Modify syntax of use cases",
            "messageBody": "",
            "fileTypesAndContributionMap": {
              "docs": {
                "insertions": 3,
                "deletions": 3
              }
            }
          }
        ]
      },
      {
        "date": "2020-10-10",
        "commitResults": [
          {
            "hash": "05795c5f2bfaa41ea69580f3bff8291813b0f2b1",
            "messageTitle": "Remove \u0027address\u0027 field",
            "messageBody": "",
            "fileTypesAndContributionMap": {
              "test-code": {
                "insertions": 9,
                "deletions": 9
              }
            }
          }
        ]
      },
      {
        "date": "2020-10-12",
        "commitResults": [
          {
            "hash": "4d9776db58047874375b5b013804260b69b45c4d",
            "messageTitle": "Rename Person class to FlashCard",
            "messageBody": "",
            "fileTypesAndContributionMap": {
              "functional-code": {
                "insertions": 345,
                "deletions": 346
              },
              "other": {
                "insertions": 101,
                "deletions": 98
              },
              "docs": {
                "insertions": 29,
                "deletions": 29
              },
              "test-code": {
                "insertions": 491,
                "deletions": 487
              }
            }
          },
          {
            "hash": "1d282096a11b2c5f2d99701be72d320d50df2895",
            "messageTitle": "Modify test for checkstyle",
            "messageBody": "",
            "fileTypesAndContributionMap": {
              "test-code": {
                "insertions": 0,
                "deletions": 5
              }
            }
          }
        ]
      },
      {
        "date": "2020-10-13",
        "commitResults": [
          {
            "hash": "4cab6136ace051c05b605267bd2e649d3d1f103b",
            "messageTitle": "Change UI title and user guide link from AddressBook-3",
            "messageBody": "",
            "fileTypesAndContributionMap": {
              "functional-code": {
                "insertions": 2,
                "deletions": 2
              }
            }
          },
          {
            "hash": "34a6f3694f839da2aef2ec632f11374b6eeb44b5",
            "messageTitle": "Complete removal of references to Person",
            "messageBody": "",
            "fileTypesAndContributionMap": {
              "functional-code": {
                "insertions": 55,
                "deletions": 55
              },
              "other": {
                "insertions": 11,
                "deletions": 11
              },
              "test-code": {
                "insertions": 166,
                "deletions": 166
              }
            }
          },
          {
            "hash": "7e24882fd8e89be295e3e87d29e681f95cff2bab",
            "messageTitle": "Fix merge conflicts",
            "messageBody": "",
            "fileTypesAndContributionMap": {
              "functional-code": {
                "insertions": 2,
                "deletions": 2
              },
              "test-code": {
                "insertions": 10,
                "deletions": 44
              }
            }
          },
          {
            "hash": "e07e257c7a7df3adc661d1d45da4ef5ad82d2443",
            "messageTitle": "Fix checkstyle errors",
            "messageBody": "",
            "fileTypesAndContributionMap": {
              "test-code": {
                "insertions": 5,
                "deletions": 3
              }
            }
          }
        ]
      },
      {
        "date": "2020-10-20",
        "commitResults": [
          {
            "hash": "caca941b708a091005686a9bc065accce9d4475d",
            "messageTitle": "Update DG",
            "messageBody": "",
            "fileTypesAndContributionMap": {
              "docs": {
                "insertions": 15,
                "deletions": 0
              }
            }
          }
        ]
      },
      {
        "date": "2020-10-25",
        "commitResults": [
          {
            "hash": "257f8826fc74d3f1409d95116083105384e5048a",
            "messageTitle": "Add quiz scores into storage",
            "messageBody": "",
            "fileTypesAndContributionMap": {
              "functional-code": {
                "insertions": 706,
                "deletions": 139
              },
              "other": {
                "insertions": 3,
                "deletions": 2
              },
              "test-code": {
                "insertions": 137,
                "deletions": 72
              }
            }
          }
        ]
      },
      {
        "date": "2020-10-26",
        "commitResults": [
          {
            "hash": "950da3b412feb7bf1366cba272ae805d26fdf253",
            "messageTitle": "Add ScoreCommand so user can view past score attempts",
            "messageBody": "",
            "fileTypesAndContributionMap": {
              "functional-code": {
                "insertions": 77,
                "deletions": 6
              },
              "test-code": {
                "insertions": 2,
                "deletions": 4
              }
            }
          },
          {
            "hash": "13eaa5e489987ca9256b61fdc3669de95be3ff49",
            "messageTitle": "Fix typo",
            "messageBody": "",
            "fileTypesAndContributionMap": {
              "functional-code": {
                "insertions": 1,
                "deletions": 1
              }
            }
          },
          {
            "hash": "886c46b2a655983144a314abbfc6f6b418e692fd",
            "messageTitle": "Refactor UG",
            "messageBody": "",
            "fileTypesAndContributionMap": {
              "docs": {
                "insertions": 43,
                "deletions": 19
              }
            }
          }
        ]
      },
      {
        "date": "2020-10-27",
        "commitResults": [
          {
            "hash": "d91503cbb48452e80a6993461d82c1b0ebb978ad",
            "messageTitle": "Add score history feature to UG",
            "messageBody": "",
            "fileTypesAndContributionMap": {
              "docs": {
                "insertions": 20,
                "deletions": 2
              }
            }
          }
        ]
      },
      {
        "date": "2020-10-29",
        "commitResults": [
          {
            "hash": "9f73b869472c9a2d494b6ee9cb7cfebf849b57b2",
            "messageTitle": "Fix wrong listing of flashcards when scoring random quiz",
            "messageBody": "",
            "fileTypesAndContributionMap": {
              "functional-code": {
                "insertions": 4,
                "deletions": 4
              }
            }
          }
        ]
      },
      {
        "date": "2020-11-04",
        "commitResults": [
          {
            "hash": "584c0a919bdfeecf5b4dae2114951f83c2e8bb22",
            "messageTitle": "Draft PPP",
            "messageBody": "",
            "fileTypesAndContributionMap": {
              "docs": {
                "insertions": 45,
                "deletions": 0
              }
            }
          }
        ]
      }
    ],
    "kswk": [
      {
        "date": "2020-09-14",
        "commitResults": [
          {
            "hash": "9cb639d4fee3e86908978a9cd9dcc3e5ffa79978",
            "messageTitle": "Update README.md",
            "messageBody": "",
            "fileTypesAndContributionMap": {
              "docs": {
                "insertions": 1,
                "deletions": 1
              }
            }
          },
          {
            "hash": "57e04ad35003dd399fd3393e0be919fff030a46d",
            "messageTitle": "Update README.md",
            "messageBody": "",
            "fileTypesAndContributionMap": {
              "docs": {
                "insertions": 1,
                "deletions": 1
              }
            }
          }
        ]
      },
      {
        "date": "2020-09-28",
        "commitResults": [
          {
            "hash": "7c0aa04243d9fae68936958512a0f261507cdfe3",
            "messageTitle": "Update individual details",
            "messageBody": "",
            "fileTypesAndContributionMap": {
              "docs": {
                "insertions": 23,
                "deletions": 26
              }
            }
          }
        ]
      },
      {
        "date": "2020-09-29",
        "commitResults": [
          {
            "hash": "3a32adbbc366b84e262aa67deb52b109776bd9d8",
            "messageTitle": "Update User Guide",
            "messageBody": "",
            "fileTypesAndContributionMap": {
              "docs": {
                "insertions": 40,
                "deletions": 103
              }
            }
          },
          {
            "hash": "07da71389e87f7d962258c4e20e45c50ac9ba7c9",
            "messageTitle": "Add Test Yourself feature",
            "messageBody": "",
            "fileTypesAndContributionMap": {
              "docs": {
                "insertions": 16,
                "deletions": 8
              }
            }
          },
          {
            "hash": "afaf0b2bd61548b870b459eace9874efa01313d9",
            "messageTitle": "Add email to align with required format",
            "messageBody": "",
            "fileTypesAndContributionMap": {
              "docs": {
                "insertions": 2,
                "deletions": 0
              }
            }
          },
          {
            "hash": "5430df6f7a43337c6241ed3ee1c22c532f624d73",
            "messageTitle": "Remove help command and add quiz command",
            "messageBody": "",
            "fileTypesAndContributionMap": {
              "docs": {
                "insertions": 12,
                "deletions": 11
              }
            }
          },
          {
            "hash": "9636a785c382cb655c4a9acf931512245288c1d9",
            "messageTitle": "Add product scope",
            "messageBody": "",
            "fileTypesAndContributionMap": {
              "docs": {
                "insertions": 11,
                "deletions": 0
              }
            }
          }
        ]
      },
      {
        "date": "2020-10-05",
        "commitResults": [
          {
            "hash": "93994c43bf20e9acfde365e8b6959a19e7c7dedb",
            "messageTitle": "Refactor code to change Person to Phrase",
            "messageBody": "",
            "fileTypesAndContributionMap": {
              "functional-code": {
                "insertions": 13,
                "deletions": 13
              },
              "test-code": {
                "insertions": 11,
                "deletions": 11
              }
            }
          }
        ]
      },
      {
        "date": "2020-10-11",
        "commitResults": [
          {
            "hash": "4b80d84a64af96e9d86804c7fcbec6934a325118",
            "messageTitle": "Fix Add command format",
            "messageBody": "",
            "fileTypesAndContributionMap": {
              "functional-code": {
                "insertions": 18,
                "deletions": 155
              },
              "test-code": {
                "insertions": 52,
                "deletions": 246
              }
            }
          },
          {
            "hash": "395b423621f919b8f92f14916542d32b5837ab4b",
            "messageTitle": "Fix CheckStyle",
            "messageBody": "",
            "fileTypesAndContributionMap": {
              "test-code": {
                "insertions": 1,
                "deletions": 1
              }
            }
          },
          {
            "hash": "e6922665c9e7a39b62b4b64fe0b857821e59970a",
            "messageTitle": "Remove Email field",
            "messageBody": "",
            "fileTypesAndContributionMap": {
              "functional-code": {
                "insertions": 0,
                "deletions": 1
              }
            }
          }
        ]
      },
      {
        "date": "2020-10-12",
        "commitResults": [
          {
            "hash": "0e53ab0c02413c45fd1900b9956f153d39ce645a",
            "messageTitle": "Change all instances of phrase/word to flashcard",
            "messageBody": "",
            "fileTypesAndContributionMap": {
              "docs": {
                "insertions": 20,
                "deletions": 20
              }
            }
          }
        ]
      },
      {
        "date": "2020-10-13",
        "commitResults": [
          {
            "hash": "fb2f8be070de5f050b3c2d15f5ced41e1a4f960e",
            "messageTitle": "Refactor AddressBook to Glossary",
            "messageBody": "",
            "fileTypesAndContributionMap": {
              "functional-code": {
                "insertions": 156,
                "deletions": 154
              },
              "other": {
                "insertions": 75,
                "deletions": 75
              },
              "test-code": {
                "insertions": 207,
                "deletions": 207
              }
            }
          },
          {
            "hash": "0e6fec0fd202bc084027e5450e70e012da315567",
            "messageTitle": "Minor adjustments for commands to fit Glossary",
            "messageBody": "",
            "fileTypesAndContributionMap": {
              "functional-code": {
                "insertions": 19,
                "deletions": 16
              },
              "test-code": {
                "insertions": 50,
                "deletions": 49
              }
            }
          }
        ]
      },
      {
        "date": "2020-10-18",
        "commitResults": [
          {
            "hash": "8cec20265f060eeb203bdce65cdc1241d8908b78",
            "messageTitle": "Add random quiz command",
            "messageBody": "",
            "fileTypesAndContributionMap": {
              "functional-code": {
                "insertions": 139,
                "deletions": 4
              }
            }
          },
          {
            "hash": "e232bd439652c66ad6e1ea03dcef284dfdf1ce5a",
            "messageTitle": "Add tests for random quiz feature",
            "messageBody": "",
            "fileTypesAndContributionMap": {
              "functional-code": {
                "insertions": 17,
                "deletions": 3
              },
              "other": {
                "insertions": 1,
                "deletions": 1
              },
              "test-code": {
                "insertions": 82,
                "deletions": 1
              }
            }
          },
          {
            "hash": "e2af0c01fa0d587e047f3b909de954fe429b6f1f",
            "messageTitle": "Fix checkstyle violations",
            "messageBody": "",
            "fileTypesAndContributionMap": {
              "functional-code": {
                "insertions": 15,
                "deletions": 13
              }
            }
          },
          {
            "hash": "9bf80a221e8c2720eb27a12d07ca436c1368d336",
            "messageTitle": "Fix checkstyle violations",
            "messageBody": "",
            "fileTypesAndContributionMap": {
              "functional-code": {
                "insertions": 8,
                "deletions": 5
              }
            }
          },
          {
            "hash": "30321fa759a055586231c89691b820a233d3c1cc",
            "messageTitle": "Fix checkstyle violations",
            "messageBody": "",
            "fileTypesAndContributionMap": {
              "functional-code": {
                "insertions": 2,
                "deletions": 2
              }
            }
          },
          {
            "hash": "c19a3eea9e72f6612b947fbe056201410be7a5ab",
            "messageTitle": "Fix checkstyle violations",
            "messageBody": "",
            "fileTypesAndContributionMap": {
              "test-code": {
                "insertions": 7,
                "deletions": 6
              }
            }
          },
          {
            "hash": "ead912a8f3afd2a1373f7f906b8f879f91dd45f1",
            "messageTitle": "Fix checkstyle violations",
            "messageBody": "",
            "fileTypesAndContributionMap": {
              "functional-code": {
                "insertions": 1,
                "deletions": 0
              }
            }
          },
          {
            "hash": "023bb4224c17cf96d3beacfcd95b747700012f2e",
            "messageTitle": "FIX CHECKSTYLE VIOLATIONS",
            "messageBody": "",
            "fileTypesAndContributionMap": {
              "functional-code": {
                "insertions": 0,
                "deletions": 1
              }
            }
          },
          {
            "hash": "c058665a97f59f2a0115e8c9a59a3b0c97fcb471",
            "messageTitle": "Fix indentation errors",
            "messageBody": "",
            "fileTypesAndContributionMap": {
              "functional-code": {
                "insertions": 1,
                "deletions": 2
              }
            }
          },
          {
            "hash": "124e50ef946971fb9342ea2ce3e7a7de12ee9d6e",
            "messageTitle": "Fix checkstyle violations",
            "messageBody": "",
            "fileTypesAndContributionMap": {
              "test-code": {
                "insertions": 1,
                "deletions": 0
              }
            }
          }
        ]
      },
      {
        "date": "2020-10-19",
        "commitResults": [
          {
            "hash": "6726ad14d15e019f9d2c22c4427ed341c6b06a6b",
            "messageTitle": "Update title",
            "messageBody": "",
            "fileTypesAndContributionMap": {
              "functional-code": {
                "insertions": 1,
                "deletions": 1
              }
            }
          },
          {
            "hash": "a85ccc1e9f34e77fd89a5bd2a6aee73adb01a99b",
            "messageTitle": "Update user guide",
            "messageBody": "",
            "fileTypesAndContributionMap": {
              "docs": {
                "insertions": 45,
                "deletions": 15
              }
            }
          },
          {
            "hash": "107eee9a93e994452048c9f681d992aa5ff8e7ad",
            "messageTitle": "Update Ui.png",
            "messageBody": "",
            "fileTypesAndContributionMap": {
              "docs": {
                "insertions": 1,
                "deletions": 1
              }
            }
          }
        ]
      },
      {
        "date": "2020-10-20",
        "commitResults": [
          {
            "hash": "de67816b4e70bafbfdf487b7c7b2a15cd6bee6f7",
            "messageTitle": "Update DG format and respective diagrams",
            "messageBody": "",
            "fileTypesAndContributionMap": {
              "docs": {
                "insertions": 337,
                "deletions": 76
              }
            }
          },
          {
            "hash": "fd673239c845c8307c4196499a98ac029bb8d5d3",
            "messageTitle": "Fix minor mistakes",
            "messageBody": "",
            "fileTypesAndContributionMap": {
              "docs": {
                "insertions": 1,
                "deletions": 2
              }
            }
          },
          {
            "hash": "31bb7e98f41eb3ee4496f17e5116f5a5a828849b",
            "messageTitle": "Add diagrams to update DG",
            "messageBody": "",
            "fileTypesAndContributionMap": {
              "docs": {
                "insertions": 114,
                "deletions": 0
              }
            }
          },
          {
            "hash": "3afc489188ba7d019046b6a9d95fe26a593687c8",
            "messageTitle": "Update links",
            "messageBody": "",
            "fileTypesAndContributionMap": {
              "docs": {
                "insertions": 8,
                "deletions": 8
              }
            }
          },
          {
            "hash": "75724aa81f67844d9053319cb4e356439c2d95aa",
            "messageTitle": "Update DG",
            "messageBody": "",
            "fileTypesAndContributionMap": {
              "docs": {
                "insertions": 89,
                "deletions": 23
              }
            }
          }
        ]
      },
      {
        "date": "2020-10-24",
        "commitResults": [
          {
            "hash": "24d973025296dd3d4b1ea5fe926440d995a11de8",
            "messageTitle": "Add test cases",
            "messageBody": "",
            "fileTypesAndContributionMap": {
              "test-code": {
                "insertions": 22,
                "deletions": 18
              }
            }
          },
          {
            "hash": "1197aa49ef8e069af48c485f65754a64a261568c",
            "messageTitle": "Fix minor issues with format",
            "messageBody": "",
            "fileTypesAndContributionMap": {
              "functional-code": {
                "insertions": 37,
                "deletions": 15
              },
              "test-code": {
                "insertions": 2,
                "deletions": 2
              }
            }
          },
          {
            "hash": "2b4e3ebaaf1c61d4a1babd7900f49b039488896f",
            "messageTitle": "Refactor methods to improve readability",
            "messageBody": "",
            "fileTypesAndContributionMap": {
              "functional-code": {
                "insertions": 24,
                "deletions": 6
              }
            }
          }
        ]
      },
      {
        "date": "2020-10-25",
        "commitResults": [
          {
            "hash": "885c1ad9317555cd80d1795a2f5e643b10066aee",
            "messageTitle": "Add screenshots",
            "messageBody": "",
            "fileTypesAndContributionMap": {
              "docs": {
                "insertions": 16,
                "deletions": 5
              }
            }
          },
          {
            "hash": "e22828a968e78ddb420235f37b1f3c9f7b19e158",
            "messageTitle": "Add screenshots",
            "messageBody": "",
            "fileTypesAndContributionMap": {
              "docs": {
                "insertions": 19,
                "deletions": 1
              }
            }
          },
          {
            "hash": "1251525ba067d22ce5f8f36961a258da85f0775a",
            "messageTitle": "Fix minor typing errors",
            "messageBody": "",
            "fileTypesAndContributionMap": {
              "docs": {
                "insertions": 1,
                "deletions": 1
              }
            }
          }
        ]
      },
      {
        "date": "2020-10-26",
        "commitResults": [
          {
            "hash": "687d5e5a1a78e9b5a68657251bd2b8416a83be6d",
            "messageTitle": "Minor refactor",
            "messageBody": "",
            "fileTypesAndContributionMap": {
              "functional-code": {
                "insertions": 50,
                "deletions": 45
              },
              "other": {
                "insertions": 9,
                "deletions": 8
              },
              "test-code": {
                "insertions": 39,
                "deletions": 31
              }
            }
          },
          {
            "hash": "65eabba1808d796bfffb329e6dc2b9cc18432085",
            "messageTitle": "Minor refactor",
            "messageBody": "",
            "fileTypesAndContributionMap": {
              "functional-code": {
                "insertions": 1,
                "deletions": 1
              }
            }
          },
          {
            "hash": "212f945b3ac710e84da4e9a439e9b5b876bff15e",
            "messageTitle": "Minor refactor",
            "messageBody": "",
            "fileTypesAndContributionMap": {
              "functional-code": {
                "insertions": 2,
                "deletions": 2
              }
            }
          },
          {
            "hash": "229458aa3fdc5860ddbae65c68a17d3446972f99",
            "messageTitle": "Resize screenshots",
            "messageBody": "",
            "fileTypesAndContributionMap": {
              "docs": {
                "insertions": 15,
                "deletions": 7
              }
            }
          }
        ]
      },
      {
        "date": "2020-10-27",
        "commitResults": [
          {
            "hash": "09fc3e707c46370342d34e985544019399f84954",
            "messageTitle": "Update find command description and screenshot",
            "messageBody": "",
            "fileTypesAndContributionMap": {
              "docs": {
                "insertions": 15,
                "deletions": 14
              }
            }
          },
          {
            "hash": "d48769afee1cfdc6acc6025c4728c99c85baca59",
            "messageTitle": "Minor refactor",
            "messageBody": "",
            "fileTypesAndContributionMap": {
              "functional-code": {
                "insertions": 73,
                "deletions": 24
              }
            }
          },
          {
            "hash": "1f9458e7f76903068ee56e9277fc07e2749cec82",
            "messageTitle": "Update RandomQuizSequenceDiagram",
            "messageBody": "",
            "fileTypesAndContributionMap": {
              "docs": {
                "insertions": 1,
                "deletions": 7
              }
            }
          }
        ]
      },
      {
        "date": "2020-10-30",
        "commitResults": [
          {
            "hash": "f862eac0ddea88f544962b16cc35e84f00590f0e",
            "messageTitle": "Add support for German characters",
            "messageBody": "",
            "fileTypesAndContributionMap": {
              "functional-code": {
                "insertions": 2,
                "deletions": 2
              }
            }
          }
        ]
      },
      {
        "date": "2020-11-02",
        "commitResults": [
          {
            "hash": "5f234966744663abf9566e6fd6aeb6b16586a092",
            "messageTitle": "Add kswk.md",
            "messageBody": "",
            "fileTypesAndContributionMap": {
              "docs": {
                "insertions": 42,
                "deletions": 0
              }
            }
          },
          {
            "hash": "ca6837d6514ecbb06b1b8d7ee0358bab9195b3d9",
            "messageTitle": "Add kswk.md",
            "messageBody": "",
            "fileTypesAndContributionMap": {
              "docs": {
                "insertions": 0,
                "deletions": 1
              }
            }
          }
        ]
      },
      {
        "date": "2020-11-03",
        "commitResults": [
          {
            "hash": "425fec11e59aada9a8cc5a3e521989fa8b276ddb",
            "messageTitle": "Move static MESSAGE fields from ParserUtil.java",
            "messageBody": "",
            "fileTypesAndContributionMap": {
              "functional-code": {
                "insertions": 4,
                "deletions": 0
              }
            }
          },
          {
            "hash": "595ac6d98a43d76494b697a8ec22a01d93944476",
            "messageTitle": "Update method signatures with ParseZeroException",
            "messageBody": "",
            "fileTypesAndContributionMap": {
              "functional-code": {
                "insertions": 45,
                "deletions": 16
              },
              "test-code": {
                "insertions": 2,
                "deletions": 1
              }
            }
          },
          {
            "hash": "8f628e0094c054b911a82d0a42e683c8c6494d2e",
            "messageTitle": "Add ParseZeroException.java",
            "messageBody": "",
            "fileTypesAndContributionMap": {
              "functional-code": {
                "insertions": 15,
                "deletions": 0
              }
            }
          },
          {
            "hash": "9231ec0e8ae36f3a2822ccbec3b3e65bc1beb3b1",
            "messageTitle": "Add more tests",
            "messageBody": "",
            "fileTypesAndContributionMap": {
              "test-code": {
                "insertions": 23,
                "deletions": 2
              }
            }
          },
          {
            "hash": "cfb577d6fe2ca85daa65a6adbe74811a9106134f",
            "messageTitle": "Update command format for exit, help, list, clear, next, end, scores",
            "messageBody": "",
            "fileTypesAndContributionMap": {
              "functional-code": {
                "insertions": 32,
                "deletions": 8
              }
            }
          },
          {
            "hash": "8b210618f0617aa424ffaba418267fe84576412f",
            "messageTitle": "Add more tests",
            "messageBody": "",
            "fileTypesAndContributionMap": {
              "test-code": {
                "insertions": 60,
                "deletions": 4
              }
            }
          },
          {
            "hash": "d9ce52a3e143dd66e014b977880745c7c0b48afc",
            "messageTitle": "Update command to display first flashcard upon starting quiz",
            "messageBody": "",
            "fileTypesAndContributionMap": {
              "functional-code": {
                "insertions": 9,
                "deletions": 1
              }
            }
          },
          {
            "hash": "c4b0b814b8d8ae230a5bef587966ec622de149f4",
            "messageTitle": "Update tests",
            "messageBody": "",
            "fileTypesAndContributionMap": {
              "test-code": {
                "insertions": 6,
                "deletions": 2
              }
            }
          }
        ]
      },
      {
        "date": "2020-11-05",
        "commitResults": [
          {
            "hash": "1054dea696c872ad586701aac8bc61641e0f24fd",
            "messageTitle": "Update pre-loaded flashcards",
            "messageBody": "",
            "fileTypesAndContributionMap": {
              "functional-code": {
                "insertions": 64,
                "deletions": 18
              },
              "test-code": {
                "insertions": 337,
                "deletions": 59
              }
            }
          },
          {
            "hash": "68505a670dd9888b298dbb5a253e1d11d674b993",
            "messageTitle": "Update tests",
            "messageBody": "",
            "fileTypesAndContributionMap": {
              "test-code": {
                "insertions": 82,
                "deletions": 80
              }
            }
          },
          {
            "hash": "af8c6a1873edf27d8f742dd32113282b46c0841a",
            "messageTitle": "Fix checkstyle violation",
            "messageBody": "",
            "fileTypesAndContributionMap": {
              "test-code": {
                "insertions": 2,
                "deletions": 1
              }
            }
          }
        ]
      },
      {
        "date": "2020-11-07",
        "commitResults": [
          {
            "hash": "47745bcedfb5680d8703ea6daf8820c03273bcf8",
            "messageTitle": "Update PPP",
            "messageBody": "",
            "fileTypesAndContributionMap": {
              "docs": {
                "insertions": 15,
                "deletions": 11
              }
            }
          },
          {
            "hash": "f32afb739e7cbb81771f956408fc4a59a5ade77f",
            "messageTitle": "Update DG format",
            "messageBody": "",
            "fileTypesAndContributionMap": {
              "docs": {
                "insertions": 92,
                "deletions": 87
              }
            }
          }
        ]
      }
    ]
  },
  "authorFileTypeContributionMap": {
    "tjwjoe": {
      "docs": 298,
      "functional-code": 669,
      "test-code": 1209
    },
    "YangJiyu98": {
      "docs": 286,
      "functional-code": 724,
      "test-code": 464,
      "other": 5
    },
    "zhizhizhizhizhi": {
      "docs": 199,
      "functional-code": 496,
      "test-code": 235
    },
    "rayasamhr": {
      "docs": 136,
      "functional-code": 1082,
      "test-code": 502,
      "other": 3
    },
    "kswk": {
      "docs": 395,
      "functional-code": 584,
      "test-code": 804,
      "other": 1
    }
  },
  "authorContributionVariance": {
    "tjwjoe": 116557.85,
    "YangJiyu98": 11395.527,
    "zhizhizhizhizhi": 12477.982,
    "rayasamhr": 60682.7,
    "kswk": 25319.043
  },
  "authorDisplayNameMap": {
    "tjwjoe": "CS2103T-W16-2 TAN .. JOE",
    "YangJiyu98": "CS2103T-W16-2 YANG..JIYU",
    "zhizhizhizhizhi": "CS2103T-W16-2 XU Z..IZHI",
    "rayasamhr": "CS2103T-W16-2 RAYA..HINI",
    "kswk": "CS2103T-W16-2 KENN.. KAI"
  }
}
