{
  "authorDailyContributionsMap": {
    "tjwjoe": [
      {
        "date": "2020-09-29",
        "commitResults": [
          {
            "hash": "bb474f94acc3e55fee7d1e9642cc016048eb9ad4",
            "messageTitle": "Update README",
            "messageBody": "",
            "fileTypesAndContributionMap": {
              "docs": {
                "insertions": 19,
                "deletions": 11
              }
            }
          },
          {
            "hash": "be303c4f4a03ddc3c348c626c31a3e6e5572bd88",
            "messageTitle": "Update README to fix checkstyle errors",
            "messageBody": "",
            "fileTypesAndContributionMap": {
              "docs": {
                "insertions": 2,
                "deletions": 3
              }
            }
          },
          {
            "hash": "995ae99715c1c1854e32d3de60cf30ca666a1bf2",
            "messageTitle": "Fix minor typos",
            "messageBody": "",
            "fileTypesAndContributionMap": {
              "docs": {
                "insertions": 4,
                "deletions": 4
              }
            }
          },
          {
            "hash": "ad77cd3bbb956922640589239ae9ed9f006a630b",
            "messageTitle": "Add user stories",
            "messageBody": "",
            "fileTypesAndContributionMap": {
              "docs": {
                "insertions": 14,
                "deletions": 0
              }
            }
          },
          {
            "hash": "2daecd0dc15c01b3421a32941b77baae63b84cca",
            "messageTitle": "Fix minor typo",
            "messageBody": "",
            "fileTypesAndContributionMap": {
              "docs": {
                "insertions": 1,
                "deletions": 1
              }
            }
          }
        ]
      },
      {
        "date": "2020-10-06",
        "commitResults": [
          {
            "hash": "1b1ae67428894bf1e4ecddced524c86c0e1cec40",
            "messageTitle": "Minor refactor of ListCommand",
            "messageBody": "",
            "fileTypesAndContributionMap": {
              "functional-code": {
                "insertions": 11,
                "deletions": 11
              },
              "test-code": {
                "insertions": 8,
                "deletions": 8
              }
            }
          }
        ]
      }
    ],
    "YangJiyu98": [
      {
        "date": "2020-09-29",
        "commitResults": [
          {
            "hash": "d99fcd55552eb82a0cad14c2686beef20ba194ad",
            "messageTitle": "Add use case 4",
            "messageBody": "",
            "fileTypesAndContributionMap": {
              "docs": {
                "insertions": 32,
                "deletions": 10
              }
            }
          },
          {
            "hash": "d3d52ee288ab0b2ca27e15dea072c0e250970a6f",
            "messageTitle": "Update naming and bullet points",
            "messageBody": "",
            "fileTypesAndContributionMap": {
              "docs": {
                "insertions": 20,
                "deletions": 17
              }
            }
          }
        ]
      },
      {
        "date": "2020-10-06",
        "commitResults": [
          {
            "hash": "1cbe03d59e795b27bfa274c1ae618ea1c4ba56f1",
            "messageTitle": "Implement prefix g/ for german word",
            "messageBody": "",
            "fileTypesAndContributionMap": {
              "functional-code": {
                "insertions": 148,
                "deletions": 148
              },
              "test-code": {
                "insertions": 58,
                "deletions": 56
              }
            }
          },
          {
            "hash": "87c3dd3accaf002bba6d631782ea964e1acf63fe",
            "messageTitle": "Update test cases",
            "messageBody": "",
            "fileTypesAndContributionMap": {
              "functional-code": {
                "insertions": 4,
                "deletions": 3
              },
              "test-code": {
                "insertions": 20,
                "deletions": 19
              }
            }
          }
        ]
      }
    ],
    "zhizhizhizhizhi": [
      {
        "date": "2020-09-29",
        "commitResults": [
          {
            "hash": "fa370644a52f2365ec520da5173ed5433acf4823",
            "messageTitle": "Added use cases to developer guide",
            "messageBody": "",
            "fileTypesAndContributionMap": {
              "docs": {
                "insertions": 41,
                "deletions": 100
              }
            }
          },
          {
            "hash": "6cc02dab63c4008053d301e64fd71ab50577c147",
            "messageTitle": "Restored user guide and updated developer guide",
            "messageBody": "",
            "fileTypesAndContributionMap": {
              "docs": {
                "insertions": 70,
                "deletions": 302
              }
            }
          },
          {
            "hash": "9bce44cd430e1d3f608222f99bba4b02d8ed076c",
            "messageTitle": "Switched files",
            "messageBody": "",
            "fileTypesAndContributionMap": {
              "docs": {
                "insertions": 141,
                "deletions": 141
              }
            }
          },
          {
            "hash": "4a37f86dababcbe3617258eaa29047c93ca1a126",
            "messageTitle": "Update README.md",
            "messageBody": "",
            "fileTypesAndContributionMap": {
              "docs": {
                "insertions": 1,
                "deletions": 1
              }
            }
          },
          {
            "hash": "b2c23e8220e949b6f973366458b181783eba7f25",
            "messageTitle": "Update README.md",
            "messageBody": "",
            "fileTypesAndContributionMap": {
              "docs": {
                "insertions": 1,
                "deletions": 1
              }
            }
          },
          {
            "hash": "376f197cc92edb824a7364a7761026ea1f91fbfc",
            "messageTitle": "Update README.md",
            "messageBody": "",
            "fileTypesAndContributionMap": {
              "docs": {
                "insertions": 1,
                "deletions": 1
              }
            }
          }
        ]
      },
      {
        "date": "2020-10-06",
        "commitResults": [
          {
            "hash": "b3d8962c9589e77fa7068c2ab0ce04800d6c0a32",
            "messageTitle": "Added empty flashcard class",
            "messageBody": "",
            "fileTypesAndContributionMap": {
              "functional-code": {
                "insertions": 7,
                "deletions": 0
              }
            }
          }
        ]
      }
    ],
    "rayasamhr": [
      {
        "date": "2020-09-29",
        "commitResults": [
          {
            "hash": "ecf804796968d6fe436d5169ee93017a8c8300ea",
            "messageTitle": "Add non-functional requirements and glossary to DG",
            "messageBody": "",
            "fileTypesAndContributionMap": {
              "docs": {
                "insertions": 38,
                "deletions": 15
              }
            }
          },
          {
            "hash": "be7c44710d9261f945ccfc7012ce3dee11db281f",
            "messageTitle": "Modify syntax of use cases",
            "messageBody": "",
            "fileTypesAndContributionMap": {
              "docs": {
                "insertions": 3,
                "deletions": 3
              }
            }
          }
        ]
      }
    ],
    "kswk": [
      {
        "date": "2020-09-14",
        "commitResults": [
          {
            "hash": "9cb639d4fee3e86908978a9cd9dcc3e5ffa79978",
            "messageTitle": "Update README.md",
            "messageBody": "",
            "fileTypesAndContributionMap": {
              "docs": {
                "insertions": 1,
                "deletions": 1
              }
            }
          },
          {
            "hash": "57e04ad35003dd399fd3393e0be919fff030a46d",
            "messageTitle": "Update README.md",
            "messageBody": "",
            "fileTypesAndContributionMap": {
              "docs": {
                "insertions": 1,
                "deletions": 1
              }
            }
          }
        ]
      },
      {
        "date": "2020-09-28",
        "commitResults": [
          {
            "hash": "7c0aa04243d9fae68936958512a0f261507cdfe3",
            "messageTitle": "Update individual details",
            "messageBody": "",
            "fileTypesAndContributionMap": {
              "docs": {
                "insertions": 23,
                "deletions": 26
              }
            }
          }
        ]
      },
      {
        "date": "2020-09-29",
        "commitResults": [
          {
            "hash": "3a32adbbc366b84e262aa67deb52b109776bd9d8",
            "messageTitle": "Update User Guide",
            "messageBody": "",
            "fileTypesAndContributionMap": {
              "docs": {
                "insertions": 40,
                "deletions": 103
              }
            }
          },
          {
            "hash": "07da71389e87f7d962258c4e20e45c50ac9ba7c9",
            "messageTitle": "Add Test Yourself feature",
            "messageBody": "",
            "fileTypesAndContributionMap": {
              "docs": {
                "insertions": 16,
                "deletions": 8
              }
            }
          },
          {
            "hash": "afaf0b2bd61548b870b459eace9874efa01313d9",
            "messageTitle": "Add email to align with required format",
            "messageBody": "",
            "fileTypesAndContributionMap": {
              "docs": {
                "insertions": 2,
                "deletions": 0
              }
            }
          },
          {
            "hash": "5430df6f7a43337c6241ed3ee1c22c532f624d73",
            "messageTitle": "Remove help command and add quiz command",
            "messageBody": "",
            "fileTypesAndContributionMap": {
              "docs": {
                "insertions": 12,
                "deletions": 11
              }
            }
          },
          {
            "hash": "9636a785c382cb655c4a9acf931512245288c1d9",
            "messageTitle": "Add product scope",
            "messageBody": "",
            "fileTypesAndContributionMap": {
              "docs": {
                "insertions": 11,
                "deletions": 0
              }
            }
          }
        ]
      },
      {
        "date": "2020-10-05",
        "commitResults": [
          {
            "hash": "93994c43bf20e9acfde365e8b6959a19e7c7dedb",
            "messageTitle": "Refactor code to change Person to Phrase",
            "messageBody": "",
            "fileTypesAndContributionMap": {
              "functional-code": {
                "insertions": 13,
                "deletions": 13
              },
              "test-code": {
                "insertions": 11,
                "deletions": 11
              }
            }
          }
        ]
      }
    ]
  },
  "authorFileTypeContributionMap": {
    "tjwjoe": {
      "docs": 17,
      "functional-code": 11,
      "test-code": 8
    },
    "YangJiyu98": {
      "docs": 23,
      "functional-code": 139,
      "test-code": 78
    },
    "zhizhizhizhizhi": {
      "docs": 69,
      "functional-code": 7,
      "test-code": 0
    },
    "rayasamhr": {
      "docs": 34,
      "functional-code": 0,
      "test-code": 0
    },
    "kswk": {
      "docs": 25,
      "functional-code": 13,
      "test-code": 11
    }
  },
  "authorContributionVariance": {
    "tjwjoe": 87.97701,
    "YangJiyu98": 3868.084,
    "zhizhizhizhizhi": 11658.517,
    "rayasamhr": 63.269215,
    "kswk": 818.8628
  },
  "authorDisplayNameMap": {
    "tjwjoe": "CS2103T-W16-2 TAN .. JOE",
    "YangJiyu98": "CS2103T-W16-2 YANG..JIYU",
    "zhizhizhizhizhi": "CS2103T-W16-2 XU Z..IZHI",
    "rayasamhr": "CS2103T-W16-2 RAYA..HINI",
    "kswk": "CS2103T-W16-2 KENN.. KAI"
  }
}
