{
  "authorDailyContributionsMap": {
    "mgiang2015": [
      {
        "date": "2020-09-18",
        "commitResults": [
          {
            "hash": "00087913d8b629dd6acea47261d098604252a6a6",
            "messageTitle": "Add Le\u0027s image and update AboutUs",
            "messageBody": "",
            "fileTypesAndContributionMap": {
              "docs": {
                "insertions": 5,
                "deletions": 4
              }
            }
          },
          {
            "hash": "8b60abc6d4495df83b467ef2ff6db8974df964ab",
            "messageTitle": "Add Le to AboutUs.md",
            "messageBody": "",
            "fileTypesAndContributionMap": {
              "docs": {
                "insertions": 1,
                "deletions": 1
              }
            }
          }
        ]
      },
      {
        "date": "2020-09-22",
        "commitResults": [
          {
            "hash": "31582c558143c2a0e94d7b101ed8cda664d1eee2",
            "messageTitle": "Update UserGuide - view function",
            "messageBody": "",
            "fileTypesAndContributionMap": {
              "docs": {
                "insertions": 17,
                "deletions": 1
              }
            }
          },
          {
            "hash": "72457a3e997bc8eb53102f4392e328d4415068ad",
            "messageTitle": "Fix description of View function",
            "messageBody": "",
            "fileTypesAndContributionMap": {
              "docs": {
                "insertions": 1,
                "deletions": 1
              }
            }
          }
        ]
      },
      {
        "date": "2020-09-26",
        "commitResults": [
          {
            "hash": "5c1a50e9ec8fe59920b9eeaf3e947645ed3c3071",
            "messageTitle": "Add use case for View command in Dev Guide",
            "messageBody": "",
            "fileTypesAndContributionMap": {
              "docs": {
                "insertions": 24,
                "deletions": 0
              }
            }
          },
          {
            "hash": "31cb551d20e6d02f99686f0d3368d69e2179c047",
            "messageTitle": "Add user story for View command",
            "messageBody": "",
            "fileTypesAndContributionMap": {
              "docs": {
                "insertions": 1,
                "deletions": 0
              }
            }
          }
        ]
      },
      {
        "date": "2020-10-07",
        "commitResults": [
          {
            "hash": "a6f86f20e8ffb840ac4739a13d007277bb52cf0c",
            "messageTitle": "Create ViewCommand and ViewCommandParser, first iteration. Does not do anything yet",
            "messageBody": "",
            "fileTypesAndContributionMap": {
              "functional-code": {
                "insertions": 71,
                "deletions": 9
              }
            }
          },
          {
            "hash": "ed21a281bcb45bb287ebbba5345ba46f02c298b8",
            "messageTitle": "Create IsSpecifiedBookPredicate in seedu.model.book, view command now works as expected",
            "messageBody": "",
            "fileTypesAndContributionMap": {
              "functional-code": {
                "insertions": 44,
                "deletions": 3
              }
            }
          },
          {
            "hash": "7913395e0482f344e7014774ea536f5a5619cec3",
            "messageTitle": "Fix checkStyle for view command",
            "messageBody": "",
            "fileTypesAndContributionMap": {
              "functional-code": {
                "insertions": 21,
                "deletions": 13
              }
            }
          }
        ]
      },
      {
        "date": "2020-10-08",
        "commitResults": [
          {
            "hash": "8581ea88bfed197ca107f00b4735d1263b5f0036",
            "messageTitle": "Add tests for ViewCommand and ViewCommandParsers",
            "messageBody": "",
            "fileTypesAndContributionMap": {
              "test-code": {
                "insertions": 68,
                "deletions": 0
              }
            }
          }
        ]
      },
      {
        "date": "2020-10-09",
        "commitResults": [
          {
            "hash": "06efe8c92bdad6ec73d931aa8fc44b5640a25fdd",
            "messageTitle": "Add javadoc in IsSpecifiedBookPredicate and fix typo in ViewCommandTest",
            "messageBody": "",
            "fileTypesAndContributionMap": {
              "functional-code": {
                "insertions": 3,
                "deletions": 0
              },
              "test-code": {
                "insertions": 8,
                "deletions": 8
              }
            }
          },
          {
            "hash": "d8015ad95ca5e89041e57585dc8ee1a0acfe983d",
            "messageTitle": "Delete IsSpecifiedBookPredicate class to make code cleaner, works as expected",
            "messageBody": "",
            "fileTypesAndContributionMap": {
              "functional-code": {
                "insertions": 1,
                "deletions": 33
              },
              "test-code": {
                "insertions": 1,
                "deletions": 3
              }
            }
          }
        ]
      }
    ],
    "pangpuncake": [
      {
        "date": "2020-09-18",
        "commitResults": [
          {
            "hash": "79dac9257285cb35fdc96352f74c6c7839178bd4",
            "messageTitle": "Add pangpuncake to AboutUs",
            "messageBody": "",
            "fileTypesAndContributionMap": {
              "docs": {
                "insertions": 4,
                "deletions": 4
              }
            }
          }
        ]
      },
      {
        "date": "2020-09-21",
        "commitResults": [
          {
            "hash": "fd607ffba248cbb0bbab399eb0ea219c3bca5d60",
            "messageTitle": "Add User stories and use case for Update function",
            "messageBody": "",
            "fileTypesAndContributionMap": {
              "docs": {
                "insertions": 61,
                "deletions": 13
              }
            }
          },
          {
            "hash": "f0288b644d5f5b2200969bf0786761727b0fb196",
            "messageTitle": "Add update command to user guide",
            "messageBody": "",
            "fileTypesAndContributionMap": {
              "docs": {
                "insertions": 12,
                "deletions": 0
              }
            }
          }
        ]
      },
      {
        "date": "2020-09-22",
        "commitResults": [
          {
            "hash": "1484e3619bd0bd9ccce58daae4c8b8b057ea9dc6",
            "messageTitle": "Reformat update command to edit command",
            "messageBody": "",
            "fileTypesAndContributionMap": {
              "docs": {
                "insertions": 9,
                "deletions": 6
              }
            }
          },
          {
            "hash": "d73ae17bc88d72e0f636bd69f605fb7273e3fcf9",
            "messageTitle": "Update Developer Guide Edit book use case",
            "messageBody": "",
            "fileTypesAndContributionMap": {
              "docs": {
                "insertions": 18,
                "deletions": 12
              }
            }
          },
          {
            "hash": "143a7adc05b88d2ca56620a483fe2b22d77e93bd",
            "messageTitle": "Update User Guide for add command to use new format",
            "messageBody": "",
            "fileTypesAndContributionMap": {
              "docs": {
                "insertions": 8,
                "deletions": 10
              }
            }
          }
        ]
      },
      {
        "date": "2020-09-27",
        "commitResults": [
          {
            "hash": "fb6ef41ef00fbd5a0e90818edf1779410d7ae4f2",
            "messageTitle": "Update product website, fix typo in UG edit command.",
            "messageBody": "",
            "fileTypesAndContributionMap": {
              "docs": {
                "insertions": 23,
                "deletions": 9
              }
            }
          },
          {
            "hash": "12d732b2ce1759a439ae16861ba582fcc9839b87",
            "messageTitle": "Fix trailing whitespaces causing checks to fail",
            "messageBody": "",
            "fileTypesAndContributionMap": {
              "docs": {
                "insertions": 2,
                "deletions": 2
              }
            }
          },
          {
            "hash": "db6b3526736a382f4037537bb73bb5c62c4e9412",
            "messageTitle": "Fix trailing whitespaces causing checks to fail in DG",
            "messageBody": "",
            "fileTypesAndContributionMap": {
              "docs": {
                "insertions": 3,
                "deletions": 3
              }
            }
          },
          {
            "hash": "1982112a682c6b2a8ab077d6077439ebe2d0d784",
            "messageTitle": "Fix trailing whitespaces causing checks to fail in DG",
            "messageBody": "",
            "fileTypesAndContributionMap": {
              "docs": {
                "insertions": 25,
                "deletions": 25
              }
            }
          },
          {
            "hash": "3560647a1b2429f053b77b7637c22ff789304441",
            "messageTitle": "Update DeveloperGuide.md",
            "messageBody": "",
            "fileTypesAndContributionMap": {
              "docs": {
                "insertions": 6,
                "deletions": 10
              }
            }
          }
        ]
      },
      {
        "date": "2020-10-05",
        "commitResults": [
          {
            "hash": "a202b4b8d30f4396bd85cf4cc8271dc86e948191",
            "messageTitle": "Edit Command Foundation",
            "messageBody": "",
            "fileTypesAndContributionMap": {
              "functional-code": {
                "insertions": 10,
                "deletions": 10
              },
              "test-code": {
                "insertions": 10,
                "deletions": 9
              }
            }
          }
        ]
      },
      {
        "date": "2020-10-06",
        "commitResults": [
          {
            "hash": "82c2e6fa6425c373a28d40448e33a88696036c4c",
            "messageTitle": "Edit command now supports editing of TotalPages and Bookmark",
            "messageBody": "",
            "fileTypesAndContributionMap": {
              "functional-code": {
                "insertions": 26,
                "deletions": 6
              }
            }
          },
          {
            "hash": "52474f9071db73ba879c814cc9a30293de8026f7",
            "messageTitle": "Fix bug in ParserUtil and add tests for ParserUtilTest",
            "messageBody": "",
            "fileTypesAndContributionMap": {
              "functional-code": {
                "insertions": 1,
                "deletions": 1
              },
              "test-code": {
                "insertions": 55,
                "deletions": 2
              }
            }
          },
          {
            "hash": "a16b88f57cbaab1a13990c4ee24b0b98b0df5f45",
            "messageTitle": "Refactor CommandTestUtil, EditCommand, EditBookDescriptorBuilder and created Tests for EditBookDescriptorTest",
            "messageBody": "",
            "fileTypesAndContributionMap": {
              "functional-code": {
                "insertions": 3,
                "deletions": 1
              },
              "test-code": {
                "insertions": 34,
                "deletions": 2
              }
            }
          },
          {
            "hash": "feebf9c41c376ea0aa15f068a44f999be889cbf4",
            "messageTitle": "Refactor multiple Test files. Add tests to EditCommandTest",
            "messageBody": "",
            "fileTypesAndContributionMap": {
              "test-code": {
                "insertions": 106,
                "deletions": 58
              }
            }
          },
          {
            "hash": "8e46ec1feef6d6bd31d4994c0dd4a21ae732c694",
            "messageTitle": "Rename execute_invalidBookmark_failure to execute_invalid_OutOfRangeBookmark_Failure",
            "messageBody": "",
            "fileTypesAndContributionMap": {
              "test-code": {
                "insertions": 1,
                "deletions": 1
              }
            }
          },
          {
            "hash": "8b5da5a0e75717b24322bc8d80d534e5f79bc910",
            "messageTitle": "Update BookUtil and BookBuilder",
            "messageBody": "",
            "fileTypesAndContributionMap": {
              "test-code": {
                "insertions": 6,
                "deletions": 2
              }
            }
          },
          {
            "hash": "8ba67a347ecedeca750812a7ba6376e713fca3bd",
            "messageTitle": "Refactor person word to book, in both methods, headers, and comments",
            "messageBody": "",
            "fileTypesAndContributionMap": {
              "functional-code": {
                "insertions": 7,
                "deletions": 7
              },
              "test-code": {
                "insertions": 19,
                "deletions": 18
              }
            }
          },
          {
            "hash": "36945ba5909776dfd9ced9e4b35bc5bf80d2ba14",
            "messageTitle": "Update DESC_1984 to 1984",
            "messageBody": "",
            "fileTypesAndContributionMap": {
              "test-code": {
                "insertions": 1,
                "deletions": 1
              }
            }
          }
        ]
      }
    ],
    "pennhanlee": [
      {
        "date": "2020-09-18",
        "commitResults": [
          {
            "hash": "de7c8d55cc887e14ebf81b31883f0a197296baaf",
            "messageTitle": "Update About Me for Profile Picture and Name",
            "messageBody": "",
            "fileTypesAndContributionMap": {
              "docs": {
                "insertions": 3,
                "deletions": 3
              }
            }
          },
          {
            "hash": "680ecd54846fe3b5b54bafd6791a088353dcbf46",
            "messageTitle": "Update About Me for Profile Picture and Name",
            "messageBody": "",
            "fileTypesAndContributionMap": {
              "docs": {
                "insertions": 2,
                "deletions": 1
              }
            }
          }
        ]
      },
      {
        "date": "2020-09-20",
        "commitResults": [
          {
            "hash": "3b609c9ad1404bea00df93e040c80dce10636d46",
            "messageTitle": "Update UG for Add command",
            "messageBody": "",
            "fileTypesAndContributionMap": {
              "docs": {
                "insertions": 6,
                "deletions": 10
              }
            }
          },
          {
            "hash": "205e21023d205b85a01ed785a9fede1d4cf49312",
            "messageTitle": "Update UG for Add command",
            "messageBody": "",
            "fileTypesAndContributionMap": {
              "docs": {
                "insertions": 4,
                "deletions": 4
              }
            }
          }
        ]
      },
      {
        "date": "2020-09-22",
        "commitResults": [
          {
            "hash": "dc1e9fcb17c1e85a0f46d7bf5ac3c63d39cc8b71",
            "messageTitle": "Include add book use case for devguide. Add Use Case End under Edit book MSS",
            "messageBody": "",
            "fileTypesAndContributionMap": {
              "docs": {
                "insertions": 35,
                "deletions": 3
              }
            }
          },
          {
            "hash": "25913d529de3ec3ca458130a0577d76baf0cd09b",
            "messageTitle": "edit for punctuation",
            "messageBody": "",
            "fileTypesAndContributionMap": {
              "docs": {
                "insertions": 3,
                "deletions": 3
              }
            }
          }
        ]
      },
      {
        "date": "2020-09-27",
        "commitResults": [
          {
            "hash": "7ef694a2e399ab33a66787771015e123029717c9",
            "messageTitle": "Replace repeated \"list book\" action with inclusion in Use cases",
            "messageBody": "",
            "fileTypesAndContributionMap": {
              "docs": {
                "insertions": 17,
                "deletions": 33
              }
            }
          },
          {
            "hash": "3c1ee1400b69486be07f61bd6c6f9cbcf21f02af",
            "messageTitle": "Replace URLs from AB3 URLs to our repo URLs",
            "messageBody": "",
            "fileTypesAndContributionMap": {
              "docs": {
                "insertions": 6,
                "deletions": 6
              }
            }
          },
          {
            "hash": "b14f156bb226bb9941e3a659cd118538d7a2467b",
            "messageTitle": "Update Use cases for same actions to have same phrasings",
            "messageBody": "",
            "fileTypesAndContributionMap": {
              "docs": {
                "insertions": 6,
                "deletions": 6
              }
            }
          }
        ]
      },
      {
        "date": "2020-10-04",
        "commitResults": [
          {
            "hash": "effa58f38ff8df45a656e1d824cf3547405651d5",
            "messageTitle": "Update AboutUs for inconsistencies",
            "messageBody": "",
            "fileTypesAndContributionMap": {
              "docs": {
                "insertions": 0,
                "deletions": 3
              }
            }
          },
          {
            "hash": "0499c6c68c61b2931bb8b564551854aa8912937e",
            "messageTitle": "Update DeveloperGuide for inconsistencies",
            "messageBody": "",
            "fileTypesAndContributionMap": {
              "docs": {
                "insertions": 17,
                "deletions": 17
              }
            }
          }
        ]
      },
      {
        "date": "2020-10-05",
        "commitResults": [
          {
            "hash": "a2f785927a2009aeb467dec18e3340a3b1384240",
            "messageTitle": "Refactor AddCommand file for surface level inconsistency",
            "messageBody": "",
            "fileTypesAndContributionMap": {
              "functional-code": {
                "insertions": 11,
                "deletions": 11
              },
              "other": {
                "insertions": 2,
                "deletions": 2
              }
            }
          },
          {
            "hash": "7417e131ead3a8f75adcceb209249436125fe74f",
            "messageTitle": "Edit CliSyntax to have bookmark and total pages",
            "messageBody": "",
            "fileTypesAndContributionMap": {
              "functional-code": {
                "insertions": 2,
                "deletions": 2
              }
            }
          },
          {
            "hash": "f2be5f0d3619ba3cf1e554f2fa489b6e54d14667",
            "messageTitle": "Add prefixes for total pages and bookmark",
            "messageBody": "",
            "fileTypesAndContributionMap": {
              "functional-code": {
                "insertions": 13,
                "deletions": 9
              }
            }
          },
          {
            "hash": "c630a2fd36e0f90a39458659f407410cc7fa0492",
            "messageTitle": "Add parseTotalPages and parseBookmark methods",
            "messageBody": "",
            "fileTypesAndContributionMap": {
              "functional-code": {
                "insertions": 23,
                "deletions": 0
              }
            }
          },
          {
            "hash": "17be82f865521dc2a32bb2d179ff8580cd56dde6",
            "messageTitle": "Resolve bug for parseBookmark method",
            "messageBody": "",
            "fileTypesAndContributionMap": {
              "functional-code": {
                "insertions": 1,
                "deletions": 1
              }
            }
          },
          {
            "hash": "299523e2eacb9b39160ec7fcb460ad6cafe62dad",
            "messageTitle": "Add getters for Optionals in AddCommandParser to get parsed values",
            "messageBody": "",
            "fileTypesAndContributionMap": {
              "functional-code": {
                "insertions": 2,
                "deletions": 2
              }
            }
          },
          {
            "hash": "fe72e1856cfe664fbff90c5ddc6c61546871941f",
            "messageTitle": "Add spaces for readability in AddCommand MESSAGE_USAGE",
            "messageBody": "",
            "fileTypesAndContributionMap": {
              "functional-code": {
                "insertions": 3,
                "deletions": 3
              }
            }
          },
          {
            "hash": "1044000203c9bbaa6c69942b1fde348959814a17",
            "messageTitle": "Add \\n for readability in AddCommand MESSAGE_USAGE",
            "messageBody": "",
            "fileTypesAndContributionMap": {
              "functional-code": {
                "insertions": 2,
                "deletions": 2
              }
            }
          },
          {
            "hash": "8568e571ede0a0bc0d1a9d34a8062e250e71c67b",
            "messageTitle": "Add \\n for readability in AddCommand MESSAGE_USAGE",
            "messageBody": "",
            "fileTypesAndContributionMap": {
              "functional-code": {
                "insertions": 2,
                "deletions": 2
              }
            }
          },
          {
            "hash": "aed3eb28a4ccba929aa9a409cd42b11d2f7735f6",
            "messageTitle": "Resolve bug on missing total/ prefix and bookmark/ prefix",
            "messageBody": "",
            "fileTypesAndContributionMap": {
              "functional-code": {
                "insertions": 14,
                "deletions": 8
              }
            }
          },
          {
            "hash": "c2bc42294d0f01297337c5f6886a7bb36b543d61",
            "messageTitle": "Edit MESSAGE_DUPLICATE_PERSON to MESSAGE_DUPLICATE_BOOK",
            "messageBody": "",
            "fileTypesAndContributionMap": {
              "test-code": {
                "insertions": 2,
                "deletions": 2
              }
            }
          },
          {
            "hash": "1fd5f16dd7476b351f8e87987b59d397d4dfc23d",
            "messageTitle": "update GenreTest for consistency",
            "messageBody": "",
            "fileTypesAndContributionMap": {
              "test-code": {
                "insertions": 2,
                "deletions": 1
              }
            }
          },
          {
            "hash": "239b5f2d778c62f173496976f80bc2e6898d4f91",
            "messageTitle": "update BookmarkTest for consistency",
            "messageBody": "",
            "fileTypesAndContributionMap": {
              "test-code": {
                "insertions": 1,
                "deletions": 1
              }
            }
          },
          {
            "hash": "f69e364aae105d74d9c8d92f0335575ad1ba2db9",
            "messageTitle": "refactor TestUtil in Typical Books",
            "messageBody": "",
            "fileTypesAndContributionMap": {
              "test-code": {
                "insertions": 55,
                "deletions": 55
              }
            }
          },
          {
            "hash": "d4e9beab3b13785ca1e81e1aa4f9e4cb1ab016b3",
            "messageTitle": "refactor parse_invalidValue_failure() test",
            "messageBody": "",
            "fileTypesAndContributionMap": {
              "test-code": {
                "insertions": 15,
                "deletions": 9
              }
            }
          },
          {
            "hash": "e13690305d96a8a1654bf87d188bba4bd8af4aa7",
            "messageTitle": "refactor AddCommandTest that was disabled previous due to inconsistency",
            "messageBody": "",
            "fileTypesAndContributionMap": {
              "test-code": {
                "insertions": 15,
                "deletions": 16
              }
            }
          },
          {
            "hash": "4626cf70f9640ba58295ff32c75374d7aa8565ff",
            "messageTitle": "Edit for Checkstyle",
            "messageBody": "",
            "fileTypesAndContributionMap": {
              "functional-code": {
                "insertions": 6,
                "deletions": 3
              }
            }
          },
          {
            "hash": "f1247b87fc221e09304e5acd3b9987ad726aab93",
            "messageTitle": "Edit for Checkstyle Tests",
            "messageBody": "",
            "fileTypesAndContributionMap": {
              "test-code": {
                "insertions": 48,
                "deletions": 16
              }
            }
          },
          {
            "hash": "c568a3c5177c68a33c3e6279923fa8f3c0356df0",
            "messageTitle": "Edit for Checkstyle Main",
            "messageBody": "",
            "fileTypesAndContributionMap": {
              "functional-code": {
                "insertions": 10,
                "deletions": 2
              }
            }
          },
          {
            "hash": "71f8e35932ba065df9c65fbad1a8650bd03f12bf",
            "messageTitle": "Change PREFIX for Total Pages and Bookmark",
            "messageBody": "",
            "fileTypesAndContributionMap": {
              "functional-code": {
                "insertions": 2,
                "deletions": 2
              }
            }
          },
          {
            "hash": "30eb2d2ffc07f04a95474b37957a425f1af05af4",
            "messageTitle": "Refactor ModelStubWithPerson class to ModelStubWithBook class",
            "messageBody": "",
            "fileTypesAndContributionMap": {
              "test-code": {
                "insertions": 6,
                "deletions": 6
              }
            }
          },
          {
            "hash": "5cbcc6c2ac768a3aa4e3f1a588081875afa87f52",
            "messageTitle": "Edit to clean up on Optional to use isEmpty() for cleanliness",
            "messageBody": "",
            "fileTypesAndContributionMap": {
              "functional-code": {
                "insertions": 1,
                "deletions": 1
              }
            }
          },
          {
            "hash": "9c2917a5417e9523520c53f6981f1fd8d375fb8e",
            "messageTitle": "Refactor addressBookOptional to libraryOptional",
            "messageBody": "",
            "fileTypesAndContributionMap": {
              "functional-code": {
                "insertions": 4,
                "deletions": 4
              }
            }
          }
        ]
      },
      {
        "date": "2020-10-06",
        "commitResults": [
          {
            "hash": "46ccc8e06a5eea7718434fa1e010064942b91631",
            "messageTitle": "Refactor isValidBookmark checks to overloaded methods to separate two different checks",
            "messageBody": "",
            "fileTypesAndContributionMap": {
              "functional-code": {
                "insertions": 33,
                "deletions": 15
              },
              "test-code": {
                "insertions": 12,
                "deletions": 15
              }
            }
          },
          {
            "hash": "b029790f8acaf25f1ac7c514edb93c6d483901ec",
            "messageTitle": "Remove unused exception in build() method",
            "messageBody": "",
            "fileTypesAndContributionMap": {
              "test-code": {
                "insertions": 1,
                "deletions": 1
              }
            }
          },
          {
            "hash": "bf0b01ef49db40ee324d2497fa940399e6e2a92c",
            "messageTitle": "edit for CheckStyleMain and CheckStyleTest",
            "messageBody": "",
            "fileTypesAndContributionMap": {
              "functional-code": {
                "insertions": 0,
                "deletions": 2
              },
              "test-code": {
                "insertions": 0,
                "deletions": 1
              }
            }
          },
          {
            "hash": "0a83248828bb3c7d6e7f757682ff5e2950474603",
            "messageTitle": "Edit User Guide for accuracy",
            "messageBody": "",
            "fileTypesAndContributionMap": {
              "docs": {
                "insertions": 3,
                "deletions": 3
              }
            }
          },
          {
            "hash": "d5e35211e9fbe0a8263bd3838925834be6a78b8b",
            "messageTitle": "Fix inconsistent method arguments for parseBookmark and update Addcommand javadoc",
            "messageBody": "",
            "fileTypesAndContributionMap": {
              "functional-code": {
                "insertions": 3,
                "deletions": 3
              }
            }
          }
        ]
      },
      {
        "date": "2020-10-10",
        "commitResults": [
          {
            "hash": "0056e1dc8723e84b64c1d332b93bcacc9157b569",
            "messageTitle": "Add output strings for different commands",
            "messageBody": "",
            "fileTypesAndContributionMap": {
              "functional-code": {
                "insertions": 36,
                "deletions": 1
              }
            }
          },
          {
            "hash": "a8e8c353390ba206430b5a8c4d84fd66b1db7b5c",
            "messageTitle": "Edit output for cleaner detail and to include scrollpane",
            "messageBody": "",
            "fileTypesAndContributionMap": {
              "functional-code": {
                "insertions": 16,
                "deletions": 11
              }
            }
          }
        ]
      },
      {
        "date": "2020-10-12",
        "commitResults": [
          {
            "hash": "46d6cc8ce82d9873937f607c042751fb32ae02fd",
            "messageTitle": "Create HelpBox to include explanation and image example",
            "messageBody": "",
            "fileTypesAndContributionMap": {
              "functional-code": {
                "insertions": 93,
                "deletions": 9
              }
            }
          },
          {
            "hash": "b2058617ad065724e9af2e877197affe6ebc55f2",
            "messageTitle": "Create VBox for HelpWindow to include Introductory message at the top",
            "messageBody": "",
            "fileTypesAndContributionMap": {
              "functional-code": {
                "insertions": 22,
                "deletions": 12
              }
            }
          },
          {
            "hash": "c40559e79f08b5f2427b7bd94e4ec06e27a37168",
            "messageTitle": "Swap position of Copy URL button",
            "messageBody": "",
            "fileTypesAndContributionMap": {
              "functional-code": {
                "insertions": 14,
                "deletions": 10
              }
            }
          },
          {
            "hash": "9460727be9f0844f8eaec202c8848a30ba38013c",
            "messageTitle": "Edit HelpWindow and HelpBox for content alignment",
            "messageBody": "",
            "fileTypesAndContributionMap": {
              "functional-code": {
                "insertions": 30,
                "deletions": 27
              }
            }
          },
          {
            "hash": "2bf293f9fe5726dccf4e36f5957f47facfe341b5",
            "messageTitle": "Edit for content alignment",
            "messageBody": "",
            "fileTypesAndContributionMap": {
              "functional-code": {
                "insertions": 6,
                "deletions": 7
              }
            }
          },
          {
            "hash": "0432f205ec2c1cdefef4ebc9d70d0ac913531a82",
            "messageTitle": "Edit for CheckstyleMain",
            "messageBody": "",
            "fileTypesAndContributionMap": {
              "functional-code": {
                "insertions": 8,
                "deletions": 8
              }
            }
          }
        ]
      },
      {
        "date": "2020-10-13",
        "commitResults": [
          {
            "hash": "312bcbd64e0cade0158a64f87264bd59fe5b10fa",
            "messageTitle": "Edit for Scrollpane alignment and position bug",
            "messageBody": "",
            "fileTypesAndContributionMap": {
              "functional-code": {
                "insertions": 9,
                "deletions": 18
              }
            }
          },
          {
            "hash": "317835264fc3be0a87d9549b8f64cd3233586fbe",
            "messageTitle": "Edit for alignment bug for label and image in scrollpane",
            "messageBody": "",
            "fileTypesAndContributionMap": {
              "functional-code": {
                "insertions": 14,
                "deletions": 14
              }
            }
          }
        ]
      },
      {
        "date": "2020-10-14",
        "commitResults": [
          {
            "hash": "5b0b4bcb9fc8b9b0214fe629c741ca306395de91",
            "messageTitle": "Edit for Content Display for all commands to be inline with UG.",
            "messageBody": "",
            "fileTypesAndContributionMap": {
              "functional-code": {
                "insertions": 7,
                "deletions": 7
              }
            }
          },
          {
            "hash": "bdf8d7c11565117543a9c7460fdbe33a721dd519",
            "messageTitle": "Edit UI of Help Window to add separation between Header and Body",
            "messageBody": "",
            "fileTypesAndContributionMap": {
              "functional-code": {
                "insertions": 1,
                "deletions": 1
              }
            }
          },
          {
            "hash": "0ad200ace207d8a7888615400dc3a1feab96144a",
            "messageTitle": "Update UG",
            "messageBody": "",
            "fileTypesAndContributionMap": {
              "docs": {
                "insertions": 15,
                "deletions": 3
              }
            }
          },
          {
            "hash": "ad1905d4e10356a5243f4cf0c4207f4cdf318173",
            "messageTitle": "Update DG",
            "messageBody": "",
            "fileTypesAndContributionMap": {
              "docs": {
                "insertions": 9,
                "deletions": 0
              }
            }
          },
          {
            "hash": "01c778991f33911909ab4bfc6347d12c5b3a429c",
            "messageTitle": "Edit for Checkstyle",
            "messageBody": "",
            "fileTypesAndContributionMap": {
              "docs": {
                "insertions": 3,
                "deletions": 3
              }
            }
          }
        ]
      },
      {
        "date": "2020-10-18",
        "commitResults": [
          {
            "hash": "05be40eacb1c149e769028837d3971e6a9487b3b",
            "messageTitle": "Update name from AddressBook to Library",
            "messageBody": "",
            "fileTypesAndContributionMap": {
              "functional-code": {
                "insertions": 1,
                "deletions": 1
              }
            }
          },
          {
            "hash": "0faaca2381fa8c08bc9c59545ff4fbaa339b4806",
            "messageTitle": "Edit Checkstyle",
            "messageBody": "",
            "fileTypesAndContributionMap": {
              "docs": {
                "insertions": 3,
                "deletions": 4
              }
            }
          }
        ]
      }
    ],
    "TanLeYang": [
      {
        "date": "2020-09-11",
        "commitResults": [
          {
            "hash": "f108a28e49fe86b31f0b3d6cbdefa6f9325a70db",
            "messageTitle": "Update AboutUs.md",
            "messageBody": "",
            "fileTypesAndContributionMap": {
              "docs": {
                "insertions": 2,
                "deletions": 2
              }
            }
          }
        ]
      },
      {
        "date": "2020-09-18",
        "commitResults": [
          {
            "hash": "17019c9c3c1d47000cdfb21288c4fc9a11736dda",
            "messageTitle": "Update AboutUs.md",
            "messageBody": "",
            "fileTypesAndContributionMap": {
              "docs": {
                "insertions": 3,
                "deletions": 3
              }
            }
          }
        ]
      },
      {
        "date": "2020-09-19",
        "commitResults": [
          {
            "hash": "63027126fa96e4889e07039e1464a257313acc42",
            "messageTitle": "Update user guide",
            "messageBody": "",
            "fileTypesAndContributionMap": {
              "docs": {
                "insertions": 10,
                "deletions": 56
              }
            }
          },
          {
            "hash": "921d8bcea3829dfff8e212fbb11434f7ef1d75f5",
            "messageTitle": "Modify build.gradle to specify jacoco version",
            "messageBody": "",
            "fileTypesAndContributionMap": {
              "other": {
                "insertions": 4,
                "deletions": 0
              }
            }
          },
          {
            "hash": "8633120bc62247d16f7d4f375453d12e81019bb9",
            "messageTitle": "Delete Address and all its usages",
            "messageBody": "",
            "fileTypesAndContributionMap": {
              "functional-code": {
                "insertions": 9,
                "deletions": 129
              },
              "test-code": {
                "insertions": 56,
                "deletions": 211
              }
            }
          },
          {
            "hash": "43daa79d9cab3775a3ae01e8be13fc8da92306ed",
            "messageTitle": "Rename packages to bookmark",
            "messageBody": "",
            "fileTypesAndContributionMap": {
              "other": {
                "insertions": 705,
                "deletions": 705
              },
              "docs": {
                "insertions": 12,
                "deletions": 12
              },
              "test-code": {
                "insertions": 3,
                "deletions": 3
              }
            }
          },
          {
            "hash": "fd2329f37b30ff6d48d7943f3e83154cc36bcd33",
            "messageTitle": "Rename Person to Book",
            "messageBody": "",
            "fileTypesAndContributionMap": {
              "functional-code": {
                "insertions": 133,
                "deletions": 133
              },
              "other": {
                "insertions": 29,
                "deletions": 29
              },
              "docs": {
                "insertions": 65,
                "deletions": 65
              },
              "test-code": {
                "insertions": 140,
                "deletions": 140
              }
            }
          },
          {
            "hash": "9972755ae19f40bab61b32ca0b87503700ea098e",
            "messageTitle": "Rename files in seedu.bookmark.storage package",
            "messageBody": "",
            "fileTypesAndContributionMap": {
              "functional-code": {
                "insertions": 18,
                "deletions": 18
              },
              "other": {
                "insertions": 13,
                "deletions": 13
              },
              "test-code": {
                "insertions": 21,
                "deletions": 21
              }
            }
          },
          {
            "hash": "88706728d1fd876f75caee0a15de482a8302b789",
            "messageTitle": "Rename AddressBook to BookList",
            "messageBody": "",
            "fileTypesAndContributionMap": {
              "functional-code": {
                "insertions": 65,
                "deletions": 64
              },
              "other": {
                "insertions": 35,
                "deletions": 35
              },
              "test-code": {
                "insertions": 56,
                "deletions": 56
              }
            }
          }
        ]
      },
      {
        "date": "2020-09-21",
        "commitResults": [
          {
            "hash": "c87e28f5fff224909fc17375886de88661a459b1",
            "messageTitle": "Change Book List to Storage Library",
            "messageBody": "",
            "fileTypesAndContributionMap": {
              "docs": {
                "insertions": 3,
                "deletions": 3
              }
            }
          }
        ]
      },
      {
        "date": "2020-09-22",
        "commitResults": [
          {
            "hash": "699c42a24b569defab3a276215c18b91aa7c62ff",
            "messageTitle": "Update DG with use case for list command",
            "messageBody": "",
            "fileTypesAndContributionMap": {
              "docs": {
                "insertions": 16,
                "deletions": 1
              }
            }
          },
          {
            "hash": "384b61b0e6750b1ed4d5cf0f1459be8dfd50fb55",
            "messageTitle": "Add some NFRs",
            "messageBody": "",
            "fileTypesAndContributionMap": {
              "docs": {
                "insertions": 3,
                "deletions": 0
              }
            }
          }
        ]
      },
      {
        "date": "2020-09-24",
        "commitResults": [
          {
            "hash": "6edb03b57c4a169d36318fb14fe926a3388335b7",
            "messageTitle": "Update javadoc for Book and Name class",
            "messageBody": "",
            "fileTypesAndContributionMap": {
              "functional-code": {
                "insertions": 4,
                "deletions": 4
              }
            }
          }
        ]
      },
      {
        "date": "2020-09-25",
        "commitResults": [
          {
            "hash": "c55e903d5087a0b212a85b8d547c9ac5c4cba026",
            "messageTitle": "Remove Phone field from Book",
            "messageBody": "",
            "fileTypesAndContributionMap": {
              "functional-code": {
                "insertions": 18,
                "deletions": 150
              },
              "test-code": {
                "insertions": 44,
                "deletions": 261
              }
            }
          },
          {
            "hash": "dc9803650e891194e6ef3a8c6b95e9ad11d19165",
            "messageTitle": "Convert Email field of Book to Genre",
            "messageBody": "",
            "fileTypesAndContributionMap": {
              "functional-code": {
                "insertions": 133,
                "deletions": 144
              },
              "docs": {
                "insertions": 3,
                "deletions": 3
              },
              "test-code": {
                "insertions": 147,
                "deletions": 169
              }
            }
          }
        ]
      },
      {
        "date": "2020-09-27",
        "commitResults": [
          {
            "hash": "d6a2e5ab760cae459a3d3ff4fb42caa39e8fc886",
            "messageTitle": "Fix inconsistencies in UG",
            "messageBody": "",
            "fileTypesAndContributionMap": {
              "docs": {
                "insertions": 8,
                "deletions": 9
              }
            }
          },
          {
            "hash": "cb5a2a73e6e7c9f4d56c6383c93c6c4e55e0a460",
            "messageTitle": "Add more fixes for UserGuide",
            "messageBody": "",
            "fileTypesAndContributionMap": {
              "docs": {
                "insertions": 3,
                "deletions": 3
              }
            }
          },
          {
            "hash": "aa5de6479451220863ec1a57ca32fb02208f0a82",
            "messageTitle": "Rename more classes to bookmark\u0027s context",
            "messageBody": "",
            "fileTypesAndContributionMap": {
              "functional-code": {
                "insertions": 76,
                "deletions": 76
              },
              "other": {
                "insertions": 153,
                "deletions": 153
              },
              "docs": {
                "insertions": 1,
                "deletions": 1
              },
              "test-code": {
                "insertions": 50,
                "deletions": 50
              }
            }
          },
          {
            "hash": "4cf1a63794bfc14326c767c8965036414e2d6d28",
            "messageTitle": "Rename fields and javadoc for classes in model.book",
            "messageBody": "",
            "fileTypesAndContributionMap": {
              "functional-code": {
                "insertions": 47,
                "deletions": 47
              },
              "other": {
                "insertions": 58,
                "deletions": 58
              },
              "test-code": {
                "insertions": 34,
                "deletions": 34
              }
            }
          }
        ]
      },
      {
        "date": "2020-09-28",
        "commitResults": [
          {
            "hash": "a9e55d5cd730650bd3c4e8a1bae78ed1da8674b5",
            "messageTitle": "Complete refactor for model package",
            "messageBody": "",
            "fileTypesAndContributionMap": {
              "functional-code": {
                "insertions": 117,
                "deletions": 117
              },
              "test-code": {
                "insertions": 89,
                "deletions": 89
              }
            }
          },
          {
            "hash": "bff64ef902a64783d7274f5624a4bf73b1fd8688",
            "messageTitle": "Fix incorrect links in README and removing more usages of addressbook from UG",
            "messageBody": "",
            "fileTypesAndContributionMap": {
              "docs": {
                "insertions": 7,
                "deletions": 9
              }
            }
          }
        ]
      },
      {
        "date": "2020-09-30",
        "commitResults": [
          {
            "hash": "bf4d89b486514dfea90de4efefa5fcb2718466bc",
            "messageTitle": "Complete refactor of storage package",
            "messageBody": "",
            "fileTypesAndContributionMap": {
              "functional-code": {
                "insertions": 59,
                "deletions": 59
              },
              "test-code": {
                "insertions": 13,
                "deletions": 13
              }
            }
          },
          {
            "hash": "ace3ecd2b78204b460675d89e7b4de04b7a17c14",
            "messageTitle": "Rename tests",
            "messageBody": "",
            "fileTypesAndContributionMap": {
              "functional-code": {
                "insertions": 27,
                "deletions": 28
              },
              "other": {
                "insertions": 18,
                "deletions": 18
              },
              "docs": {
                "insertions": 1,
                "deletions": 1
              },
              "test-code": {
                "insertions": 528,
                "deletions": 527
              }
            }
          },
          {
            "hash": "8c507e65476417b24fe4b054f4b6474a0f44df1c",
            "messageTitle": "Rename methods in Logic interface",
            "messageBody": "",
            "fileTypesAndContributionMap": {
              "functional-code": {
                "insertions": 11,
                "deletions": 11
              },
              "test-code": {
                "insertions": 1,
                "deletions": 1
              }
            }
          },
          {
            "hash": "4701954855eda71a4010bf06b8c719dc88d2d75e",
            "messageTitle": "Create TotalPages class",
            "messageBody": "",
            "fileTypesAndContributionMap": {
              "functional-code": {
                "insertions": 65,
                "deletions": 9
              },
              "other": {
                "insertions": 3,
                "deletions": 3
              }
            }
          },
          {
            "hash": "1e9ae606c52379f49a06fb9e3c104ff0016ef8cc",
            "messageTitle": "Create Bookmark class",
            "messageBody": "",
            "fileTypesAndContributionMap": {
              "functional-code": {
                "insertions": 66,
                "deletions": 3
              }
            }
          },
          {
            "hash": "5160511ee106815413d78bf897a91d308baadddb",
            "messageTitle": "Integrate TotalPages and Bookmark into Book",
            "messageBody": "",
            "fileTypesAndContributionMap": {
              "functional-code": {
                "insertions": 39,
                "deletions": 2
              }
            }
          },
          {
            "hash": "f32302fd256dab7db4fc61ea25289dc63ba92eae",
            "messageTitle": "Update JsonAdapatedBookTest",
            "messageBody": "",
            "fileTypesAndContributionMap": {
              "functional-code": {
                "insertions": 31,
                "deletions": 5
              },
              "test-code": {
                "insertions": 9,
                "deletions": 5
              }
            }
          },
          {
            "hash": "e5fdec1e09aefd73a6054371b780736a5b3455ff",
            "messageTitle": "Refactor tests to include TotalPages and Bookmark",
            "messageBody": "",
            "fileTypesAndContributionMap": {
              "functional-code": {
                "insertions": 31,
                "deletions": 7
              },
              "test-code": {
                "insertions": 64,
                "deletions": 15
              }
            }
          },
          {
            "hash": "6c3d38b06083592a4f406eb14442118878b77e21",
            "messageTitle": "Add TotalPages and Bookmark to ui",
            "messageBody": "",
            "fileTypesAndContributionMap": {
              "functional-code": {
                "insertions": 16,
                "deletions": 6
              }
            }
          },
          {
            "hash": "91157324d667e0f42529a15155b9111735481a97",
            "messageTitle": "Disable unready tests",
            "messageBody": "",
            "fileTypesAndContributionMap": {
              "functional-code": {
                "insertions": 3,
                "deletions": 3
              },
              "other": {
                "insertions": 4,
                "deletions": 4
              },
              "test-code": {
                "insertions": 28,
                "deletions": 20
              }
            }
          },
          {
            "hash": "f6efdca3ffe04ebf63c5d47b87af7bb4304acb0f",
            "messageTitle": "Add Prefixes for TotalPages and Bookmark",
            "messageBody": "",
            "fileTypesAndContributionMap": {
              "functional-code": {
                "insertions": 2,
                "deletions": 0
              }
            }
          },
          {
            "hash": "aa5c9ba6d660318fea057dee8e5653be1b7c4105",
            "messageTitle": "Lint fix",
            "messageBody": "",
            "fileTypesAndContributionMap": {
              "test-code": {
                "insertions": 1,
                "deletions": 1
              }
            }
          }
        ]
      },
      {
        "date": "2020-10-02",
        "commitResults": [
          {
            "hash": "7304932f0eefcad69f6e73f9c2d14d0e9851a357",
            "messageTitle": "Mark Bookmark a compulsory field",
            "messageBody": "",
            "fileTypesAndContributionMap": {
              "functional-code": {
                "insertions": 22,
                "deletions": 14
              },
              "test-code": {
                "insertions": 8,
                "deletions": 4
              }
            }
          },
          {
            "hash": "c18ea139ea4c61b78475676a53e1a267659b1dc3",
            "messageTitle": "Add more validity conditions for TotalPages",
            "messageBody": "",
            "fileTypesAndContributionMap": {
              "functional-code": {
                "insertions": 4,
                "deletions": 3
              }
            }
          }
        ]
      },
      {
        "date": "2020-10-04",
        "commitResults": [
          {
            "hash": "12b214ff913d0d24d0c9cc1f0bea08e318d98b39",
            "messageTitle": "Add tests for TotalPages",
            "messageBody": "",
            "fileTypesAndContributionMap": {
              "functional-code": {
                "insertions": 1,
                "deletions": 2
              },
              "test-code": {
                "insertions": 50,
                "deletions": 0
              }
            }
          },
          {
            "hash": "46ee4750402134f51796ff713eb880c0a35031be",
            "messageTitle": "Add tests for Bookmark",
            "messageBody": "",
            "fileTypesAndContributionMap": {
              "functional-code": {
                "insertions": 4,
                "deletions": 0
              },
              "test-code": {
                "insertions": 60,
                "deletions": 0
              }
            }
          },
          {
            "hash": "440f684237711857bb56afafd0ddc38409f1c941",
            "messageTitle": "Add more tests to Book",
            "messageBody": "",
            "fileTypesAndContributionMap": {
              "test-code": {
                "insertions": 46,
                "deletions": 7
              }
            }
          }
        ]
      },
      {
        "date": "2020-10-06",
        "commitResults": [
          {
            "hash": "92a821b514fcc719197b04f373c8520ee8b20e49",
            "messageTitle": "Change log file path",
            "messageBody": "",
            "fileTypesAndContributionMap": {
              "functional-code": {
                "insertions": 1,
                "deletions": 1
              }
            }
          },
          {
            "hash": "f2fb16a4c2d4d641c3e2b6e08d1d8bf04926b5b3",
            "messageTitle": "Add method to trim leading 0s from String",
            "messageBody": "",
            "fileTypesAndContributionMap": {
              "functional-code": {
                "insertions": 14,
                "deletions": 0
              }
            }
          },
          {
            "hash": "c1607a5c3eef2f7779b3dcc41f6ca763babb0a30",
            "messageTitle": "Rename javadoc and constants in ListCommand",
            "messageBody": "",
            "fileTypesAndContributionMap": {
              "functional-code": {
                "insertions": 2,
                "deletions": 2
              }
            }
          }
        ]
      },
      {
        "date": "2020-10-10",
        "commitResults": [
          {
            "hash": "e4cd50f48f2e03b3b90cdd2bfd6d4dafb07939ec",
            "messageTitle": "Rearrange UI components",
            "messageBody": "",
            "fileTypesAndContributionMap": {
              "functional-code": {
                "insertions": 7,
                "deletions": 7
              }
            }
          },
          {
            "hash": "334ca7607a55ca3bd68dd97f7bb7d0122d39021b",
            "messageTitle": "Rename PersonListCard and PersonListPanel",
            "messageBody": "",
            "fileTypesAndContributionMap": {
              "functional-code": {
                "insertions": 2,
                "deletions": 2
              },
              "other": {
                "insertions": 0,
                "deletions": 0
              }
            }
          },
          {
            "hash": "1e7183e0623f626f13c69cbc46bf438e4254c50f",
            "messageTitle": "Redesign BookCard",
            "messageBody": "",
            "fileTypesAndContributionMap": {
              "functional-code": {
                "insertions": 6,
                "deletions": 6
              },
              "other": {
                "insertions": 0,
                "deletions": 0
              }
            }
          }
        ]
      },
      {
        "date": "2020-10-11",
        "commitResults": [
          {
            "hash": "d31072cb9b0ed14d7e56488bd0e836b1bd811403",
            "messageTitle": "Change application icon",
            "messageBody": "",
            "fileTypesAndContributionMap": {
              "functional-code": {
                "insertions": 3,
                "deletions": 3
              },
              "test-code": {
                "insertions": 1,
                "deletions": 1
              }
            }
          },
          {
            "hash": "36528252035a41882c360db7cc97e8b9a5abe833",
            "messageTitle": "Adjust ResultDisplay box",
            "messageBody": "",
            "fileTypesAndContributionMap": {
              "functional-code": {
                "insertions": 1,
                "deletions": 1
              }
            }
          },
          {
            "hash": "3a440053edefb922be5b90ce082d7219f785fcb0",
            "messageTitle": "Add icons for bookmark",
            "messageBody": "",
            "fileTypesAndContributionMap": {
              "functional-code": {
                "insertions": 25,
                "deletions": 3
              }
            }
          },
          {
            "hash": "f7ad57eaf58b2b10e6c80b0eb4d13943e96b788f",
            "messageTitle": "Create UI components for viewing a single book",
            "messageBody": "",
            "fileTypesAndContributionMap": {
              "functional-code": {
                "insertions": 159,
                "deletions": 15
              }
            }
          },
          {
            "hash": "defa2ddfb204b8c8e62a935925fe592669bb764b",
            "messageTitle": "Differentiate view command",
            "messageBody": "",
            "fileTypesAndContributionMap": {
              "functional-code": {
                "insertions": 10,
                "deletions": 25
              },
              "test-code": {
                "insertions": 7,
                "deletions": 7
              }
            }
          },
          {
            "hash": "71cedd385ecf28ea3799cda2100a38029e996342",
            "messageTitle": "Implement switching between different book views",
            "messageBody": "",
            "fileTypesAndContributionMap": {
              "functional-code": {
                "insertions": 30,
                "deletions": 5
              }
            }
          },
          {
            "hash": "271532ff793a83b66b33fcfb23dcd97ca3674125",
            "messageTitle": "Add label to detailed book view",
            "messageBody": "",
            "fileTypesAndContributionMap": {
              "functional-code": {
                "insertions": 1,
                "deletions": 1
              }
            }
          },
          {
            "hash": "f6f0a85ca6727fd1a10cec139a9558cebf64a9c2",
            "messageTitle": "Lint fix",
            "messageBody": "",
            "fileTypesAndContributionMap": {
              "functional-code": {
                "insertions": 5,
                "deletions": 2
              }
            }
          },
          {
            "hash": "b1f26ae0d50a12bd12a9b77d057056e35519df9d",
            "messageTitle": "Add background image",
            "messageBody": "",
            "fileTypesAndContributionMap": {
              "functional-code": {
                "insertions": 4,
                "deletions": 3
              }
            }
          },
          {
            "hash": "7819df72327fb63166fe6e62133cdca23702a601",
            "messageTitle": "Fix bug with overlapping cards",
            "messageBody": "",
            "fileTypesAndContributionMap": {
              "functional-code": {
                "insertions": 1,
                "deletions": 0
              }
            }
          }
        ]
      },
      {
        "date": "2020-10-12",
        "commitResults": [
          {
            "hash": "464d26a3b0a61e29ecaf4524ba46ebd9531c516c",
            "messageTitle": "Remove debug statements",
            "messageBody": "",
            "fileTypesAndContributionMap": {
              "functional-code": {
                "insertions": 1,
                "deletions": 1
              }
            }
          },
          {
            "hash": "8c12c20a28119c6208b67a93244cf3a9df940670",
            "messageTitle": "Add Sidebar",
            "messageBody": "",
            "fileTypesAndContributionMap": {
              "functional-code": {
                "insertions": 65,
                "deletions": 9
              }
            }
          },
          {
            "hash": "b74c621dc5394d90e6919bded5f827499871cf8f",
            "messageTitle": "Complete population of sidebar data",
            "messageBody": "",
            "fileTypesAndContributionMap": {
              "functional-code": {
                "insertions": 34,
                "deletions": 3
              }
            }
          },
          {
            "hash": "f1c2d660db36e7df0db3199caa2fd641456e97cb",
            "messageTitle": "Update usages of AddressBook in logger",
            "messageBody": "",
            "fileTypesAndContributionMap": {
              "functional-code": {
                "insertions": 3,
                "deletions": 3
              }
            }
          },
          {
            "hash": "4daca7a3f66562d6d4dcab2e443fb2e78cb50067",
            "messageTitle": "Rename method and variable names",
            "messageBody": "",
            "fileTypesAndContributionMap": {
              "functional-code": {
                "insertions": 8,
                "deletions": 9
              }
            }
          },
          {
            "hash": "e20ae623469ac24e3ea56b4aba4ac89d893f2847",
            "messageTitle": "Fix lint issues",
            "messageBody": "",
            "fileTypesAndContributionMap": {
              "functional-code": {
                "insertions": 4,
                "deletions": 1
              }
            }
          },
          {
            "hash": "8d279ee071e7018b748e56d15f1c6a006f8aab49",
            "messageTitle": "Lint fix: trailing white space, no EOF",
            "messageBody": "",
            "fileTypesAndContributionMap": {
              "functional-code": {
                "insertions": 1,
                "deletions": 1
              },
              "docs": {
                "insertions": 2,
                "deletions": 2
              }
            }
          },
          {
            "hash": "1e6c4cc6f0ad84488474eeb9562123709c2265ae",
            "messageTitle": "Rename BookListViewCell to DetailedBookListViewCell",
            "messageBody": "",
            "fileTypesAndContributionMap": {
              "functional-code": {
                "insertions": 3,
                "deletions": 3
              }
            }
          },
          {
            "hash": "80fe8d467e64e0ea7a1037f304de96120f560354",
            "messageTitle": "Fix alignment issues",
            "messageBody": "",
            "fileTypesAndContributionMap": {
              "functional-code": {
                "insertions": 2,
                "deletions": 2
              }
            }
          }
        ]
      },
      {
        "date": "2020-10-14",
        "commitResults": [
          {
            "hash": "0cab1b227bd6d6fbce88b4a5402249da501d8f50",
            "messageTitle": "Improve code quality",
            "messageBody": "",
            "fileTypesAndContributionMap": {
              "functional-code": {
                "insertions": 8,
                "deletions": 1
              }
            }
          },
          {
            "hash": "36df945bcad4f80e0438761ec04f3220e92c4f66",
            "messageTitle": "More code quality improvements",
            "messageBody": "",
            "fileTypesAndContributionMap": {
              "functional-code": {
                "insertions": 9,
                "deletions": 2
              }
            }
          },
          {
            "hash": "3a431146c03c397d227538a455720ca63ab40a14",
            "messageTitle": "Change Ui screenshot to show the new Ui",
            "messageBody": "",
            "fileTypesAndContributionMap": {
              "docs": {
                "insertions": 1,
                "deletions": 1
              }
            }
          },
          {
            "hash": "3b8e66ab9608009e940813c349fad8f649f31342",
            "messageTitle": "Improve abstraction",
            "messageBody": "",
            "fileTypesAndContributionMap": {
              "functional-code": {
                "insertions": 1,
                "deletions": 1
              }
            }
          },
          {
            "hash": "c192ce09c4bc029644b6bdc8bedbc32c9b3b6d75",
            "messageTitle": "Fix UserGuide inconsistencies",
            "messageBody": "",
            "fileTypesAndContributionMap": {
              "docs": {
                "insertions": 2,
                "deletions": 2
              }
            }
          },
          {
            "hash": "66bbb9a004052f4bb56b91b8a85e3f0e5facfcb7",
            "messageTitle": "Add progress percentage display to DetailedBookCard",
            "messageBody": "",
            "fileTypesAndContributionMap": {
              "functional-code": {
                "insertions": 23,
                "deletions": 1
              }
            }
          },
          {
            "hash": "37a405590f79de93b5b753e2a454649922048510",
            "messageTitle": "Add tests for new methods in Book",
            "messageBody": "",
            "fileTypesAndContributionMap": {
              "test-code": {
                "insertions": 20,
                "deletions": 0
              }
            }
          },
          {
            "hash": "0c1a5f5b9e49fa7f78e4db93b246a8233b02acdd",
            "messageTitle": "Remove old Book constructor and leftover usages",
            "messageBody": "",
            "fileTypesAndContributionMap": {
              "functional-code": {
                "insertions": 27,
                "deletions": 38
              }
            }
          },
          {
            "hash": "067cd494a8a0e09faf8fcc31d10d05115ae2ca26",
            "messageTitle": "Improve typecasting readability",
            "messageBody": "",
            "fileTypesAndContributionMap": {
              "functional-code": {
                "insertions": 3,
                "deletions": 3
              }
            }
          }
        ]
      },
      {
        "date": "2020-10-15",
        "commitResults": [
          {
            "hash": "ffae01045819e44816df9672d226e7130ffc24d0",
            "messageTitle": "Fix wrong data format for sample data",
            "messageBody": "",
            "tags": [
              "v1.2"
            ],
            "fileTypesAndContributionMap": {
              "functional-code": {
                "insertions": 2,
                "deletions": 2
              }
            }
          }
        ]
      },
      {
        "date": "2020-10-17",
        "commitResults": [
          {
            "hash": "65d405670e45710a81a07b4ecafeaa57993d5799",
            "messageTitle": "Update Ui section in DG",
            "messageBody": "",
            "fileTypesAndContributionMap": {
              "docs": {
                "insertions": 3,
                "deletions": 2
              }
            }
          },
          {
            "hash": "a49b5def779c5c5be5916560b437d7aa3ab3c3a9",
            "messageTitle": "Update introduction for Ui view switching in DG",
            "messageBody": "",
            "fileTypesAndContributionMap": {
              "docs": {
                "insertions": 17,
                "deletions": 0
              }
            }
          }
        ]
      },
      {
        "date": "2020-10-18",
        "commitResults": [
          {
            "hash": "13686ebb5185546a293d9a6cc4e9278fb7bf6ab4",
            "messageTitle": "Complete updating DG for Ui view switching",
            "messageBody": "",
            "fileTypesAndContributionMap": {
              "docs": {
                "insertions": 42,
                "deletions": 5
              }
            }
          },
          {
            "hash": "70a18dcf5e2d8d4ec7d5f8a18796739556045664",
            "messageTitle": "Enable assertions and lint fix",
            "messageBody": "",
            "fileTypesAndContributionMap": {
              "other": {
                "insertions": 4,
                "deletions": 0
              }
            }
          },
          {
            "hash": "cf31e74072209349dd97a94d5d20e5667add416f",
            "messageTitle": "Fix wrong links in DG",
            "messageBody": "",
            "fileTypesAndContributionMap": {
              "docs": {
                "insertions": 9,
                "deletions": 9
              }
            }
          }
        ]
      }
    ],
    "angrybunny123": [
      {
        "date": "2020-09-18",
        "commitResults": [
          {
            "hash": "c2e7c7211baf725b08b2f565ee55cfb1195bdf68",
            "messageTitle": "Edit Kenneth AboutUs",
            "messageBody": "",
            "fileTypesAndContributionMap": {
              "docs": {
                "insertions": 3,
                "deletions": 3
              }
            }
          }
        ]
      },
      {
        "date": "2020-09-20",
        "commitResults": [
          {
            "hash": "2fbcb5baa76689acad1f313ab8e32735bdee02b0",
            "messageTitle": "Update User Guide Delete Command",
            "messageBody": "",
            "fileTypesAndContributionMap": {
              "docs": {
                "insertions": 6,
                "deletions": 6
              }
            }
          },
          {
            "hash": "cad712535884af10b0545672f71d94a419831934",
            "messageTitle": "Update User Guide Delete Command",
            "messageBody": "",
            "fileTypesAndContributionMap": {
              "docs": {
                "insertions": 1,
                "deletions": 1
              }
            }
          }
        ]
      },
      {
        "date": "2020-09-22",
        "commitResults": [
          {
            "hash": "aa0ffa9f04cac0e61753471eb82116abfb169fa1",
            "messageTitle": "Edit README",
            "messageBody": "",
            "fileTypesAndContributionMap": {
              "functional-code": {
                "insertions": 1,
                "deletions": 1
              },
              "docs": {
                "insertions": 18,
                "deletions": 9
              }
            }
          },
          {
            "hash": "3bdfa78fd46b753cb6505a39d5b8b584022a71bb",
            "messageTitle": "Edit bug",
            "messageBody": "",
            "fileTypesAndContributionMap": {
              "functional-code": {
                "insertions": 1,
                "deletions": 1
              }
            }
          },
          {
            "hash": "30b07cac8486bcbe93e9de416751da3e93d96b7f",
            "messageTitle": "Edit README",
            "messageBody": "",
            "fileTypesAndContributionMap": {
              "docs": {
                "insertions": 4,
                "deletions": 4
              }
            }
          },
          {
            "hash": "ef4a26d6f2bac089dd1f0ab8c199f9e060ac1fe7",
            "messageTitle": "Edit checkstyle",
            "messageBody": "",
            "fileTypesAndContributionMap": {
              "docs": {
                "insertions": 19,
                "deletions": 19
              }
            }
          },
          {
            "hash": "47fece37e46066867f8e1dc28a88b49883c8064a",
            "messageTitle": "Edit checkstyle",
            "messageBody": "",
            "fileTypesAndContributionMap": {
              "docs": {
                "insertions": 7,
                "deletions": 7
              }
            }
          },
          {
            "hash": "a7a15e0279b5e50e2d8816d295d86fd954e57c57",
            "messageTitle": "Add use case for Delete function",
            "messageBody": "",
            "fileTypesAndContributionMap": {
              "docs": {
                "insertions": 8,
                "deletions": 10
              }
            }
          },
          {
            "hash": "66460d63858afa8abebdcb9e32bbaaac0252b259",
            "messageTitle": "Edit links for UG, DG",
            "messageBody": "",
            "fileTypesAndContributionMap": {
              "docs": {
                "insertions": 2,
                "deletions": 2
              }
            }
          }
        ]
      },
      {
        "date": "2020-10-07",
        "commitResults": [
          {
            "hash": "9cd7c89a81db9650381b6c9292decbddd4aa7fa2",
            "messageTitle": "Refactor delete command in main",
            "messageBody": "",
            "fileTypesAndContributionMap": {
              "functional-code": {
                "insertions": 6,
                "deletions": 6
              }
            }
          },
          {
            "hash": "04863edf82169d0a07182d7356b6f3b771a335f5",
            "messageTitle": "Edit JsonAdaptedBook javadoc, DeleteCommandTest",
            "messageBody": "",
            "fileTypesAndContributionMap": {
              "test-code": {
                "insertions": 4,
                "deletions": 4
              }
            }
          },
          {
            "hash": "87c0aaebf24f0377f28d53fa66bba77ac7d74d08",
            "messageTitle": "Refactor IndexTest",
            "messageBody": "",
            "fileTypesAndContributionMap": {
              "test-code": {
                "insertions": 9,
                "deletions": 8
              }
            }
          },
          {
            "hash": "bcfbd3afe624b53d63333e2cee4556b8c00170a1",
            "messageTitle": "Refactor several test files, java doc",
            "messageBody": "",
            "fileTypesAndContributionMap": {
              "test-code": {
                "insertions": 9,
                "deletions": 9
              }
            }
          },
          {
            "hash": "def302a8e0bf802c574b25a82b09b93c3ecdd88b",
            "messageTitle": "Refactor Delete Command",
            "messageBody": "",
            "fileTypesAndContributionMap": {
              "functional-code": {
                "insertions": 4,
                "deletions": 4
              }
            }
          },
          {
            "hash": "8073d09b4c369ec1cf80ab15d2caa8cb25f92029",
            "messageTitle": "Refactor Delete Command Test",
            "messageBody": "",
            "fileTypesAndContributionMap": {
              "test-code": {
                "insertions": 2,
                "deletions": 2
              }
            }
          },
          {
            "hash": "0a9336b614a73e32969380777fadb836cbb3afd1",
            "messageTitle": "Refactor Delete Command Test",
            "messageBody": "",
            "fileTypesAndContributionMap": {
              "test-code": {
                "insertions": 3,
                "deletions": 3
              }
            }
          }
        ]
      },
      {
        "date": "2020-10-13",
        "commitResults": [
          {
            "hash": "d6b9aa18cf0b471974b83cc520ee023dab059e48",
            "messageTitle": "Add isCompleted check to Book model",
            "messageBody": "",
            "fileTypesAndContributionMap": {
              "functional-code": {
                "insertions": 7,
                "deletions": 0
              }
            }
          },
          {
            "hash": "a43f9950f5440d7692b7bf91000b3cf52bdf1baf",
            "messageTitle": "Add Genre and BookCompleted predicate classes",
            "messageBody": "",
            "fileTypesAndContributionMap": {
              "functional-code": {
                "insertions": 53,
                "deletions": 2
              }
            }
          },
          {
            "hash": "b8778ebfd8e41b85f5b436fb1f3ee4aacfc71ad9",
            "messageTitle": "Add two new prefixes c/ and nc/",
            "messageBody": "",
            "fileTypesAndContributionMap": {
              "functional-code": {
                "insertions": 13,
                "deletions": 3
              }
            }
          },
          {
            "hash": "17e119870c953d947673c76f33d8c97c22b9f41d",
            "messageTitle": "Update FindCommandParser and FindCommand",
            "messageBody": "",
            "fileTypesAndContributionMap": {
              "functional-code": {
                "insertions": 75,
                "deletions": 13
              }
            }
          },
          {
            "hash": "c2bd98d06f517b30df41b56d3654aa276869585c",
            "messageTitle": "Add Tag Predicate",
            "messageBody": "",
            "fileTypesAndContributionMap": {
              "functional-code": {
                "insertions": 55,
                "deletions": 1
              }
            }
          },
          {
            "hash": "61d655a79741f0342b727c142ec6a42f7759a8bc",
            "messageTitle": "Edit Find error message",
            "messageBody": "",
            "fileTypesAndContributionMap": {
              "functional-code": {
                "insertions": 16,
                "deletions": 5
              }
            }
          },
          {
            "hash": "f8a5fd8316cbdb4ca7bbc64f6a613fa299601cd0",
            "messageTitle": "Edit Command Parser Test",
            "messageBody": "",
            "fileTypesAndContributionMap": {
              "functional-code": {
                "insertions": 4,
                "deletions": 0
              },
              "test-code": {
                "insertions": 1,
                "deletions": 1
              }
            }
          },
          {
            "hash": "7706175eccb6f194ba5fb6e311b2d13c5d6d8b7d",
            "messageTitle": "Edit FindCommandParserTest",
            "messageBody": "",
            "fileTypesAndContributionMap": {
              "functional-code": {
                "insertions": 5,
                "deletions": 0
              },
              "test-code": {
                "insertions": 50,
                "deletions": 3
              }
            }
          },
          {
            "hash": "2f7199c518c057410f8a8a79694488adae521033",
            "messageTitle": "Update FindCommandParserTest",
            "messageBody": "",
            "fileTypesAndContributionMap": {
              "functional-code": {
                "insertions": 2,
                "deletions": 2
              },
              "test-code": {
                "insertions": 173,
                "deletions": 26
              }
            }
          },
          {
            "hash": "8a63e90b68de2cdcb3f6303ebffdff3c7af5db99",
            "messageTitle": "Edit FindCommandTest",
            "messageBody": "",
            "fileTypesAndContributionMap": {
              "test-code": {
                "insertions": 19,
                "deletions": 14
              }
            }
          },
          {
            "hash": "6b98bc8157c31f2ccb6aa3e7cff9906d606e1cac",
            "messageTitle": "Adhere to CheckStyle",
            "messageBody": "",
            "fileTypesAndContributionMap": {
              "functional-code": {
                "insertions": 15,
                "deletions": 16
              },
              "test-code": {
                "insertions": 18,
                "deletions": 18
              }
            }
          }
        ]
      },
      {
        "date": "2020-10-14",
        "commitResults": [
          {
            "hash": "5d6e2b1b0ef3f57d07251e8582ce40148d349c52",
            "messageTitle": "Abstract out predicate generator",
            "messageBody": "",
            "fileTypesAndContributionMap": {
              "functional-code": {
                "insertions": 15,
                "deletions": 7
              }
            }
          },
          {
            "hash": "00cd07d6a711b907183b697cd4b0cd063738d9af",
            "messageTitle": "Adhere to check style",
            "messageBody": "",
            "fileTypesAndContributionMap": {
              "functional-code": {
                "insertions": 1,
                "deletions": 1
              }
            }
          },
          {
            "hash": "bc618714d873c8be314450e5de23b1819680e499",
            "messageTitle": "Include Find Command in UserGuide",
            "messageBody": "",
            "fileTypesAndContributionMap": {
              "docs": {
                "insertions": 12,
                "deletions": 2
              }
            }
          },
          {
            "hash": "b8ee14a92a2d5aef766f55c693f50a9cb85928f6",
            "messageTitle": "Edit Find Command in User Guide",
            "messageBody": "",
            "fileTypesAndContributionMap": {
              "docs": {
                "insertions": 1,
                "deletions": 1
              }
            }
          },
          {
            "hash": "a7cc756f03266e39c807a7ff3eff560bf3d1fa2e",
            "messageTitle": "Edit Find Command in User Guide",
            "messageBody": "",
            "fileTypesAndContributionMap": {
              "docs": {
                "insertions": 2,
                "deletions": 1
              }
            }
          },
          {
            "hash": "dbcc561fa1523b7632d278138dc76e0dfac88c24",
            "messageTitle": "Edit Find Command in User Guide",
            "messageBody": "",
            "fileTypesAndContributionMap": {
              "docs": {
                "insertions": 1,
                "deletions": 0
              }
            }
          },
          {
            "hash": "c499324c4b0754488070ea14a5b3dd5b59681c6a",
            "messageTitle": "Edit Find Command in User Guide",
            "messageBody": "",
            "fileTypesAndContributionMap": {
              "docs": {
                "insertions": 1,
                "deletions": 1
              }
            }
          }
        ]
      }
    ]
  },
  "authorFileTypeContributionMap": {
    "mgiang2015": {
      "docs": 15,
      "functional-code": 91,
      "test-code": 66
    },
    "pangpuncake": {
      "docs": 82,
      "functional-code": 44,
      "test-code": 198
    },
    "pennhanlee": {
      "docs": 79,
      "functional-code": 254,
      "test-code": 143,
      "other": 2
    },
    "TanLeYang": {
      "docs": 149,
      "functional-code": 1345,
      "test-code": 1173,
      "other": 8
    },
    "angrybunny123": {
      "docs": 38,
      "functional-code": 238,
      "test-code": 242
    }
  },
  "authorContributionVariance": {
    "mgiang2015": 502.54272,
    "pangpuncake": 2214.2117,
    "pennhanlee": 3501.8882,
    "TanLeYang": 207924.08,
    "angrybunny123": 5777.088
  },
  "authorDisplayNameMap": {
    "mgiang2015": "CS2103T-F13-2 LE M..IANG",
    "pangpuncake": "CS2103T-F13-2 PANG.. KYE",
    "pennhanlee": "CS2103T-F13-2 LEE .. HAN",
    "TanLeYang": "CS2103T-F13-2 TAN ..YANG",
    "angrybunny123": "CS2103T-F13-2 TEO ..NETH"
  }
}
