{
  "authorDailyContributionsMap": {
    "mgiang2015": [
      {
        "date": "2020-09-18",
        "commitResults": [
          {
            "hash": "00087913d8b629dd6acea47261d098604252a6a6",
            "messageTitle": "Add Le\u0027s image and update AboutUs",
            "messageBody": "",
            "fileTypesAndContributionMap": {
              "docs": {
                "insertions": 5,
                "deletions": 4
              }
            }
          },
          {
            "hash": "8b60abc6d4495df83b467ef2ff6db8974df964ab",
            "messageTitle": "Add Le to AboutUs.md",
            "messageBody": "",
            "fileTypesAndContributionMap": {
              "docs": {
                "insertions": 1,
                "deletions": 1
              }
            }
          }
        ]
      },
      {
        "date": "2020-09-22",
        "commitResults": [
          {
            "hash": "31582c558143c2a0e94d7b101ed8cda664d1eee2",
            "messageTitle": "Update UserGuide - view function",
            "messageBody": "",
            "fileTypesAndContributionMap": {
              "docs": {
                "insertions": 17,
                "deletions": 1
              }
            }
          },
          {
            "hash": "72457a3e997bc8eb53102f4392e328d4415068ad",
            "messageTitle": "Fix description of View function",
            "messageBody": "",
            "fileTypesAndContributionMap": {
              "docs": {
                "insertions": 1,
                "deletions": 1
              }
            }
          }
        ]
      },
      {
        "date": "2020-09-26",
        "commitResults": [
          {
            "hash": "5c1a50e9ec8fe59920b9eeaf3e947645ed3c3071",
            "messageTitle": "Add use case for View command in Dev Guide",
            "messageBody": "",
            "fileTypesAndContributionMap": {
              "docs": {
                "insertions": 24,
                "deletions": 0
              }
            }
          },
          {
            "hash": "31cb551d20e6d02f99686f0d3368d69e2179c047",
            "messageTitle": "Add user story for View command",
            "messageBody": "",
            "fileTypesAndContributionMap": {
              "docs": {
                "insertions": 1,
                "deletions": 0
              }
            }
          }
        ]
      }
    ],
    "pangpuncake": [
      {
        "date": "2020-09-18",
        "commitResults": [
          {
            "hash": "79dac9257285cb35fdc96352f74c6c7839178bd4",
            "messageTitle": "Add pangpuncake to AboutUs",
            "messageBody": "",
            "fileTypesAndContributionMap": {
              "docs": {
                "insertions": 4,
                "deletions": 4
              }
            }
          }
        ]
      },
      {
        "date": "2020-09-21",
        "commitResults": [
          {
            "hash": "fd607ffba248cbb0bbab399eb0ea219c3bca5d60",
            "messageTitle": "Add User stories and use case for Update function",
            "messageBody": "",
            "fileTypesAndContributionMap": {
              "docs": {
                "insertions": 61,
                "deletions": 13
              }
            }
          },
          {
            "hash": "f0288b644d5f5b2200969bf0786761727b0fb196",
            "messageTitle": "Add update command to user guide",
            "messageBody": "",
            "fileTypesAndContributionMap": {
              "docs": {
                "insertions": 12,
                "deletions": 0
              }
            }
          }
        ]
      },
      {
        "date": "2020-09-22",
        "commitResults": [
          {
            "hash": "1484e3619bd0bd9ccce58daae4c8b8b057ea9dc6",
            "messageTitle": "Reformat update command to edit command",
            "messageBody": "",
            "fileTypesAndContributionMap": {
              "docs": {
                "insertions": 9,
                "deletions": 6
              }
            }
          },
          {
            "hash": "d73ae17bc88d72e0f636bd69f605fb7273e3fcf9",
            "messageTitle": "Update Developer Guide Edit book use case",
            "messageBody": "",
            "fileTypesAndContributionMap": {
              "docs": {
                "insertions": 18,
                "deletions": 12
              }
            }
          },
          {
            "hash": "143a7adc05b88d2ca56620a483fe2b22d77e93bd",
            "messageTitle": "Update User Guide for add command to use new format",
            "messageBody": "",
            "fileTypesAndContributionMap": {
              "docs": {
                "insertions": 8,
                "deletions": 10
              }
            }
          }
        ]
      }
    ],
    "pennhanlee": [
      {
        "date": "2020-09-18",
        "commitResults": [
          {
            "hash": "de7c8d55cc887e14ebf81b31883f0a197296baaf",
            "messageTitle": "Update About Me for Profile Picture and Name",
            "messageBody": "",
            "fileTypesAndContributionMap": {
              "docs": {
                "insertions": 3,
                "deletions": 3
              }
            }
          },
          {
            "hash": "680ecd54846fe3b5b54bafd6791a088353dcbf46",
            "messageTitle": "Update About Me for Profile Picture and Name",
            "messageBody": "",
            "fileTypesAndContributionMap": {
              "docs": {
                "insertions": 2,
                "deletions": 1
              }
            }
          }
        ]
      },
      {
        "date": "2020-09-20",
        "commitResults": [
          {
            "hash": "3b609c9ad1404bea00df93e040c80dce10636d46",
            "messageTitle": "Update UG for Add command",
            "messageBody": "",
            "fileTypesAndContributionMap": {
              "docs": {
                "insertions": 6,
                "deletions": 10
              }
            }
          },
          {
            "hash": "205e21023d205b85a01ed785a9fede1d4cf49312",
            "messageTitle": "Update UG for Add command",
            "messageBody": "",
            "fileTypesAndContributionMap": {
              "docs": {
                "insertions": 4,
                "deletions": 4
              }
            }
          }
        ]
      },
      {
        "date": "2020-09-22",
        "commitResults": [
          {
            "hash": "dc1e9fcb17c1e85a0f46d7bf5ac3c63d39cc8b71",
            "messageTitle": "Include add book use case for devguide. Add Use Case End under Edit book MSS",
            "messageBody": "",
            "fileTypesAndContributionMap": {
              "docs": {
                "insertions": 35,
                "deletions": 3
              }
            }
          },
          {
            "hash": "25913d529de3ec3ca458130a0577d76baf0cd09b",
            "messageTitle": "edit for punctuation",
            "messageBody": "",
            "fileTypesAndContributionMap": {
              "docs": {
                "insertions": 3,
                "deletions": 3
              }
            }
          }
        ]
      }
    ],
    "TanLeYang": [
      {
        "date": "2020-09-11",
        "commitResults": [
          {
            "hash": "f108a28e49fe86b31f0b3d6cbdefa6f9325a70db",
            "messageTitle": "Update AboutUs.md",
            "messageBody": "",
            "fileTypesAndContributionMap": {
              "docs": {
                "insertions": 2,
                "deletions": 2
              }
            }
          }
        ]
      },
      {
        "date": "2020-09-18",
        "commitResults": [
          {
            "hash": "17019c9c3c1d47000cdfb21288c4fc9a11736dda",
            "messageTitle": "Update AboutUs.md",
            "messageBody": "",
            "fileTypesAndContributionMap": {
              "docs": {
                "insertions": 3,
                "deletions": 3
              }
            }
          }
        ]
      },
      {
        "date": "2020-09-19",
        "commitResults": [
          {
            "hash": "63027126fa96e4889e07039e1464a257313acc42",
            "messageTitle": "Update user guide",
            "messageBody": "",
            "fileTypesAndContributionMap": {
              "docs": {
                "insertions": 10,
                "deletions": 56
              }
            }
          }
        ]
      },
      {
        "date": "2020-09-21",
        "commitResults": [
          {
            "hash": "c87e28f5fff224909fc17375886de88661a459b1",
            "messageTitle": "Change Book List to Storage Library",
            "messageBody": "",
            "fileTypesAndContributionMap": {
              "docs": {
                "insertions": 3,
                "deletions": 3
              }
            }
          }
        ]
      },
      {
        "date": "2020-09-22",
        "commitResults": [
          {
            "hash": "699c42a24b569defab3a276215c18b91aa7c62ff",
            "messageTitle": "Update DG with use case for list command",
            "messageBody": "",
            "fileTypesAndContributionMap": {
              "docs": {
                "insertions": 16,
                "deletions": 1
              }
            }
          },
          {
            "hash": "384b61b0e6750b1ed4d5cf0f1459be8dfd50fb55",
            "messageTitle": "Add some NFRs",
            "messageBody": "",
            "fileTypesAndContributionMap": {
              "docs": {
                "insertions": 3,
                "deletions": 0
              }
            }
          }
        ]
      }
    ],
    "angrybunny123": [
      {
        "date": "2020-09-18",
        "commitResults": [
          {
            "hash": "c2e7c7211baf725b08b2f565ee55cfb1195bdf68",
            "messageTitle": "Edit Kenneth AboutUs",
            "messageBody": "",
            "fileTypesAndContributionMap": {
              "docs": {
                "insertions": 3,
                "deletions": 3
              }
            }
          }
        ]
      },
      {
        "date": "2020-09-20",
        "commitResults": [
          {
            "hash": "2fbcb5baa76689acad1f313ab8e32735bdee02b0",
            "messageTitle": "Update User Guide Delete Command",
            "messageBody": "",
            "fileTypesAndContributionMap": {
              "docs": {
                "insertions": 6,
                "deletions": 6
              }
            }
          },
          {
            "hash": "cad712535884af10b0545672f71d94a419831934",
            "messageTitle": "Update User Guide Delete Command",
            "messageBody": "",
            "fileTypesAndContributionMap": {
              "docs": {
                "insertions": 1,
                "deletions": 1
              }
            }
          }
        ]
      },
      {
        "date": "2020-09-22",
        "commitResults": [
          {
            "hash": "aa0ffa9f04cac0e61753471eb82116abfb169fa1",
            "messageTitle": "Edit README",
            "messageBody": "",
            "fileTypesAndContributionMap": {
              "functional-code": {
                "insertions": 1,
                "deletions": 1
              },
              "docs": {
                "insertions": 18,
                "deletions": 9
              }
            }
          },
          {
            "hash": "3bdfa78fd46b753cb6505a39d5b8b584022a71bb",
            "messageTitle": "Edit bug",
            "messageBody": "",
            "fileTypesAndContributionMap": {
              "functional-code": {
                "insertions": 1,
                "deletions": 1
              }
            }
          },
          {
            "hash": "30b07cac8486bcbe93e9de416751da3e93d96b7f",
            "messageTitle": "Edit README",
            "messageBody": "",
            "fileTypesAndContributionMap": {
              "docs": {
                "insertions": 4,
                "deletions": 4
              }
            }
          },
          {
            "hash": "ef4a26d6f2bac089dd1f0ab8c199f9e060ac1fe7",
            "messageTitle": "Edit checkstyle",
            "messageBody": "",
            "fileTypesAndContributionMap": {
              "docs": {
                "insertions": 19,
                "deletions": 19
              }
            }
          },
          {
            "hash": "47fece37e46066867f8e1dc28a88b49883c8064a",
            "messageTitle": "Edit checkstyle",
            "messageBody": "",
            "fileTypesAndContributionMap": {
              "docs": {
                "insertions": 7,
                "deletions": 7
              }
            }
          },
          {
            "hash": "a7a15e0279b5e50e2d8816d295d86fd954e57c57",
            "messageTitle": "Add use case for Delete function",
            "messageBody": "",
            "fileTypesAndContributionMap": {
              "docs": {
                "insertions": 8,
                "deletions": 10
              }
            }
          },
          {
            "hash": "66460d63858afa8abebdcb9e32bbaaac0252b259",
            "messageTitle": "Edit links for UG, DG",
            "messageBody": "",
            "fileTypesAndContributionMap": {
              "docs": {
                "insertions": 2,
                "deletions": 2
              }
            }
          }
        ]
      }
    ]
  },
  "authorFileTypeContributionMap": {
    "mgiang2015": {
      "docs": 38,
      "functional-code": 0,
      "test-code": 0
    },
    "pangpuncake": {
      "docs": 81,
      "functional-code": 0,
      "test-code": 0
    },
    "pennhanlee": {
      "docs": 34,
      "functional-code": 0,
      "test-code": 0
    },
    "TanLeYang": {
      "docs": 35,
      "functional-code": 0,
      "test-code": 0
    },
    "angrybunny123": {
      "docs": 33,
      "functional-code": 0,
      "test-code": 0
    }
  },
  "authorContributionVariance": {
    "mgiang2015": 24.425617,
    "pangpuncake": 247.01805,
    "pennhanlee": 55.86932,
    "TanLeYang": 104.71694,
    "angrybunny123": 286.34036
  },
  "authorDisplayNameMap": {
    "mgiang2015": "CS2103T-F13-2 LE M..IANG",
    "pangpuncake": "CS2103T-F13-2 PANG.. KYE",
    "pennhanlee": "CS2103T-F13-2 LEE .. HAN",
    "TanLeYang": "CS2103T-F13-2 TAN ..YANG",
    "angrybunny123": "CS2103T-F13-2 TEO ..NETH"
  }
}
