{
  "authorDailyContributionsMap": {
    "Marcon2509": [
      {
        "date": "2020-09-24",
        "commitResults": [
          {
            "hash": "90ca7b30990b57f4a2f6e5f2708ba6ebcc3ea840",
            "messageTitle": "Added portfolio pages for team mates",
            "messageBody": "",
            "fileTypesAndContributionMap": {
              "docs": {
                "insertions": 230,
                "deletions": 0
              }
            }
          },
          {
            "hash": "493e328a4d294870d5849c3bdf363a033bbdf13e",
            "messageTitle": "Update AboutUs.md",
            "messageBody": "",
            "fileTypesAndContributionMap": {
              "docs": {
                "insertions": 37,
                "deletions": 34
              }
            }
          },
          {
            "hash": "87feb640c99f58ebc533e432e8c53bfbbd68fa14",
            "messageTitle": "Update AboutUs.md",
            "messageBody": "",
            "fileTypesAndContributionMap": {
              "docs": {
                "insertions": 10,
                "deletions": 0
              }
            }
          }
        ]
      },
      {
        "date": "2020-09-29",
        "commitResults": [
          {
            "hash": "e3348af9af33e6848acf209c04bf88d153a65b91",
            "messageTitle": "Update portfolio\u0027s for team members",
            "messageBody": "",
            "fileTypesAndContributionMap": {
              "docs": {
                "insertions": 140,
                "deletions": 34
              }
            }
          }
        ]
      },
      {
        "date": "2020-10-04",
        "commitResults": [
          {
            "hash": "c6dcdbc8a23310f3b998f46fb6b8868c0c4bfca0",
            "messageTitle": "Added Bid functionality into PropertyFree",
            "messageBody": "",
            "fileTypesAndContributionMap": {
              "functional-code": {
                "insertions": 348,
                "deletions": 4
              },
              "test-code": {
                "insertions": 7,
                "deletions": 5
              }
            }
          },
          {
            "hash": "a8879dbc80478d5959dc28c013cb1a8a8336739f",
            "messageTitle": "no message",
            "messageBody": "",
            "fileTypesAndContributionMap": {
              "functional-code": {
                "insertions": 2,
                "deletions": 6
              }
            }
          },
          {
            "hash": "974d6692a1d44ebc205145e269cf6ae05c695938",
            "messageTitle": "Updated methods in Logic interface and LogicManager for bids",
            "messageBody": "",
            "fileTypesAndContributionMap": {
              "other": {
                "insertions": 0,
                "deletions": 0
              }
            }
          },
          {
            "hash": "355c0452bbac7da46f0186999717445a01331e2d",
            "messageTitle": "updated methods for Logic interface and LogicManager for bids",
            "messageBody": "",
            "fileTypesAndContributionMap": {
              "functional-code": {
                "insertions": 70,
                "deletions": 17
              },
              "test-code": {
                "insertions": 54,
                "deletions": 18
              }
            }
          }
        ]
      },
      {
        "date": "2020-10-05",
        "commitResults": [
          {
            "hash": "d435a2d2354c44ac0a0f3f68dd8a08d0605fade1",
            "messageTitle": "Added UI elements for Bid List and a Tab UI to display both lists",
            "messageBody": "",
            "fileTypesAndContributionMap": {
              "functional-code": {
                "insertions": 299,
                "deletions": 27
              }
            }
          }
        ]
      },
      {
        "date": "2020-10-06",
        "commitResults": [
          {
            "hash": "c278ef6bed988b8390a832d73b4a580aaf4c47dc",
            "messageTitle": "Updated checkstyle errors",
            "messageBody": "",
            "fileTypesAndContributionMap": {
              "functional-code": {
                "insertions": 13,
                "deletions": 18
              },
              "test-code": {
                "insertions": 6,
                "deletions": 7
              }
            }
          },
          {
            "hash": "14cdbd7e8ef0a7e65e2c477a587233e80991d337",
            "messageTitle": "Fixed Checkstyle Errors for Main",
            "messageBody": "",
            "fileTypesAndContributionMap": {
              "functional-code": {
                "insertions": 79,
                "deletions": 51
              }
            }
          }
        ]
      },
      {
        "date": "2020-10-10",
        "commitResults": [
          {
            "hash": "c7367069479837eb4b0dbbf3dcfc614c867983ee",
            "messageTitle": "Added Storage capabilites for Bids",
            "messageBody": "",
            "fileTypesAndContributionMap": {
              "functional-code": {
                "insertions": 381,
                "deletions": 25
              }
            }
          },
          {
            "hash": "33e294a38b47e0c0fc1f3971f30a3e4409c2f7b7",
            "messageTitle": "Updated Checkstyle erros and add tests to ModelManagerTest",
            "messageBody": "",
            "fileTypesAndContributionMap": {
              "functional-code": {
                "insertions": 58,
                "deletions": 33
              },
              "test-code": {
                "insertions": 20,
                "deletions": 3
              }
            }
          }
        ]
      },
      {
        "date": "2020-10-14",
        "commitResults": [
          {
            "hash": "41c5f20de6dc5535363f68464adcdd3bf29004c0",
            "messageTitle": "Added and Updated Junit Tests specific to Bids",
            "messageBody": "",
            "fileTypesAndContributionMap": {
              "functional-code": {
                "insertions": 130,
                "deletions": 25
              },
              "test-code": {
                "insertions": 770,
                "deletions": 1
              }
            }
          }
        ]
      },
      {
        "date": "2020-10-17",
        "commitResults": [
          {
            "hash": "346d90646f112c875a19b3129190290d7acbfff9",
            "messageTitle": "Added edit-bid delete-bid and find0bid commands. Updated packages for bids to mkae it neater. Added Junit test for deleteBidCommand only",
            "messageBody": "",
            "fileTypesAndContributionMap": {
              "functional-code": {
                "insertions": 603,
                "deletions": 58
              },
              "other": {
                "insertions": 39,
                "deletions": 17
              },
              "test-code": {
                "insertions": 188,
                "deletions": 29
              }
            }
          }
        ]
      },
      {
        "date": "2020-10-18",
        "commitResults": [
          {
            "hash": "1f4c7852b46dae2b6de32f211c7bab1b09ddb027",
            "messageTitle": "Added enableAssertions to build.gradle to enable assertions",
            "messageBody": "",
            "fileTypesAndContributionMap": {
              "other": {
                "insertions": 4,
                "deletions": 0
              }
            }
          },
          {
            "hash": "d1e12a5ca1e6fb88b6420be3d97ef8ab24a54044",
            "messageTitle": "removed assertions enabled",
            "messageBody": "",
            "fileTypesAndContributionMap": {
              "other": {
                "insertions": 0,
                "deletions": 4
              }
            }
          },
          {
            "hash": "689d2c24ba3309f2fd9dd1c227e8dcde9c2a20cd",
            "messageTitle": "Updated imports for EditBidderCommandTest and EditSellerCommandTest. Re-enabled enableAssertion to true.",
            "messageBody": "",
            "fileTypesAndContributionMap": {
              "other": {
                "insertions": 4,
                "deletions": 0
              },
              "test-code": {
                "insertions": 2,
                "deletions": 2
              }
            }
          }
        ]
      },
      {
        "date": "2020-10-20",
        "commitResults": [
          {
            "hash": "1cd0c88c03ccc493f063c354027e7ad56f2aa236",
            "messageTitle": "Updated Bid DG",
            "messageBody": "",
            "fileTypesAndContributionMap": {
              "docs": {
                "insertions": 80,
                "deletions": 0
              }
            }
          },
          {
            "hash": "5cb8f687c145ba9e725d49ea60266b4e95d50369",
            "messageTitle": "Update DeveloperGuide.md",
            "messageBody": "removed duplicate line",
            "fileTypesAndContributionMap": {
              "docs": {
                "insertions": 0,
                "deletions": 4
              }
            }
          }
        ]
      }
    ],
    "kormingsoon": [
      {
        "date": "2020-09-15",
        "commitResults": [
          {
            "hash": "6d9008c528d49a8fa4ebac977da301ef07135d1a",
            "messageTitle": "Add Remark Command Feature",
            "messageBody": "",
            "fileTypesAndContributionMap": {
              "functional-code": {
                "insertions": 223,
                "deletions": 27
              },
              "test-code": {
                "insertions": 140,
                "deletions": 14
              }
            }
          }
        ]
      },
      {
        "date": "2020-09-21",
        "commitResults": [
          {
            "hash": "d6c95c802bd85a984a5002d09c70dd4e292fec02",
            "messageTitle": "Modify UserGuide.md",
            "messageBody": "",
            "fileTypesAndContributionMap": {
              "docs": {
                "insertions": 430,
                "deletions": 102
              }
            }
          },
          {
            "hash": "d31de6f81753daabd69fca6a39d3788d8944eae5",
            "messageTitle": "Modify UserGuide.md",
            "messageBody": "",
            "fileTypesAndContributionMap": {
              "docs": {
                "insertions": 1,
                "deletions": 1
              }
            }
          }
        ]
      },
      {
        "date": "2020-09-26",
        "commitResults": [
          {
            "hash": "f8347c6ca1868d81b17103b4728c649ec3c7fd7d",
            "messageTitle": "Update UserGuide.md",
            "messageBody": "",
            "fileTypesAndContributionMap": {
              "docs": {
                "insertions": 2,
                "deletions": 3
              }
            }
          },
          {
            "hash": "649efad2a2f87e486c177e78ce5452feb5a2ae9e",
            "messageTitle": "Update UserGuide.md",
            "messageBody": "",
            "fileTypesAndContributionMap": {
              "docs": {
                "insertions": 0,
                "deletions": 5
              }
            }
          },
          {
            "hash": "651867d4c327e2728406bd87783b5e29c5d9b414",
            "messageTitle": "Fix AddressBookParserTest.java",
            "messageBody": "",
            "fileTypesAndContributionMap": {
              "test-code": {
                "insertions": 1,
                "deletions": 1
              }
            }
          },
          {
            "hash": "fc61c6224f971568b632564a8dd2340fc5bcdab9",
            "messageTitle": "Fix styling",
            "messageBody": "",
            "fileTypesAndContributionMap": {
              "functional-code": {
                "insertions": 57,
                "deletions": 28
              }
            }
          },
          {
            "hash": "7a397c2ab5dd7f76194178a95ab93dfbd79865bb",
            "messageTitle": "Fix styling",
            "messageBody": "",
            "fileTypesAndContributionMap": {
              "functional-code": {
                "insertions": 33,
                "deletions": 23
              }
            }
          },
          {
            "hash": "4c2db9bc894b20cb3435255ff4619b7a9a9f0492",
            "messageTitle": "Fix AddressBookParser.java",
            "messageBody": "",
            "fileTypesAndContributionMap": {
              "functional-code": {
                "insertions": 20,
                "deletions": 20
              }
            }
          }
        ]
      },
      {
        "date": "2020-09-27",
        "commitResults": [
          {
            "hash": "c3bb4d4a6240462279cd7069494471ff7c941c10",
            "messageTitle": "Fix Styling",
            "messageBody": "",
            "fileTypesAndContributionMap": {
              "test-code": {
                "insertions": 86,
                "deletions": 32
              }
            }
          },
          {
            "hash": "4a3eb4a16fa151107d5f8a1fb262b3ead84150d3",
            "messageTitle": "Fix AddressBookParserTest.java",
            "messageBody": "",
            "fileTypesAndContributionMap": {
              "test-code": {
                "insertions": 1,
                "deletions": 1
              }
            }
          },
          {
            "hash": "445dbd2a8a3d782017b1a5e5a30cd9159d7c10cb",
            "messageTitle": "Remove RemarkCommand",
            "messageBody": "",
            "fileTypesAndContributionMap": {
              "functional-code": {
                "insertions": 13,
                "deletions": 248
              },
              "test-code": {
                "insertions": 13,
                "deletions": 193
              }
            }
          }
        ]
      },
      {
        "date": "2020-09-29",
        "commitResults": [
          {
            "hash": "c0900f33f4a4a17299d20338d0c871465312b2f2",
            "messageTitle": "Update UserGuide.md",
            "messageBody": "",
            "fileTypesAndContributionMap": {
              "docs": {
                "insertions": 3,
                "deletions": 0
              }
            }
          }
        ]
      },
      {
        "date": "2020-10-04",
        "commitResults": [
          {
            "hash": "e1907858188ebd933f236e072fd3c85a5aff49c4",
            "messageTitle": "Remove Address \u0026 Email from Person",
            "messageBody": "",
            "fileTypesAndContributionMap": {
              "functional-code": {
                "insertions": 18,
                "deletions": 271
              },
              "test-code": {
                "insertions": 20,
                "deletions": 274
              }
            }
          },
          {
            "hash": "c71bdfca84067788dba3d325949237ff031ed078",
            "messageTitle": "Remove unused imports",
            "messageBody": "",
            "fileTypesAndContributionMap": {
              "functional-code": {
                "insertions": 1,
                "deletions": 15
              }
            }
          },
          {
            "hash": "b022c7bcc0b6f10b7c0d854e52618d8f04f15ed8",
            "messageTitle": "Remove Email and Address from Test",
            "messageBody": "",
            "fileTypesAndContributionMap": {
              "test-code": {
                "insertions": 53,
                "deletions": 92
              }
            }
          },
          {
            "hash": "82ca321c9415fc456987f907e82ade015337ccd8",
            "messageTitle": "Fix checkstyleTest",
            "messageBody": "",
            "fileTypesAndContributionMap": {
              "test-code": {
                "insertions": 2,
                "deletions": 43
              }
            }
          }
        ]
      },
      {
        "date": "2020-10-05",
        "commitResults": [
          {
            "hash": "1b21a3b3fea64e1bdb51a588bc0462e11be5713e",
            "messageTitle": "Add Seller, Bidder, SellerAddressBook, BidderAddressBook, ReadOnlySellerAddressBook, ReadOnlyBidderAddressBook, UniqueSellerList, UniqueBidderList",
            "messageBody": "",
            "fileTypesAndContributionMap": {
              "functional-code": {
                "insertions": 545,
                "deletions": 5
              }
            }
          }
        ]
      },
      {
        "date": "2020-10-06",
        "commitResults": [
          {
            "hash": "fbe88a6e1cca97dab647e5d9fcf9b07c73dcfc39",
            "messageTitle": "Modify Bidder/SellerAddressBook",
            "messageBody": "",
            "fileTypesAndContributionMap": {
              "functional-code": {
                "insertions": 4,
                "deletions": 4
              }
            }
          }
        ]
      },
      {
        "date": "2020-10-09",
        "commitResults": [
          {
            "hash": "148f2d1c0cc2e25c5a4b752b780d96ae49452c4d",
            "messageTitle": "Add TypicalBidder/Seller, Bidder/Seller Builder, UniqueBiddle/SellerListTest, Bidder/SellerTest Modify Bidder/SellerAddressBook",
            "messageBody": "",
            "fileTypesAndContributionMap": {
              "functional-code": {
                "insertions": 235,
                "deletions": 21
              },
              "test-code": {
                "insertions": 794,
                "deletions": 2
              }
            }
          },
          {
            "hash": "34996053bcce5f04deb8661d82e0ca2522c52801",
            "messageTitle": "Fix Bidder/SellerAddressBook",
            "messageBody": "",
            "fileTypesAndContributionMap": {
              "functional-code": {
                "insertions": 8,
                "deletions": 10
              }
            }
          },
          {
            "hash": "287ffb566d2f7566c112f1648c635d9fa48a7844",
            "messageTitle": "Fix checkstyle issue",
            "messageBody": "",
            "fileTypesAndContributionMap": {
              "test-code": {
                "insertions": 22,
                "deletions": 15
              }
            }
          },
          {
            "hash": "f3233f3aa7dc6a6c8b8ca2264a7b9e9e93752e4a",
            "messageTitle": "Modify package for Seller Bidder",
            "messageBody": "",
            "fileTypesAndContributionMap": {
              "functional-code": {
                "insertions": 6,
                "deletions": 6
              },
              "other": {
                "insertions": 14,
                "deletions": 4
              },
              "test-code": {
                "insertions": 10,
                "deletions": 4
              }
            }
          }
        ]
      },
      {
        "date": "2020-10-11",
        "commitResults": [
          {
            "hash": "90d2814d9155e27176184f8a33c1a41134a187e3",
            "messageTitle": "Implement Seller and Bidder Storage, Logic, Ui component",
            "messageBody": "",
            "fileTypesAndContributionMap": {
              "functional-code": {
                "insertions": 1881,
                "deletions": 36
              },
              "other": {
                "insertions": 264,
                "deletions": 17
              },
              "test-code": {
                "insertions": 239,
                "deletions": 32
              }
            }
          },
          {
            "hash": "ff13ccf1e8fff2e602f9fff35479f3cb714efab5",
            "messageTitle": "Fix checkstyle issues",
            "messageBody": "",
            "fileTypesAndContributionMap": {
              "functional-code": {
                "insertions": 7,
                "deletions": 8
              },
              "test-code": {
                "insertions": 1,
                "deletions": 5
              }
            }
          }
        ]
      },
      {
        "date": "2020-10-12",
        "commitResults": [
          {
            "hash": "2a14b2074f987a4bd3bd780b4f3b6773566ae253",
            "messageTitle": "Fix checkstyle",
            "messageBody": "",
            "fileTypesAndContributionMap": {
              "functional-code": {
                "insertions": 3,
                "deletions": 3
              }
            }
          }
        ]
      },
      {
        "date": "2020-10-14",
        "commitResults": [
          {
            "hash": "15702e8902775e11215ef5f646570c0be69568d7",
            "messageTitle": "Fix minor bug",
            "messageBody": "",
            "fileTypesAndContributionMap": {
              "functional-code": {
                "insertions": 19,
                "deletions": 11
              },
              "other": {
                "insertions": 1,
                "deletions": 1
              }
            }
          },
          {
            "hash": "ea4f602f0276374b5631813cba6c0cb3b4309919",
            "messageTitle": "Remove Person from UI and FXML",
            "messageBody": "",
            "fileTypesAndContributionMap": {
              "functional-code": {
                "insertions": 0,
                "deletions": 165
              }
            }
          },
          {
            "hash": "549b81d0937c5dd5fbc43b33fdfd8e1d53790cd4",
            "messageTitle": "Remove Person from UI and FXML",
            "messageBody": "",
            "fileTypesAndContributionMap": {
              "functional-code": {
                "insertions": 9,
                "deletions": 31
              }
            }
          },
          {
            "hash": "08f97abbf5742ddc876262d5fa247708abe2a981",
            "messageTitle": "Fix checkstyle",
            "messageBody": "",
            "fileTypesAndContributionMap": {
              "functional-code": {
                "insertions": 0,
                "deletions": 1
              }
            }
          },
          {
            "hash": "5e0f9b1a4e877be252a0dce6c08b77b7a5baa6e2",
            "messageTitle": "Add BidderCommands JUNIT",
            "messageBody": "",
            "fileTypesAndContributionMap": {
              "other": {
                "insertions": 0,
                "deletions": 0
              },
              "test-code": {
                "insertions": 16,
                "deletions": 0
              }
            }
          },
          {
            "hash": "815c28c71de499ad1c96fbf861d0581eb2a6bd14",
            "messageTitle": "Fix checkstyle",
            "messageBody": "",
            "fileTypesAndContributionMap": {
              "functional-code": {
                "insertions": 38,
                "deletions": 30
              },
              "test-code": {
                "insertions": 355,
                "deletions": 40
              }
            }
          },
          {
            "hash": "9658e36fafb8e7781d94f1bad7107f0829d88ede",
            "messageTitle": "Add Seller JUNIT Test for Command",
            "messageBody": "",
            "fileTypesAndContributionMap": {
              "functional-code": {
                "insertions": 8,
                "deletions": 3
              },
              "test-code": {
                "insertions": 346,
                "deletions": 3
              }
            }
          },
          {
            "hash": "31485165887320f7ffb7c1d1f25cf17967c2ff47",
            "messageTitle": "Add JUNIT for Parser",
            "messageBody": "",
            "fileTypesAndContributionMap": {
              "test-code": {
                "insertions": 232,
                "deletions": 4
              }
            }
          }
        ]
      },
      {
        "date": "2020-10-15",
        "commitResults": [
          {
            "hash": "de8543129fefbb5aacecfc0280f44f19b6c3c309",
            "messageTitle": "Implement AutoTab integrated with Command",
            "messageBody": "",
            "fileTypesAndContributionMap": {
              "functional-code": {
                "insertions": 76,
                "deletions": 14
              }
            }
          },
          {
            "hash": "89df67fdad8f359cd6dd5862f6c2259f499efee5",
            "messageTitle": "Fix checkstyle",
            "messageBody": "",
            "fileTypesAndContributionMap": {
              "test-code": {
                "insertions": 4,
                "deletions": 4
              }
            }
          },
          {
            "hash": "cd759547b01022b66eff654bf8b918cddc8ce3f0",
            "messageTitle": "Add DeleteBidderSellerCommand",
            "messageBody": "",
            "fileTypesAndContributionMap": {
              "functional-code": {
                "insertions": 114,
                "deletions": 0
              }
            }
          },
          {
            "hash": "8fa91c029199f26d6b0cfe8d5e4c18ed2ba91df9",
            "messageTitle": "Add DeleteSellerBidderCommandParser",
            "messageBody": "",
            "fileTypesAndContributionMap": {
              "functional-code": {
                "insertions": 96,
                "deletions": 17
              }
            }
          },
          {
            "hash": "a26af999bac53cdce49396af13c02084398b9cf5",
            "messageTitle": "Add DeleteBidder/SellerCommand and Parser and JUNIT Tests",
            "messageBody": "",
            "fileTypesAndContributionMap": {
              "functional-code": {
                "insertions": 1,
                "deletions": 1
              },
              "test-code": {
                "insertions": 316,
                "deletions": 0
              }
            }
          },
          {
            "hash": "1eb2dfb0af70efb9cb9fd8200c9c5aaf4662f4a2",
            "messageTitle": "Edit HelpCommand output",
            "messageBody": "",
            "fileTypesAndContributionMap": {
              "functional-code": {
                "insertions": 1,
                "deletions": 1
              }
            }
          },
          {
            "hash": "228786aaffcea35107eb36c54adf0b1fce2b8e9c",
            "messageTitle": "Add FindBidderSellerCommand and Parser and JUNIT Tests",
            "messageBody": "",
            "fileTypesAndContributionMap": {
              "functional-code": {
                "insertions": 173,
                "deletions": 0
              },
              "test-code": {
                "insertions": 256,
                "deletions": 0
              }
            }
          }
        ]
      },
      {
        "date": "2020-10-16",
        "commitResults": [
          {
            "hash": "f51a47c9899e7f6350644a97f15cc4bb32f8f9ec",
            "messageTitle": "Fix checkstyle",
            "messageBody": "",
            "fileTypesAndContributionMap": {
              "functional-code": {
                "insertions": 0,
                "deletions": 4
              }
            }
          },
          {
            "hash": "14bc1dde1463911e5ccf62c2d470695e760b2600",
            "messageTitle": "Fix Checkstyle",
            "messageBody": "",
            "fileTypesAndContributionMap": {
              "functional-code": {
                "insertions": 0,
                "deletions": 1
              }
            }
          },
          {
            "hash": "1a60a5f5c9d16e88778b25f271d088aba52072d6",
            "messageTitle": "Fix minor bug",
            "messageBody": "",
            "fileTypesAndContributionMap": {
              "functional-code": {
                "insertions": 0,
                "deletions": 4
              }
            }
          }
        ]
      },
      {
        "date": "2020-10-17",
        "commitResults": [
          {
            "hash": "4d78d1e5716a940fa51b3b8ab4b9277dfd356dc5",
            "messageTitle": "Add EditBidderSellerCommand and Parser",
            "messageBody": "",
            "fileTypesAndContributionMap": {
              "functional-code": {
                "insertions": 553,
                "deletions": 10
              }
            }
          },
          {
            "hash": "c683fe00884c930498e77a3a2bcf82b2b198bd09",
            "messageTitle": "JUNIT test for Edit Command Bidder Seller",
            "messageBody": "",
            "fileTypesAndContributionMap": {
              "functional-code": {
                "insertions": 42,
                "deletions": 2
              },
              "test-code": {
                "insertions": 924,
                "deletions": 0
              }
            }
          },
          {
            "hash": "9531b372e2156b85113fac8a9ba7df59e917bf57",
            "messageTitle": "Fix checkstyle",
            "messageBody": "",
            "fileTypesAndContributionMap": {
              "test-code": {
                "insertions": 8,
                "deletions": 8
              }
            }
          }
        ]
      },
      {
        "date": "2020-10-20",
        "commitResults": [
          {
            "hash": "d3b9ae914c51c204412fa25528141977dc8ee5e6",
            "messageTitle": "Modify DeveloperGuide.md for Bidder Seller",
            "messageBody": "",
            "fileTypesAndContributionMap": {
              "docs": {
                "insertions": 107,
                "deletions": 2
              }
            }
          },
          {
            "hash": "4a027ace87e37c41c74f18487dca09d8e5e10b0f",
            "messageTitle": "Modify DG",
            "messageBody": "",
            "fileTypesAndContributionMap": {
              "docs": {
                "insertions": 0,
                "deletions": 99
              }
            }
          },
          {
            "hash": "87bbdc60683de95d3208d9d4f597da7069365830",
            "messageTitle": "Update DG",
            "messageBody": "",
            "fileTypesAndContributionMap": {
              "docs": {
                "insertions": 90,
                "deletions": 0
              }
            }
          }
        ]
      },
      {
        "date": "2020-10-21",
        "commitResults": [
          {
            "hash": "2f507e281f18656660ad6812e8693b9f099a02b7",
            "messageTitle": "Fix bug for add bidder seller command",
            "messageBody": "",
            "fileTypesAndContributionMap": {
              "functional-code": {
                "insertions": 3,
                "deletions": 3
              }
            }
          }
        ]
      }
    ],
    "dianneloh9": [
      {
        "date": "2020-09-21",
        "commitResults": [
          {
            "hash": "6f3f8ab9b4681fa1cd4fd4168cf45d1b48beae93",
            "messageTitle": "Add developer guide",
            "messageBody": "",
            "fileTypesAndContributionMap": {
              "docs": {
                "insertions": 121,
                "deletions": 32
              }
            }
          }
        ]
      },
      {
        "date": "2020-10-05",
        "commitResults": [
          {
            "hash": "51951036a568548982dfcb3fa80c985e0005e20a",
            "messageTitle": "Implement Property class constructor and fields",
            "messageBody": "",
            "fileTypesAndContributionMap": {
              "functional-code": {
                "insertions": 349,
                "deletions": 0
              }
            }
          },
          {
            "hash": "54d915549b90a91a3160df68a241e39a09d77830",
            "messageTitle": "Add unit testing for property fields",
            "messageBody": "",
            "fileTypesAndContributionMap": {
              "functional-code": {
                "insertions": 10,
                "deletions": 7
              },
              "test-code": {
                "insertions": 187,
                "deletions": 0
              }
            }
          },
          {
            "hash": "487947ed2441dea98e580680de9efe29428e95be",
            "messageTitle": "Fix checkstyle issues",
            "messageBody": "",
            "fileTypesAndContributionMap": {
              "functional-code": {
                "insertions": 19,
                "deletions": 0
              }
            }
          }
        ]
      },
      {
        "date": "2020-10-06",
        "commitResults": [
          {
            "hash": "1aae95a831300decb2ada83ac70c2bc223adc373",
            "messageTitle": "Fix IdManager to start from an initial id",
            "messageBody": "",
            "fileTypesAndContributionMap": {
              "functional-code": {
                "insertions": 14,
                "deletions": 4
              },
              "test-code": {
                "insertions": 14,
                "deletions": 5
              }
            }
          },
          {
            "hash": "33f803199b54dd0b525dce2cf004519c69fadb22",
            "messageTitle": "Fix price to take in double",
            "messageBody": "",
            "fileTypesAndContributionMap": {
              "functional-code": {
                "insertions": 6,
                "deletions": 6
              },
              "test-code": {
                "insertions": 17,
                "deletions": 0
              }
            }
          },
          {
            "hash": "77adfdf8eb8ae647c94927d9fa2f9c65b75feb9a",
            "messageTitle": "Implement property class",
            "messageBody": "",
            "fileTypesAndContributionMap": {
              "functional-code": {
                "insertions": 104,
                "deletions": 8
              },
              "test-code": {
                "insertions": 166,
                "deletions": 2
              }
            }
          },
          {
            "hash": "1c8d9ec62012555d4217f7955651ed43934e7a0a",
            "messageTitle": "Implement UniquePropertyList and PropertyBook",
            "messageBody": "",
            "fileTypesAndContributionMap": {
              "functional-code": {
                "insertions": 292,
                "deletions": 0
              }
            }
          },
          {
            "hash": "89a0a023bc06b2223c3669bc6f9f73137a6fd9b0",
            "messageTitle": "Fix checkstyle issues",
            "messageBody": "",
            "fileTypesAndContributionMap": {
              "functional-code": {
                "insertions": 4,
                "deletions": 3
              },
              "test-code": {
                "insertions": 5,
                "deletions": 1
              }
            }
          }
        ]
      },
      {
        "date": "2020-10-11",
        "commitResults": [
          {
            "hash": "4c6c3582319c89862ff0f3d6f8253f4516d28c79",
            "messageTitle": "Add PropertyBook methods to ModelManager",
            "messageBody": "",
            "fileTypesAndContributionMap": {
              "functional-code": {
                "insertions": 126,
                "deletions": 9
              },
              "test-code": {
                "insertions": 42,
                "deletions": 22
              }
            }
          },
          {
            "hash": "e5d2e9bd5345c455d3b6706affdeeeb604696d03",
            "messageTitle": "Implement add property command",
            "messageBody": "",
            "fileTypesAndContributionMap": {
              "functional-code": {
                "insertions": 378,
                "deletions": 7
              },
              "test-code": {
                "insertions": 50,
                "deletions": 18
              }
            }
          },
          {
            "hash": "3ecbb92ed612a5f1fcd689a9dfa59f0cb66aaa7b",
            "messageTitle": "Fix checkstyle issues",
            "messageBody": "",
            "fileTypesAndContributionMap": {
              "functional-code": {
                "insertions": 15,
                "deletions": 9
              },
              "test-code": {
                "insertions": 6,
                "deletions": 3
              }
            }
          },
          {
            "hash": "ff7e925b5e9bf36259a106163badd4c156e8efae",
            "messageTitle": "Fix spelling erorr",
            "messageBody": "",
            "fileTypesAndContributionMap": {
              "functional-code": {
                "insertions": 1,
                "deletions": 1
              }
            }
          },
          {
            "hash": "21f4c24d5ea0e1cf99f1af4b9ffe48cada535e5b",
            "messageTitle": "Display properties",
            "messageBody": "",
            "fileTypesAndContributionMap": {
              "functional-code": {
                "insertions": 211,
                "deletions": 8
              }
            }
          },
          {
            "hash": "e4fd88b16fee280a3ba23cff512c3a8888007e15",
            "messageTitle": "Fix run checks issues",
            "messageBody": "",
            "fileTypesAndContributionMap": {
              "functional-code": {
                "insertions": 2,
                "deletions": 2
              }
            }
          },
          {
            "hash": "efe9cc2433444b12ba8d9d2cbca89faeacd44ac3",
            "messageTitle": "Add unit tests for isRental",
            "messageBody": "",
            "fileTypesAndContributionMap": {
              "other": {
                "insertions": 2,
                "deletions": 2
              },
              "test-code": {
                "insertions": 106,
                "deletions": 6
              }
            }
          },
          {
            "hash": "5eb8fe1a6436813f90de1cdd43fe7a2b82a12837",
            "messageTitle": "Add storage",
            "messageBody": "",
            "fileTypesAndContributionMap": {
              "functional-code": {
                "insertions": 594,
                "deletions": 16
              }
            }
          }
        ]
      },
      {
        "date": "2020-10-13",
        "commitResults": [
          {
            "hash": "d016e7b712fd8d344ce361df0d0af9efb94ae47d",
            "messageTitle": "Delete id manager",
            "messageBody": "",
            "fileTypesAndContributionMap": {
              "functional-code": {
                "insertions": 0,
                "deletions": 42
              },
              "test-code": {
                "insertions": 0,
                "deletions": 27
              }
            }
          },
          {
            "hash": "b254614287bf95fa8e13463c54c0bc7204625733",
            "messageTitle": "Fix checkstyle",
            "messageBody": "",
            "fileTypesAndContributionMap": {
              "functional-code": {
                "insertions": 44,
                "deletions": 44
              }
            }
          },
          {
            "hash": "62f4341f80f6c6840cdeafb8c231cab8a03a1e0e",
            "messageTitle": "Add example for add command",
            "messageBody": "",
            "fileTypesAndContributionMap": {
              "functional-code": {
                "insertions": 8,
                "deletions": 1
              }
            }
          },
          {
            "hash": "ab4c7d0dbd15ecfff54e6f69927b86b237448389",
            "messageTitle": "Add delete property feature",
            "messageBody": "",
            "fileTypesAndContributionMap": {
              "functional-code": {
                "insertions": 269,
                "deletions": 55
              },
              "other": {
                "insertions": 16,
                "deletions": 1
              },
              "test-code": {
                "insertions": 11,
                "deletions": 0
              }
            }
          },
          {
            "hash": "3a2593eb689f774fcd024694ac621a1071ccc20f",
            "messageTitle": "Add contains property id",
            "messageBody": "",
            "fileTypesAndContributionMap": {
              "functional-code": {
                "insertions": 34,
                "deletions": 0
              },
              "test-code": {
                "insertions": 5,
                "deletions": 0
              }
            }
          },
          {
            "hash": "659566d4c4316de15fac7d14019866b9cd941f82",
            "messageTitle": "Add unit tests for Property-related classes and UniquePropertyList",
            "messageBody": "",
            "fileTypesAndContributionMap": {
              "functional-code": {
                "insertions": 28,
                "deletions": 19
              },
              "other": {
                "insertions": 5,
                "deletions": 4
              },
              "test-code": {
                "insertions": 462,
                "deletions": 17
              }
            }
          },
          {
            "hash": "418841a9c13b6a58d535556f649a12db518a7302",
            "messageTitle": "Add unit tests for ModelManager",
            "messageBody": "",
            "fileTypesAndContributionMap": {
              "functional-code": {
                "insertions": 26,
                "deletions": 1
              },
              "test-code": {
                "insertions": 292,
                "deletions": 6
              }
            }
          },
          {
            "hash": "08a3d53451a5cad34062c7ea6d3c6440d69c35fa",
            "messageTitle": "Add unit tests for AddPropertyCommand",
            "messageBody": "",
            "fileTypesAndContributionMap": {
              "test-code": {
                "insertions": 509,
                "deletions": 329
              }
            }
          },
          {
            "hash": "820339c351b591eb58419b26e8f67408487e21ba",
            "messageTitle": "Add unit test for AddPropertyCommnadParser",
            "messageBody": "",
            "fileTypesAndContributionMap": {
              "test-code": {
                "insertions": 332,
                "deletions": 0
              }
            }
          },
          {
            "hash": "c019b3015785e4c9765632d26037049eb99f5753",
            "messageTitle": "Fix checkstyle",
            "messageBody": "",
            "fileTypesAndContributionMap": {
              "functional-code": {
                "insertions": 11,
                "deletions": 12
              },
              "test-code": {
                "insertions": 32,
                "deletions": 34
              }
            }
          },
          {
            "hash": "7243854d9c7a5af7da2641bdd6ed626e67033e83",
            "messageTitle": "Refactor ModelStub out",
            "messageBody": "",
            "fileTypesAndContributionMap": {
              "test-code": {
                "insertions": 0,
                "deletions": 295
              }
            }
          },
          {
            "hash": "d00af1c34b8e941b5581ded61dda523f28e8bdc5",
            "messageTitle": "Add list command",
            "messageBody": "",
            "fileTypesAndContributionMap": {
              "functional-code": {
                "insertions": 29,
                "deletions": 0
              }
            }
          },
          {
            "hash": "e1685b174ade66bdbb5a40f743dc8bb87cd30a9a",
            "messageTitle": "Add unit tests for list properties",
            "messageBody": "",
            "fileTypesAndContributionMap": {
              "functional-code": {
                "insertions": 32,
                "deletions": 0
              },
              "test-code": {
                "insertions": 76,
                "deletions": 0
              }
            }
          }
        ]
      },
      {
        "date": "2020-10-17",
        "commitResults": [
          {
            "hash": "3e0b76e190bdfd6d1d9352e1c0cb7aa75b790daa",
            "messageTitle": "Refactor id for bidder, seller and property",
            "messageBody": "",
            "fileTypesAndContributionMap": {
              "functional-code": {
                "insertions": 285,
                "deletions": 122
              },
              "test-code": {
                "insertions": 44,
                "deletions": 99
              }
            }
          },
          {
            "hash": "0b4c1c77c8473f5f8ae884ac64aabf50c04f78cb",
            "messageTitle": "Refactor id for bids",
            "messageBody": "",
            "fileTypesAndContributionMap": {
              "functional-code": {
                "insertions": 28,
                "deletions": 16
              },
              "test-code": {
                "insertions": 8,
                "deletions": 6
              }
            }
          }
        ]
      },
      {
        "date": "2020-10-19",
        "commitResults": [
          {
            "hash": "044792a4a4be16a23aafb541dc97fff250d6f44f",
            "messageTitle": "Refactor id for meetings",
            "messageBody": "",
            "fileTypesAndContributionMap": {
              "functional-code": {
                "insertions": 57,
                "deletions": 187
              },
              "test-code": {
                "insertions": 60,
                "deletions": 142
              }
            }
          },
          {
            "hash": "698e3fa9512d18d5a63b4ceb4430caef2e091c7d",
            "messageTitle": "Refactor id for new changes",
            "messageBody": "",
            "fileTypesAndContributionMap": {
              "functional-code": {
                "insertions": 27,
                "deletions": 23
              },
              "test-code": {
                "insertions": 6,
                "deletions": 4
              }
            }
          },
          {
            "hash": "28fc12299455929bafeb074284c0ed45db8c13cd",
            "messageTitle": "Fix checkstyle",
            "messageBody": "",
            "fileTypesAndContributionMap": {
              "functional-code": {
                "insertions": 34,
                "deletions": 13
              },
              "test-code": {
                "insertions": 0,
                "deletions": 9
              }
            }
          },
          {
            "hash": "7fb09d1861cc95b04ddd1a66767cf0e32db8fff0",
            "messageTitle": "Refactor price",
            "messageBody": "",
            "fileTypesAndContributionMap": {
              "functional-code": {
                "insertions": 43,
                "deletions": 92
              },
              "test-code": {
                "insertions": 4,
                "deletions": 3
              }
            }
          },
          {
            "hash": "0df500c38261b3fb2f736a60e7cd0c238b324595",
            "messageTitle": "Implement edit property command",
            "messageBody": "",
            "fileTypesAndContributionMap": {
              "functional-code": {
                "insertions": 319,
                "deletions": 0
              }
            }
          }
        ]
      },
      {
        "date": "2020-10-20",
        "commitResults": [
          {
            "hash": "2f7baaa5a806169d6b9af1acf7faf8f88be36f61",
            "messageTitle": "Implement edit property command",
            "messageBody": "",
            "fileTypesAndContributionMap": {
              "functional-code": {
                "insertions": 16,
                "deletions": 3
              },
              "test-code": {
                "insertions": 327,
                "deletions": 0
              }
            }
          },
          {
            "hash": "08bbe43abd6e50a125abd7f5d0838b9adef7fe18",
            "messageTitle": "Add add property feature for DG",
            "messageBody": "",
            "fileTypesAndContributionMap": {
              "docs": {
                "insertions": 35,
                "deletions": 0
              }
            }
          },
          {
            "hash": "404f7be1fc6048913568668918e7affc1e52cbd3",
            "messageTitle": "Refactor default ids into id classes",
            "messageBody": "",
            "fileTypesAndContributionMap": {
              "functional-code": {
                "insertions": 11,
                "deletions": 8
              },
              "test-code": {
                "insertions": 6,
                "deletions": 8
              }
            }
          },
          {
            "hash": "42a217652a585f62a2a6fa177dbf89aa7cc02788",
            "messageTitle": "Refactor message constraints",
            "messageBody": "",
            "fileTypesAndContributionMap": {
              "functional-code": {
                "insertions": 3,
                "deletions": 44
              }
            }
          },
          {
            "hash": "b7440ec726d5acf542e62f5f6844b8e84ea3ef02",
            "messageTitle": "Refactor invalid id message",
            "messageBody": "",
            "fileTypesAndContributionMap": {
              "functional-code": {
                "insertions": 22,
                "deletions": 2
              }
            }
          }
        ]
      },
      {
        "date": "2020-10-21",
        "commitResults": [
          {
            "hash": "456ae911774d35866038bf29156f4940219ebf16",
            "messageTitle": "Add edit property tests",
            "messageBody": "",
            "fileTypesAndContributionMap": {
              "functional-code": {
                "insertions": 13,
                "deletions": 7
              },
              "test-code": {
                "insertions": 222,
                "deletions": 17
              }
            }
          }
        ]
      }
    ],
    "munharsha": [
      {
        "date": "2020-09-27",
        "commitResults": [
          {
            "hash": "d17f2630d612815fd0aa38506630b3082c212af3",
            "messageTitle": "Update DeveloperGuide.dmg with formatting",
            "messageBody": "",
            "fileTypesAndContributionMap": {
              "docs": {
                "insertions": 9,
                "deletions": 2
              }
            }
          }
        ]
      },
      {
        "date": "2020-09-28",
        "commitResults": [
          {
            "hash": "7d821df64f911223e43f44981ec23fee00262619",
            "messageTitle": "Update DeveloperGuide.md",
            "messageBody": "",
            "fileTypesAndContributionMap": {
              "docs": {
                "insertions": 1,
                "deletions": 1
              }
            }
          }
        ]
      },
      {
        "date": "2020-10-05",
        "commitResults": [
          {
            "hash": "304e021b0be4cb9fa8ed15d85c399048eb4e113a",
            "messageTitle": "Add CalendarBidderId.java",
            "messageBody": "",
            "fileTypesAndContributionMap": {
              "functional-code": {
                "insertions": 59,
                "deletions": 0
              }
            }
          },
          {
            "hash": "d1147e255aa4829200262a471b17c883b57ad26b",
            "messageTitle": "Update CalendarBidder.java javadoc",
            "messageBody": "",
            "fileTypesAndContributionMap": {
              "functional-code": {
                "insertions": 2,
                "deletions": 2
              }
            }
          },
          {
            "hash": "08d77e8b7ab1e0050358c901d0a31744f24bb9b4",
            "messageTitle": "Add CalendarPropertyId.java",
            "messageBody": "",
            "fileTypesAndContributionMap": {
              "functional-code": {
                "insertions": 4,
                "deletions": 0
              }
            }
          },
          {
            "hash": "24e8e2cb8ff58bccd9d1d8a0236cf7e56868c516",
            "messageTitle": "Add CalendarPropertyId.java",
            "messageBody": "",
            "fileTypesAndContributionMap": {
              "functional-code": {
                "insertions": 55,
                "deletions": 0
              }
            }
          },
          {
            "hash": "5b52c7a4daec487409bb2d823a38b2e119bae222",
            "messageTitle": "Update whitespace",
            "messageBody": "",
            "fileTypesAndContributionMap": {
              "functional-code": {
                "insertions": 0,
                "deletions": 1
              }
            }
          },
          {
            "hash": "fc8bf9c6bf362b7f2fe5b08fe409628694d53f91",
            "messageTitle": "Add whitespace",
            "messageBody": "",
            "fileTypesAndContributionMap": {
              "functional-code": {
                "insertions": 1,
                "deletions": 2
              }
            }
          },
          {
            "hash": "3fea379fd952339d65c1782a85087be990644bad",
            "messageTitle": "Add CalendarAdmin, CalendarMeeting, CalendarPaperwork, CalenderViewing",
            "messageBody": "",
            "fileTypesAndContributionMap": {
              "functional-code": {
                "insertions": 103,
                "deletions": 0
              },
              "other": {
                "insertions": 6,
                "deletions": 6
              }
            }
          }
        ]
      },
      {
        "date": "2020-10-10",
        "commitResults": [
          {
            "hash": "f14c0cfb93f92f32e232813f0b0470037b827c1f",
            "messageTitle": "Update MeetingManager.java",
            "messageBody": "",
            "fileTypesAndContributionMap": {
              "functional-code": {
                "insertions": 5,
                "deletions": 0
              }
            }
          },
          {
            "hash": "a8397677fb6bca9e29dc0e3119dc437abc6700d4",
            "messageTitle": "Update ReadOnlyMeetingManager.java, CalendarTime.java",
            "messageBody": "",
            "fileTypesAndContributionMap": {
              "functional-code": {
                "insertions": 18,
                "deletions": 6
              }
            }
          },
          {
            "hash": "ea71872fe27afbbb0b2a5323041814dc39a74137",
            "messageTitle": "Update CalendarVenue.java, CalendarCard.java, CalendarListPanel.java",
            "messageBody": "",
            "fileTypesAndContributionMap": {
              "functional-code": {
                "insertions": 121,
                "deletions": 7
              }
            }
          },
          {
            "hash": "e849ce07cfbfceee6b4f1ade7a932e04f131ff3d",
            "messageTitle": "Update CalenderMeeting.java, CalendarCard.java, CalenderListPanel.java",
            "messageBody": "",
            "fileTypesAndContributionMap": {
              "functional-code": {
                "insertions": 54,
                "deletions": 13
              }
            }
          },
          {
            "hash": "115fb49060e1b968dde556132eacd610a4f5480e",
            "messageTitle": "Update MeetingBook.java",
            "messageBody": "",
            "fileTypesAndContributionMap": {
              "functional-code": {
                "insertions": 111,
                "deletions": 1
              }
            }
          }
        ]
      },
      {
        "date": "2020-10-11",
        "commitResults": [
          {
            "hash": "3135259a232d4936959c282cdbff3f6b59c2333e",
            "messageTitle": "Update Logic.java, LogicManager.java, Model.java, ModelManager.java",
            "messageBody": "",
            "fileTypesAndContributionMap": {
              "functional-code": {
                "insertions": 142,
                "deletions": 10
              }
            }
          },
          {
            "hash": "89d1e2445209944fe36f2a8caa1d7be295c2c00e",
            "messageTitle": "Update MainApp.java",
            "messageBody": "",
            "fileTypesAndContributionMap": {
              "functional-code": {
                "insertions": 2,
                "deletions": 8
              }
            }
          },
          {
            "hash": "5bd8f8fadc312c069d3b85b84d6e6acbc3fd907d",
            "messageTitle": "Update test files with new ModelManager constructor",
            "messageBody": "",
            "fileTypesAndContributionMap": {
              "test-code": {
                "insertions": 71,
                "deletions": 54
              }
            }
          },
          {
            "hash": "d13ae5f941bbe0d3c4fb39c53a9669c02d0d535b",
            "messageTitle": "Update Checkstyle MainApp.java, CalendarCard.java",
            "messageBody": "",
            "fileTypesAndContributionMap": {
              "functional-code": {
                "insertions": 1,
                "deletions": 2
              }
            }
          },
          {
            "hash": "25944440691fe7c14fdece1c13811b84d27f79fc",
            "messageTitle": "Update Checkstyle AddCommandTest.java",
            "messageBody": "",
            "fileTypesAndContributionMap": {
              "test-code": {
                "insertions": 54,
                "deletions": 12
              }
            }
          },
          {
            "hash": "a20bacfb74ad4933298e9acabc96dc13ccea4a3b",
            "messageTitle": "Update Checkstyle test files",
            "messageBody": "",
            "fileTypesAndContributionMap": {
              "test-code": {
                "insertions": 28,
                "deletions": 28
              }
            }
          }
        ]
      },
      {
        "date": "2020-10-12",
        "commitResults": [
          {
            "hash": "40d1918b20933cba7e43dd3ef8dfc87941b3b506",
            "messageTitle": "Update Checkstyle issues Logic.java, LogicManager.java and TapBar.java",
            "messageBody": "",
            "fileTypesAndContributionMap": {
              "functional-code": {
                "insertions": 2,
                "deletions": 5
              }
            }
          },
          {
            "hash": "dbe2e61d559498c32311ea37bc546416724ce046",
            "messageTitle": "Update TabBar.java add one more tab",
            "messageBody": "",
            "fileTypesAndContributionMap": {
              "functional-code": {
                "insertions": 1,
                "deletions": 11
              }
            }
          }
        ]
      },
      {
        "date": "2020-10-13",
        "commitResults": [
          {
            "hash": "1d2a038b9ae42bf788eace1882a5ade826739496",
            "messageTitle": "Add Calendar Storage",
            "messageBody": "",
            "fileTypesAndContributionMap": {
              "functional-code": {
                "insertions": 357,
                "deletions": 83
              },
              "test-code": {
                "insertions": 26,
                "deletions": 3
              }
            }
          },
          {
            "hash": "f9976caacfc6d9e5a49ac0cb11381545f70bd8f9",
            "messageTitle": "Added Junit tests for CalendarVenue.java, CalendarMeeting.java, CalendarPropertyId.java",
            "messageBody": "",
            "fileTypesAndContributionMap": {
              "functional-code": {
                "insertions": 13,
                "deletions": 5
              },
              "test-code": {
                "insertions": 232,
                "deletions": 0
              }
            }
          }
        ]
      },
      {
        "date": "2020-10-19",
        "commitResults": [
          {
            "hash": "501a75b05c4ec62282765368daa7fa7abb26ae36",
            "messageTitle": "Add find meeting command",
            "messageBody": "",
            "fileTypesAndContributionMap": {
              "functional-code": {
                "insertions": 325,
                "deletions": 22
              },
              "test-code": {
                "insertions": 10,
                "deletions": 0
              }
            }
          },
          {
            "hash": "7906242b848818abf2ccf64f2e796b818931ec15",
            "messageTitle": "Add list meeting command",
            "messageBody": "",
            "fileTypesAndContributionMap": {
              "functional-code": {
                "insertions": 5,
                "deletions": 41
              }
            }
          },
          {
            "hash": "513207091651a6e382483534ba222cb828e17ebc",
            "messageTitle": "Update checkstyle issues in AddressBookParser.java",
            "messageBody": "",
            "fileTypesAndContributionMap": {
              "functional-code": {
                "insertions": 1,
                "deletions": 2
              }
            }
          }
        ]
      },
      {
        "date": "2020-10-20",
        "commitResults": [
          {
            "hash": "9f9d06c8f478031f8accb7284f1c1e973e24e01c",
            "messageTitle": "Add Assert in CalendarBidderIdTest.java",
            "messageBody": "",
            "fileTypesAndContributionMap": {
              "functional-code": {
                "insertions": 2,
                "deletions": 2
              },
              "test-code": {
                "insertions": 2,
                "deletions": 0
              }
            }
          },
          {
            "hash": "df89650b6d24991f1cd230af6dc5974d2cd9f328",
            "messageTitle": "Add FindMeeting in DeveloperGuide.mg",
            "messageBody": "",
            "fileTypesAndContributionMap": {
              "docs": {
                "insertions": 38,
                "deletions": 0
              }
            }
          },
          {
            "hash": "f88f54826e5214faebc670ac9d361af00b1b8d6d",
            "messageTitle": "Add assert CalenderMeetingTest.java",
            "messageBody": "",
            "fileTypesAndContributionMap": {
              "test-code": {
                "insertions": 1,
                "deletions": 0
              }
            }
          }
        ]
      }
    ],
    "Christopher-LM": [
      {
        "date": "2020-09-29",
        "commitResults": [
          {
            "hash": "1df69447d25fd72168f168d4b2042f3dc7b5d912",
            "messageTitle": "Update README",
            "messageBody": "",
            "fileTypesAndContributionMap": {
              "docs": {
                "insertions": 10,
                "deletions": 10
              }
            }
          }
        ]
      },
      {
        "date": "2020-09-30",
        "commitResults": [
          {
            "hash": "3b625d02e1151d98e5eecafb14c440d8ba465783",
            "messageTitle": "Updated REAME",
            "messageBody": "",
            "fileTypesAndContributionMap": {
              "docs": {
                "insertions": 1,
                "deletions": 1
              }
            }
          }
        ]
      },
      {
        "date": "2020-10-05",
        "commitResults": [
          {
            "hash": "c55cf88232182ebfd7e6779edc2b9f61293d9674",
            "messageTitle": "Add ViewCalendar",
            "messageBody": "",
            "fileTypesAndContributionMap": {
              "functional-code": {
                "insertions": 40,
                "deletions": 0
              }
            }
          },
          {
            "hash": "d57a7211b4010bc2f346624989522ea1b8952e9f",
            "messageTitle": "Add CalendarVenue",
            "messageBody": "",
            "fileTypesAndContributionMap": {
              "functional-code": {
                "insertions": 4,
                "deletions": 0
              }
            }
          },
          {
            "hash": "bc46cffa3317cd90de18721471cb1d45f233be0e",
            "messageTitle": "Add CalendarVenue",
            "messageBody": "",
            "fileTypesAndContributionMap": {
              "functional-code": {
                "insertions": 53,
                "deletions": 0
              }
            }
          },
          {
            "hash": "c7c31e390dd091698dbdbeaa1693176a6909d200",
            "messageTitle": "Add Calendar Time",
            "messageBody": "",
            "fileTypesAndContributionMap": {
              "functional-code": {
                "insertions": 4,
                "deletions": 0
              }
            }
          },
          {
            "hash": "ef32c3ced1b4c71e68020719a86fa9cb85952083",
            "messageTitle": "Add CalendarTime",
            "messageBody": "",
            "fileTypesAndContributionMap": {
              "functional-code": {
                "insertions": 53,
                "deletions": 0
              }
            }
          },
          {
            "hash": "5be1b25742c4d9e44a14171e07057d58210a0011",
            "messageTitle": "Fix message constraints in CalendarVenue",
            "messageBody": "",
            "fileTypesAndContributionMap": {
              "functional-code": {
                "insertions": 6,
                "deletions": 5
              }
            }
          },
          {
            "hash": "f7744a8a3c453eb63d3abc356e57c372de3c3c96",
            "messageTitle": "Fix JavaDoc for CalendarVenue",
            "messageBody": "",
            "fileTypesAndContributionMap": {
              "functional-code": {
                "insertions": 1,
                "deletions": 1
              }
            }
          },
          {
            "hash": "244f3c121c225dc9ef2f5a9ebdf8a6f5c5681194",
            "messageTitle": "Fix CheckStyle",
            "messageBody": "",
            "fileTypesAndContributionMap": {
              "functional-code": {
                "insertions": 2,
                "deletions": 2
              }
            }
          },
          {
            "hash": "95bb2a0937deba4c99acc9446343a65d56847c46",
            "messageTitle": "Add CalendarAddCommandParser, CalendarBookParser",
            "messageBody": "",
            "fileTypesAndContributionMap": {
              "functional-code": {
                "insertions": 8,
                "deletions": 0
              }
            }
          },
          {
            "hash": "801a64815416731ec8e28fd7a3b175b2d48c524e",
            "messageTitle": "Add CalendarBookParser, CalendarAddCommandParser",
            "messageBody": "",
            "fileTypesAndContributionMap": {
              "functional-code": {
                "insertions": 191,
                "deletions": 1
              }
            }
          }
        ]
      },
      {
        "date": "2020-10-06",
        "commitResults": [
          {
            "hash": "7936f26eac96b9c6da5d81b6d599e67a62bf1913",
            "messageTitle": "Fix Checkstyle for CalendarBookParser and CalendarAddCommandParser",
            "messageBody": "",
            "fileTypesAndContributionMap": {
              "functional-code": {
                "insertions": 23,
                "deletions": 24
              }
            }
          }
        ]
      },
      {
        "date": "2020-10-10",
        "commitResults": [
          {
            "hash": "52da6ba5f18d110055bc8a81a2219a4e18af2114",
            "messageTitle": "Created Property Package",
            "messageBody": "",
            "fileTypesAndContributionMap": {
              "functional-code": {
                "insertions": 8,
                "deletions": 8
              },
              "other": {
                "insertions": 6,
                "deletions": 6
              }
            }
          },
          {
            "hash": "1a53dd2d980cc188a574725072ef50bd9dfc4c4f",
            "messageTitle": "Add MeetingBook, UniqueMeetingList, CalendarCard,CalendarLisPanel and ReadOnlyMeetingManager",
            "messageBody": "",
            "fileTypesAndContributionMap": {
              "functional-code": {
                "insertions": 20,
                "deletions": 0
              }
            }
          },
          {
            "hash": "d930f81cb04f770d83cd1d858c7e370dd3a5906d",
            "messageTitle": "Update ParserUtil.java",
            "messageBody": "",
            "fileTypesAndContributionMap": {
              "functional-code": {
                "insertions": 3,
                "deletions": 1
              }
            }
          },
          {
            "hash": "80aead4cf253d39a479605a1f8419627d7cbd447",
            "messageTitle": "Update ParserUtil.java",
            "messageBody": "",
            "fileTypesAndContributionMap": {
              "functional-code": {
                "insertions": 0,
                "deletions": 37
              }
            }
          },
          {
            "hash": "771439859216282a83a70c772e8ee1f99c2e532c",
            "messageTitle": "Fix Checkstyle issues",
            "messageBody": "",
            "fileTypesAndContributionMap": {
              "functional-code": {
                "insertions": 21,
                "deletions": 21
              },
              "other": {
                "insertions": 8,
                "deletions": 8
              }
            }
          },
          {
            "hash": "8ff7974efbf5d272f1877fb6d590cec4d19db65a",
            "messageTitle": "Fix checkstyle",
            "messageBody": "",
            "fileTypesAndContributionMap": {
              "functional-code": {
                "insertions": 38,
                "deletions": 0
              }
            }
          },
          {
            "hash": "d04047ea9c98e892469060dbcf193a6b37121390",
            "messageTitle": "Add CalendarExceptions and UniqueCalendarList",
            "messageBody": "",
            "fileTypesAndContributionMap": {
              "functional-code": {
                "insertions": 169,
                "deletions": 1
              }
            }
          },
          {
            "hash": "befca07d76f8abba54ce9f6d0f830cbb97796d84",
            "messageTitle": "Fix Checkstyle",
            "messageBody": "",
            "fileTypesAndContributionMap": {
              "functional-code": {
                "insertions": 1,
                "deletions": 2
              }
            }
          }
        ]
      },
      {
        "date": "2020-10-12",
        "commitResults": [
          {
            "hash": "8fc8a3804fc54f2a19222c5a75e2de49975dc259",
            "messageTitle": "Add Commands and Parsers",
            "messageBody": "",
            "fileTypesAndContributionMap": {
              "functional-code": {
                "insertions": 303,
                "deletions": 14
              },
              "other": {
                "insertions": 9,
                "deletions": 15
              }
            }
          }
        ]
      },
      {
        "date": "2020-10-13",
        "commitResults": [
          {
            "hash": "c44ae158c3503671bbde9726d1da90d592236f79",
            "messageTitle": "Fix savemeetingbook methond in jsonmeetingbookstorage",
            "messageBody": "",
            "fileTypesAndContributionMap": {
              "functional-code": {
                "insertions": 70,
                "deletions": 70
              }
            }
          },
          {
            "hash": "978825bae44fa4cd5d337099d5584cbafc643288",
            "messageTitle": "Add JUnit Tests for AddCalendarMeetings and DeleteCalendarMeetings",
            "messageBody": "",
            "fileTypesAndContributionMap": {
              "functional-code": {
                "insertions": 35,
                "deletions": 3
              },
              "test-code": {
                "insertions": 320,
                "deletions": 44
              }
            }
          },
          {
            "hash": "e42d6ecea393c0ba11a967453cc5bc574e479ec3",
            "messageTitle": "Fix Checkstyle in test",
            "messageBody": "",
            "fileTypesAndContributionMap": {
              "test-code": {
                "insertions": 52,
                "deletions": 64
              }
            }
          }
        ]
      },
      {
        "date": "2020-10-19",
        "commitResults": [
          {
            "hash": "7a927fe76b6d67f4aba038b40f97b7209474c650",
            "messageTitle": "Add edit function for meetings",
            "messageBody": "",
            "fileTypesAndContributionMap": {
              "functional-code": {
                "insertions": 304,
                "deletions": 1
              }
            }
          },
          {
            "hash": "d1dd5aa919d06a3574b68681a2c68551a5f74884",
            "messageTitle": "Fix checkstyle EditMeetingCommand and EditMeetingCommandParser",
            "messageBody": "",
            "fileTypesAndContributionMap": {
              "functional-code": {
                "insertions": 2,
                "deletions": 14
              }
            }
          }
        ]
      },
      {
        "date": "2020-10-20",
        "commitResults": [
          {
            "hash": "d8cdd09f0c5499c9a06d60832a312302232a4f53",
            "messageTitle": "Fix AddMeetingCommand to take in time of format dd-MM-yyyy",
            "messageBody": "",
            "fileTypesAndContributionMap": {
              "functional-code": {
                "insertions": 36,
                "deletions": 1
              }
            }
          },
          {
            "hash": "5cc03d9a0301b5f8aace65c489efdb707023b6cf",
            "messageTitle": "Updated EditMeeting DG, Add Assert for CalendarPropertyId",
            "messageBody": "",
            "fileTypesAndContributionMap": {
              "functional-code": {
                "insertions": 0,
                "deletions": 9
              },
              "docs": {
                "insertions": 29,
                "deletions": 0
              },
              "test-code": {
                "insertions": 6,
                "deletions": 0
              }
            }
          }
        ]
      },
      {
        "date": "2020-10-22",
        "commitResults": [
          {
            "hash": "6e6a406ce847903d10ecf55898f7d286ff1b607f",
            "messageTitle": "Add assert to calendarpropertyidtest",
            "messageBody": "",
            "fileTypesAndContributionMap": {
              "test-code": {
                "insertions": 1,
                "deletions": 0
              }
            }
          },
          {
            "hash": "951f23bad794446c04b8b53d51afe2bc19488583",
            "messageTitle": "Add Sort Meeting Command",
            "messageBody": "",
            "fileTypesAndContributionMap": {
              "functional-code": {
                "insertions": 175,
                "deletions": 3
              }
            }
          },
          {
            "hash": "5c1f1b5ac515a5fbc176db1077676ff813c4ac25",
            "messageTitle": "Fix CheckStyle SortMeetingCommand",
            "messageBody": "",
            "fileTypesAndContributionMap": {
              "functional-code": {
                "insertions": 2,
                "deletions": 8
              }
            }
          },
          {
            "hash": "82933c943872559b130f9a1a310521eb3a6614e3",
            "messageTitle": "Fix ModelStub method",
            "messageBody": "",
            "fileTypesAndContributionMap": {
              "test-code": {
                "insertions": 7,
                "deletions": 1
              }
            }
          },
          {
            "hash": "6f68b3c5fb77809af8fc6a55343109721e253d0c",
            "messageTitle": "Remove assert false line from tutorial",
            "messageBody": "",
            "fileTypesAndContributionMap": {
              "test-code": {
                "insertions": 0,
                "deletions": 1
              }
            }
          }
        ]
      }
    ]
  },
  "authorFileTypeContributionMap": {
    "Marcon2509": {
      "docs": 455,
      "functional-code": 1608,
      "test-code": 954,
      "other": 4
    },
    "kormingsoon": {
      "docs": 531,
      "functional-code": 3540,
      "test-code": 3339,
      "other": 1
    },
    "dianneloh9": {
      "docs": 143,
      "functional-code": 3092,
      "test-code": 2652
    },
    "munharsha": {
      "docs": 45,
      "functional-code": 1146,
      "test-code": 232
    },
    "Christopher-LM": {
      "docs": 40,
      "functional-code": 1300,
      "test-code": 242
    }
  },
  "authorContributionVariance": {
    "Marcon2509": 33213.418,
    "kormingsoon": 184616.39,
    "dianneloh9": 197116.08,
    "munharsha": 13663.582,
    "Christopher-LM": 12634.127
  },
  "authorDisplayNameMap": {
    "Marcon2509": "CS2103-W14-1 MARC..G YU",
    "kormingsoon": "CS2103-W14-1 KOR ..SOON",
    "dianneloh9": "CS2103-W14-1 DIAN.. HUI",
    "munharsha": "CS2103-W14-1 MUNN..EDDY",
    "Christopher-LM": "CS2103-W14-1 CHRI..RVYN"
  }
}
