{
  "authorDailyContributionsMap": {
    "Marcon2509": [
      {
        "date": "2020-09-24",
        "commitResults": [
          {
            "hash": "90ca7b30990b57f4a2f6e5f2708ba6ebcc3ea840",
            "messageTitle": "Added portfolio pages for team mates",
            "messageBody": "",
            "fileTypesAndContributionMap": {
              "docs": {
                "insertions": 230,
                "deletions": 0
              }
            }
          },
          {
            "hash": "493e328a4d294870d5849c3bdf363a033bbdf13e",
            "messageTitle": "Update AboutUs.md",
            "messageBody": "",
            "fileTypesAndContributionMap": {
              "docs": {
                "insertions": 37,
                "deletions": 34
              }
            }
          },
          {
            "hash": "87feb640c99f58ebc533e432e8c53bfbbd68fa14",
            "messageTitle": "Update AboutUs.md",
            "messageBody": "",
            "fileTypesAndContributionMap": {
              "docs": {
                "insertions": 10,
                "deletions": 0
              }
            }
          }
        ]
      },
      {
        "date": "2020-09-29",
        "commitResults": [
          {
            "hash": "e3348af9af33e6848acf209c04bf88d153a65b91",
            "messageTitle": "Update portfolio\u0027s for team members",
            "messageBody": "",
            "fileTypesAndContributionMap": {
              "docs": {
                "insertions": 140,
                "deletions": 34
              }
            }
          }
        ]
      },
      {
        "date": "2020-10-04",
        "commitResults": [
          {
            "hash": "c6dcdbc8a23310f3b998f46fb6b8868c0c4bfca0",
            "messageTitle": "Added Bid functionality into PropertyFree",
            "messageBody": "",
            "fileTypesAndContributionMap": {
              "functional-code": {
                "insertions": 348,
                "deletions": 4
              },
              "test-code": {
                "insertions": 7,
                "deletions": 5
              }
            }
          },
          {
            "hash": "a8879dbc80478d5959dc28c013cb1a8a8336739f",
            "messageTitle": "no message",
            "messageBody": "",
            "fileTypesAndContributionMap": {
              "functional-code": {
                "insertions": 2,
                "deletions": 6
              }
            }
          },
          {
            "hash": "974d6692a1d44ebc205145e269cf6ae05c695938",
            "messageTitle": "Updated methods in Logic interface and LogicManager for bids",
            "messageBody": "",
            "fileTypesAndContributionMap": {
              "other": {
                "insertions": 0,
                "deletions": 0
              }
            }
          },
          {
            "hash": "355c0452bbac7da46f0186999717445a01331e2d",
            "messageTitle": "updated methods for Logic interface and LogicManager for bids",
            "messageBody": "",
            "fileTypesAndContributionMap": {
              "functional-code": {
                "insertions": 70,
                "deletions": 17
              },
              "test-code": {
                "insertions": 54,
                "deletions": 18
              }
            }
          }
        ]
      },
      {
        "date": "2020-10-05",
        "commitResults": [
          {
            "hash": "d435a2d2354c44ac0a0f3f68dd8a08d0605fade1",
            "messageTitle": "Added UI elements for Bid List and a Tab UI to display both lists",
            "messageBody": "",
            "fileTypesAndContributionMap": {
              "functional-code": {
                "insertions": 299,
                "deletions": 27
              }
            }
          }
        ]
      },
      {
        "date": "2020-10-06",
        "commitResults": [
          {
            "hash": "c278ef6bed988b8390a832d73b4a580aaf4c47dc",
            "messageTitle": "Updated checkstyle errors",
            "messageBody": "",
            "fileTypesAndContributionMap": {
              "functional-code": {
                "insertions": 13,
                "deletions": 18
              },
              "test-code": {
                "insertions": 6,
                "deletions": 7
              }
            }
          },
          {
            "hash": "14cdbd7e8ef0a7e65e2c477a587233e80991d337",
            "messageTitle": "Fixed Checkstyle Errors for Main",
            "messageBody": "",
            "fileTypesAndContributionMap": {
              "functional-code": {
                "insertions": 79,
                "deletions": 51
              }
            }
          }
        ]
      }
    ],
    "kormingsoon": [
      {
        "date": "2020-09-15",
        "commitResults": [
          {
            "hash": "6d9008c528d49a8fa4ebac977da301ef07135d1a",
            "messageTitle": "Add Remark Command Feature",
            "messageBody": "",
            "fileTypesAndContributionMap": {
              "functional-code": {
                "insertions": 223,
                "deletions": 27
              },
              "test-code": {
                "insertions": 140,
                "deletions": 14
              }
            }
          }
        ]
      },
      {
        "date": "2020-09-21",
        "commitResults": [
          {
            "hash": "d6c95c802bd85a984a5002d09c70dd4e292fec02",
            "messageTitle": "Modify UserGuide.md",
            "messageBody": "",
            "fileTypesAndContributionMap": {
              "docs": {
                "insertions": 430,
                "deletions": 102
              }
            }
          },
          {
            "hash": "d31de6f81753daabd69fca6a39d3788d8944eae5",
            "messageTitle": "Modify UserGuide.md",
            "messageBody": "",
            "fileTypesAndContributionMap": {
              "docs": {
                "insertions": 1,
                "deletions": 1
              }
            }
          }
        ]
      },
      {
        "date": "2020-09-26",
        "commitResults": [
          {
            "hash": "f8347c6ca1868d81b17103b4728c649ec3c7fd7d",
            "messageTitle": "Update UserGuide.md",
            "messageBody": "",
            "fileTypesAndContributionMap": {
              "docs": {
                "insertions": 2,
                "deletions": 3
              }
            }
          },
          {
            "hash": "649efad2a2f87e486c177e78ce5452feb5a2ae9e",
            "messageTitle": "Update UserGuide.md",
            "messageBody": "",
            "fileTypesAndContributionMap": {
              "docs": {
                "insertions": 0,
                "deletions": 5
              }
            }
          },
          {
            "hash": "651867d4c327e2728406bd87783b5e29c5d9b414",
            "messageTitle": "Fix AddressBookParserTest.java",
            "messageBody": "",
            "fileTypesAndContributionMap": {
              "test-code": {
                "insertions": 1,
                "deletions": 1
              }
            }
          },
          {
            "hash": "fc61c6224f971568b632564a8dd2340fc5bcdab9",
            "messageTitle": "Fix styling",
            "messageBody": "",
            "fileTypesAndContributionMap": {
              "functional-code": {
                "insertions": 57,
                "deletions": 28
              }
            }
          },
          {
            "hash": "7a397c2ab5dd7f76194178a95ab93dfbd79865bb",
            "messageTitle": "Fix styling",
            "messageBody": "",
            "fileTypesAndContributionMap": {
              "functional-code": {
                "insertions": 33,
                "deletions": 23
              }
            }
          },
          {
            "hash": "4c2db9bc894b20cb3435255ff4619b7a9a9f0492",
            "messageTitle": "Fix AddressBookParser.java",
            "messageBody": "",
            "fileTypesAndContributionMap": {
              "functional-code": {
                "insertions": 20,
                "deletions": 20
              }
            }
          }
        ]
      },
      {
        "date": "2020-09-27",
        "commitResults": [
          {
            "hash": "c3bb4d4a6240462279cd7069494471ff7c941c10",
            "messageTitle": "Fix Styling",
            "messageBody": "",
            "fileTypesAndContributionMap": {
              "test-code": {
                "insertions": 86,
                "deletions": 32
              }
            }
          },
          {
            "hash": "4a3eb4a16fa151107d5f8a1fb262b3ead84150d3",
            "messageTitle": "Fix AddressBookParserTest.java",
            "messageBody": "",
            "fileTypesAndContributionMap": {
              "test-code": {
                "insertions": 1,
                "deletions": 1
              }
            }
          },
          {
            "hash": "445dbd2a8a3d782017b1a5e5a30cd9159d7c10cb",
            "messageTitle": "Remove RemarkCommand",
            "messageBody": "",
            "fileTypesAndContributionMap": {
              "functional-code": {
                "insertions": 13,
                "deletions": 248
              },
              "test-code": {
                "insertions": 13,
                "deletions": 193
              }
            }
          }
        ]
      },
      {
        "date": "2020-09-29",
        "commitResults": [
          {
            "hash": "c0900f33f4a4a17299d20338d0c871465312b2f2",
            "messageTitle": "Update UserGuide.md",
            "messageBody": "",
            "fileTypesAndContributionMap": {
              "docs": {
                "insertions": 3,
                "deletions": 0
              }
            }
          }
        ]
      },
      {
        "date": "2020-10-04",
        "commitResults": [
          {
            "hash": "e1907858188ebd933f236e072fd3c85a5aff49c4",
            "messageTitle": "Remove Address \u0026 Email from Person",
            "messageBody": "",
            "fileTypesAndContributionMap": {
              "functional-code": {
                "insertions": 18,
                "deletions": 271
              },
              "test-code": {
                "insertions": 20,
                "deletions": 274
              }
            }
          },
          {
            "hash": "c71bdfca84067788dba3d325949237ff031ed078",
            "messageTitle": "Remove unused imports",
            "messageBody": "",
            "fileTypesAndContributionMap": {
              "functional-code": {
                "insertions": 1,
                "deletions": 15
              }
            }
          },
          {
            "hash": "b022c7bcc0b6f10b7c0d854e52618d8f04f15ed8",
            "messageTitle": "Remove Email and Address from Test",
            "messageBody": "",
            "fileTypesAndContributionMap": {
              "test-code": {
                "insertions": 53,
                "deletions": 92
              }
            }
          },
          {
            "hash": "82ca321c9415fc456987f907e82ade015337ccd8",
            "messageTitle": "Fix checkstyleTest",
            "messageBody": "",
            "fileTypesAndContributionMap": {
              "test-code": {
                "insertions": 2,
                "deletions": 43
              }
            }
          }
        ]
      },
      {
        "date": "2020-10-05",
        "commitResults": [
          {
            "hash": "1b21a3b3fea64e1bdb51a588bc0462e11be5713e",
            "messageTitle": "Add Seller, Bidder, SellerAddressBook, BidderAddressBook, ReadOnlySellerAddressBook, ReadOnlyBidderAddressBook, UniqueSellerList, UniqueBidderList",
            "messageBody": "",
            "fileTypesAndContributionMap": {
              "functional-code": {
                "insertions": 545,
                "deletions": 5
              }
            }
          }
        ]
      }
    ],
    "dianneloh9": [
      {
        "date": "2020-09-21",
        "commitResults": [
          {
            "hash": "6f3f8ab9b4681fa1cd4fd4168cf45d1b48beae93",
            "messageTitle": "Add developer guide",
            "messageBody": "",
            "fileTypesAndContributionMap": {
              "docs": {
                "insertions": 121,
                "deletions": 32
              }
            }
          }
        ]
      },
      {
        "date": "2020-10-05",
        "commitResults": [
          {
            "hash": "51951036a568548982dfcb3fa80c985e0005e20a",
            "messageTitle": "Implement Property class constructor and fields",
            "messageBody": "",
            "fileTypesAndContributionMap": {
              "functional-code": {
                "insertions": 349,
                "deletions": 0
              }
            }
          },
          {
            "hash": "54d915549b90a91a3160df68a241e39a09d77830",
            "messageTitle": "Add unit testing for property fields",
            "messageBody": "",
            "fileTypesAndContributionMap": {
              "functional-code": {
                "insertions": 10,
                "deletions": 7
              },
              "test-code": {
                "insertions": 187,
                "deletions": 0
              }
            }
          },
          {
            "hash": "487947ed2441dea98e580680de9efe29428e95be",
            "messageTitle": "Fix checkstyle issues",
            "messageBody": "",
            "fileTypesAndContributionMap": {
              "functional-code": {
                "insertions": 19,
                "deletions": 0
              }
            }
          }
        ]
      },
      {
        "date": "2020-10-06",
        "commitResults": [
          {
            "hash": "1aae95a831300decb2ada83ac70c2bc223adc373",
            "messageTitle": "Fix IdManager to start from an initial id",
            "messageBody": "",
            "fileTypesAndContributionMap": {
              "functional-code": {
                "insertions": 14,
                "deletions": 4
              },
              "test-code": {
                "insertions": 14,
                "deletions": 5
              }
            }
          },
          {
            "hash": "33f803199b54dd0b525dce2cf004519c69fadb22",
            "messageTitle": "Fix price to take in double",
            "messageBody": "",
            "fileTypesAndContributionMap": {
              "functional-code": {
                "insertions": 6,
                "deletions": 6
              },
              "test-code": {
                "insertions": 17,
                "deletions": 0
              }
            }
          },
          {
            "hash": "77adfdf8eb8ae647c94927d9fa2f9c65b75feb9a",
            "messageTitle": "Implement property class",
            "messageBody": "",
            "fileTypesAndContributionMap": {
              "functional-code": {
                "insertions": 104,
                "deletions": 8
              },
              "test-code": {
                "insertions": 166,
                "deletions": 2
              }
            }
          },
          {
            "hash": "1c8d9ec62012555d4217f7955651ed43934e7a0a",
            "messageTitle": "Implement UniquePropertyList and PropertyBook",
            "messageBody": "",
            "fileTypesAndContributionMap": {
              "functional-code": {
                "insertions": 292,
                "deletions": 0
              }
            }
          },
          {
            "hash": "89a0a023bc06b2223c3669bc6f9f73137a6fd9b0",
            "messageTitle": "Fix checkstyle issues",
            "messageBody": "",
            "fileTypesAndContributionMap": {
              "functional-code": {
                "insertions": 4,
                "deletions": 3
              },
              "test-code": {
                "insertions": 5,
                "deletions": 1
              }
            }
          }
        ]
      }
    ],
    "munharsha": [
      {
        "date": "2020-09-27",
        "commitResults": [
          {
            "hash": "d17f2630d612815fd0aa38506630b3082c212af3",
            "messageTitle": "Update DeveloperGuide.dmg with formatting",
            "messageBody": "",
            "fileTypesAndContributionMap": {
              "docs": {
                "insertions": 9,
                "deletions": 2
              }
            }
          }
        ]
      },
      {
        "date": "2020-09-28",
        "commitResults": [
          {
            "hash": "7d821df64f911223e43f44981ec23fee00262619",
            "messageTitle": "Update DeveloperGuide.md",
            "messageBody": "",
            "fileTypesAndContributionMap": {
              "docs": {
                "insertions": 1,
                "deletions": 1
              }
            }
          }
        ]
      },
      {
        "date": "2020-10-05",
        "commitResults": [
          {
            "hash": "304e021b0be4cb9fa8ed15d85c399048eb4e113a",
            "messageTitle": "Add CalendarBidderId.java",
            "messageBody": "",
            "fileTypesAndContributionMap": {
              "functional-code": {
                "insertions": 59,
                "deletions": 0
              }
            }
          },
          {
            "hash": "d1147e255aa4829200262a471b17c883b57ad26b",
            "messageTitle": "Update CalendarBidder.java javadoc",
            "messageBody": "",
            "fileTypesAndContributionMap": {
              "functional-code": {
                "insertions": 2,
                "deletions": 2
              }
            }
          },
          {
            "hash": "08d77e8b7ab1e0050358c901d0a31744f24bb9b4",
            "messageTitle": "Add CalendarPropertyId.java",
            "messageBody": "",
            "fileTypesAndContributionMap": {
              "functional-code": {
                "insertions": 4,
                "deletions": 0
              }
            }
          },
          {
            "hash": "24e8e2cb8ff58bccd9d1d8a0236cf7e56868c516",
            "messageTitle": "Add CalendarPropertyId.java",
            "messageBody": "",
            "fileTypesAndContributionMap": {
              "functional-code": {
                "insertions": 55,
                "deletions": 0
              }
            }
          },
          {
            "hash": "5b52c7a4daec487409bb2d823a38b2e119bae222",
            "messageTitle": "Update whitespace",
            "messageBody": "",
            "fileTypesAndContributionMap": {
              "functional-code": {
                "insertions": 0,
                "deletions": 1
              }
            }
          },
          {
            "hash": "fc8bf9c6bf362b7f2fe5b08fe409628694d53f91",
            "messageTitle": "Add whitespace",
            "messageBody": "",
            "fileTypesAndContributionMap": {
              "functional-code": {
                "insertions": 1,
                "deletions": 2
              }
            }
          },
          {
            "hash": "3fea379fd952339d65c1782a85087be990644bad",
            "messageTitle": "Add CalendarAdmin, CalendarMeeting, CalendarPaperwork, CalenderViewing",
            "messageBody": "",
            "fileTypesAndContributionMap": {
              "functional-code": {
                "insertions": 103,
                "deletions": 0
              },
              "other": {
                "insertions": 6,
                "deletions": 6
              }
            }
          }
        ]
      },
      {
        "date": "2020-10-10",
        "commitResults": [
          {
            "hash": "f14c0cfb93f92f32e232813f0b0470037b827c1f",
            "messageTitle": "Update MeetingManager.java",
            "messageBody": "",
            "fileTypesAndContributionMap": {
              "functional-code": {
                "insertions": 5,
                "deletions": 0
              }
            }
          },
          {
            "hash": "a8397677fb6bca9e29dc0e3119dc437abc6700d4",
            "messageTitle": "Update ReadOnlyMeetingManager.java, CalendarTime.java",
            "messageBody": "",
            "fileTypesAndContributionMap": {
              "functional-code": {
                "insertions": 18,
                "deletions": 6
              }
            }
          },
          {
            "hash": "ea71872fe27afbbb0b2a5323041814dc39a74137",
            "messageTitle": "Update CalendarVenue.java, CalendarCard.java, CalendarListPanel.java",
            "messageBody": "",
            "fileTypesAndContributionMap": {
              "functional-code": {
                "insertions": 121,
                "deletions": 7
              }
            }
          },
          {
            "hash": "e849ce07cfbfceee6b4f1ade7a932e04f131ff3d",
            "messageTitle": "Update CalenderMeeting.java, CalendarCard.java, CalenderListPanel.java",
            "messageBody": "",
            "fileTypesAndContributionMap": {
              "functional-code": {
                "insertions": 54,
                "deletions": 13
              }
            }
          },
          {
            "hash": "115fb49060e1b968dde556132eacd610a4f5480e",
            "messageTitle": "Update MeetingBook.java",
            "messageBody": "",
            "fileTypesAndContributionMap": {
              "functional-code": {
                "insertions": 111,
                "deletions": 1
              }
            }
          }
        ]
      }
    ],
    "Christopher-LM": [
      {
        "date": "2020-09-29",
        "commitResults": [
          {
            "hash": "1df69447d25fd72168f168d4b2042f3dc7b5d912",
            "messageTitle": "Update README",
            "messageBody": "",
            "fileTypesAndContributionMap": {
              "docs": {
                "insertions": 10,
                "deletions": 10
              }
            }
          }
        ]
      },
      {
        "date": "2020-09-30",
        "commitResults": [
          {
            "hash": "3b625d02e1151d98e5eecafb14c440d8ba465783",
            "messageTitle": "Updated REAME",
            "messageBody": "",
            "fileTypesAndContributionMap": {
              "docs": {
                "insertions": 1,
                "deletions": 1
              }
            }
          }
        ]
      },
      {
        "date": "2020-10-05",
        "commitResults": [
          {
            "hash": "c55cf88232182ebfd7e6779edc2b9f61293d9674",
            "messageTitle": "Add ViewCalendar",
            "messageBody": "",
            "fileTypesAndContributionMap": {
              "functional-code": {
                "insertions": 40,
                "deletions": 0
              }
            }
          },
          {
            "hash": "d57a7211b4010bc2f346624989522ea1b8952e9f",
            "messageTitle": "Add CalendarVenue",
            "messageBody": "",
            "fileTypesAndContributionMap": {
              "functional-code": {
                "insertions": 4,
                "deletions": 0
              }
            }
          },
          {
            "hash": "bc46cffa3317cd90de18721471cb1d45f233be0e",
            "messageTitle": "Add CalendarVenue",
            "messageBody": "",
            "fileTypesAndContributionMap": {
              "functional-code": {
                "insertions": 53,
                "deletions": 0
              }
            }
          },
          {
            "hash": "c7c31e390dd091698dbdbeaa1693176a6909d200",
            "messageTitle": "Add Calendar Time",
            "messageBody": "",
            "fileTypesAndContributionMap": {
              "functional-code": {
                "insertions": 4,
                "deletions": 0
              }
            }
          },
          {
            "hash": "ef32c3ced1b4c71e68020719a86fa9cb85952083",
            "messageTitle": "Add CalendarTime",
            "messageBody": "",
            "fileTypesAndContributionMap": {
              "functional-code": {
                "insertions": 53,
                "deletions": 0
              }
            }
          },
          {
            "hash": "5be1b25742c4d9e44a14171e07057d58210a0011",
            "messageTitle": "Fix message constraints in CalendarVenue",
            "messageBody": "",
            "fileTypesAndContributionMap": {
              "functional-code": {
                "insertions": 6,
                "deletions": 5
              }
            }
          },
          {
            "hash": "f7744a8a3c453eb63d3abc356e57c372de3c3c96",
            "messageTitle": "Fix JavaDoc for CalendarVenue",
            "messageBody": "",
            "fileTypesAndContributionMap": {
              "functional-code": {
                "insertions": 1,
                "deletions": 1
              }
            }
          },
          {
            "hash": "244f3c121c225dc9ef2f5a9ebdf8a6f5c5681194",
            "messageTitle": "Fix CheckStyle",
            "messageBody": "",
            "fileTypesAndContributionMap": {
              "functional-code": {
                "insertions": 2,
                "deletions": 2
              }
            }
          },
          {
            "hash": "95bb2a0937deba4c99acc9446343a65d56847c46",
            "messageTitle": "Add CalendarAddCommandParser, CalendarBookParser",
            "messageBody": "",
            "fileTypesAndContributionMap": {
              "functional-code": {
                "insertions": 8,
                "deletions": 0
              }
            }
          },
          {
            "hash": "801a64815416731ec8e28fd7a3b175b2d48c524e",
            "messageTitle": "Add CalendarBookParser, CalendarAddCommandParser",
            "messageBody": "",
            "fileTypesAndContributionMap": {
              "functional-code": {
                "insertions": 191,
                "deletions": 1
              }
            }
          }
        ]
      },
      {
        "date": "2020-10-06",
        "commitResults": [
          {
            "hash": "7936f26eac96b9c6da5d81b6d599e67a62bf1913",
            "messageTitle": "Fix Checkstyle for CalendarBookParser and CalendarAddCommandParser",
            "messageBody": "",
            "fileTypesAndContributionMap": {
              "functional-code": {
                "insertions": 23,
                "deletions": 24
              }
            }
          }
        ]
      },
      {
        "date": "2020-10-10",
        "commitResults": [
          {
            "hash": "52da6ba5f18d110055bc8a81a2219a4e18af2114",
            "messageTitle": "Created Property Package",
            "messageBody": "",
            "fileTypesAndContributionMap": {
              "functional-code": {
                "insertions": 8,
                "deletions": 8
              },
              "other": {
                "insertions": 6,
                "deletions": 6
              }
            }
          },
          {
            "hash": "1a53dd2d980cc188a574725072ef50bd9dfc4c4f",
            "messageTitle": "Add MeetingBook, UniqueMeetingList, CalendarCard,CalendarLisPanel and ReadOnlyMeetingManager",
            "messageBody": "",
            "fileTypesAndContributionMap": {
              "functional-code": {
                "insertions": 20,
                "deletions": 0
              }
            }
          },
          {
            "hash": "d930f81cb04f770d83cd1d858c7e370dd3a5906d",
            "messageTitle": "Update ParserUtil.java",
            "messageBody": "",
            "fileTypesAndContributionMap": {
              "functional-code": {
                "insertions": 3,
                "deletions": 1
              }
            }
          },
          {
            "hash": "80aead4cf253d39a479605a1f8419627d7cbd447",
            "messageTitle": "Update ParserUtil.java",
            "messageBody": "",
            "fileTypesAndContributionMap": {
              "functional-code": {
                "insertions": 0,
                "deletions": 37
              }
            }
          },
          {
            "hash": "771439859216282a83a70c772e8ee1f99c2e532c",
            "messageTitle": "Fix Checkstyle issues",
            "messageBody": "",
            "fileTypesAndContributionMap": {
              "functional-code": {
                "insertions": 21,
                "deletions": 21
              },
              "other": {
                "insertions": 8,
                "deletions": 8
              }
            }
          },
          {
            "hash": "8ff7974efbf5d272f1877fb6d590cec4d19db65a",
            "messageTitle": "Fix checkstyle",
            "messageBody": "",
            "fileTypesAndContributionMap": {
              "functional-code": {
                "insertions": 38,
                "deletions": 0
              }
            }
          },
          {
            "hash": "d04047ea9c98e892469060dbcf193a6b37121390",
            "messageTitle": "Add CalendarExceptions and UniqueCalendarList",
            "messageBody": "",
            "fileTypesAndContributionMap": {
              "functional-code": {
                "insertions": 169,
                "deletions": 1
              }
            }
          },
          {
            "hash": "befca07d76f8abba54ce9f6d0f830cbb97796d84",
            "messageTitle": "Fix Checkstyle",
            "messageBody": "",
            "fileTypesAndContributionMap": {
              "functional-code": {
                "insertions": 1,
                "deletions": 2
              }
            }
          }
        ]
      }
    ]
  },
  "authorFileTypeContributionMap": {
    "Marcon2509": {
      "docs": 379,
      "functional-code": 674,
      "test-code": 59
    },
    "kormingsoon": {
      "docs": 433,
      "functional-code": 521,
      "test-code": 65
    },
    "dianneloh9": {
      "docs": 107,
      "functional-code": 715,
      "test-code": 346
    },
    "munharsha": {
      "docs": 8,
      "functional-code": 506,
      "test-code": 0
    },
    "Christopher-LM": {
      "docs": 11,
      "functional-code": 568,
      "test-code": 0
    }
  },
  "authorContributionVariance": {
    "Marcon2509": 8722.152,
    "kormingsoon": 27478.95,
    "dianneloh9": 12788.785,
    "munharsha": 2846.5564,
    "Christopher-LM": 4438.597
  },
  "authorDisplayNameMap": {
    "Marcon2509": "CS2103-W14-1 MARC..G YU",
    "kormingsoon": "CS2103-W14-1 KOR ..SOON",
    "dianneloh9": "CS2103-W14-1 DIAN.. HUI",
    "munharsha": "CS2103-W14-1 MUNN..EDDY",
    "Christopher-LM": "CS2103-W14-1 CHRI..RVYN"
  }
}
