{
  "authorDailyContributionsMap": {
    "Robinho98": [
      {
        "date": "2020-09-19",
        "commitResults": [
          {
            "hash": "4f4ae991490e7e1508d558057357742c2485dabd",
            "messageTitle": "Change About Us to include my details",
            "messageBody": "",
            "fileTypesAndContributionMap": {
              "docs": {
                "insertions": 4,
                "deletions": 4
              }
            }
          }
        ]
      },
      {
        "date": "2020-09-23",
        "commitResults": [
          {
            "hash": "032d71264f11babb3cc617f59b095f7d5dc439fd",
            "messageTitle": "Add updated mock UI",
            "messageBody": "",
            "fileTypesAndContributionMap": {
              "docs": {
                "insertions": 1,
                "deletions": 1
              }
            }
          },
          {
            "hash": "c3744b898eabc488cf7e31e7c6f7c83ef5ab25a5",
            "messageTitle": "Update UI Mockup in README.md",
            "messageBody": "",
            "fileTypesAndContributionMap": {
              "docs": {
                "insertions": 1,
                "deletions": 1
              }
            }
          }
        ]
      },
      {
        "date": "2020-09-26",
        "commitResults": [
          {
            "hash": "acaa10c7a5b8baa60eeb9dfb679e13598b49f3bf",
            "messageTitle": "Rename Person to Attraction and AddressBook to TrackPad in Logic",
            "messageBody": "",
            "fileTypesAndContributionMap": {
              "functional-code": {
                "insertions": 116,
                "deletions": 116
              },
              "other": {
                "insertions": 18,
                "deletions": 18
              },
              "test-code": {
                "insertions": 586,
                "deletions": 585
              }
            }
          }
        ]
      },
      {
        "date": "2020-09-28",
        "commitResults": [
          {
            "hash": "d42f06cdf998b0cfe5e53d19d32502f6e261ac10",
            "messageTitle": "Fix 3 testcases",
            "messageBody": "",
            "fileTypesAndContributionMap": {
              "test-code": {
                "insertions": 14,
                "deletions": 14
              }
            }
          },
          {
            "hash": "7a633d58769281bb9f88b157e65e42ef58ed2fac",
            "messageTitle": "FIx FindCommand test by changing Kunz and Kurz to Zoo and Gardens respectively",
            "messageBody": "",
            "fileTypesAndContributionMap": {
              "test-code": {
                "insertions": 1,
                "deletions": 1
              }
            }
          },
          {
            "hash": "b08ebdd67dbd9cfa8138bfb9404b1de2174a3973",
            "messageTitle": "Cleaned up the rest of the test cases",
            "messageBody": "",
            "fileTypesAndContributionMap": {
              "test-code": {
                "insertions": 3,
                "deletions": 3
              }
            }
          },
          {
            "hash": "691b4d32e838ffe6ca2f3c1f5dd0c6159a25733b",
            "messageTitle": "Update Developer Guide",
            "messageBody": "Replace all instance of addressbook and person to TrackPad and attraction\n",
            "fileTypesAndContributionMap": {
              "docs": {
                "insertions": 30,
                "deletions": 30
              }
            }
          }
        ]
      }
    ],
    "yuxuanxc": [
      {
        "date": "2020-09-20",
        "commitResults": [
          {
            "hash": "ab1a62a76c2cc45766d5c35cdffe8fcda7b1d368",
            "messageTitle": "Modify AboutUs.md",
            "messageBody": "",
            "fileTypesAndContributionMap": {
              "docs": {
                "insertions": 3,
                "deletions": 7
              }
            }
          }
        ]
      },
      {
        "date": "2020-09-23",
        "commitResults": [
          {
            "hash": "f94b17ae5913d5d0d91da775f8d85eeb98de4c50",
            "messageTitle": "Update DeveloperGuide - Non-Functional Requirements",
            "messageBody": "",
            "fileTypesAndContributionMap": {
              "docs": {
                "insertions": 10,
                "deletions": 3
              }
            }
          }
        ]
      },
      {
        "date": "2020-09-26",
        "commitResults": [
          {
            "hash": "47c30699cb57d3c05d43b4292a40bf3307167ba2",
            "messageTitle": "Rename Person and AddressBook for files in Storage, Ui etc",
            "messageBody": "",
            "fileTypesAndContributionMap": {
              "functional-code": {
                "insertions": 215,
                "deletions": 215
              },
              "other": {
                "insertions": 112,
                "deletions": 112
              },
              "test-code": {
                "insertions": 439,
                "deletions": 419
              }
            }
          }
        ]
      },
      {
        "date": "2020-09-27",
        "commitResults": [
          {
            "hash": "8958d670cdacbaf9ced90bf7cdc39cf51c4daa7f",
            "messageTitle": "Modify UG to remove all traces of AB3",
            "messageBody": "",
            "fileTypesAndContributionMap": {
              "docs": {
                "insertions": 9,
                "deletions": 9
              }
            }
          },
          {
            "hash": "cd62327e4dc37c800165e04cbb2983bb50e4e39c",
            "messageTitle": "Modify code to fix some errors",
            "messageBody": "",
            "fileTypesAndContributionMap": {
              "functional-code": {
                "insertions": 6,
                "deletions": 7
              },
              "test-code": {
                "insertions": 25,
                "deletions": 25
              }
            }
          },
          {
            "hash": "7caa4b03f7bb0980f214d55d7b4fe242e0c1e04e",
            "messageTitle": "Modify code to pass testcases",
            "messageBody": "",
            "fileTypesAndContributionMap": {
              "test-code": {
                "insertions": 4,
                "deletions": 4
              }
            }
          }
        ]
      },
      {
        "date": "2020-09-28",
        "commitResults": [
          {
            "hash": "803a197420375cc771304df8f50b0763132341a0",
            "messageTitle": "Modify code to fix checkstyle issues",
            "messageBody": "",
            "fileTypesAndContributionMap": {
              "functional-code": {
                "insertions": 1,
                "deletions": 1
              },
              "test-code": {
                "insertions": 86,
                "deletions": 76
              }
            }
          },
          {
            "hash": "e9e78dd4efea49be85b7ffa11206b2fc7a87b96e",
            "messageTitle": "Modify AttractionTest.java",
            "messageBody": "",
            "fileTypesAndContributionMap": {
              "test-code": {
                "insertions": 11,
                "deletions": 11
              }
            }
          }
        ]
      },
      {
        "date": "2020-09-29",
        "commitResults": [
          {
            "hash": "bffe1f450e7e432bee5640dfa96b2dd0d7520c26",
            "messageTitle": "Update README.md for CI banners to point to own project",
            "messageBody": "",
            "fileTypesAndContributionMap": {
              "docs": {
                "insertions": 1,
                "deletions": 1
              }
            }
          }
        ]
      }
    ],
    "peter-yeh": [
      {
        "date": "2020-09-19",
        "commitResults": [
          {
            "hash": "6984b11f6685046c0a884dd245f3966f731182f9",
            "messageTitle": "Update about us for peter",
            "messageBody": "",
            "fileTypesAndContributionMap": {
              "docs": {
                "insertions": 3,
                "deletions": 6
              }
            }
          }
        ]
      },
      {
        "date": "2020-09-21",
        "commitResults": [
          {
            "hash": "454282804306a0eb8abd5938ed821db3db2d8e3d",
            "messageTitle": "Update user guide to v1.1",
            "messageBody": "Still needs to upadate with relevant images after the Ui is set.\n",
            "fileTypesAndContributionMap": {
              "docs": {
                "insertions": 66,
                "deletions": 43
              }
            }
          },
          {
            "hash": "e195c6604792e8d3ab74810091a29c1d24bdba6b",
            "messageTitle": "Update User Guide\u0027s typo",
            "messageBody": "",
            "fileTypesAndContributionMap": {
              "docs": {
                "insertions": 4,
                "deletions": 4
              }
            }
          },
          {
            "hash": "279b56d5513405b2e5231bb5a349b796a2dba081",
            "messageTitle": "Add new line at end of user guide",
            "messageBody": "In case checks failed due to checkstyle.\n",
            "fileTypesAndContributionMap": {
              "docs": {
                "insertions": 1,
                "deletions": 1
              }
            }
          }
        ]
      },
      {
        "date": "2020-09-26",
        "commitResults": [
          {
            "hash": "00706c5003c47ff7db73f3b5a0ddc02d64bb871e",
            "messageTitle": "Update ListCommand.java",
            "messageBody": "Change updatepersonList to updateAttractionList",
            "fileTypesAndContributionMap": {
              "functional-code": {
                "insertions": 1,
                "deletions": 1
              }
            }
          }
        ]
      },
      {
        "date": "2020-09-28",
        "commitResults": [
          {
            "hash": "949986b81ff46d86835f6192dd583b45cbe1245b",
            "messageTitle": "Remove version number from title",
            "messageBody": "",
            "fileTypesAndContributionMap": {
              "docs": {
                "insertions": 1,
                "deletions": 1
              }
            }
          },
          {
            "hash": "3736a831deb0ad95f924e0ae3c73586a34563cb1",
            "messageTitle": "Remove compulsory optional field.",
            "messageBody": "Created a empty constructor for address objects. Empty address objects\nare created as placeholder for edit command to work.\n",
            "fileTypesAndContributionMap": {
              "functional-code": {
                "insertions": 20,
                "deletions": 2
              },
              "test-code": {
                "insertions": 5,
                "deletions": 3
              }
            }
          },
          {
            "hash": "48df7a625329a4f2afb5c9ed3f0ced5e78fd7f82",
            "messageTitle": "Rename address book to Trackpad",
            "messageBody": "",
            "fileTypesAndContributionMap": {
              "functional-code": {
                "insertions": 2,
                "deletions": 2
              }
            }
          },
          {
            "hash": "4611f25936124957622929758d1cdbb7c3706710",
            "messageTitle": "Add test case to test optional address field",
            "messageBody": "Optional Address is an empty string, add test case to test empty\naddress.\n",
            "fileTypesAndContributionMap": {
              "test-code": {
                "insertions": 15,
                "deletions": 2
              }
            }
          },
          {
            "hash": "03414e19d271fa514d1e508ad208730701fba7b1",
            "messageTitle": "Remove traces of address book.",
            "messageBody": "",
            "fileTypesAndContributionMap": {
              "functional-code": {
                "insertions": 2,
                "deletions": 2
              }
            }
          }
        ]
      },
      {
        "date": "2020-09-29",
        "commitResults": [
          {
            "hash": "fe525119a5c03605ac5bbd60c8f9179062e28ace",
            "messageTitle": "Remove Email from being a compuslory field",
            "messageBody": "",
            "fileTypesAndContributionMap": {
              "functional-code": {
                "insertions": 20,
                "deletions": 5
              },
              "test-code": {
                "insertions": 8,
                "deletions": 2
              }
            }
          },
          {
            "hash": "974ab15bbd69b94823888e2b3eea5cc72aac1db6",
            "messageTitle": "Remove phone field from compulsory field",
            "messageBody": "",
            "fileTypesAndContributionMap": {
              "functional-code": {
                "insertions": 18,
                "deletions": 5
              },
              "test-code": {
                "insertions": 30,
                "deletions": 7
              }
            }
          },
          {
            "hash": "38af0862b813eeb3bb35df0ed307d10601a5e111",
            "messageTitle": "Change hint message for add command",
            "messageBody": "Update the error message for add command to show that email, phone and\naddress field is now optional.\n",
            "fileTypesAndContributionMap": {
              "functional-code": {
                "insertions": 3,
                "deletions": 3
              }
            }
          }
        ]
      }
    ],
    "leeyorktat": [
      {
        "date": "2020-09-19",
        "commitResults": [
          {
            "hash": "1263fee11bf48e83efc0fbd14400b1b800fd615c",
            "messageTitle": "Edit AboutUs",
            "messageBody": "",
            "fileTypesAndContributionMap": {
              "docs": {
                "insertions": 5,
                "deletions": 5
              }
            }
          }
        ]
      },
      {
        "date": "2020-09-23",
        "commitResults": [
          {
            "hash": "53ec1ed527d2ea33a10d3a13b3ac95883ff3251c",
            "messageTitle": "Update README.md",
            "messageBody": "",
            "fileTypesAndContributionMap": {
              "docs": {
                "insertions": 21,
                "deletions": 10
              }
            }
          }
        ]
      },
      {
        "date": "2020-09-27",
        "commitResults": [
          {
            "hash": "3aa2f4d150d78c798f8a8d26844d5ebadfa18af8",
            "messageTitle": "Rename model from Person to Attraction, AddressBook to TrackPad",
            "messageBody": "",
            "fileTypesAndContributionMap": {
              "functional-code": {
                "insertions": 387,
                "deletions": 385
              },
              "other": {
                "insertions": 49,
                "deletions": 49
              },
              "test-code": {
                "insertions": 404,
                "deletions": 404
              }
            }
          },
          {
            "hash": "1bd0ced1e6ec304c1b020a6abeeb987265de80cd",
            "messageTitle": "Fix checkstyle",
            "messageBody": "",
            "fileTypesAndContributionMap": {
              "functional-code": {
                "insertions": 6,
                "deletions": 6
              }
            }
          },
          {
            "hash": "86779ed06d8d3320c6a2b4ee7cbc94b6e21740d1",
            "messageTitle": "Edit checkstyle",
            "messageBody": "",
            "fileTypesAndContributionMap": {
              "test-code": {
                "insertions": 20,
                "deletions": 15
              }
            }
          },
          {
            "hash": "9f94d2c45ad55481750bde3f87416c2a2db8022c",
            "messageTitle": "Edit checkstyle again",
            "messageBody": "",
            "fileTypesAndContributionMap": {
              "functional-code": {
                "insertions": 1,
                "deletions": 1
              }
            }
          },
          {
            "hash": "7edabf91e961184084d9157469c309d0bb1440f5",
            "messageTitle": "Edit checkstyle",
            "messageBody": "",
            "fileTypesAndContributionMap": {
              "functional-code": {
                "insertions": 8,
                "deletions": 7
              }
            }
          },
          {
            "hash": "b9f9598d049f7341506cc0fcbaa252b3b2417c96",
            "messageTitle": "Edit checkstyle",
            "messageBody": "",
            "fileTypesAndContributionMap": {
              "functional-code": {
                "insertions": 10,
                "deletions": 8
              }
            }
          }
        ]
      }
    ],
    "limkoonkiat": [
      {
        "date": "2020-09-19",
        "commitResults": [
          {
            "hash": "60e551c54e9950bb1db37c6151789ce0c78e2dce",
            "messageTitle": "Update about us with personal information",
            "messageBody": "",
            "fileTypesAndContributionMap": {
              "docs": {
                "insertions": 3,
                "deletions": 7
              }
            }
          }
        ]
      },
      {
        "date": "2020-09-22",
        "commitResults": [
          {
            "hash": "e09859cf0f71c411bba107fa1b2087e4b3c251f0",
            "messageTitle": "Add preliminary target user profile, value proposition and user stories",
            "messageBody": "",
            "fileTypesAndContributionMap": {
              "docs": {
                "insertions": 91,
                "deletions": 10
              }
            }
          }
        ]
      },
      {
        "date": "2020-09-23",
        "commitResults": [
          {
            "hash": "9dcfe825cffb211fe4167c2564aa99243fca7ef7",
            "messageTitle": "Add use cases",
            "messageBody": "",
            "fileTypesAndContributionMap": {
              "docs": {
                "insertions": 88,
                "deletions": 8
              }
            }
          },
          {
            "hash": "d46c54b3d1b11e9a756996f6eae3f0931a00ba61",
            "messageTitle": "Change headings for each use case",
            "messageBody": "",
            "fileTypesAndContributionMap": {
              "docs": {
                "insertions": 5,
                "deletions": 5
              }
            }
          }
        ]
      },
      {
        "date": "2020-09-28",
        "commitResults": [
          {
            "hash": "11dc1737827b1d7360eda72a60a3586cb9d212d0",
            "messageTitle": "Add location field to attractions",
            "messageBody": "",
            "fileTypesAndContributionMap": {
              "functional-code": {
                "insertions": 184,
                "deletions": 56
              },
              "test-code": {
                "insertions": 310,
                "deletions": 172
              }
            }
          }
        ]
      },
      {
        "date": "2020-09-29",
        "commitResults": [
          {
            "hash": "b6cc55929728b08b6c627cac1cefb4af03b40b18",
            "messageTitle": "Fix location not displaying in attraction card",
            "messageBody": "",
            "fileTypesAndContributionMap": {
              "functional-code": {
                "insertions": 6,
                "deletions": 5
              }
            }
          },
          {
            "hash": "f42bd4236e1e6e8c67cdca4b432d45e14aa1b78a",
            "messageTitle": "Add import statement for command exception",
            "messageBody": "",
            "fileTypesAndContributionMap": {
              "functional-code": {
                "insertions": 2,
                "deletions": 0
              }
            }
          },
          {
            "hash": "1961c63bb276b1511893530baec917b3c7d78d1f",
            "messageTitle": "Add test for location",
            "messageBody": "",
            "fileTypesAndContributionMap": {
              "test-code": {
                "insertions": 36,
                "deletions": 0
              }
            }
          },
          {
            "hash": "3b6b29304866e9ba0969fbc97f4eb425c4e6ad27",
            "messageTitle": "Change address book to TrackPad in index.md",
            "messageBody": "",
            "fileTypesAndContributionMap": {
              "docs": {
                "insertions": 6,
                "deletions": 6
              }
            }
          },
          {
            "hash": "30b37eb42d62981a5d0b4a67ff3ea5b93b6ee520",
            "messageTitle": "Update purpose of app",
            "messageBody": "",
            "fileTypesAndContributionMap": {
              "docs": {
                "insertions": 2,
                "deletions": 3
              }
            }
          }
        ]
      }
    ]
  },
  "authorFileTypeContributionMap": {
    "Robinho98": {
      "docs": 34,
      "functional-code": 107,
      "test-code": 459
    },
    "yuxuanxc": {
      "docs": 23,
      "functional-code": 265,
      "test-code": 484,
      "other": 1
    },
    "peter-yeh": {
      "docs": 68,
      "functional-code": 55,
      "test-code": 43
    },
    "leeyorktat": {
      "docs": 25,
      "functional-code": 419,
      "test-code": 390
    },
    "limkoonkiat": {
      "docs": 173,
      "functional-code": 192,
      "test-code": 346
    }
  },
  "authorContributionVariance": {
    "Robinho98": 43172.29,
    "yuxuanxc": 48065.44,
    "peter-yeh": 551.72833,
    "leeyorktat": 64460.6,
    "limkoonkiat": 11184.831
  },
  "authorDisplayNameMap": {
    "Robinho98": "CS2103T-T09-3 ROBI.. BIN",
    "yuxuanxc": "CS2103T-T09-3 ZHU ..XUAN",
    "peter-yeh": "CS2103T-T09-3 YEH ..CHUN",
    "leeyorktat": "CS2103T-T09-3 LEE .. TAT",
    "limkoonkiat": "CS2103T-T09-3 LIM ..KIAT"
  }
}
