{
  "authorDailyContributionsMap": {
    "iamjamestan": [
      {
        "date": "2020-09-06",
        "commitResults": [
          {
            "hash": "d256abe421a754b988d7624e2502e138616184b0",
            "messageTitle": "Change Main.main to varargs",
            "messageBody": "",
            "fileTypesAndContributionMap": {
              "functional-code": {
                "insertions": 1,
                "deletions": 1
              }
            }
          }
        ]
      },
      {
        "date": "2020-09-14",
        "commitResults": [
          {
            "hash": "22bdb7b81fc222f9bea7ec5bcc38c1bfef181178",
            "messageTitle": "Revert back to original",
            "messageBody": "",
            "fileTypesAndContributionMap": {
              "functional-code": {
                "insertions": 1,
                "deletions": 1
              }
            }
          }
        ]
      },
      {
        "date": "2020-09-22",
        "commitResults": [
          {
            "hash": "a46ad45cf0e97d1de132122e533fa31d7bde8612",
            "messageTitle": "Update James AboutMe",
            "messageBody": "",
            "fileTypesAndContributionMap": {
              "docs": {
                "insertions": 53,
                "deletions": 6
              }
            }
          }
        ]
      },
      {
        "date": "2020-09-23",
        "commitResults": [
          {
            "hash": "b546ff2df4ab386367d84ff68e7cc0bc8bfaa3e4",
            "messageTitle": "Update UserGuide Command Summary",
            "messageBody": "",
            "fileTypesAndContributionMap": {
              "docs": {
                "insertions": 12,
                "deletions": 8
              }
            }
          },
          {
            "hash": "63b94be5b05a07f967a98d99e15e0e2d2517a348",
            "messageTitle": "Update Developer Guide Target User Profile",
            "messageBody": "",
            "fileTypesAndContributionMap": {
              "docs": {
                "insertions": 5,
                "deletions": 3
              }
            }
          },
          {
            "hash": "577645cc8cfc1859bc26451c858984a46330b2ce",
            "messageTitle": "Add newline to end of User Guide",
            "messageBody": "",
            "fileTypesAndContributionMap": {
              "docs": {
                "insertions": 1,
                "deletions": 1
              }
            }
          }
        ]
      },
      {
        "date": "2020-09-25",
        "commitResults": [
          {
            "hash": "75e415f885d518612f17360bcb13592c01a57bd9",
            "messageTitle": "Update website and readme details",
            "messageBody": "",
            "fileTypesAndContributionMap": {
              "docs": {
                "insertions": 29,
                "deletions": 17
              }
            }
          },
          {
            "hash": "e8e7ba7a61fb518592dfc7dc25c43e8fef46f863",
            "messageTitle": "Resolve ReadMe syntax error",
            "messageBody": "",
            "fileTypesAndContributionMap": {
              "docs": {
                "insertions": 3,
                "deletions": 3
              }
            }
          }
        ]
      },
      {
        "date": "2020-09-27",
        "commitResults": [
          {
            "hash": "1f091e4137e7106c4cc8b87634843fab16c149e8",
            "messageTitle": "Update User Guide clear command",
            "messageBody": "",
            "fileTypesAndContributionMap": {
              "docs": {
                "insertions": 1,
                "deletions": 1
              }
            }
          }
        ]
      },
      {
        "date": "2020-09-28",
        "commitResults": [
          {
            "hash": "77219c5b0696aaff6294b98bfacd3d029a846854",
            "messageTitle": "Update use cases for Developer Guide",
            "messageBody": "",
            "fileTypesAndContributionMap": {
              "docs": {
                "insertions": 87,
                "deletions": 6
              }
            }
          }
        ]
      },
      {
        "date": "2020-09-30",
        "commitResults": [
          {
            "hash": "b689bc9f0b58dfdb8f5b8badd0d5c152b07cd6a9",
            "messageTitle": "Add Client and Hairdresser classes",
            "messageBody": "",
            "fileTypesAndContributionMap": {
              "functional-code": {
                "insertions": 597,
                "deletions": 139
              },
              "other": {
                "insertions": 1,
                "deletions": 1
              },
              "docs": {
                "insertions": 1,
                "deletions": 1
              }
            }
          },
          {
            "hash": "abeae0a47684e6b0a933cce2de7aa0c0ccc78f79",
            "messageTitle": "Comment out deprecated tests",
            "messageBody": "",
            "fileTypesAndContributionMap": {
              "test-code": {
                "insertions": 2773,
                "deletions": 2767
              }
            }
          }
        ]
      },
      {
        "date": "2020-10-12",
        "commitResults": [
          {
            "hash": "ce61d22468152dfbea15a57f99feff849b730379",
            "messageTitle": "Make hairdresser specialisation optional",
            "messageBody": "",
            "fileTypesAndContributionMap": {
              "functional-code": {
                "insertions": 1,
                "deletions": 1
              }
            }
          }
        ]
      },
      {
        "date": "2020-10-13",
        "commitResults": [
          {
            "hash": "cc418137f51de2bc4d7bd93f02d08ce225217d89",
            "messageTitle": "Made add appointment command and update storage accordingly",
            "messageBody": "",
            "fileTypesAndContributionMap": {
              "functional-code": {
                "insertions": 628,
                "deletions": 10
              }
            }
          },
          {
            "hash": "d1d0ca8a99818507fa518e50a39d2afb3c53dc23",
            "messageTitle": "Made AddAppointmentCommandParser",
            "messageBody": "",
            "fileTypesAndContributionMap": {
              "functional-code": {
                "insertions": 195,
                "deletions": 52
              }
            }
          },
          {
            "hash": "119e4328687d91dcfcaa29043af1af9ffeec3fd6",
            "messageTitle": "Made Edit and Delete for Appointment",
            "messageBody": "",
            "fileTypesAndContributionMap": {
              "functional-code": {
                "insertions": 429,
                "deletions": 81
              }
            }
          }
        ]
      },
      {
        "date": "2020-10-14",
        "commitResults": [
          {
            "hash": "d3be8d78565811f76d8543814369159ab7f72c44",
            "messageTitle": "Change appointment parser to take in index instead of ID",
            "messageBody": "",
            "fileTypesAndContributionMap": {
              "functional-code": {
                "insertions": 74,
                "deletions": 106
              }
            }
          },
          {
            "hash": "6b23ad8c78ae8fdb348c67f09b2ed521485fd967",
            "messageTitle": "Update User Guide, fixed bugs.",
            "messageBody": "",
            "fileTypesAndContributionMap": {
              "functional-code": {
                "insertions": 32,
                "deletions": 10
              },
              "docs": {
                "insertions": 100,
                "deletions": 60
              }
            }
          }
        ]
      },
      {
        "date": "2020-10-19",
        "commitResults": [
          {
            "hash": "157e276ea8341f55dd72100273c319bbbe9ede32",
            "messageTitle": "Create ClientId and HairdresserId, update IdCounter",
            "messageBody": "",
            "fileTypesAndContributionMap": {
              "functional-code": {
                "insertions": 338,
                "deletions": 214
              },
              "other": {
                "insertions": 20,
                "deletions": 16
              },
              "test-code": {
                "insertions": 4,
                "deletions": 3
              }
            }
          },
          {
            "hash": "607feca2bd519b3f2c4306b0895b10cd9b13b379",
            "messageTitle": "Add Id for Appointment",
            "messageBody": "",
            "fileTypesAndContributionMap": {
              "functional-code": {
                "insertions": 68,
                "deletions": 31
              },
              "other": {
                "insertions": 2,
                "deletions": 2
              }
            }
          },
          {
            "hash": "84257b3c867fe745d8e5900392faf7856d08dda6",
            "messageTitle": "Changed Edit and Delete to use Id, update EntityCards",
            "messageBody": "",
            "fileTypesAndContributionMap": {
              "functional-code": {
                "insertions": 226,
                "deletions": 176
              },
              "test-code": {
                "insertions": 6,
                "deletions": 0
              }
            }
          },
          {
            "hash": "af2be65f5077a65af1dcb83d7392cbf28ab3a242",
            "messageTitle": "Update User Guide for commands that used index",
            "messageBody": "",
            "fileTypesAndContributionMap": {
              "docs": {
                "insertions": 20,
                "deletions": 20
              }
            }
          }
        ]
      },
      {
        "date": "2020-10-22",
        "commitResults": [
          {
            "hash": "48f62d55086760fa52f3992d7903a4d79b71a7ee",
            "messageTitle": "Changed Edit and Delete to use Id, update EntityCards",
            "messageBody": "",
            "fileTypesAndContributionMap": {
              "docs": {
                "insertions": 199,
                "deletions": 42
              }
            }
          },
          {
            "hash": "264815e18439644c59b93ff55961390bc12e685c",
            "messageTitle": "Fix bugs",
            "messageBody": "",
            "fileTypesAndContributionMap": {
              "docs": {
                "insertions": 54,
                "deletions": 54
              }
            }
          },
          {
            "hash": "a08052b574316b2457de7516be64972c0638b75d",
            "messageTitle": "Add whitespace",
            "messageBody": "",
            "fileTypesAndContributionMap": {
              "docs": {
                "insertions": 1,
                "deletions": 1
              }
            }
          },
          {
            "hash": "297ff0b0f38f43ca6824ae7dbf1dd15dccb385c9",
            "messageTitle": "Add new line at EOF",
            "messageBody": "",
            "fileTypesAndContributionMap": {
              "docs": {
                "insertions": 2,
                "deletions": 2
              }
            }
          }
        ]
      },
      {
        "date": "2020-10-26",
        "commitResults": [
          {
            "hash": "414f16e84b8e651783511864ca1cc5b02130935c",
            "messageTitle": "Add Introduction and Command Summary",
            "messageBody": "",
            "fileTypesAndContributionMap": {
              "docs": {
                "insertions": 175,
                "deletions": 26
              }
            }
          },
          {
            "hash": "2573c9721ff1761b6d761184f78320f7eb703ed3",
            "messageTitle": "Fix newline error",
            "messageBody": "",
            "fileTypesAndContributionMap": {
              "docs": {
                "insertions": 1,
                "deletions": 0
              }
            }
          },
          {
            "hash": "c7996e4aebd484296557f440c2022e175fd90f0a",
            "messageTitle": "Update UserGuide.md",
            "messageBody": "",
            "fileTypesAndContributionMap": {
              "docs": {
                "insertions": 12,
                "deletions": 12
              }
            }
          },
          {
            "hash": "80f88eba6b97bf28af0c81417ebca414f940bba5",
            "messageTitle": "Update UserGuide.md",
            "messageBody": "",
            "fileTypesAndContributionMap": {
              "docs": {
                "insertions": 15,
                "deletions": 15
              }
            }
          },
          {
            "hash": "003d176f895562347afc6d0fc28216eb653fdfac",
            "messageTitle": "Fix UG Errors",
            "messageBody": "",
            "fileTypesAndContributionMap": {
              "docs": {
                "insertions": 24,
                "deletions": 22
              }
            }
          }
        ]
      },
      {
        "date": "2020-10-28",
        "commitResults": [
          {
            "hash": "5346adf9820b323cb6c35af5a53602f82533bb56",
            "messageTitle": "Add limit to string inputs and update UG accordingly",
            "messageBody": "",
            "fileTypesAndContributionMap": {
              "functional-code": {
                "insertions": 25,
                "deletions": 11
              },
              "docs": {
                "insertions": 24,
                "deletions": 26
              }
            }
          },
          {
            "hash": "f77f055c402d60b93a3f670b4f5fb07aadd6d1b7",
            "messageTitle": "Fix shortcut bugs",
            "messageBody": "",
            "fileTypesAndContributionMap": {
              "functional-code": {
                "insertions": 8,
                "deletions": 3
              },
              "docs": {
                "insertions": 7,
                "deletions": 7
              }
            }
          }
        ]
      }
    ],
    "pooty3": [
      {
        "date": "2020-09-24",
        "commitResults": [
          {
            "hash": "41f4de9a4989fc56189e849f5693017d60837ce4",
            "messageTitle": "Update About me",
            "messageBody": "",
            "fileTypesAndContributionMap": {
              "docs": {
                "insertions": 51,
                "deletions": 6
              }
            }
          },
          {
            "hash": "aa79beac99cb7c6d5a36ce8a3c5f7be8b3c3f78a",
            "messageTitle": "Update UserGuide",
            "messageBody": "",
            "fileTypesAndContributionMap": {
              "docs": {
                "insertions": 15,
                "deletions": 20
              }
            }
          },
          {
            "hash": "9677752b6c65b9a230ea0edf946bf6078cc6d7d3",
            "messageTitle": "Update AboutMe",
            "messageBody": "",
            "fileTypesAndContributionMap": {
              "docs": {
                "insertions": 2,
                "deletions": 2
              }
            }
          },
          {
            "hash": "d6a67239d9713c7f73f03b1ae88db36bd709cec8",
            "messageTitle": "Update Developer Guide",
            "messageBody": "",
            "fileTypesAndContributionMap": {
              "docs": {
                "insertions": 9,
                "deletions": 7
              }
            }
          }
        ]
      },
      {
        "date": "2020-10-04",
        "commitResults": [
          {
            "hash": "274834b835ec51cb87f5370571685e17167cd33b",
            "messageTitle": "Create CRUD for clients",
            "messageBody": "",
            "fileTypesAndContributionMap": {
              "functional-code": {
                "insertions": 851,
                "deletions": 5
              }
            }
          }
        ]
      },
      {
        "date": "2020-10-07",
        "commitResults": [
          {
            "hash": "1b9c43703b6e190771b5a1a9f09205fac72fea56",
            "messageTitle": "Fix Coding standards",
            "messageBody": "",
            "fileTypesAndContributionMap": {
              "functional-code": {
                "insertions": 5,
                "deletions": 5
              }
            }
          }
        ]
      },
      {
        "date": "2020-10-08",
        "commitResults": [
          {
            "hash": "01c41498a9e83b10c2a8acbc58ef3c74f58c34f6",
            "messageTitle": "Make UniqueList more OOP",
            "messageBody": "",
            "fileTypesAndContributionMap": {
              "functional-code": {
                "insertions": 25,
                "deletions": 210
              }
            }
          },
          {
            "hash": "270c4df6ea70c7c78a4183919b543449a085c056",
            "messageTitle": "Make OOP",
            "messageBody": "",
            "fileTypesAndContributionMap": {
              "functional-code": {
                "insertions": 58,
                "deletions": 50
              }
            }
          },
          {
            "hash": "2cbb3e9909c926f02e17538847ea5adf5057dc13",
            "messageTitle": "Fix Checkstyle Errors",
            "messageBody": "",
            "fileTypesAndContributionMap": {
              "functional-code": {
                "insertions": 0,
                "deletions": 8
              }
            }
          },
          {
            "hash": "cb40b9769611ba1fd8ec99c3339bb39bc970ca7d",
            "messageTitle": "Create Entity class for appointment",
            "messageBody": "",
            "fileTypesAndContributionMap": {
              "functional-code": {
                "insertions": 250,
                "deletions": 159
              }
            }
          }
        ]
      },
      {
        "date": "2020-10-11",
        "commitResults": [
          {
            "hash": "c516627bbea0bffa12f7470640575cdfbf36b571",
            "messageTitle": "Create storage for client",
            "messageBody": "",
            "fileTypesAndContributionMap": {
              "functional-code": {
                "insertions": 129,
                "deletions": 3
              }
            }
          },
          {
            "hash": "4023005dd5034772f42a99f8b190d0c8f64d340b",
            "messageTitle": "Fix coding standard",
            "messageBody": "",
            "fileTypesAndContributionMap": {
              "functional-code": {
                "insertions": 9,
                "deletions": 6
              }
            }
          },
          {
            "hash": "8164b46b79ab36d5df84bb73029f4f031dacdb20",
            "messageTitle": "Fix docs",
            "messageBody": "",
            "fileTypesAndContributionMap": {
              "functional-code": {
                "insertions": 104,
                "deletions": 114
              }
            }
          },
          {
            "hash": "fe731a15ef1c7cb3a5a19034be14103e6100f965",
            "messageTitle": "Place client folders in their correct places and create exceptions",
            "messageBody": "",
            "fileTypesAndContributionMap": {
              "functional-code": {
                "insertions": 191,
                "deletions": 157
              },
              "other": {
                "insertions": 41,
                "deletions": 21
              }
            }
          },
          {
            "hash": "9b4c40cc686462c3843159a04888a0b795945a18",
            "messageTitle": "FIx merge conflicts",
            "messageBody": "",
            "fileTypesAndContributionMap": {
              "functional-code": {
                "insertions": 0,
                "deletions": 5
              }
            }
          }
        ]
      },
      {
        "date": "2020-10-14",
        "commitResults": [
          {
            "hash": "9cbe2ef0fbb093d633e77d0ed1e75968e111e4da",
            "messageTitle": "Make person abstract and remove associated files and methods",
            "messageBody": "",
            "fileTypesAndContributionMap": {
              "functional-code": {
                "insertions": 771,
                "deletions": 1111
              },
              "test-code": {
                "insertions": 93,
                "deletions": 128
              }
            }
          }
        ]
      },
      {
        "date": "2020-10-15",
        "commitResults": [
          {
            "hash": "2eee67e6f14744796cddc76282e3a96d8bee39d2",
            "messageTitle": "Fix equality bug for Client and Hairdresser",
            "messageBody": "",
            "fileTypesAndContributionMap": {
              "functional-code": {
                "insertions": 26,
                "deletions": 0
              }
            }
          },
          {
            "hash": "ba0c4eb4a37034d17d14847d68690beadd23cf5b",
            "messageTitle": "Fix coding violations",
            "messageBody": "",
            "fileTypesAndContributionMap": {
              "functional-code": {
                "insertions": 1,
                "deletions": 2
              }
            }
          }
        ]
      },
      {
        "date": "2020-10-16",
        "commitResults": [
          {
            "hash": "e98641ac0505e7d49a73526c8ade060acb71580c",
            "messageTitle": "Refactor Add, Delete Commands and PanelViews to reduce duplicate code and make it more OOP.",
            "messageBody": "",
            "fileTypesAndContributionMap": {
              "functional-code": {
                "insertions": 405,
                "deletions": 584
              }
            }
          },
          {
            "hash": "cd9e34967305792bc8c2978527880cf2e60068e8",
            "messageTitle": "Fix documentation",
            "messageBody": "",
            "fileTypesAndContributionMap": {
              "functional-code": {
                "insertions": 3,
                "deletions": 11
              }
            }
          }
        ]
      },
      {
        "date": "2020-10-21",
        "commitResults": [
          {
            "hash": "8e5650bfef703b6ab30605e865ecb01fa0f547bd",
            "messageTitle": "Allow user to store and add aliases",
            "messageBody": "",
            "fileTypesAndContributionMap": {
              "functional-code": {
                "insertions": 477,
                "deletions": 28
              }
            }
          }
        ]
      },
      {
        "date": "2020-10-22",
        "commitResults": [
          {
            "hash": "8167820ed4bc083fa4de0721f8b5232e71c89735",
            "messageTitle": "Update documentation",
            "messageBody": "",
            "fileTypesAndContributionMap": {
              "functional-code": {
                "insertions": 8,
                "deletions": 8
              },
              "docs": {
                "insertions": 141,
                "deletions": 19
              }
            }
          },
          {
            "hash": "1df6c77e3a24146267cef0f38b2006cdfcc120e1",
            "messageTitle": "Update developer\u0027s Guide to include details regarding the implemenation of Command Alias feature.",
            "messageBody": "",
            "fileTypesAndContributionMap": {
              "docs": {
                "insertions": 23,
                "deletions": 2
              }
            }
          }
        ]
      },
      {
        "date": "2020-10-25",
        "commitResults": [
          {
            "hash": "54112ce9c3a8227f9a7b5a02df803b1addef4b31",
            "messageTitle": "Add DeleteAlias Command",
            "messageBody": "",
            "fileTypesAndContributionMap": {
              "functional-code": {
                "insertions": 86,
                "deletions": 32
              }
            }
          },
          {
            "hash": "0ac03e394d0c169304bd4af4c4482f1be8b373ca",
            "messageTitle": "Update user guide",
            "messageBody": "",
            "fileTypesAndContributionMap": {
              "docs": {
                "insertions": 81,
                "deletions": 9
              }
            }
          },
          {
            "hash": "1aa69c670f8d46802e33641b67e618e047efcfdc",
            "messageTitle": "Fix formatting",
            "messageBody": "",
            "fileTypesAndContributionMap": {
              "docs": {
                "insertions": 2,
                "deletions": 8
              }
            }
          }
        ]
      },
      {
        "date": "2020-10-26",
        "commitResults": [
          {
            "hash": "7da0839c8db64ca246818f1fe07637b354f305f3",
            "messageTitle": "Rename Alias to Shortcut",
            "messageBody": "",
            "fileTypesAndContributionMap": {
              "functional-code": {
                "insertions": 357,
                "deletions": 357
              },
              "other": {
                "insertions": 22,
                "deletions": 22
              },
              "docs": {
                "insertions": 38,
                "deletions": 38
              }
            }
          },
          {
            "hash": "4180005f6dc6d3026868638d1f264dfa02e9ed87",
            "messageTitle": "Fix Checkstyle",
            "messageBody": "",
            "fileTypesAndContributionMap": {
              "functional-code": {
                "insertions": 10,
                "deletions": 8
              }
            }
          }
        ]
      }
    ],
    "nicktohzyu": [
      {
        "date": "2020-09-26",
        "commitResults": [
          {
            "hash": "5099708691aef9b914c6c2cbb281cbcb092b9d10",
            "messageTitle": "update aboutus and add profile photo",
            "messageBody": "",
            "fileTypesAndContributionMap": {
              "docs": {
                "insertions": 4,
                "deletions": 4
              }
            }
          },
          {
            "hash": "dfe2e58763097ca91f8fc03dbc0bb03609be0280",
            "messageTitle": "create contribution log",
            "messageBody": "",
            "fileTypesAndContributionMap": {
              "docs": {
                "insertions": 46,
                "deletions": 0
              }
            }
          }
        ]
      },
      {
        "date": "2020-09-27",
        "commitResults": [
          {
            "hash": "0e52fb599861317b5704bb538f54372c989aef98",
            "messageTitle": "Update UserGuide.md",
            "messageBody": "",
            "fileTypesAndContributionMap": {
              "docs": {
                "insertions": 2,
                "deletions": 8
              }
            }
          },
          {
            "hash": "6e92c23c2fdf2d68f992c8ea7c42d09fefbd0baf",
            "messageTitle": "Update DeveloperGuide.md",
            "messageBody": "Non-Functional Requirements\n",
            "fileTypesAndContributionMap": {
              "docs": {
                "insertions": 1,
                "deletions": 1
              }
            }
          },
          {
            "hash": "4be5af8ded233948623641dfd28c0e5f235d3df1",
            "messageTitle": "Update AboutUs.md",
            "messageBody": "",
            "fileTypesAndContributionMap": {
              "docs": {
                "insertions": 1,
                "deletions": 1
              }
            }
          },
          {
            "hash": "698a039775e661c7db2b7426168d6241b03cf607",
            "messageTitle": "Update UserGuide.md",
            "messageBody": "update quickstart\n",
            "fileTypesAndContributionMap": {
              "docs": {
                "insertions": 2,
                "deletions": 13
              }
            }
          }
        ]
      },
      {
        "date": "2020-10-07",
        "commitResults": [
          {
            "hash": "27785db1afb5e2e5acd3da5a07b438e5686afd12",
            "messageTitle": "initial",
            "messageBody": "",
            "fileTypesAndContributionMap": {
              "functional-code": {
                "insertions": 325,
                "deletions": 0
              }
            }
          },
          {
            "hash": "385da52d4191c8e3e72d1dcc374c356b8f1d3a65",
            "messageTitle": "make appointment immutable",
            "messageBody": "",
            "fileTypesAndContributionMap": {
              "functional-code": {
                "insertions": 83,
                "deletions": 24
              }
            }
          },
          {
            "hash": "243b1ed46f886a02c5d139d9b9d088fbdf873eff",
            "messageTitle": "create exceptions",
            "messageBody": "",
            "fileTypesAndContributionMap": {
              "functional-code": {
                "insertions": 22,
                "deletions": 0
              }
            }
          },
          {
            "hash": "4ae7effa84aff6141db151e60cc995144aa3b0c5",
            "messageTitle": "fix whitespace",
            "messageBody": "",
            "fileTypesAndContributionMap": {
              "functional-code": {
                "insertions": 1,
                "deletions": 1
              }
            }
          },
          {
            "hash": "4af90515868d265ed966d1864672aff18acef90f",
            "messageTitle": "Create UniqueAppointmentList.java",
            "messageBody": "",
            "fileTypesAndContributionMap": {
              "functional-code": {
                "insertions": 195,
                "deletions": 0
              }
            }
          }
        ]
      },
      {
        "date": "2020-10-14",
        "commitResults": [
          {
            "hash": "1fc8535022666a03b6e8dc73f3697bb18b88ade4",
            "messageTitle": "Update Client.java",
            "messageBody": "update isSameClient\npatient -\u003e client\n",
            "fileTypesAndContributionMap": {
              "functional-code": {
                "insertions": 8,
                "deletions": 3
              }
            }
          },
          {
            "hash": "0efc67dfd0f4e9ecdb876a6fc2ce2a4fcf667d1d",
            "messageTitle": "add client builder, typical clients",
            "messageBody": "",
            "fileTypesAndContributionMap": {
              "test-code": {
                "insertions": 253,
                "deletions": 123
              }
            }
          },
          {
            "hash": "38055b023660b2243d533cc0cfd5e384b1ba9743",
            "messageTitle": "Create ClientTest.java",
            "messageBody": "",
            "fileTypesAndContributionMap": {
              "test-code": {
                "insertions": 110,
                "deletions": 0
              }
            }
          },
          {
            "hash": "5088ab1598e97d04bee35d2b2620af969a93a08f",
            "messageTitle": "update styling for hairdresser tests",
            "messageBody": "",
            "fileTypesAndContributionMap": {
              "test-code": {
                "insertions": 99,
                "deletions": 51
              }
            }
          },
          {
            "hash": "a68d2b562d2c32eec958fd0ca4b3e6501ecf3477",
            "messageTitle": "fix style",
            "messageBody": "",
            "fileTypesAndContributionMap": {
              "test-code": {
                "insertions": 2,
                "deletions": 0
              }
            }
          }
        ]
      },
      {
        "date": "2020-10-19",
        "commitResults": [
          {
            "hash": "525c969c1e782a296927a5c3f35c0a1be30ee0d8",
            "messageTitle": "refactor Gender.value from string to enum",
            "messageBody": "couldn\u0027t get enum.toString to work, so for jsonification I changed Gender.value to Gender.toString (wanted Gender.value.toString)\n",
            "fileTypesAndContributionMap": {
              "functional-code": {
                "insertions": 30,
                "deletions": 11
              },
              "test-code": {
                "insertions": 1,
                "deletions": 1
              }
            }
          },
          {
            "hash": "3d42669e8d3b792ecf2b4025e183e2e6c4ca0b99",
            "messageTitle": "checkstyle",
            "messageBody": "",
            "fileTypesAndContributionMap": {
              "functional-code": {
                "insertions": 6,
                "deletions": 5
              }
            }
          }
        ]
      },
      {
        "date": "2020-10-22",
        "commitResults": [
          {
            "hash": "0543c1cfe4296dd9de9a91a450c52a77995c79fa",
            "messageTitle": "Update DeveloperGuide regarding appointments",
            "messageBody": "",
            "fileTypesAndContributionMap": {
              "docs": {
                "insertions": 30,
                "deletions": 0
              }
            }
          }
        ]
      },
      {
        "date": "2020-10-24",
        "commitResults": [
          {
            "hash": "69b3be6a800370dd416320ce8e61821518b96769",
            "messageTitle": "add functionality to check if appointments clash",
            "messageBody": "",
            "fileTypesAndContributionMap": {
              "functional-code": {
                "insertions": 72,
                "deletions": 12
              }
            }
          },
          {
            "hash": "50d99be3572defbc1407cae00309fa1338943fbb",
            "messageTitle": "prevent execution of addappointmentcommand if there is a clash",
            "messageBody": "",
            "fileTypesAndContributionMap": {
              "functional-code": {
                "insertions": 46,
                "deletions": 22
              },
              "test-code": {
                "insertions": 6,
                "deletions": 0
              }
            }
          }
        ]
      },
      {
        "date": "2020-10-25",
        "commitResults": [
          {
            "hash": "13fd21e35e3576d3142a7f3ee2897273425aeefe",
            "messageTitle": "update issame for hairdressers and clients",
            "messageBody": "",
            "fileTypesAndContributionMap": {
              "functional-code": {
                "insertions": 7,
                "deletions": 11
              }
            }
          },
          {
            "hash": "3f812d48164642f818788ba9214fd84ce62fe602",
            "messageTitle": "Update HairdresserTest.java",
            "messageBody": "to reflect changes in spec\n",
            "fileTypesAndContributionMap": {
              "test-code": {
                "insertions": 2,
                "deletions": 2
              }
            }
          },
          {
            "hash": "282c7f4d817f7e52b4ed55ada318bf07ba9bfd1f",
            "messageTitle": "update user guide appointments",
            "messageBody": "",
            "fileTypesAndContributionMap": {
              "docs": {
                "insertions": 72,
                "deletions": 42
              }
            }
          }
        ]
      },
      {
        "date": "2020-10-26",
        "commitResults": [
          {
            "hash": "5d3a1c8e6a684721dc9c678f4768b8bbaf15a4f9",
            "messageTitle": "Add param tables to user guide appointments",
            "messageBody": "",
            "fileTypesAndContributionMap": {
              "docs": {
                "insertions": 20,
                "deletions": 1
              }
            }
          },
          {
            "hash": "775850cec9c37c04bdb855f635554edccbf26068",
            "messageTitle": "fix bug and refactor appointment isclash",
            "messageBody": "There was a bug where appointments were not detected to clash if they started at the same time\n",
            "fileTypesAndContributionMap": {
              "functional-code": {
                "insertions": 31,
                "deletions": 23
              }
            }
          }
        ]
      }
    ],
    "theyifan": [
      {
        "date": "2020-09-25",
        "commitResults": [
          {
            "hash": "0e5972f4c18f8b0abb4a0b206ef231adf573f2c6",
            "messageTitle": "Update AboutUs with Yifan\u0027s information",
            "messageBody": "",
            "fileTypesAndContributionMap": {
              "docs": {
                "insertions": 4,
                "deletions": 4
              }
            }
          }
        ]
      },
      {
        "date": "2020-09-26",
        "commitResults": [
          {
            "hash": "bbb3ec57469419d3a4d153b207def6d3e1d1f883",
            "messageTitle": "Add help/add to User Guide",
            "messageBody": "",
            "fileTypesAndContributionMap": {
              "docs": {
                "insertions": 66,
                "deletions": 11
              }
            }
          },
          {
            "hash": "88dad4051321cb91dc3ebe79b633940072e2c844",
            "messageTitle": "Make checkstyle fixes",
            "messageBody": "",
            "fileTypesAndContributionMap": {
              "docs": {
                "insertions": 3,
                "deletions": 3
              }
            }
          },
          {
            "hash": "77e877407ccd8df94060f77b020f8a309f26ede3",
            "messageTitle": "Edit value proposition of DG",
            "messageBody": "",
            "fileTypesAndContributionMap": {
              "docs": {
                "insertions": 1,
                "deletions": 1
              }
            }
          }
        ]
      },
      {
        "date": "2020-10-06",
        "commitResults": [
          {
            "hash": "adc32c08f12e04dbcd21ed84da4d3c04cf36e7e9",
            "messageTitle": "Add add methods for Hairdresser class",
            "messageBody": "",
            "fileTypesAndContributionMap": {
              "functional-code": {
                "insertions": 446,
                "deletions": 1
              }
            }
          },
          {
            "hash": "c8d2c0be25c5d4519c5b7d5caaaef315cfd66750",
            "messageTitle": "Add Delete methods for Hairdresser",
            "messageBody": "",
            "fileTypesAndContributionMap": {
              "functional-code": {
                "insertions": 288,
                "deletions": 1
              }
            }
          },
          {
            "hash": "327741b0f98c4ffe71f4c09c33ea86408f92cdf9",
            "messageTitle": "Add Edit methods to Hairdresser class",
            "messageBody": "",
            "fileTypesAndContributionMap": {
              "functional-code": {
                "insertions": 329,
                "deletions": 6
              }
            }
          },
          {
            "hash": "c80f2243930a372cda738f49fa6e2c82d2cabffd",
            "messageTitle": "Add List methods for Hairdresser",
            "messageBody": "",
            "fileTypesAndContributionMap": {
              "functional-code": {
                "insertions": 30,
                "deletions": 0
              }
            }
          }
        ]
      },
      {
        "date": "2020-10-11",
        "commitResults": [
          {
            "hash": "a8ba905a244d02c730d636ec67d93288e2adc47e",
            "messageTitle": "Fix bugs in hairdresser class",
            "messageBody": "",
            "fileTypesAndContributionMap": {
              "functional-code": {
                "insertions": 11,
                "deletions": 3
              }
            }
          },
          {
            "hash": "8e9d7bdddd4e217ede42d71a26ccacfa854caca1",
            "messageTitle": "Fix prompt message for wrong command format for hairdresser",
            "messageBody": "",
            "fileTypesAndContributionMap": {
              "functional-code": {
                "insertions": 1,
                "deletions": 1
              }
            }
          },
          {
            "hash": "babdae2ad665af14850c0f3151e87265f45cc6b8",
            "messageTitle": "Fix checkstyle",
            "messageBody": "",
            "fileTypesAndContributionMap": {
              "functional-code": {
                "insertions": 2,
                "deletions": 2
              }
            }
          },
          {
            "hash": "133ec308a37eede8f79de3623eddb95aa5d78f3d",
            "messageTitle": "Add pid counters for storage, hairdresser, client",
            "messageBody": "",
            "fileTypesAndContributionMap": {
              "functional-code": {
                "insertions": 135,
                "deletions": 17
              }
            }
          },
          {
            "hash": "7a8c6c4eee131c5bf7644bfec64ffb4284a31c12",
            "messageTitle": "Fix checkstyle",
            "messageBody": "",
            "fileTypesAndContributionMap": {
              "functional-code": {
                "insertions": 2,
                "deletions": 1
              }
            }
          }
        ]
      },
      {
        "date": "2020-10-13",
        "commitResults": [
          {
            "hash": "9181073eab0848e17259e3d01df49550a74f969c",
            "messageTitle": "Edit SampleDataUtil to update sample data",
            "messageBody": "",
            "fileTypesAndContributionMap": {
              "functional-code": {
                "insertions": 38,
                "deletions": 0
              }
            }
          },
          {
            "hash": "a1a5f0d8d92aa9f7b499ec50800ea9ea95f5d146",
            "messageTitle": "Add test for hairdresser model",
            "messageBody": "",
            "fileTypesAndContributionMap": {
              "functional-code": {
                "insertions": 7,
                "deletions": 2
              },
              "test-code": {
                "insertions": 474,
                "deletions": 98
              }
            }
          }
        ]
      },
      {
        "date": "2020-10-14",
        "commitResults": [
          {
            "hash": "d3d637c2c56fccf1c02daade37f454ec9e011710",
            "messageTitle": "Add test for UniqueHairdresserList",
            "messageBody": "",
            "fileTypesAndContributionMap": {
              "other": {
                "insertions": 2,
                "deletions": 1
              },
              "test-code": {
                "insertions": 173,
                "deletions": 0
              }
            }
          },
          {
            "hash": "dc9270c4ff4d021b9a55b15c4d1ed44d7047c947",
            "messageTitle": "Add test for AddHairdresser",
            "messageBody": "",
            "fileTypesAndContributionMap": {
              "functional-code": {
                "insertions": 2,
                "deletions": 2
              },
              "test-code": {
                "insertions": 471,
                "deletions": 12
              }
            }
          },
          {
            "hash": "b196b089e0b310a44c5a9630f519e48cb86d1639",
            "messageTitle": "Modify stub to include appointments",
            "messageBody": "",
            "fileTypesAndContributionMap": {
              "test-code": {
                "insertions": 58,
                "deletions": 0
              }
            }
          }
        ]
      },
      {
        "date": "2020-10-19",
        "commitResults": [
          {
            "hash": "0e43f0293a4183eebddb2b0151fafb2e95f33146",
            "messageTitle": "Refactor Specialisation to Enum",
            "messageBody": "",
            "fileTypesAndContributionMap": {
              "functional-code": {
                "insertions": 71,
                "deletions": 10
              },
              "test-code": {
                "insertions": 24,
                "deletions": 24
              }
            }
          }
        ]
      },
      {
        "date": "2020-10-21",
        "commitResults": [
          {
            "hash": "57af7de7f00955c94e96addef7110a0f8eb0d8b6",
            "messageTitle": "Modify Storage in DG",
            "messageBody": "",
            "fileTypesAndContributionMap": {
              "docs": {
                "insertions": 68,
                "deletions": 3
              }
            }
          }
        ]
      },
      {
        "date": "2020-10-22",
        "commitResults": [
          {
            "hash": "f6c47ef0c8ffefa45aef86ef90ac3b0f4fa96a10",
            "messageTitle": "Add Hairdresser Add implementation to DG",
            "messageBody": "",
            "fileTypesAndContributionMap": {
              "docs": {
                "insertions": 86,
                "deletions": 24
              }
            }
          },
          {
            "hash": "3d0c686034b71e9d157ce62ecc4ef31a21a5624b",
            "messageTitle": "Add logger info for hairdresser",
            "messageBody": "",
            "fileTypesAndContributionMap": {
              "functional-code": {
                "insertions": 6,
                "deletions": 0
              }
            }
          }
        ]
      },
      {
        "date": "2020-10-25",
        "commitResults": [
          {
            "hash": "18675af48a06e7ef11bfbb47cd17e459e49bb7e6",
            "messageTitle": "Add Hairdresser Add to the UG",
            "messageBody": "",
            "fileTypesAndContributionMap": {
              "docs": {
                "insertions": 53,
                "deletions": 4
              }
            }
          },
          {
            "hash": "4e96b4c5664c227f2ffe5892d9b97b8305df9e21",
            "messageTitle": "Add edit hairdresser to UG",
            "messageBody": "",
            "fileTypesAndContributionMap": {
              "functional-code": {
                "insertions": 3,
                "deletions": 3
              },
              "docs": {
                "insertions": 54,
                "deletions": 13
              }
            }
          }
        ]
      },
      {
        "date": "2020-10-26",
        "commitResults": [
          {
            "hash": "4773925495327290271e6e407fafb2236c5d9b05",
            "messageTitle": "Add fitler and delete for hairdresser in UG",
            "messageBody": "",
            "fileTypesAndContributionMap": {
              "docs": {
                "insertions": 70,
                "deletions": 2
              }
            }
          },
          {
            "hash": "d89d99a6d0d26e9150ead893b7d93ecb743d3f69",
            "messageTitle": "Add contribution",
            "messageBody": "",
            "fileTypesAndContributionMap": {
              "docs": {
                "insertions": 2,
                "deletions": 0
              }
            }
          }
        ]
      },
      {
        "date": "2020-10-27",
        "commitResults": [
          {
            "hash": "ff72634b34b47052a8276be02738ce21318ed139",
            "messageTitle": "Add export to csv function",
            "messageBody": "",
            "fileTypesAndContributionMap": {
              "functional-code": {
                "insertions": 232,
                "deletions": 4
              },
              "docs": {
                "insertions": 1,
                "deletions": 1
              }
            }
          },
          {
            "hash": "abb4dec7a83b00c9daa12994ddad1b5f116b3aca",
            "messageTitle": "Edit user guide",
            "messageBody": "",
            "fileTypesAndContributionMap": {
              "docs": {
                "insertions": 6,
                "deletions": 0
              }
            }
          }
        ]
      }
    ],
    "ya0-yuan": [
      {
        "date": "2020-09-26",
        "commitResults": [
          {
            "hash": "47a07b337ad989c264b0d9687a87112b9cbb0142",
            "messageTitle": "Add list\u0026edit features to user guide",
            "messageBody": "",
            "fileTypesAndContributionMap": {
              "docs": {
                "insertions": 30,
                "deletions": 11
              }
            }
          },
          {
            "hash": "516af1b6870231a64916034b568a6d481f692089",
            "messageTitle": "Edit AboutUs",
            "messageBody": "",
            "fileTypesAndContributionMap": {
              "docs": {
                "insertions": 51,
                "deletions": 5
              }
            }
          },
          {
            "hash": "1b44483c7e59adfe669ac35cfe1414e8c78bf779",
            "messageTitle": "Edit developer guide",
            "messageBody": "",
            "fileTypesAndContributionMap": {
              "docs": {
                "insertions": 7,
                "deletions": 5
              }
            }
          }
        ]
      },
      {
        "date": "2020-10-08",
        "commitResults": [
          {
            "hash": "70e2deddc25b50d35fea2b2ed4e85a710b2349aa",
            "messageTitle": "Add new panel",
            "messageBody": "",
            "fileTypesAndContributionMap": {
              "functional-code": {
                "insertions": 384,
                "deletions": 6
              }
            }
          },
          {
            "hash": "2329c9579877f7d66c51ce0be410601e15cc4753",
            "messageTitle": "Add new Panel",
            "messageBody": "",
            "fileTypesAndContributionMap": {
              "functional-code": {
                "insertions": 82,
                "deletions": 82
              }
            }
          },
          {
            "hash": "a92f8409dc97b67d1a3b1ffe3c933afa3fb6d17d",
            "messageTitle": "Add new panel",
            "messageBody": "",
            "fileTypesAndContributionMap": {
              "functional-code": {
                "insertions": 4,
                "deletions": 4
              }
            }
          },
          {
            "hash": "b45295f0cee298e4e2e180bb85c432feddc479b4",
            "messageTitle": "Add new panel",
            "messageBody": "",
            "fileTypesAndContributionMap": {
              "functional-code": {
                "insertions": 5,
                "deletions": 5
              }
            }
          }
        ]
      },
      {
        "date": "2020-10-11",
        "commitResults": [
          {
            "hash": "f6d65da09609d2095079af0cfa00d9741cafc621",
            "messageTitle": "Display hairdresser list",
            "messageBody": "",
            "fileTypesAndContributionMap": {
              "functional-code": {
                "insertions": 303,
                "deletions": 285
              }
            }
          },
          {
            "hash": "b5c1f3c0647e4bb03516ebd7c238c7ad50f85c1a",
            "messageTitle": "Display hairdresser list",
            "messageBody": "",
            "fileTypesAndContributionMap": {
              "functional-code": {
                "insertions": 4,
                "deletions": 4
              }
            }
          },
          {
            "hash": "84edf471f7bf6935b1a4e481bd308fb547c0c914",
            "messageTitle": "Display clients in a separate panel",
            "messageBody": "",
            "fileTypesAndContributionMap": {
              "functional-code": {
                "insertions": 47,
                "deletions": 10
              }
            }
          },
          {
            "hash": "402b4680cd87b8d54ccf2bbe2db5958c4f90a21d",
            "messageTitle": "Display clients in a separate panel",
            "messageBody": "",
            "fileTypesAndContributionMap": {
              "functional-code": {
                "insertions": 2,
                "deletions": 2
              }
            }
          }
        ]
      },
      {
        "date": "2020-10-14",
        "commitResults": [
          {
            "hash": "b359d9f58f0b896ba5056d3fb99eb727f0e4098c",
            "messageTitle": "Add panel for appointments",
            "messageBody": "",
            "fileTypesAndContributionMap": {
              "functional-code": {
                "insertions": 213,
                "deletions": 10
              },
              "other": {
                "insertions": 8,
                "deletions": 4
              }
            }
          },
          {
            "hash": "a6b60f38c4ed08c7d51a6bbe81bfbf79e3a70630",
            "messageTitle": "Add panel for appointments",
            "messageBody": "",
            "fileTypesAndContributionMap": {
              "functional-code": {
                "insertions": 0,
                "deletions": 1
              }
            }
          },
          {
            "hash": "74cb3ddc9e9f41b5d5d4feb6862614f0b9a25c3b",
            "messageTitle": "Show tags in ui",
            "messageBody": "",
            "fileTypesAndContributionMap": {
              "functional-code": {
                "insertions": 46,
                "deletions": 19
              }
            }
          },
          {
            "hash": "f1bc1a43c7e6b509a9aa6825065313adc1d0d8d5",
            "messageTitle": "Rename file",
            "messageBody": "",
            "fileTypesAndContributionMap": {
              "other": {
                "insertions": 0,
                "deletions": 0
              }
            }
          }
        ]
      },
      {
        "date": "2020-10-22",
        "commitResults": [
          {
            "hash": "c14b4ac36c1e9218dfcabd34e241184d2eed8dc6",
            "messageTitle": "Update DG",
            "messageBody": "",
            "fileTypesAndContributionMap": {
              "functional-code": {
                "insertions": 8,
                "deletions": 8
              },
              "docs": {
                "insertions": 150,
                "deletions": 12
              }
            }
          },
          {
            "hash": "eacce4f29e78a7b2124f8bcc85f817874d80749f",
            "messageTitle": "Filter features for hairdresser and client",
            "messageBody": "",
            "fileTypesAndContributionMap": {
              "functional-code": {
                "insertions": 84,
                "deletions": 73
              }
            }
          },
          {
            "hash": "b9907c4bd2f054f0f064802e5ecce8f0dca4720a",
            "messageTitle": "Filter features for hairdresser and client",
            "messageBody": "",
            "fileTypesAndContributionMap": {
              "functional-code": {
                "insertions": 162,
                "deletions": 14
              }
            }
          }
        ]
      },
      {
        "date": "2020-10-24",
        "commitResults": [
          {
            "hash": "7ff66bc626e0511015b2755882946e7475faab09",
            "messageTitle": "Add filter feature to appointment",
            "messageBody": "",
            "fileTypesAndContributionMap": {
              "functional-code": {
                "insertions": 301,
                "deletions": 0
              }
            }
          }
        ]
      },
      {
        "date": "2020-10-25",
        "commitResults": [
          {
            "hash": "2b1c4a3d5d2d593e348235d39abe6ea967b177e0",
            "messageTitle": "update ui",
            "messageBody": "",
            "fileTypesAndContributionMap": {
              "functional-code": {
                "insertions": 4,
                "deletions": 10
              }
            }
          }
        ]
      },
      {
        "date": "2020-10-26",
        "commitResults": [
          {
            "hash": "1cf2c9b37a7a836c819835821e390fb74da33c6b",
            "messageTitle": "Update UG",
            "messageBody": "",
            "fileTypesAndContributionMap": {
              "docs": {
                "insertions": 180,
                "deletions": 21
              }
            }
          }
        ]
      },
      {
        "date": "2020-10-27",
        "commitResults": [
          {
            "hash": "a01eb29a27c513f45f8ef9335c17d0ef92c3466f",
            "messageTitle": "update ug",
            "messageBody": "",
            "fileTypesAndContributionMap": {
              "docs": {
                "insertions": 18,
                "deletions": 15
              }
            }
          },
          {
            "hash": "ab9c766d5dc7c5f5b84023495e7860664d0e163a",
            "messageTitle": "update ug",
            "messageBody": "",
            "fileTypesAndContributionMap": {
              "docs": {
                "insertions": 3,
                "deletions": 3
              }
            }
          },
          {
            "hash": "2c3e0d646b49884c02745145603b19370b998923",
            "messageTitle": "Add testing for filter command",
            "messageBody": "",
            "fileTypesAndContributionMap": {
              "test-code": {
                "insertions": 416,
                "deletions": 68
              }
            }
          },
          {
            "hash": "38ace4dedd32eeb2cbfc53d4440aceb9b836e130",
            "messageTitle": "Add logs",
            "messageBody": "",
            "fileTypesAndContributionMap": {
              "functional-code": {
                "insertions": 3,
                "deletions": 0
              }
            }
          }
        ]
      },
      {
        "date": "2020-10-28",
        "commitResults": [
          {
            "hash": "b93b9ededafe4e77444f6c9f0d92ebdb5147907b",
            "messageTitle": "resolve checkstyle error",
            "messageBody": "",
            "fileTypesAndContributionMap": {
              "test-code": {
                "insertions": 58,
                "deletions": 31
              }
            }
          },
          {
            "hash": "88f11d7c2ee0d84c845de85a201b04242da99a4c",
            "messageTitle": "Add asertion",
            "messageBody": "",
            "fileTypesAndContributionMap": {
              "functional-code": {
                "insertions": 2,
                "deletions": 0
              }
            }
          },
          {
            "hash": "4760f5328245f426e4b3a71eeb4511a3dd99c49e",
            "messageTitle": "Update ug",
            "messageBody": "",
            "fileTypesAndContributionMap": {
              "docs": {
                "insertions": 4,
                "deletions": 4
              }
            }
          }
        ]
      }
    ]
  },
  "authorFileTypeContributionMap": {
    "iamjamestan": {
      "docs": 595,
      "functional-code": 2093,
      "test-code": 2637,
      "other": 4
    },
    "pooty3": {
      "docs": 266,
      "functional-code": 2438,
      "test-code": 59
    },
    "nicktohzyu": {
      "docs": 159,
      "functional-code": 590,
      "test-code": 438
    },
    "theyifan": {
      "docs": 330,
      "functional-code": 1178,
      "test-code": 987
    },
    "ya0-yuan": {
      "docs": 378,
      "functional-code": 972,
      "test-code": 407
    }
  },
  "authorContributionVariance": {
    "iamjamestan": 548902.2,
    "pooty3": 101361.94,
    "nicktohzyu": 11280.345,
    "theyifan": 27782.37,
    "ya0-yuan": 18389.502
  },
  "authorDisplayNameMap": {
    "iamjamestan": "CS2103T-T15-1 TAN ..AMES",
    "pooty3": "CS2103T-T15-1 LIM ..SIUS",
    "nicktohzyu": "CS2103T-T15-1 TOH ..OLAS",
    "theyifan": "CS2103T-T15-1 ZHAN..IFAN",
    "ya0-yuan": "CS2103T-T15-1 YAO ..YUAN"
  }
}
