{
  "authorDailyContributionsMap": {
    "sagarsureka": [
      {
        "date": "2020-09-19",
        "commitResults": [
          {
            "hash": "d9249949561212d133ed74c322d10a513f7b5b04",
            "messageTitle": "Update UserGuide add feature",
            "messageBody": "",
            "fileTypesAndContributionMap": {
              "docs": {
                "insertions": 12,
                "deletions": 14
              }
            }
          },
          {
            "hash": "668f170e2f06bcaa9fb406e213ba1a19cc9f7512",
            "messageTitle": "Fix typo",
            "messageBody": "",
            "fileTypesAndContributionMap": {
              "docs": {
                "insertions": 3,
                "deletions": 3
              }
            }
          },
          {
            "hash": "bde01bedc66e4bc53763a5a7732dd140a52f8b71",
            "messageTitle": "Update AboutUs.md to reflect personal details",
            "messageBody": "",
            "fileTypesAndContributionMap": {
              "docs": {
                "insertions": 7,
                "deletions": 8
              }
            }
          }
        ]
      },
      {
        "date": "2020-09-21",
        "commitResults": [
          {
            "hash": "44d67fd2cbe112663e26f01e489e8bed76a47f4a",
            "messageTitle": "Update portfolio",
            "messageBody": "",
            "fileTypesAndContributionMap": {
              "docs": {
                "insertions": 47,
                "deletions": 1
              }
            }
          },
          {
            "hash": "1af764c265a481c0386e854500fc5e326fd3343c",
            "messageTitle": "Update UserGuide.md quickstart add command",
            "messageBody": "",
            "fileTypesAndContributionMap": {
              "docs": {
                "insertions": 1,
                "deletions": 1
              }
            }
          }
        ]
      },
      {
        "date": "2020-09-29",
        "commitResults": [
          {
            "hash": "18cda998200690e5a2ae74b93ad4b9c13591d864",
            "messageTitle": "Update command summary",
            "messageBody": "",
            "fileTypesAndContributionMap": {
              "docs": {
                "insertions": 3,
                "deletions": 3
              }
            }
          },
          {
            "hash": "f84a94c2c1fc149ac9397a0ac038ffba3312ba13",
            "messageTitle": "Remove Quick Start",
            "messageBody": "",
            "fileTypesAndContributionMap": {
              "docs": {
                "insertions": 2,
                "deletions": 25
              }
            }
          },
          {
            "hash": "fce911a055a2bf4589c6028a3f4ba30b7e7f922e",
            "messageTitle": "Remove help details",
            "messageBody": "",
            "fileTypesAndContributionMap": {
              "docs": {
                "insertions": 2,
                "deletions": 8
              }
            }
          },
          {
            "hash": "7ac5360a17540bfae59c9862f58cc23d02091457",
            "messageTitle": "Add Table of Contents",
            "messageBody": "",
            "fileTypesAndContributionMap": {
              "docs": {
                "insertions": 5,
                "deletions": 2
              }
            }
          }
        ]
      },
      {
        "date": "2020-10-06",
        "commitResults": [
          {
            "hash": "842484987d33218e50c7dd78b1574e6a69ad8ea5",
            "messageTitle": "Remove address field from SimplyKitchen",
            "messageBody": "",
            "fileTypesAndContributionMap": {
              "functional-code": {
                "insertions": 10,
                "deletions": 129
              },
              "test-code": {
                "insertions": 33,
                "deletions": 167
              }
            }
          },
          {
            "hash": "1796ae40b114c4216134021d746a5ed2aef1178e",
            "messageTitle": "Remove all occurrences of address",
            "messageBody": "",
            "fileTypesAndContributionMap": {
              "functional-code": {
                "insertions": 1,
                "deletions": 13
              },
              "test-code": {
                "insertions": 22,
                "deletions": 51
              }
            }
          },
          {
            "hash": "21e39e9ebe44758312017f20a199f51a22fc275c",
            "messageTitle": "Fix error in fxml file",
            "messageBody": "",
            "fileTypesAndContributionMap": {
              "functional-code": {
                "insertions": 0,
                "deletions": 1
              }
            }
          }
        ]
      }
    ],
    "SONGYI98": [
      {
        "date": "2020-09-12",
        "commitResults": [
          {
            "hash": "c8c6a02a9460e49028073f3ca0b72a91e014120b",
            "messageTitle": "Update README.md",
            "messageBody": "README.md is updated with the product name and value proposition.",
            "fileTypesAndContributionMap": {
              "docs": {
                "insertions": 2,
                "deletions": 12
              }
            }
          }
        ]
      },
      {
        "date": "2020-09-13",
        "commitResults": [
          {
            "hash": "3017773b8f1d8ace81df330849fa836343a66c90",
            "messageTitle": "Edit checkstyle.xml",
            "messageBody": "Reformat code to follow new checkstyle\n",
            "fileTypesAndContributionMap": {
              "functional-code": {
                "insertions": 496,
                "deletions": 475
              },
              "test-code": {
                "insertions": 327,
                "deletions": 350
              }
            }
          }
        ]
      },
      {
        "date": "2020-09-20",
        "commitResults": [
          {
            "hash": "2b1a046cce6023140473bb830979bf63318419fd",
            "messageTitle": "Revert \"Edit checkstyle.xml\"",
            "messageBody": "This reverts commit 3017773b8f1d8ace81df330849fa836343a66c90.\n",
            "fileTypesAndContributionMap": {
              "functional-code": {
                "insertions": 475,
                "deletions": 496
              },
              "test-code": {
                "insertions": 350,
                "deletions": 327
              }
            }
          },
          {
            "hash": "b164472c2cea8072b6c001baefdeff29015e65ce",
            "messageTitle": "Update AboutUs - Song Yi",
            "messageBody": "",
            "fileTypesAndContributionMap": {
              "docs": {
                "insertions": 52,
                "deletions": 6
              }
            }
          },
          {
            "hash": "27f120f200e2f2c404135252d25c8f0d7288f69a",
            "messageTitle": "Update UG - Overview",
            "messageBody": "",
            "fileTypesAndContributionMap": {
              "docs": {
                "insertions": 1,
                "deletions": 1
              }
            }
          }
        ]
      },
      {
        "date": "2020-09-28",
        "commitResults": [
          {
            "hash": "15a05fc9583cd139dc8178f215763d1c342fcc91",
            "messageTitle": "Update index.md",
            "messageBody": "Remove traces of AB3 in index.md.\nLink to code coverage badge is not updated yet.\n",
            "fileTypesAndContributionMap": {
              "docs": {
                "insertions": 5,
                "deletions": 5
              }
            }
          },
          {
            "hash": "5c6658613694c138c4808328b26bc83b0cd170a6",
            "messageTitle": "Update links in index.md",
            "messageBody": "Links to Codecov, Quick Start section of UG and DG updated.\n",
            "fileTypesAndContributionMap": {
              "docs": {
                "insertions": 3,
                "deletions": 3
              }
            }
          }
        ]
      },
      {
        "date": "2020-10-01",
        "commitResults": [
          {
            "hash": "b1da9c6572ef4f6455448bd060f81be6424d0cb2",
            "messageTitle": "Replace Email with Expiration Date",
            "messageBody": "",
            "fileTypesAndContributionMap": {
              "functional-code": {
                "insertions": 144,
                "deletions": 137
              },
              "docs": {
                "insertions": 2,
                "deletions": 2
              },
              "test-code": {
                "insertions": 179,
                "deletions": 191
              }
            }
          }
        ]
      },
      {
        "date": "2020-10-04",
        "commitResults": [
          {
            "hash": "0d86e338170459534efa53026c6fe6b9e89fb4f3",
            "messageTitle": "Edit JavaDoc comment in ParserUtil class",
            "messageBody": "",
            "fileTypesAndContributionMap": {
              "functional-code": {
                "insertions": 1,
                "deletions": 1
              }
            }
          }
        ]
      },
      {
        "date": "2020-10-06",
        "commitResults": [
          {
            "hash": "97a786e20c7b9b0dc55687a062e6765295c5b89e",
            "messageTitle": "Fix grammatical errors",
            "messageBody": "",
            "fileTypesAndContributionMap": {
              "functional-code": {
                "insertions": 3,
                "deletions": 3
              }
            }
          },
          {
            "hash": "fdab21d407cbb788680664905bbeed8fe386449f",
            "messageTitle": "Edit code to better adhere to checkstyle",
            "messageBody": "",
            "fileTypesAndContributionMap": {
              "functional-code": {
                "insertions": 5,
                "deletions": 14
              },
              "test-code": {
                "insertions": 7,
                "deletions": 6
              }
            }
          }
        ]
      }
    ],
    "jonahtanjz": [
      {
        "date": "2020-09-20",
        "commitResults": [
          {
            "hash": "5a4bdcbe2ddc4155f02acaef3ff920167fb270d1",
            "messageTitle": "Update developer guide",
            "messageBody": "",
            "fileTypesAndContributionMap": {
              "docs": {
                "insertions": 107,
                "deletions": 23
              }
            }
          },
          {
            "hash": "820ab7cf5dc3f442b91841a1e3d2e94de5b3cd30",
            "messageTitle": "Fix styling of developer guide",
            "messageBody": "",
            "fileTypesAndContributionMap": {
              "docs": {
                "insertions": 12,
                "deletions": 10
              }
            }
          },
          {
            "hash": "20047999508952002db182581ebf31d828668af3",
            "messageTitle": "Update AboutUs",
            "messageBody": "",
            "fileTypesAndContributionMap": {
              "docs": {
                "insertions": 52,
                "deletions": 6
              }
            }
          },
          {
            "hash": "dada60cc7ce9ccf83e1ac72ef27d3cd22cd01186",
            "messageTitle": "Update UG for find command",
            "messageBody": "",
            "fileTypesAndContributionMap": {
              "docs": {
                "insertions": 15,
                "deletions": 12
              }
            }
          }
        ]
      },
      {
        "date": "2020-09-21",
        "commitResults": [
          {
            "hash": "97f87e566a91ed43eb5f69c90750afe445813992",
            "messageTitle": "Change image format to png",
            "messageBody": "",
            "fileTypesAndContributionMap": {
              "docs": {
                "insertions": 1,
                "deletions": 1
              }
            }
          },
          {
            "hash": "db83a97f8f28773d6799df6df4c5e5ffe53d2669",
            "messageTitle": "Update UserGuide.md",
            "messageBody": "",
            "fileTypesAndContributionMap": {
              "docs": {
                "insertions": 2,
                "deletions": 2
              }
            }
          },
          {
            "hash": "1ddbbd68639ed97bcf9706f5b7fc6564fb4e8c63",
            "messageTitle": "Change name of md and png file",
            "messageBody": "",
            "fileTypesAndContributionMap": {
              "docs": {
                "insertions": 2,
                "deletions": 2
              }
            }
          }
        ]
      },
      {
        "date": "2020-09-29",
        "commitResults": [
          {
            "hash": "09141c1a53706e3fff60c633a769253c32b88b37",
            "messageTitle": "Replace Phone class with Priority class",
            "messageBody": "",
            "fileTypesAndContributionMap": {
              "functional-code": {
                "insertions": 57,
                "deletions": 53
              }
            }
          },
          {
            "hash": "e3c5755d2822f678747ba719f04981d05970d3a2",
            "messageTitle": "Change constructor and relevant methods of Priority to take in String",
            "messageBody": "",
            "fileTypesAndContributionMap": {
              "functional-code": {
                "insertions": 33,
                "deletions": 20
              }
            }
          },
          {
            "hash": "f0523feb497e7ed7e04660e583eea0b66a86e64e",
            "messageTitle": "Replace all instances of Phone with Priority",
            "messageBody": "",
            "fileTypesAndContributionMap": {
              "functional-code": {
                "insertions": 60,
                "deletions": 68
              }
            }
          },
          {
            "hash": "5292fe578f3c362b7802dfe8fbbd3e93a6de2e97",
            "messageTitle": "Update Priority to accept both upper and lower cases",
            "messageBody": "",
            "fileTypesAndContributionMap": {
              "functional-code": {
                "insertions": 1,
                "deletions": 0
              }
            }
          },
          {
            "hash": "3553508d5952a9fdd89da8f5c4795dffd4773003",
            "messageTitle": "Update Priority to parse both upper and lower cases",
            "messageBody": "",
            "fileTypesAndContributionMap": {
              "functional-code": {
                "insertions": 1,
                "deletions": 0
              }
            }
          },
          {
            "hash": "06fa5e969ee0ce4e92bafd25a9bbe81d1d7a3cb5",
            "messageTitle": "Update Priority to be optional",
            "messageBody": "",
            "fileTypesAndContributionMap": {
              "functional-code": {
                "insertions": 13,
                "deletions": 7
              }
            }
          },
          {
            "hash": "459da33e2f6e18771a7a1025a109ba58016564ec",
            "messageTitle": "Add colours for different priorities",
            "messageBody": "",
            "fileTypesAndContributionMap": {
              "functional-code": {
                "insertions": 22,
                "deletions": 4
              }
            }
          },
          {
            "hash": "a0e1041846bdc97eda43b72451e50be5f494f430",
            "messageTitle": "Replace if statement in PersonCard constructor to Optional",
            "messageBody": "",
            "fileTypesAndContributionMap": {
              "functional-code": {
                "insertions": 10,
                "deletions": 8
              }
            }
          },
          {
            "hash": "6fb4d0833dd26ede8d5faa48638157524387e136",
            "messageTitle": "Update JUnit test to support priority",
            "messageBody": "",
            "fileTypesAndContributionMap": {
              "test-code": {
                "insertions": 182,
                "deletions": 185
              }
            }
          },
          {
            "hash": "ac1eda025a47e84bbb16a0d38abd63b248c5d2d3",
            "messageTitle": "Fix code styling",
            "messageBody": "",
            "fileTypesAndContributionMap": {
              "functional-code": {
                "insertions": 17,
                "deletions": 8
              },
              "test-code": {
                "insertions": 6,
                "deletions": 4
              }
            }
          }
        ]
      },
      {
        "date": "2020-10-03",
        "commitResults": [
          {
            "hash": "a55961385cc297bcc68d9183eebf7d24745519de",
            "messageTitle": "Change default priority to LOW",
            "messageBody": "",
            "fileTypesAndContributionMap": {
              "functional-code": {
                "insertions": 1,
                "deletions": 1
              }
            }
          },
          {
            "hash": "552e9901044179d0995bbff1e77a87596910fae4",
            "messageTitle": "Remove NULL as accepted priority",
            "messageBody": "",
            "fileTypesAndContributionMap": {
              "functional-code": {
                "insertions": 5,
                "deletions": 10
              },
              "test-code": {
                "insertions": 1,
                "deletions": 1
              }
            }
          },
          {
            "hash": "ebe6ef23c7c39986b3c9968f0480bc67910a62a2",
            "messageTitle": "Throw IllegalArgumentException if priority is not valid",
            "messageBody": "",
            "fileTypesAndContributionMap": {
              "functional-code": {
                "insertions": 3,
                "deletions": 2
              }
            }
          },
          {
            "hash": "af965003f0da70ff8b06df8f1e3b95688de943ec",
            "messageTitle": "Fix coding style issue",
            "messageBody": "",
            "fileTypesAndContributionMap": {
              "functional-code": {
                "insertions": 0,
                "deletions": 2
              }
            }
          },
          {
            "hash": "7b5609cb489deb35a598966a06f4c6ee3e4ac35b",
            "messageTitle": "Fix JavaDoc Command link in CommondException",
            "messageBody": "",
            "fileTypesAndContributionMap": {
              "functional-code": {
                "insertions": 2,
                "deletions": 0
              }
            }
          },
          {
            "hash": "d0ff13ccc0ed25622551892740f6525055286dd4",
            "messageTitle": "Fix JavaDoc link of isValidPath method in FileUtil",
            "messageBody": "",
            "fileTypesAndContributionMap": {
              "functional-code": {
                "insertions": 1,
                "deletions": 1
              }
            }
          },
          {
            "hash": "2a4331d164f34d1424a3b6d9539c9c2ef9575771",
            "messageTitle": "Change Priority back to Label from FlowPane",
            "messageBody": "",
            "fileTypesAndContributionMap": {
              "functional-code": {
                "insertions": 5,
                "deletions": 8
              }
            }
          },
          {
            "hash": "b8dbb799c7890700c5954cf6d4bb9f2b46723ff0",
            "messageTitle": "Update comment in CommandTestUtil",
            "messageBody": "",
            "fileTypesAndContributionMap": {
              "test-code": {
                "insertions": 1,
                "deletions": 1
              }
            }
          },
          {
            "hash": "f3337d2d4a78523660102c6ac15200ecd42b6613",
            "messageTitle": "Update parse_optionalFieldsMissing_success test to exclude Priority in the Add command",
            "messageBody": "",
            "fileTypesAndContributionMap": {
              "test-code": {
                "insertions": 2,
                "deletions": 2
              }
            }
          },
          {
            "hash": "84f8c45fb1ff2112e53d336e640349bc22cabcb2",
            "messageTitle": "Fix styling of code",
            "messageBody": "",
            "fileTypesAndContributionMap": {
              "functional-code": {
                "insertions": 0,
                "deletions": 1
              },
              "test-code": {
                "insertions": 1,
                "deletions": 1
              }
            }
          }
        ]
      },
      {
        "date": "2020-10-04",
        "commitResults": [
          {
            "hash": "db983c16c00b7d9ae6c90a0a2d43d56f6ceedc98",
            "messageTitle": "Change if statement to switch statement in PersonCard",
            "messageBody": "",
            "fileTypesAndContributionMap": {
              "functional-code": {
                "insertions": 12,
                "deletions": 8
              }
            }
          },
          {
            "hash": "47d3ba0426d4895b88f22b67b45fd91f5e5f5f24",
            "messageTitle": "Fix broken JavaDoc link in UiPartTest",
            "messageBody": "",
            "fileTypesAndContributionMap": {
              "test-code": {
                "insertions": 1,
                "deletions": 1
              }
            }
          }
        ]
      },
      {
        "date": "2020-10-06",
        "commitResults": [
          {
            "hash": "ac68e6a43d046be52fdbdcc291ee8167659d924f",
            "messageTitle": "Fix priority colours not showing up",
            "messageBody": "",
            "fileTypesAndContributionMap": {
              "functional-code": {
                "insertions": 1,
                "deletions": 0
              }
            }
          },
          {
            "hash": "0d08e7348b3414bf191fb2f52eac84f7dbe4412f",
            "messageTitle": "Fix JUnit test issues",
            "messageBody": "",
            "fileTypesAndContributionMap": {
              "test-code": {
                "insertions": 3,
                "deletions": 3
              }
            }
          },
          {
            "hash": "aba6b7085bee2bb2bf8525cf2227438497b3f882",
            "messageTitle": "Fix code styling",
            "messageBody": "",
            "fileTypesAndContributionMap": {
              "functional-code": {
                "insertions": 0,
                "deletions": 4
              },
              "test-code": {
                "insertions": 6,
                "deletions": 5
              }
            }
          },
          {
            "hash": "94170e7d12c37108348243127d7e680fd77da67f",
            "messageTitle": "Change import statement in CommandException",
            "messageBody": "",
            "fileTypesAndContributionMap": {
              "functional-code": {
                "insertions": 1,
                "deletions": 1
              }
            }
          },
          {
            "hash": "5872ad1207117f1933626c6b3a4fe5d3b18c630d",
            "messageTitle": "Update code styling",
            "messageBody": "",
            "fileTypesAndContributionMap": {
              "test-code": {
                "insertions": 4,
                "deletions": 4
              }
            }
          },
          {
            "hash": "569a8dac433339d9af66c21013879db818c62235",
            "messageTitle": "Replace leftover occurences of phone with priority",
            "messageBody": "",
            "fileTypesAndContributionMap": {
              "test-code": {
                "insertions": 4,
                "deletions": 8
              }
            }
          },
          {
            "hash": "97b06cd43d9e42949911a15b421af0924350c2f2",
            "messageTitle": "Fix code styling",
            "messageBody": "",
            "fileTypesAndContributionMap": {
              "test-code": {
                "insertions": 6,
                "deletions": 1
              }
            }
          }
        ]
      },
      {
        "date": "2020-10-13",
        "commitResults": [
          {
            "hash": "749cfe510170ef177b1546aecf7406392cce49f3",
            "messageTitle": "Change regex of tag to accept common special characters",
            "messageBody": "",
            "fileTypesAndContributionMap": {
              "functional-code": {
                "insertions": 1,
                "deletions": 1
              }
            }
          },
          {
            "hash": "2fafae83ec1cf5a35a137105389c6a43b8ea0b19",
            "messageTitle": "Change error message for tags",
            "messageBody": "",
            "fileTypesAndContributionMap": {
              "functional-code": {
                "insertions": 2,
                "deletions": 1
              }
            }
          },
          {
            "hash": "979e5e5a565f025fc85b15f056fe686a786eb0c5",
            "messageTitle": "Change default tags in SampleDataUtil",
            "messageBody": "",
            "fileTypesAndContributionMap": {
              "functional-code": {
                "insertions": 6,
                "deletions": 6
              }
            }
          },
          {
            "hash": "11f5e0623f66e945e6f9d29ad2e6d85ba8fd7f93",
            "messageTitle": "Update tags in JUnit test",
            "messageBody": "",
            "fileTypesAndContributionMap": {
              "test-code": {
                "insertions": 66,
                "deletions": 66
              }
            }
          },
          {
            "hash": "f3e859968278b1df49ace001e5ac97a3aacd6ddd",
            "messageTitle": "Change tags in example of add command",
            "messageBody": "",
            "fileTypesAndContributionMap": {
              "functional-code": {
                "insertions": 2,
                "deletions": 2
              }
            }
          },
          {
            "hash": "a3b14454686b6d3d6702daa15fa2d10166d3499e",
            "messageTitle": "Change Tag to accept white space",
            "messageBody": "",
            "fileTypesAndContributionMap": {
              "functional-code": {
                "insertions": 1,
                "deletions": 1
              }
            }
          }
        ]
      },
      {
        "date": "2020-10-14",
        "commitResults": [
          {
            "hash": "509401c97edd74f84920616e47758cc5c53766d5",
            "messageTitle": "Update error message for invalid tags",
            "messageBody": "",
            "fileTypesAndContributionMap": {
              "functional-code": {
                "insertions": 1,
                "deletions": 1
              }
            }
          },
          {
            "hash": "9664753ba2d2e4353704b0d0d05cd65dc2375b79",
            "messageTitle": "Update Tag in user guide",
            "messageBody": "",
            "fileTypesAndContributionMap": {
              "docs": {
                "insertions": 6,
                "deletions": 3
              }
            }
          }
        ]
      }
    ],
    "rolandyuwy": [
      {
        "date": "2020-09-21",
        "commitResults": [
          {
            "hash": "493851cea7cafeaa2f8e6cf586b2528cb187c9ae",
            "messageTitle": "Update AboutUs - Roland",
            "messageBody": "",
            "fileTypesAndContributionMap": {
              "docs": {
                "insertions": 3,
                "deletions": 3
              }
            }
          },
          {
            "hash": "a4380ddee5c38cd3c22c69cfdc558b6b2390213c",
            "messageTitle": "Update UG",
            "messageBody": "",
            "fileTypesAndContributionMap": {
              "docs": {
                "insertions": 9,
                "deletions": 41
              }
            }
          },
          {
            "hash": "37e41d7229e14d1fd1cf808b8313f95717f847ae",
            "messageTitle": "Update portfolio information for AboutUs",
            "messageBody": "",
            "fileTypesAndContributionMap": {
              "docs": {
                "insertions": 47,
                "deletions": 1
              }
            }
          }
        ]
      },
      {
        "date": "2020-09-28",
        "commitResults": [
          {
            "hash": "553815f5ac2612957ae430a445328899f12e0afc",
            "messageTitle": "Update AboutUs - Roles and Responsibilities",
            "messageBody": "",
            "fileTypesAndContributionMap": {
              "docs": {
                "insertions": 37,
                "deletions": 25
              }
            }
          }
        ]
      },
      {
        "date": "2020-09-30",
        "commitResults": [
          {
            "hash": "14a6691205e4fb9e663d3453217819ee879c523f",
            "messageTitle": "Update Developer Guide - Use Cases",
            "messageBody": "",
            "fileTypesAndContributionMap": {
              "docs": {
                "insertions": 28,
                "deletions": 28
              }
            }
          },
          {
            "hash": "ee05bfd3d06807c52fda978472ea7a2adf20714f",
            "messageTitle": "Update About Us - Roles and Responsibilities",
            "messageBody": "",
            "fileTypesAndContributionMap": {
              "docs": {
                "insertions": 13,
                "deletions": 11
              }
            }
          }
        ]
      },
      {
        "date": "2020-10-01",
        "commitResults": [
          {
            "hash": "7d8d340b214d3cafe5674cb5dc32ab4c1eebe2bd",
            "messageTitle": "Remove redundant step in use case",
            "messageBody": "",
            "fileTypesAndContributionMap": {
              "docs": {
                "insertions": 0,
                "deletions": 2
              }
            }
          }
        ]
      },
      {
        "date": "2020-10-04",
        "commitResults": [
          {
            "hash": "ead69d4b5f5d81a183c31687cbdd3cdd04f63dba",
            "messageTitle": "Rename all occurrences of address book to SimplyKitchen or SimplyKitchen inventory and Person to Food",
            "messageBody": "",
            "fileTypesAndContributionMap": {
              "functional-code": {
                "insertions": 1043,
                "deletions": 1033
              },
              "other": {
                "insertions": 972,
                "deletions": 960
              },
              "docs": {
                "insertions": 47,
                "deletions": 47
              },
              "test-code": {
                "insertions": 1256,
                "deletions": 1241
              }
            }
          },
          {
            "hash": "d55dfff96c99da7184af0c774d3c9f00770118ba",
            "messageTitle": "Fix wrong refactoring",
            "messageBody": "",
            "fileTypesAndContributionMap": {
              "docs": {
                "insertions": 43,
                "deletions": 43
              }
            }
          },
          {
            "hash": "b88d42e13b8bc23f3972056829e313eab9e6b240",
            "messageTitle": "Rename remaining occurrences of address book to SimplyKitchen or SimplyKitchen inventory and Person to Food",
            "messageBody": "",
            "fileTypesAndContributionMap": {
              "test-code": {
                "insertions": 2,
                "deletions": 2
              }
            }
          }
        ]
      },
      {
        "date": "2020-10-05",
        "commitResults": [
          {
            "hash": "3629eb21217632ade4aeb73a7d756e123f647460",
            "messageTitle": "Refactor code from SimplyKitchen Inventory to Food Inventory",
            "messageBody": "",
            "fileTypesAndContributionMap": {
              "functional-code": {
                "insertions": 182,
                "deletions": 182
              },
              "other": {
                "insertions": 94,
                "deletions": 94
              },
              "test-code": {
                "insertions": 249,
                "deletions": 249
              }
            }
          }
        ]
      },
      {
        "date": "2020-10-06",
        "commitResults": [
          {
            "hash": "74e813f56328312d650a9b8d0c9ae177284bca17",
            "messageTitle": "Update developer guide",
            "messageBody": "",
            "fileTypesAndContributionMap": {
              "docs": {
                "insertions": 6,
                "deletions": 6
              }
            }
          },
          {
            "hash": "6e94e8998a0cb1d42934f8dc60cdb1e9e4cebd36",
            "messageTitle": "Update address",
            "messageBody": "",
            "fileTypesAndContributionMap": {
              "functional-code": {
                "insertions": 2,
                "deletions": 2
              }
            }
          },
          {
            "hash": "0c5d9ad3ebf6a9c1d3c5416bf51e5ed4f919b5a4",
            "messageTitle": "Refactor persons to foods",
            "messageBody": "",
            "fileTypesAndContributionMap": {
              "functional-code": {
                "insertions": 1,
                "deletions": 1
              }
            }
          },
          {
            "hash": "314888238662a532fe36f4228641c2af586fc7e5",
            "messageTitle": "Refactor persons to food items",
            "messageBody": "",
            "fileTypesAndContributionMap": {
              "functional-code": {
                "insertions": 1,
                "deletions": 1
              }
            }
          },
          {
            "hash": "262f27643ac8cb33369cc0650be5103880948462",
            "messageTitle": "Refactor addressBook to foodInventory",
            "messageBody": "",
            "fileTypesAndContributionMap": {
              "functional-code": {
                "insertions": 1,
                "deletions": 1
              }
            }
          },
          {
            "hash": "23189d32082f7c6ec3ad0042c882ac2016ae43bc",
            "messageTitle": "Fix typo in MainWindow.fxml",
            "messageBody": "",
            "fileTypesAndContributionMap": {
              "functional-code": {
                "insertions": 1,
                "deletions": 1
              }
            }
          },
          {
            "hash": "d65aecd10246e78c16cd476e2381e8dd1cdf796b",
            "messageTitle": "Refactor to expectedFoodInventory",
            "messageBody": "",
            "fileTypesAndContributionMap": {
              "test-code": {
                "insertions": 3,
                "deletions": 3
              }
            }
          },
          {
            "hash": "e271506d6cea3a7f2fd775755b98a71b1c4fe1dd",
            "messageTitle": "Refactor javadoc for food inventory",
            "messageBody": "",
            "fileTypesAndContributionMap": {
              "test-code": {
                "insertions": 3,
                "deletions": 3
              }
            }
          },
          {
            "hash": "19efda4921026e810a498cee02ba5702644afefa",
            "messageTitle": "Refactor javadoc for foods",
            "messageBody": "",
            "fileTypesAndContributionMap": {
              "test-code": {
                "insertions": 1,
                "deletions": 1
              }
            }
          },
          {
            "hash": "d781465520a8a38187a86288ee5a925a9fbb8657",
            "messageTitle": "Fix grammatical errors",
            "messageBody": "",
            "fileTypesAndContributionMap": {
              "functional-code": {
                "insertions": 6,
                "deletions": 6
              }
            }
          }
        ]
      },
      {
        "date": "2020-10-13",
        "commitResults": [
          {
            "hash": "38804256d96ce3f43e3628fbac912f11a74efc21",
            "messageTitle": "Update User Guide for Edit Command and Clear Command",
            "messageBody": "",
            "fileTypesAndContributionMap": {
              "docs": {
                "insertions": 20,
                "deletions": 1
              }
            }
          }
        ]
      },
      {
        "date": "2020-10-14",
        "commitResults": [
          {
            "hash": "8653dbd75b7fff123382aa1112de8f1f9fb71424",
            "messageTitle": "Update specifications for edit command in user guide",
            "messageBody": "",
            "fileTypesAndContributionMap": {
              "docs": {
                "insertions": 1,
                "deletions": 1
              }
            }
          }
        ]
      }
    ],
    "bchenghi": [
      {
        "date": "2020-09-19",
        "commitResults": [
          {
            "hash": "98d71e692f8c6291267b66ce11a6b3f295ac55ea",
            "messageTitle": "Update README",
            "messageBody": "",
            "fileTypesAndContributionMap": {
              "docs": {
                "insertions": 10,
                "deletions": 1
              }
            }
          },
          {
            "hash": "b7721a214c021f72b7ca34e5724d69f7802a9a5a",
            "messageTitle": "Update README",
            "messageBody": "",
            "fileTypesAndContributionMap": {
              "docs": {
                "insertions": 2,
                "deletions": 2
              }
            }
          },
          {
            "hash": "230b76f7783a89ff0dd1e933cde27d82b9748dd1",
            "messageTitle": "Update README for test",
            "messageBody": "",
            "fileTypesAndContributionMap": {
              "docs": {
                "insertions": 2,
                "deletions": 2
              }
            }
          },
          {
            "hash": "aff9ad2ebdffa3e06206855bfd79b2162f6f30de",
            "messageTitle": "Change height of logo",
            "messageBody": "",
            "fileTypesAndContributionMap": {
              "docs": {
                "insertions": 1,
                "deletions": 1
              }
            }
          },
          {
            "hash": "17d1ec601f89ad6cd571fef3150dab1488f8cddf",
            "messageTitle": "Add about section to README",
            "messageBody": "",
            "fileTypesAndContributionMap": {
              "docs": {
                "insertions": 3,
                "deletions": 0
              }
            }
          },
          {
            "hash": "b5681dddf61da5258ec1fd2977c9426dcd4e10ca",
            "messageTitle": "Change logo",
            "messageBody": "",
            "fileTypesAndContributionMap": {
              "docs": {
                "insertions": 2,
                "deletions": 5
              }
            }
          },
          {
            "hash": "9e5a8e6eeeda59b64153d0a984452bf333ef3c1e",
            "messageTitle": "Update README",
            "messageBody": " Image links use AY2021S1-CS2103T-F13-4 in path",
            "fileTypesAndContributionMap": {
              "docs": {
                "insertions": 4,
                "deletions": 2
              }
            }
          }
        ]
      },
      {
        "date": "2020-09-20",
        "commitResults": [
          {
            "hash": "b1d2d4988796afcde0fb0bb10d7bc06c35f30ed4",
            "messageTitle": "Update UG Delete command",
            "messageBody": "",
            "fileTypesAndContributionMap": {
              "docs": {
                "insertions": 7,
                "deletions": 7
              }
            }
          },
          {
            "hash": "ad1a4848319e5dfab93c76b37ed0dc6a1b8cb10d",
            "messageTitle": "Update AboutUs",
            "messageBody": "",
            "fileTypesAndContributionMap": {
              "docs": {
                "insertions": 51,
                "deletions": 5
              }
            }
          },
          {
            "hash": "9b21098a4ff0a7bc24c798bae2602364e60338c4",
            "messageTitle": "Update UserGuide.md",
            "messageBody": "",
            "fileTypesAndContributionMap": {
              "docs": {
                "insertions": 2,
                "deletions": 2
              }
            }
          }
        ]
      },
      {
        "date": "2020-09-21",
        "commitResults": [
          {
            "hash": "eb5b841ee5b0d271fbb66467902fc494f694684d",
            "messageTitle": "Update README.md",
            "messageBody": "Update Github action badge",
            "fileTypesAndContributionMap": {
              "docs": {
                "insertions": 1,
                "deletions": 1
              }
            }
          },
          {
            "hash": "54175330b8ad315aafbfb065ddcaf7121812cf21",
            "messageTitle": "Change image from jpg to png",
            "messageBody": "",
            "fileTypesAndContributionMap": {
              "docs": {
                "insertions": 1,
                "deletions": 1
              }
            }
          },
          {
            "hash": "46f619b69f64bbd8c1b6e3cb9291d576dec340a9",
            "messageTitle": "Update image name",
            "messageBody": "",
            "fileTypesAndContributionMap": {
              "docs": {
                "insertions": 1,
                "deletions": 1
              }
            }
          },
          {
            "hash": "daf50043dc0e10fb7be05240c83be580706f4129",
            "messageTitle": "Update portfolio name",
            "messageBody": "",
            "fileTypesAndContributionMap": {
              "docs": {
                "insertions": 1,
                "deletions": 1
              }
            }
          }
        ]
      },
      {
        "date": "2020-09-27",
        "commitResults": [
          {
            "hash": "050c02487ea9bcf6dc2f9222a1f43f7d6993361a",
            "messageTitle": "Rename strings",
            "messageBody": "",
            "fileTypesAndContributionMap": {
              "functional-code": {
                "insertions": 2,
                "deletions": 2
              }
            }
          }
        ]
      },
      {
        "date": "2020-09-29",
        "commitResults": [
          {
            "hash": "9d7bea7acab8d2552a865236fb2e22696f08f307",
            "messageTitle": "Replace Name with Description",
            "messageBody": "",
            "fileTypesAndContributionMap": {
              "functional-code": {
                "insertions": 71,
                "deletions": 67
              },
              "other": {
                "insertions": 22,
                "deletions": 22
              },
              "docs": {
                "insertions": 5,
                "deletions": 5
              },
              "test-code": {
                "insertions": 107,
                "deletions": 105
              }
            }
          }
        ]
      },
      {
        "date": "2020-09-30",
        "commitResults": [
          {
            "hash": "40645e48b8b0424fcb419254270817d8fbca0b9a",
            "messageTitle": "Rename NameContainsKeywordsPredicate to DescriptionContainsKeywordsPredicate",
            "messageBody": "",
            "fileTypesAndContributionMap": {
              "functional-code": {
                "insertions": 5,
                "deletions": 5
              },
              "other": {
                "insertions": 4,
                "deletions": 4
              },
              "test-code": {
                "insertions": 64,
                "deletions": 58
              }
            }
          },
          {
            "hash": "9492a2f32eae861dcb301d14362a30c000275b16",
            "messageTitle": "Update SampleDataUtil",
            "messageBody": "",
            "fileTypesAndContributionMap": {
              "functional-code": {
                "insertions": 6,
                "deletions": 6
              }
            }
          },
          {
            "hash": "c0c758f8d8b9947bdd0966e6850f11f1f1e16cf0",
            "messageTitle": "Update TypicalPersons.java with food descriptions",
            "messageBody": "",
            "fileTypesAndContributionMap": {
              "test-code": {
                "insertions": 137,
                "deletions": 133
              }
            }
          },
          {
            "hash": "481192bfaef74b59ef4190bc97a80dc8388be80f",
            "messageTitle": "Replace Name with Description in PersonBuilder",
            "messageBody": "",
            "fileTypesAndContributionMap": {
              "test-code": {
                "insertions": 1,
                "deletions": 1
              }
            }
          },
          {
            "hash": "d792b01f5e952e6c6af1ecbdb9b0cf721be0634c",
            "messageTitle": "Update MESSAGE_USAGE for AddCommand and FindCommand",
            "messageBody": "",
            "fileTypesAndContributionMap": {
              "functional-code": {
                "insertions": 3,
                "deletions": 3
              }
            }
          },
          {
            "hash": "19a7bcb8361c278c2a6797e0c72129374c223db6",
            "messageTitle": "Update CommandTestUtil with food descriptions",
            "messageBody": "",
            "fileTypesAndContributionMap": {
              "test-code": {
                "insertions": 49,
                "deletions": 47
              }
            }
          },
          {
            "hash": "8c4a70928da987b777937aad1a4515148bdc607b",
            "messageTitle": "Update AddCommandTest\u0027s equals test",
            "messageBody": "",
            "fileTypesAndContributionMap": {
              "test-code": {
                "insertions": 10,
                "deletions": 10
              }
            }
          }
        ]
      },
      {
        "date": "2020-10-01",
        "commitResults": [
          {
            "hash": "13dd1bbe6e220b60d0862784a6b796a7f5e8ef73",
            "messageTitle": "Rename parseName to parseDescription in Description",
            "messageBody": "",
            "fileTypesAndContributionMap": {
              "functional-code": {
                "insertions": 10,
                "deletions": 9
              },
              "test-code": {
                "insertions": 9,
                "deletions": 9
              }
            }
          },
          {
            "hash": "76c10ea8ca4e7fbef88273e020757188fdceaea9",
            "messageTitle": "Rename people\u0027s names to food description",
            "messageBody": "",
            "fileTypesAndContributionMap": {
              "functional-code": {
                "insertions": 2,
                "deletions": 2
              },
              "test-code": {
                "insertions": 37,
                "deletions": 35
              }
            }
          },
          {
            "hash": "40e656e45c4c7052ad23aca1713f195ab875ab31",
            "messageTitle": "Reverse changes from name to description in docs",
            "messageBody": "",
            "fileTypesAndContributionMap": {
              "docs": {
                "insertions": 4,
                "deletions": 4
              }
            }
          },
          {
            "hash": "412aa9b78e3911cd273da404930dd9206bfaeab2",
            "messageTitle": "Reverse changes made in AddRemark.md",
            "messageBody": "",
            "fileTypesAndContributionMap": {
              "docs": {
                "insertions": 1,
                "deletions": 1
              }
            }
          },
          {
            "hash": "4ff2bd7819e361b4c5e45033c0d882e21e2e8ad5",
            "messageTitle": "Update comment in TypicalPersons.java",
            "messageBody": "",
            "fileTypesAndContributionMap": {
              "test-code": {
                "insertions": 1,
                "deletions": 1
              }
            }
          },
          {
            "hash": "62eef26d627cc06f50d2a4b47705f18f2bd82b39",
            "messageTitle": "Replace \u0027name\u0027 with \u0027description\u0027",
            "messageBody": "",
            "fileTypesAndContributionMap": {
              "functional-code": {
                "insertions": 7,
                "deletions": 7
              },
              "test-code": {
                "insertions": 33,
                "deletions": 33
              }
            }
          },
          {
            "hash": "0b3cac8bab18a57351a3aea3b7f5cb7c654eb55b",
            "messageTitle": "Fix checkstyle in EditCommandParserTest",
            "messageBody": "",
            "fileTypesAndContributionMap": {
              "test-code": {
                "insertions": 2,
                "deletions": 1
              }
            }
          },
          {
            "hash": "51d2721068c034fffe8381b542bfba06bf202bdf",
            "messageTitle": "Replace names of people with food description",
            "messageBody": "",
            "fileTypesAndContributionMap": {
              "test-code": {
                "insertions": 26,
                "deletions": 24
              }
            }
          }
        ]
      },
      {
        "date": "2020-10-06",
        "commitResults": [
          {
            "hash": "a06b5461b457d142c2c657947578bbfb8d157567",
            "messageTitle": "Update Ui.png, logo and application name",
            "messageBody": "",
            "fileTypesAndContributionMap": {
              "functional-code": {
                "insertions": 3,
                "deletions": 3
              },
              "test-code": {
                "insertions": 1,
                "deletions": 1
              }
            }
          }
        ]
      },
      {
        "date": "2020-10-13",
        "commitResults": [
          {
            "hash": "8f221c9eef8437f061aa9b63a4f3ee68dd4f0747",
            "messageTitle": "Update help window and link",
            "messageBody": "",
            "fileTypesAndContributionMap": {
              "functional-code": {
                "insertions": 1,
                "deletions": 1
              }
            }
          },
          {
            "hash": "a30461d197af97f05fb231cf2c031e60f046686a",
            "messageTitle": "Update UG",
            "messageBody": "",
            "fileTypesAndContributionMap": {
              "docs": {
                "insertions": 20,
                "deletions": 17
              }
            }
          },
          {
            "hash": "9fd1e6e3c7d62b702ed83cf1c07863770eee6405",
            "messageTitle": "Update UG",
            "messageBody": "",
            "fileTypesAndContributionMap": {
              "docs": {
                "insertions": 17,
                "deletions": 11
              }
            }
          }
        ]
      },
      {
        "date": "2020-10-14",
        "commitResults": [
          {
            "hash": "30d26dc36759325f133d55b70a4c6f4e6a81bba2",
            "messageTitle": "Update UG",
            "messageBody": "",
            "fileTypesAndContributionMap": {
              "docs": {
                "insertions": 11,
                "deletions": 17
              }
            }
          },
          {
            "hash": "a20b28321ca8b6487950a0d9bbdb7f3012fa35a7",
            "messageTitle": "Update UG",
            "messageBody": "",
            "fileTypesAndContributionMap": {
              "docs": {
                "insertions": 1,
                "deletions": 1
              }
            }
          }
        ]
      }
    ]
  },
  "authorFileTypeContributionMap": {
    "sagarsureka": {
      "docs": 60,
      "functional-code": 12,
      "test-code": 38
    },
    "SONGYI98": {
      "docs": 61,
      "functional-code": 130,
      "test-code": 95
    },
    "jonahtanjz": {
      "docs": 132,
      "functional-code": 160,
      "test-code": 228
    },
    "rolandyuwy": {
      "docs": 134,
      "functional-code": 1322,
      "test-code": 1372,
      "other": 1
    },
    "bchenghi": {
      "docs": 77,
      "functional-code": 100,
      "test-code": 329
    }
  },
  "authorContributionVariance": {
    "sagarsureka": 2971.3538,
    "SONGYI98": 93475.29,
    "jonahtanjz": 10244.397,
    "rolandyuwy": 722926.25,
    "bchenghi": 8177.6504
  },
  "authorDisplayNameMap": {
    "sagarsureka": "CS2103T-F13-4 SAGA..REKA",
    "SONGYI98": "CS2103T-F13-4 ANG ..G YI",
    "jonahtanjz": "CS2103T-F13-4 JONA..N ZI",
    "rolandyuwy": "CS2103T-F13-4 ROLA..YANG",
    "bchenghi": "CS2103T-F13-4 BOH .. HIN"
  }
}
