{
  "authorDailyContributionsMap": {
    "seantaysl": [
      {
        "date": "2020-09-22",
        "commitResults": [
          {
            "hash": "f4ef08f0dc45932b6086027224a75f28b7ba7b60",
            "messageTitle": "Remove Address Class",
            "messageBody": "",
            "fileTypesAndContributionMap": {
              "functional-code": {
                "insertions": 11,
                "deletions": 142
              },
              "test-code": {
                "insertions": 52,
                "deletions": 206
              }
            }
          },
          {
            "hash": "aaed76e6092d33a49c780d3e837bfcb5af53967e",
            "messageTitle": "Remove address from json files",
            "messageBody": "",
            "fileTypesAndContributionMap": {
              "test-code": {
                "insertions": 5,
                "deletions": 18
              }
            }
          }
        ]
      },
      {
        "date": "2020-09-28",
        "commitResults": [
          {
            "hash": "c000bf2156a140b991babc8120f8e4e703f6f33c",
            "messageTitle": "Update AboutUs.md and Add profile photo",
            "messageBody": "",
            "fileTypesAndContributionMap": {
              "docs": {
                "insertions": 4,
                "deletions": 6
              }
            }
          }
        ]
      },
      {
        "date": "2020-09-29",
        "commitResults": [
          {
            "hash": "986cc3154eeb79a9dc22d3bb571e156eb4bbb6b0",
            "messageTitle": "Add responsibilities to AboutUs",
            "messageBody": "",
            "fileTypesAndContributionMap": {
              "docs": {
                "insertions": 1,
                "deletions": 0
              }
            }
          }
        ]
      },
      {
        "date": "2020-10-01",
        "commitResults": [
          {
            "hash": "6d545dc6e70ca947d727cb44b824c096e7dfbe47",
            "messageTitle": "Update AboutUs",
            "messageBody": "",
            "fileTypesAndContributionMap": {
              "docs": {
                "insertions": 0,
                "deletions": 1
              }
            }
          }
        ]
      },
      {
        "date": "2020-10-05",
        "commitResults": [
          {
            "hash": "d8bf6f765c8ba30f095d806b433d19ffab620382",
            "messageTitle": "Add Module Class",
            "messageBody": "",
            "fileTypesAndContributionMap": {
              "functional-code": {
                "insertions": 40,
                "deletions": 0
              }
            }
          },
          {
            "hash": "aea91483a641b712c4e0aa450d83edadcec375ee",
            "messageTitle": "Update Module Class",
            "messageBody": "",
            "fileTypesAndContributionMap": {
              "functional-code": {
                "insertions": 42,
                "deletions": 1
              }
            }
          },
          {
            "hash": "c0f0511ce42ac4465a94a9a0a8ce3ba6932eb735",
            "messageTitle": "Update Module usage in Student",
            "messageBody": "",
            "fileTypesAndContributionMap": {
              "functional-code": {
                "insertions": 8,
                "deletions": 8
              },
              "test-code": {
                "insertions": 21,
                "deletions": 3
              }
            }
          },
          {
            "hash": "5a9257132ef6e2eb2b9903e371f33cba2e206a3d",
            "messageTitle": "Add ModuleTest class",
            "messageBody": "",
            "fileTypesAndContributionMap": {
              "test-code": {
                "insertions": 35,
                "deletions": 0
              }
            }
          },
          {
            "hash": "9d14ccd845425a7570b6505cd2bca168eada4312",
            "messageTitle": "Update javadoc comments",
            "messageBody": "",
            "fileTypesAndContributionMap": {
              "functional-code": {
                "insertions": 3,
                "deletions": 3
              }
            }
          },
          {
            "hash": "668feccb333f20826f1fc6b09c5c0d70dc881d76",
            "messageTitle": "Update StudentBuilder constructor",
            "messageBody": "",
            "fileTypesAndContributionMap": {
              "test-code": {
                "insertions": 2,
                "deletions": 1
              }
            }
          },
          {
            "hash": "9d588e4abd96edf8a3ae3717d775e27ac6b264eb",
            "messageTitle": "Fix styling issues",
            "messageBody": "",
            "fileTypesAndContributionMap": {
              "functional-code": {
                "insertions": 10,
                "deletions": 11
              },
              "test-code": {
                "insertions": 2,
                "deletions": 2
              }
            }
          }
        ]
      },
      {
        "date": "2020-10-11",
        "commitResults": [
          {
            "hash": "84c31ca44192b60f2b566fb9f6501cd16439e84e",
            "messageTitle": "Add parseModule method",
            "messageBody": "",
            "fileTypesAndContributionMap": {
              "functional-code": {
                "insertions": 17,
                "deletions": 0
              }
            }
          },
          {
            "hash": "6f5d0784116ff380370a03d1d5aff4c483381795",
            "messageTitle": "Add module into AddCommandParser",
            "messageBody": "",
            "fileTypesAndContributionMap": {
              "functional-code": {
                "insertions": 8,
                "deletions": 10
              }
            }
          },
          {
            "hash": "913bc23e6755f27ee03dc69fa1d4cb927df00598",
            "messageTitle": "Add UniqueModuleList class",
            "messageBody": "",
            "fileTypesAndContributionMap": {
              "functional-code": {
                "insertions": 4,
                "deletions": 0
              }
            }
          },
          {
            "hash": "420a3df7532f3379b51cc4b098e3274ce0cb1964",
            "messageTitle": "Add isSameModule method",
            "messageBody": "",
            "fileTypesAndContributionMap": {
              "functional-code": {
                "insertions": 13,
                "deletions": 0
              }
            }
          },
          {
            "hash": "0e36fc7b4c6190aa115d5976c16a41a30a2b4982",
            "messageTitle": "Add Module Exceptions",
            "messageBody": "",
            "fileTypesAndContributionMap": {
              "functional-code": {
                "insertions": 18,
                "deletions": 0
              }
            }
          },
          {
            "hash": "2c52da06bbf306192f3df7920a48533104d01c0e",
            "messageTitle": "Update UniqueModuleList",
            "messageBody": "",
            "fileTypesAndContributionMap": {
              "functional-code": {
                "insertions": 122,
                "deletions": 1
              }
            }
          },
          {
            "hash": "3d414a835721fa24cf7a8d89c82c212db32bdc16",
            "messageTitle": "Add TypicalModules class",
            "messageBody": "",
            "fileTypesAndContributionMap": {
              "test-code": {
                "insertions": 12,
                "deletions": 0
              }
            }
          },
          {
            "hash": "6898e6aafecb26514e8c1d7fd6917c6eea802c4d",
            "messageTitle": "Add UniqueModuleListTest",
            "messageBody": "",
            "fileTypesAndContributionMap": {
              "test-code": {
                "insertions": 160,
                "deletions": 0
              }
            }
          },
          {
            "hash": "9d97ea717baad959b6be0b732a974532f80b345b",
            "messageTitle": "Fix javadoc comment",
            "messageBody": "",
            "fileTypesAndContributionMap": {
              "functional-code": {
                "insertions": 2,
                "deletions": 2
              }
            }
          },
          {
            "hash": "45d6d0986bf68a0cc5b8249b97a6b3b68cbbe8ab",
            "messageTitle": "Fix styling issues",
            "messageBody": "",
            "fileTypesAndContributionMap": {
              "functional-code": {
                "insertions": 6,
                "deletions": 4
              },
              "test-code": {
                "insertions": 11,
                "deletions": 8
              }
            }
          },
          {
            "hash": "c8f53a4b174725352ac6551a692e3ce533d3fbb0",
            "messageTitle": "Revert \"Add module into AddCommandParser\"",
            "messageBody": "This reverts commit 6f5d0784116ff380370a03d1d5aff4c483381795.\n",
            "fileTypesAndContributionMap": {
              "functional-code": {
                "insertions": 10,
                "deletions": 8
              }
            }
          },
          {
            "hash": "c401b422197fc1e8fa1284030195ea35230b6ffb",
            "messageTitle": "Add AddModuleCommand class",
            "messageBody": "",
            "fileTypesAndContributionMap": {
              "functional-code": {
                "insertions": 47,
                "deletions": 0
              }
            }
          },
          {
            "hash": "dc79f6291b6a41307fabae64c6a4f1cc7fbfdbba",
            "messageTitle": "Add AddModuleCommandParser class",
            "messageBody": "",
            "fileTypesAndContributionMap": {
              "functional-code": {
                "insertions": 25,
                "deletions": 0
              }
            }
          },
          {
            "hash": "baedf7d9af92b56da2450e02ac5ab637753b6a83",
            "messageTitle": "Fix styling issues",
            "messageBody": "",
            "fileTypesAndContributionMap": {
              "functional-code": {
                "insertions": 6,
                "deletions": 6
              }
            }
          }
        ]
      },
      {
        "date": "2020-10-12",
        "commitResults": [
          {
            "hash": "5b96f95f5d916f516155fdd945d4d338a0d142ba",
            "messageTitle": "Add AddModuleCommandTest class",
            "messageBody": "",
            "fileTypesAndContributionMap": {
              "test-code": {
                "insertions": 26,
                "deletions": 0
              }
            }
          },
          {
            "hash": "b4518be5435e697764e263e512bf7eb29e2419c7",
            "messageTitle": "Fix wrong class name",
            "messageBody": "",
            "fileTypesAndContributionMap": {
              "other": {
                "insertions": 1,
                "deletions": 1
              }
            }
          },
          {
            "hash": "8b551c8133fe748a2f2d4d62f12be66be6566de8",
            "messageTitle": "Add AddModuleCommandTest class",
            "messageBody": "",
            "fileTypesAndContributionMap": {
              "test-code": {
                "insertions": 5,
                "deletions": 0
              }
            }
          }
        ]
      },
      {
        "date": "2020-10-22",
        "commitResults": [
          {
            "hash": "b871925aff2815476e94e2996e0902a54789aa19",
            "messageTitle": "Update DG with Add feature",
            "messageBody": "",
            "fileTypesAndContributionMap": {
              "docs": {
                "insertions": 27,
                "deletions": 1
              }
            }
          }
        ]
      },
      {
        "date": "2020-10-26",
        "commitResults": [
          {
            "hash": "266c07ff64dfcd28038a76d086a023f9ddc828fe",
            "messageTitle": "Update getting started and glossary",
            "messageBody": "",
            "fileTypesAndContributionMap": {
              "docs": {
                "insertions": 19,
                "deletions": 7
              }
            }
          },
          {
            "hash": "65e0bf0f072d2095994daf46ae8d37c70a168437",
            "messageTitle": "Update FAQ",
            "messageBody": "",
            "fileTypesAndContributionMap": {
              "docs": {
                "insertions": 6,
                "deletions": 6
              }
            }
          },
          {
            "hash": "3292bc7247f0d065f045eafc6814a23f3e905653",
            "messageTitle": "Update Switching views",
            "messageBody": "",
            "fileTypesAndContributionMap": {
              "docs": {
                "insertions": 6,
                "deletions": 2
              }
            }
          },
          {
            "hash": "f9a93b4620623e5d74b8adb2a72abb6a0acc8609",
            "messageTitle": "Remove PersonCard and PersonListPanel dependencies",
            "messageBody": "",
            "fileTypesAndContributionMap": {
              "functional-code": {
                "insertions": 3,
                "deletions": 3
              }
            }
          },
          {
            "hash": "bea3918a6666dd4c8d83d1d1b5d9bbef4080ebfc",
            "messageTitle": "Add TrackrTheme.css",
            "messageBody": "",
            "fileTypesAndContributionMap": {
              "functional-code": {
                "insertions": 70,
                "deletions": 0
              }
            }
          },
          {
            "hash": "9f8bba9f985df391a22bdf31d4ee226f9482e6ab",
            "messageTitle": "Remove PersonCard and PersonListPanel",
            "messageBody": "",
            "fileTypesAndContributionMap": {
              "functional-code": {
                "insertions": 0,
                "deletions": 123
              }
            }
          },
          {
            "hash": "35391e559b97e373326869c5a4cc5ace95aa29da",
            "messageTitle": "Remove unnecessary code",
            "messageBody": "",
            "fileTypesAndContributionMap": {
              "functional-code": {
                "insertions": 2,
                "deletions": 7
              }
            }
          },
          {
            "hash": "e370acb9fc74e2aae9f63411674c94fbdbcf4fbb",
            "messageTitle": "Add TrackrTheme dependency",
            "messageBody": "",
            "fileTypesAndContributionMap": {
              "functional-code": {
                "insertions": 1,
                "deletions": 0
              }
            }
          },
          {
            "hash": "a518f552bd255963bf97a48552b015af41aa1c7d",
            "messageTitle": "Add Graphics to UG",
            "messageBody": "",
            "fileTypesAndContributionMap": {
              "docs": {
                "insertions": 16,
                "deletions": 5
              }
            }
          },
          {
            "hash": "41aceaf5cd05b3315349ac9bb49c19b48ef70f5c",
            "messageTitle": "Add more FAQ and line breaks",
            "messageBody": "",
            "fileTypesAndContributionMap": {
              "docs": {
                "insertions": 19,
                "deletions": 9
              }
            }
          },
          {
            "hash": "2b0cc87310be6550f876030f6db6d0e4dbf570f0",
            "messageTitle": "Update UG numbering and layout",
            "messageBody": "",
            "fileTypesAndContributionMap": {
              "docs": {
                "insertions": 50,
                "deletions": 60
              }
            }
          }
        ]
      },
      {
        "date": "2020-10-27",
        "commitResults": [
          {
            "hash": "f1f8c1d2db4adc4c1a29fa4c797d751f9cd65730",
            "messageTitle": "Add ViewDisplay",
            "messageBody": "",
            "fileTypesAndContributionMap": {
              "functional-code": {
                "insertions": 55,
                "deletions": 15
              }
            }
          },
          {
            "hash": "9dd0e1fd833b44c00dd8e709695330defea6c12a",
            "messageTitle": "Update TrackrTheme.css",
            "messageBody": "",
            "fileTypesAndContributionMap": {
              "functional-code": {
                "insertions": 335,
                "deletions": 38
              }
            }
          },
          {
            "hash": "d1c375aeba1978291d7dd4e04adfc17f59cc83df",
            "messageTitle": "Change styleClass of viewDisplay",
            "messageBody": "",
            "fileTypesAndContributionMap": {
              "functional-code": {
                "insertions": 2,
                "deletions": 2
              }
            }
          },
          {
            "hash": "7bce35c8989e115b1e063f750079d38f60eab7bf",
            "messageTitle": "Remove menu temporarily",
            "messageBody": "",
            "fileTypesAndContributionMap": {
              "functional-code": {
                "insertions": 29,
                "deletions": 32
              }
            }
          },
          {
            "hash": "8ce0b36093d844406b05a9cb3055c426c31e4a50",
            "messageTitle": "Disable text writing",
            "messageBody": "",
            "fileTypesAndContributionMap": {
              "functional-code": {
                "insertions": 1,
                "deletions": 0
              }
            }
          },
          {
            "hash": "cc4a71e89876efc254678a4773580ffc6cc3e024",
            "messageTitle": "Update Ui code",
            "messageBody": "",
            "fileTypesAndContributionMap": {
              "functional-code": {
                "insertions": 5,
                "deletions": 2
              }
            }
          },
          {
            "hash": "7f699695ce17968e18f56f9fb14dd1e87b2685fe",
            "messageTitle": "Change default colour scheme",
            "messageBody": "",
            "fileTypesAndContributionMap": {
              "functional-code": {
                "insertions": 32,
                "deletions": 19
              }
            }
          },
          {
            "hash": "6dd23f5152cec9e7a3ea0baa6570596c10c7a1f8",
            "messageTitle": "Add Menu bar back",
            "messageBody": "",
            "fileTypesAndContributionMap": {
              "functional-code": {
                "insertions": 19,
                "deletions": 17
              }
            }
          },
          {
            "hash": "d2d03e1f5dd52111ec01d2e787d458a2ebbbedec",
            "messageTitle": "Fix some Checkstyle",
            "messageBody": "",
            "fileTypesAndContributionMap": {
              "functional-code": {
                "insertions": 17,
                "deletions": 13
              }
            }
          },
          {
            "hash": "ca7830c726e58bebe6878e6f0d0a2bdf1a150a5d",
            "messageTitle": "Change panel colours",
            "messageBody": "",
            "fileTypesAndContributionMap": {
              "functional-code": {
                "insertions": 2,
                "deletions": 2
              }
            }
          }
        ]
      },
      {
        "date": "2020-10-29",
        "commitResults": [
          {
            "hash": "d3f8cb69a70616a3034f344343e6c34ef8c10400",
            "messageTitle": "Fix styling for Parser commands",
            "messageBody": "",
            "fileTypesAndContributionMap": {
              "functional-code": {
                "insertions": 49,
                "deletions": 33
              }
            }
          },
          {
            "hash": "cc8f3f9e127f53faf1d2c085f4c881db38ca0467",
            "messageTitle": "Fix naming error",
            "messageBody": "",
            "fileTypesAndContributionMap": {
              "functional-code": {
                "insertions": 14,
                "deletions": 11
              }
            }
          },
          {
            "hash": "d36ab08586f9134b0b34448d4ae9dcaeae4369e5",
            "messageTitle": "Fix styling for Commands",
            "messageBody": "",
            "fileTypesAndContributionMap": {
              "functional-code": {
                "insertions": 61,
                "deletions": 47
              }
            }
          },
          {
            "hash": "c4a330d0356b885fb6081c137f4b45986100f7d4",
            "messageTitle": "Fix styling for logic and ui",
            "messageBody": "",
            "fileTypesAndContributionMap": {
              "functional-code": {
                "insertions": 5,
                "deletions": 7
              }
            }
          },
          {
            "hash": "ff15fc8e86ef004fb47dfa2e3260935836896569",
            "messageTitle": "Fix styling for model",
            "messageBody": "",
            "fileTypesAndContributionMap": {
              "functional-code": {
                "insertions": 6,
                "deletions": 6
              }
            }
          },
          {
            "hash": "3b5db4c2c8ee127a9f8a37dd91817207627ecf7f",
            "messageTitle": "Fix styling for some storage",
            "messageBody": "",
            "fileTypesAndContributionMap": {
              "functional-code": {
                "insertions": 27,
                "deletions": 33
              }
            }
          },
          {
            "hash": "060cd38f171d0164bc5941ba294a5db1b302eab7",
            "messageTitle": "Fix wrong Message statement",
            "messageBody": "",
            "fileTypesAndContributionMap": {
              "functional-code": {
                "insertions": 2,
                "deletions": 2
              }
            }
          },
          {
            "hash": "80c052e80df73afee57fee9d0cf3be998090b23d",
            "messageTitle": "Edit line in section 3.3",
            "messageBody": "",
            "fileTypesAndContributionMap": {
              "docs": {
                "insertions": 2,
                "deletions": 1
              }
            }
          }
        ]
      }
    ],
    "EthanTheGoondu": [
      {
        "date": "2020-09-28",
        "commitResults": [
          {
            "hash": "4bf6368e466f66819087440cc15177b767c0319b",
            "messageTitle": "Update AboutUs and add profile picture",
            "messageBody": "",
            "fileTypesAndContributionMap": {
              "docs": {
                "insertions": 4,
                "deletions": 5
              }
            }
          }
        ]
      },
      {
        "date": "2020-09-29",
        "commitResults": [
          {
            "hash": "aa3f8f13a4f051b194dba7b907bc143b6f213027",
            "messageTitle": "Edit AboutUs",
            "messageBody": "",
            "fileTypesAndContributionMap": {
              "docs": {
                "insertions": 1,
                "deletions": 1
              }
            }
          }
        ]
      },
      {
        "date": "2020-10-06",
        "commitResults": [
          {
            "hash": "4082b05f263526b9f43ce43f1b2823d5b0c80f34",
            "messageTitle": "Update help command, and update window title.",
            "messageBody": "",
            "fileTypesAndContributionMap": {
              "functional-code": {
                "insertions": 2,
                "deletions": 2
              }
            }
          },
          {
            "hash": "3702de18d3aea69e301538ec5aa437c5c27a770f",
            "messageTitle": "Small edits to code, AddTaskCommandParser now implements Parser, update AddTaskCommandParser and AddTutorialGroupCommandParser comments.",
            "messageBody": "",
            "fileTypesAndContributionMap": {
              "functional-code": {
                "insertions": 7,
                "deletions": 8
              }
            }
          }
        ]
      },
      {
        "date": "2020-10-07",
        "commitResults": [
          {
            "hash": "fd947f0a69b2f9782236d080c75ace75f0b83db0",
            "messageTitle": "Add todos.",
            "messageBody": "",
            "fileTypesAndContributionMap": {
              "functional-code": {
                "insertions": 6,
                "deletions": 4
              }
            }
          },
          {
            "hash": "ed856e0d5c110c3ba8226d94e1640441c642f2d7",
            "messageTitle": "Fix CheckStyle error.",
            "messageBody": "",
            "fileTypesAndContributionMap": {
              "functional-code": {
                "insertions": 2,
                "deletions": 1
              }
            }
          }
        ]
      },
      {
        "date": "2020-10-13",
        "commitResults": [
          {
            "hash": "ce6bf7601f97c88bff3738f552ba5f36f4e1eadf",
            "messageTitle": "Add Module Storage classes",
            "messageBody": "",
            "fileTypesAndContributionMap": {
              "functional-code": {
                "insertions": 123,
                "deletions": 0
              }
            }
          },
          {
            "hash": "88590565e1bf3a3002eb9e77cccbd19db886dff5",
            "messageTitle": "Update UserPrefs and MainApp",
            "messageBody": "",
            "fileTypesAndContributionMap": {
              "functional-code": {
                "insertions": 7,
                "deletions": 0
              }
            }
          },
          {
            "hash": "c90e0230f7a1a9ac2691620398373c22e6203b73",
            "messageTitle": "Update MainApp",
            "messageBody": "",
            "fileTypesAndContributionMap": {
              "functional-code": {
                "insertions": 3,
                "deletions": 0
              }
            }
          },
          {
            "hash": "a3e460f1d64360bfa9e76f8bccd617c4e679e128",
            "messageTitle": "Add Module Storage classes",
            "messageBody": "(cherry picked from commit ce6bf7601f97c88bff3738f552ba5f36f4e1eadf)\n",
            "fileTypesAndContributionMap": {
              "functional-code": {
                "insertions": 123,
                "deletions": 0
              }
            }
          },
          {
            "hash": "91351ea39cf5cc58af16f1ccea3deabb15a719c6",
            "messageTitle": "Update UserPrefs and MainApp",
            "messageBody": "(cherry picked from commit 88590565e1bf3a3002eb9e77cccbd19db886dff5)\n",
            "fileTypesAndContributionMap": {
              "functional-code": {
                "insertions": 7,
                "deletions": 0
              }
            }
          },
          {
            "hash": "d8ebd63e2e1b27e9e1eddff05fc5cc4ddff4c6cd",
            "messageTitle": "Introduce Json Module classes",
            "messageBody": "",
            "fileTypesAndContributionMap": {
              "functional-code": {
                "insertions": 178,
                "deletions": 2
              }
            }
          },
          {
            "hash": "f3eb3a4fd1268a5be99536dcc3951d1dd3877128",
            "messageTitle": "Change to multiple classes and fix checkstyle errors",
            "messageBody": "",
            "fileTypesAndContributionMap": {
              "functional-code": {
                "insertions": 25,
                "deletions": 14
              }
            }
          },
          {
            "hash": "79d34e04dc98af9ac733f5e516781b4d9fc69dbf",
            "messageTitle": "Fix merge issues",
            "messageBody": "",
            "fileTypesAndContributionMap": {
              "functional-code": {
                "insertions": 0,
                "deletions": 48
              }
            }
          }
        ]
      },
      {
        "date": "2020-10-20",
        "commitResults": [
          {
            "hash": "d241a58f5109d7a583f7254b816b0173bbc4c796",
            "messageTitle": "Edit Json classes and add Json Tut group",
            "messageBody": "",
            "fileTypesAndContributionMap": {
              "functional-code": {
                "insertions": 48,
                "deletions": 5
              }
            }
          },
          {
            "hash": "e8259aa2c661fe8b08ac8ba13cc5d8be93b37d33",
            "messageTitle": "Edit JavaDocs and mode Module class",
            "messageBody": "",
            "fileTypesAndContributionMap": {
              "functional-code": {
                "insertions": 23,
                "deletions": 25
              },
              "other": {
                "insertions": 1,
                "deletions": 5
              },
              "test-code": {
                "insertions": 7,
                "deletions": 4
              }
            }
          },
          {
            "hash": "a09f61bd6ac08e1c253bb039eda3555ec39a8be3",
            "messageTitle": "Fix CheckStyle errors",
            "messageBody": "",
            "fileTypesAndContributionMap": {
              "functional-code": {
                "insertions": 8,
                "deletions": 7
              }
            }
          },
          {
            "hash": "f00e14f74204de76d85583d85e2968b0d655ea27",
            "messageTitle": "Fix CheckStyle errors",
            "messageBody": "",
            "fileTypesAndContributionMap": {
              "test-code": {
                "insertions": 2,
                "deletions": 2
              }
            }
          },
          {
            "hash": "de5e731a49b294b865f35754709df97732bfbe0c",
            "messageTitle": "Fix CheckStyle errors",
            "messageBody": "",
            "fileTypesAndContributionMap": {
              "test-code": {
                "insertions": 2,
                "deletions": 2
              }
            }
          }
        ]
      },
      {
        "date": "2020-10-21",
        "commitResults": [
          {
            "hash": "6ee3b1383b3d8a493facf224ee436f0105a6e703",
            "messageTitle": "Edit Json classes",
            "messageBody": "",
            "fileTypesAndContributionMap": {
              "functional-code": {
                "insertions": 42,
                "deletions": 3
              }
            }
          },
          {
            "hash": "5e0618c2c773c20c62a677c9b54df651ce7cee8d",
            "messageTitle": "Edit Json classes",
            "messageBody": "",
            "fileTypesAndContributionMap": {
              "functional-code": {
                "insertions": 8,
                "deletions": 2
              }
            }
          },
          {
            "hash": "7261218bce58c8deb4e929389437cde74e1a21c3",
            "messageTitle": "Edit TutorialGroup",
            "messageBody": "",
            "fileTypesAndContributionMap": {
              "functional-code": {
                "insertions": 21,
                "deletions": 17
              }
            }
          },
          {
            "hash": "e00552ad748d4ffc5e8c9b664367604360586a1d",
            "messageTitle": "Refactor classes, modify JSON classes",
            "messageBody": "",
            "fileTypesAndContributionMap": {
              "functional-code": {
                "insertions": 198,
                "deletions": 55
              },
              "other": {
                "insertions": 27,
                "deletions": 44
              },
              "test-code": {
                "insertions": 22,
                "deletions": 19
              }
            }
          },
          {
            "hash": "e56fd97b0adb224a7597b2dae828844c1b2c82f8",
            "messageTitle": "Refactor exceptions, modify JSON classes",
            "messageBody": "",
            "fileTypesAndContributionMap": {
              "functional-code": {
                "insertions": 114,
                "deletions": 13
              },
              "other": {
                "insertions": 2,
                "deletions": 2
              }
            }
          }
        ]
      },
      {
        "date": "2020-10-22",
        "commitResults": [
          {
            "hash": "ad484a3645ecc149ed7fe50543a7e24d709f6ea1",
            "messageTitle": "Edit JSON classes",
            "messageBody": "",
            "fileTypesAndContributionMap": {
              "functional-code": {
                "insertions": 87,
                "deletions": 8
              }
            }
          },
          {
            "hash": "52a49abbc76c541d5d284c749b9a7a4bb56847db",
            "messageTitle": "Fix checkstyle errors",
            "messageBody": "",
            "fileTypesAndContributionMap": {
              "functional-code": {
                "insertions": 43,
                "deletions": 25
              },
              "other": {
                "insertions": 18,
                "deletions": 12
              }
            }
          },
          {
            "hash": "84cc3d2850cf484b36d777f6c3a0816492bcd73f",
            "messageTitle": "Add studentId to JsonAdaptedStudent",
            "messageBody": "",
            "fileTypesAndContributionMap": {
              "functional-code": {
                "insertions": 14,
                "deletions": 2
              }
            }
          },
          {
            "hash": "4d5cf16c14ec87d8469af3e8afdc1b6df4a8070a",
            "messageTitle": "Fix checkstyle error",
            "messageBody": "",
            "fileTypesAndContributionMap": {
              "functional-code": {
                "insertions": 2,
                "deletions": 1
              }
            }
          },
          {
            "hash": "149306924f46ed911606ec4fe81e46eb45f29d37",
            "messageTitle": "Change StorageClassDiagram",
            "messageBody": "",
            "fileTypesAndContributionMap": {
              "docs": {
                "insertions": 13,
                "deletions": 7
              }
            }
          },
          {
            "hash": "e65ca674e1f6acb873e34b9d1360c3d3cdc69e7c",
            "messageTitle": "Update DG, add new diagram",
            "messageBody": "",
            "fileTypesAndContributionMap": {
              "functional-code": {
                "insertions": 1,
                "deletions": 0
              },
              "docs": {
                "insertions": 47,
                "deletions": 5
              }
            }
          },
          {
            "hash": "08d695b619ee93e25ae0d3b8758471caac7ecace",
            "messageTitle": "Update DG",
            "messageBody": "",
            "fileTypesAndContributionMap": {
              "docs": {
                "insertions": 20,
                "deletions": 0
              }
            }
          }
        ]
      },
      {
        "date": "2020-10-27",
        "commitResults": [
          {
            "hash": "123588c51dcd1eba275eb9b8d3fb3c4fa5c2621a",
            "messageTitle": "Fix contents page, add section 2",
            "messageBody": "",
            "fileTypesAndContributionMap": {
              "docs": {
                "insertions": 35,
                "deletions": 7
              }
            }
          },
          {
            "hash": "1f1a1eb4ee6e6bdb4323a1d20f5fe47e3bdfc46d",
            "messageTitle": "Add new row in table, edit formatting in rest of document",
            "messageBody": "",
            "fileTypesAndContributionMap": {
              "docs": {
                "insertions": 26,
                "deletions": 26
              }
            }
          },
          {
            "hash": "115e651e87a97184cbac7196ec90e5ea724790c6",
            "messageTitle": "Update content page, rearrange sections",
            "messageBody": "",
            "fileTypesAndContributionMap": {
              "docs": {
                "insertions": 78,
                "deletions": 67
              }
            }
          },
          {
            "hash": "4094bcd74b32f2a65b8f703c0bb409b46e401d33",
            "messageTitle": "Edit QnA, fix links, fix spelling mistakes, edit formatting",
            "messageBody": "",
            "fileTypesAndContributionMap": {
              "docs": {
                "insertions": 13,
                "deletions": 13
              }
            }
          },
          {
            "hash": "8b8b593d9fabcb21bff4929fd07a5577cb639bcb",
            "messageTitle": "Fix Json classes, fix typo in UG",
            "messageBody": "",
            "fileTypesAndContributionMap": {
              "functional-code": {
                "insertions": 65,
                "deletions": 24
              },
              "docs": {
                "insertions": 1,
                "deletions": 1
              }
            }
          },
          {
            "hash": "8ab2ece819cced9ab57096dd28448380889857d0",
            "messageTitle": "Fix loading",
            "messageBody": "",
            "fileTypesAndContributionMap": {
              "functional-code": {
                "insertions": 14,
                "deletions": 14
              }
            }
          }
        ]
      },
      {
        "date": "2020-10-29",
        "commitResults": [
          {
            "hash": "4ebbaeb5934eb108709bb5ed9d9e14279b55aae8",
            "messageTitle": "Fix missing imports, fix invalid parameter names",
            "messageBody": "",
            "fileTypesAndContributionMap": {
              "functional-code": {
                "insertions": 6,
                "deletions": 3
              }
            }
          },
          {
            "hash": "9f01bd219cb8e2f002144e2bc75cbc3816fc1ca8",
            "messageTitle": "Add newline for DeleteModuleCommand",
            "messageBody": "",
            "fileTypesAndContributionMap": {
              "functional-code": {
                "insertions": 1,
                "deletions": 1
              }
            }
          },
          {
            "hash": "360472dc42ea9bb2ad713a557971fac615ab9801",
            "messageTitle": "Add newline for UG",
            "messageBody": "",
            "fileTypesAndContributionMap": {
              "docs": {
                "insertions": 1,
                "deletions": 1
              }
            }
          },
          {
            "hash": "9ce9f64921f72ae9a2b12bab23cf902229fa013d",
            "messageTitle": "Fix checkstyle error",
            "messageBody": "",
            "fileTypesAndContributionMap": {
              "functional-code": {
                "insertions": 1,
                "deletions": 1
              }
            }
          },
          {
            "hash": "5ce44ce1171cc991b89678f1ea7dca0d596ce238",
            "messageTitle": "Add JsonModuleStorageTest, small edits in other classes",
            "messageBody": "",
            "fileTypesAndContributionMap": {
              "functional-code": {
                "insertions": 7,
                "deletions": 12
              },
              "test-code": {
                "insertions": 168,
                "deletions": 28
              }
            }
          },
          {
            "hash": "25cd5808c63bff36fd85371722e2d84b4e8a08bf",
            "messageTitle": "Edit TypicalModules, add TypicalTutorialGroups",
            "messageBody": "",
            "fileTypesAndContributionMap": {
              "test-code": {
                "insertions": 38,
                "deletions": 4
              }
            }
          }
        ]
      },
      {
        "date": "2020-10-30",
        "commitResults": [
          {
            "hash": "6dbc32dc986a9cc1c0dd93a75d730c0d9b20dbc2",
            "messageTitle": "Improve parsers, fix setModule methods",
            "messageBody": "",
            "fileTypesAndContributionMap": {
              "functional-code": {
                "insertions": 104,
                "deletions": 21
              },
              "test-code": {
                "insertions": 2,
                "deletions": 2
              }
            }
          },
          {
            "hash": "439947361ce61896d6707097de15f3a77108334a",
            "messageTitle": "Improve AddModuleCommandParser",
            "messageBody": "",
            "fileTypesAndContributionMap": {
              "functional-code": {
                "insertions": 22,
                "deletions": 9
              }
            }
          },
          {
            "hash": "786e727eefdbac3c7265a64a5a1bd08f53f52c32",
            "messageTitle": "Improve parsers, rework TutorialGroup structure",
            "messageBody": "",
            "fileTypesAndContributionMap": {
              "functional-code": {
                "insertions": 187,
                "deletions": 114
              }
            }
          },
          {
            "hash": "30ef162b9e5b478be628d9eb3fb1c72082729104",
            "messageTitle": "Improve parsers, fix type errors, fix checkstyle errors",
            "messageBody": "",
            "fileTypesAndContributionMap": {
              "functional-code": {
                "insertions": 5,
                "deletions": 18
              },
              "test-code": {
                "insertions": 43,
                "deletions": 37
              }
            }
          },
          {
            "hash": "4eb9b06ae6a7a852eab60e665b0273a0d07f91a9",
            "messageTitle": "Fix checkstyle errors",
            "messageBody": "",
            "fileTypesAndContributionMap": {
              "test-code": {
                "insertions": 10,
                "deletions": 13
              }
            }
          }
        ]
      }
    ],
    "euzintan": [
      {
        "date": "2020-09-28",
        "commitResults": [
          {
            "hash": "d003ffcefd971660908590ebee993e6f5cf8c345",
            "messageTitle": "Made changes to AboutUs Added individual Photo",
            "messageBody": "",
            "fileTypesAndContributionMap": {
              "docs": {
                "insertions": 4,
                "deletions": 6
              }
            }
          }
        ]
      },
      {
        "date": "2020-09-30",
        "commitResults": [
          {
            "hash": "2972eee4db3e00271f7573b2adae272b3d8ce174",
            "messageTitle": "Made some minor changes to AboutUs.md",
            "messageBody": "",
            "fileTypesAndContributionMap": {
              "docs": {
                "insertions": 1,
                "deletions": 1
              }
            }
          }
        ]
      },
      {
        "date": "2020-10-05",
        "commitResults": [
          {
            "hash": "0e2049d7d3c1e340a84b2d0ce8b084246b22fc85",
            "messageTitle": "Added TutorialGroup, AddTGCommand, AddTGCommandParser",
            "messageBody": "\"addTG\" command as of now throws a placeholder exception\n\nUncommented TutorialGroup usage in Student\n",
            "fileTypesAndContributionMap": {
              "functional-code": {
                "insertions": 182,
                "deletions": 30
              }
            }
          },
          {
            "hash": "51991793e7f1a423da754f49a139f71e474953d6",
            "messageTitle": "Fixed styling errors",
            "messageBody": "",
            "fileTypesAndContributionMap": {
              "functional-code": {
                "insertions": 20,
                "deletions": 11
              }
            }
          },
          {
            "hash": "9ce6a3703e3d40cc54fce96af1ca50c7d3a94944",
            "messageTitle": "Fixed styling errors 2",
            "messageBody": "",
            "fileTypesAndContributionMap": {
              "functional-code": {
                "insertions": 103,
                "deletions": 79
              },
              "other": {
                "insertions": 9,
                "deletions": 5
              }
            }
          }
        ]
      },
      {
        "date": "2020-10-12",
        "commitResults": [
          {
            "hash": "13ced39ee5ccab901c488959b72f52b95203f80c",
            "messageTitle": "Created UniqueTutorialGroupList Class",
            "messageBody": "",
            "fileTypesAndContributionMap": {
              "functional-code": {
                "insertions": 116,
                "deletions": 17
              }
            }
          },
          {
            "hash": "4f8991317455d009a8c9cefcc1ed9b793f57daa0",
            "messageTitle": "Created DuplicateTutorialGroupException Class",
            "messageBody": "Fixed all checkstyle errors\n",
            "fileTypesAndContributionMap": {
              "functional-code": {
                "insertions": 39,
                "deletions": 31
              }
            }
          },
          {
            "hash": "b7d31c185bd31a6f34b1fe80f6dfc45f0627772a",
            "messageTitle": "Fixed error in AddressBook Class",
            "messageBody": "",
            "fileTypesAndContributionMap": {
              "functional-code": {
                "insertions": 2,
                "deletions": 2
              }
            }
          },
          {
            "hash": "430a03d3c85ce19f7d43c76945a29f74625eda00",
            "messageTitle": "Fixed error in Tests due to new UniqueTutorialGroupList Class",
            "messageBody": "",
            "fileTypesAndContributionMap": {
              "test-code": {
                "insertions": 18,
                "deletions": 0
              }
            }
          },
          {
            "hash": "e0a52483879f434fe92f17d9d934d9ce8608803c",
            "messageTitle": "Added Parsing for adding TutorialGroup command",
            "messageBody": "Able to detect duplicates\n",
            "fileTypesAndContributionMap": {
              "functional-code": {
                "insertions": 32,
                "deletions": 9
              },
              "test-code": {
                "insertions": 5,
                "deletions": 0
              }
            }
          },
          {
            "hash": "a1404686ad8b7ddbd26d4be121efbff390c24297",
            "messageTitle": "This commit fixes all checkstyle issues",
            "messageBody": "",
            "fileTypesAndContributionMap": {
              "functional-code": {
                "insertions": 7,
                "deletions": 1
              }
            }
          }
        ]
      },
      {
        "date": "2020-10-22",
        "commitResults": [
          {
            "hash": "a98bbf2911785642c82bed16ddc3c1437f034b36",
            "messageTitle": "Updated DeveloperGuide.md",
            "messageBody": "Updated content above and including Logic section",
            "fileTypesAndContributionMap": {
              "docs": {
                "insertions": 16,
                "deletions": 9
              }
            }
          },
          {
            "hash": "27c571fb7550b658167115e0eb8cbc41bcc5ae7c",
            "messageTitle": "Update DeveloperGuide.md",
            "messageBody": "",
            "fileTypesAndContributionMap": {
              "docs": {
                "insertions": 2,
                "deletions": 1
              }
            }
          },
          {
            "hash": "91cb4e74e7fd3bc138dbff0997402ea910c824a4",
            "messageTitle": "Update DeveloperGuide.md",
            "messageBody": "",
            "fileTypesAndContributionMap": {
              "docs": {
                "insertions": 0,
                "deletions": 2
              }
            }
          },
          {
            "hash": "24806877c105da36e5931985d9d0f1d18688cf77",
            "messageTitle": "Update DeveloperGuide.md",
            "messageBody": "",
            "fileTypesAndContributionMap": {
              "docs": {
                "insertions": 0,
                "deletions": 2
              }
            }
          }
        ]
      },
      {
        "date": "2020-10-23",
        "commitResults": [
          {
            "hash": "001a7f1428d605743e633560b684a29d5175efd9",
            "messageTitle": "Updates DG with table of contents",
            "messageBody": "Numbers all sections\n",
            "fileTypesAndContributionMap": {
              "docs": {
                "insertions": 30,
                "deletions": 15
              }
            }
          }
        ]
      },
      {
        "date": "2020-10-26",
        "commitResults": [
          {
            "hash": "c74f2db8c58045b50c60e43112ed683dcff771b0",
            "messageTitle": "Updates UserGuide.md with the correct features for Tutorial Group - Section 4.2",
            "messageBody": "",
            "fileTypesAndContributionMap": {
              "docs": {
                "insertions": 45,
                "deletions": 4
              }
            }
          },
          {
            "hash": "389647ed543611daffe8930c8cfb855c8fe786a4",
            "messageTitle": "Updates UserGuide.md with an improved list of Tutorial Group features",
            "messageBody": "",
            "fileTypesAndContributionMap": {
              "docs": {
                "insertions": 9,
                "deletions": 1
              }
            }
          },
          {
            "hash": "8af55dacd2ca1dbaad2c5a19cec111eac93d945e",
            "messageTitle": "Updates UserGuide.md with an improved list of Tutorial Group features",
            "messageBody": "",
            "fileTypesAndContributionMap": {
              "docs": {
                "insertions": 1,
                "deletions": 1
              }
            }
          }
        ]
      },
      {
        "date": "2020-10-28",
        "commitResults": [
          {
            "hash": "f8767914292822eae369d3ac3561abde03a4f1dc",
            "messageTitle": "Removes duration attribute in Tutorial Group Adds dayOfWeek attribute in TutorialGroup",
            "messageBody": "Fixes TutorialGroupListCard to display correct attributes\n\nAdds requirement in AddTutorialGroupCommandParser to have all fields before command is executed, else error message is returned to user\n",
            "fileTypesAndContributionMap": {
              "functional-code": {
                "insertions": 57,
                "deletions": 23
              }
            }
          },
          {
            "hash": "5038ecca943e37bf2f9a2d9689aeebca27251960",
            "messageTitle": "Update JsonAdaptedTutorialGroup to store dayOfWeek attribute",
            "messageBody": "",
            "fileTypesAndContributionMap": {
              "functional-code": {
                "insertions": 9,
                "deletions": 2
              }
            }
          },
          {
            "hash": "6f901747383cd41a2253a2dc804d9541ad652b69",
            "messageTitle": "Updates AddTutorialGroupCommandParser to be stricter in the format of the dayOfWeek, startTime and endTime provided",
            "messageBody": "",
            "fileTypesAndContributionMap": {
              "functional-code": {
                "insertions": 34,
                "deletions": 5
              }
            }
          },
          {
            "hash": "13d41ee5d97fbacc1a878b96e1bf10e3129f44fe",
            "messageTitle": "Implements DeleteTutorialGroupCommand",
            "messageBody": "",
            "fileTypesAndContributionMap": {
              "functional-code": {
                "insertions": 85,
                "deletions": 1
              }
            }
          },
          {
            "hash": "22401cdfb6d4e318e3358a4de49504d891dd7186",
            "messageTitle": "Updates listTG command to respond correctly in Module View",
            "messageBody": "",
            "fileTypesAndContributionMap": {
              "functional-code": {
                "insertions": 4,
                "deletions": 0
              }
            }
          },
          {
            "hash": "ed6e2ddddbb76721d6626251dcf1c0c9ad7ea165",
            "messageTitle": "Implements EditTutorialGroupCommand",
            "messageBody": "",
            "fileTypesAndContributionMap": {
              "functional-code": {
                "insertions": 201,
                "deletions": 3
              }
            }
          },
          {
            "hash": "e1f5589ce0e919074d63accfa41e57447c728662",
            "messageTitle": "Implements FindTutorialGroupCommand",
            "messageBody": "",
            "fileTypesAndContributionMap": {
              "functional-code": {
                "insertions": 118,
                "deletions": 4
              }
            }
          }
        ]
      },
      {
        "date": "2020-10-29",
        "commitResults": [
          {
            "hash": "4fd40ce47a675cc250a71ae58c02e5a54358b293",
            "messageTitle": "Resolved additional merge conflicts",
            "messageBody": "",
            "fileTypesAndContributionMap": {
              "functional-code": {
                "insertions": 6,
                "deletions": 4
              }
            }
          },
          {
            "hash": "12f1de2da07a0f504ace73c4e136ac8ae050682e",
            "messageTitle": "Fixes listTG command to only run when in TutorialGroup View",
            "messageBody": "",
            "fileTypesAndContributionMap": {
              "functional-code": {
                "insertions": 5,
                "deletions": 7
              }
            }
          },
          {
            "hash": "d52049cf64881d06bb0455b4de0e45aafebf6f0c",
            "messageTitle": "Fixes most checkstyle errors",
            "messageBody": "",
            "fileTypesAndContributionMap": {
              "functional-code": {
                "insertions": 15,
                "deletions": 19
              }
            }
          },
          {
            "hash": "cd013c8eb9545a54a3b2a420266179bd62543b7a",
            "messageTitle": "Updates UG",
            "messageBody": "",
            "fileTypesAndContributionMap": {
              "docs": {
                "insertions": 25,
                "deletions": 6
              }
            }
          }
        ]
      }
    ],
    "fanminj": [
      {
        "date": "2020-09-08",
        "commitResults": [
          {
            "hash": "22ebe451352758ccc1d81a532e665ac2f145c011",
            "messageTitle": "Minor change to AboutUs.md",
            "messageBody": "",
            "fileTypesAndContributionMap": {
              "docs": {
                "insertions": 10,
                "deletions": 10
              }
            }
          }
        ]
      },
      {
        "date": "2020-09-29",
        "commitResults": [
          {
            "hash": "750a8190110cc7bb758635d47319832ea1ac450a",
            "messageTitle": "Modify AboutUs.md, README.md and _config.yml",
            "messageBody": "",
            "fileTypesAndContributionMap": {
              "docs": {
                "insertions": 23,
                "deletions": 17
              }
            }
          },
          {
            "hash": "190786957a7994e4801693215cdfacb7c60db338",
            "messageTitle": "Minor edits",
            "messageBody": "",
            "fileTypesAndContributionMap": {
              "docs": {
                "insertions": 6,
                "deletions": 11
              }
            }
          },
          {
            "hash": "0aa9bc83803bc0687e4ec812d288eca6a93a2732",
            "messageTitle": "Edit typo in DeveloperGuide.md",
            "messageBody": "",
            "fileTypesAndContributionMap": {
              "docs": {
                "insertions": 111,
                "deletions": 132
              }
            }
          },
          {
            "hash": "b3a4ff55cf1f2f2b934d21a10938c73053b12d2a",
            "messageTitle": "Update UserGuide.md",
            "messageBody": "",
            "fileTypesAndContributionMap": {
              "docs": {
                "insertions": 126,
                "deletions": 140
              }
            }
          },
          {
            "hash": "ff46d4e5c0e41d6fa4cafced69e6f80a6091adb8",
            "messageTitle": "Minor formatting edits to UserGuide.md",
            "messageBody": "",
            "fileTypesAndContributionMap": {
              "docs": {
                "insertions": 46,
                "deletions": 22
              }
            }
          },
          {
            "hash": "2865bcd7e71bdf4dca5a1924fd38bd87a8d47ed2",
            "messageTitle": "Fix typo in UserGuide.md",
            "messageBody": "",
            "fileTypesAndContributionMap": {
              "docs": {
                "insertions": 1,
                "deletions": 1
              }
            }
          },
          {
            "hash": "a0bd8d883a4c296452c0d2520dd28de81717144e",
            "messageTitle": "Minor edit in UserGuide.md",
            "messageBody": "",
            "fileTypesAndContributionMap": {
              "docs": {
                "insertions": 1,
                "deletions": 1
              }
            }
          },
          {
            "hash": "1e3bacf092debaa14bc5e03ad6540f48ecf101a1",
            "messageTitle": "Update index.md and remove references to addressbook",
            "messageBody": "",
            "fileTypesAndContributionMap": {
              "docs": {
                "insertions": 10,
                "deletions": 9
              }
            }
          }
        ]
      },
      {
        "date": "2020-09-30",
        "commitResults": [
          {
            "hash": "5f25724c92d3fde9ce93a4a55cb5bf58924e9043",
            "messageTitle": "Minor edit in AboutUs.md",
            "messageBody": "",
            "fileTypesAndContributionMap": {
              "docs": {
                "insertions": 1,
                "deletions": 1
              }
            }
          }
        ]
      },
      {
        "date": "2020-10-04",
        "commitResults": [
          {
            "hash": "1e0cbf215de1c11fb03927f05b35b64793036ee6",
            "messageTitle": "Add Student and StudentId classes with respective test classes",
            "messageBody": "",
            "fileTypesAndContributionMap": {
              "functional-code": {
                "insertions": 157,
                "deletions": 0
              },
              "test-code": {
                "insertions": 199,
                "deletions": 0
              }
            }
          },
          {
            "hash": "23b74d8f4d6b0e942f1d277599b1481a33d2a582",
            "messageTitle": "Fix styling errors",
            "messageBody": "",
            "fileTypesAndContributionMap": {
              "functional-code": {
                "insertions": 6,
                "deletions": 5
              },
              "test-code": {
                "insertions": 5,
                "deletions": 9
              }
            }
          }
        ]
      },
      {
        "date": "2020-10-13",
        "commitResults": [
          {
            "hash": "28377b39c79fa303c5b36f309bfd735954345dea",
            "messageTitle": "Add UniqueStudentList to keep track of unique students",
            "messageBody": "",
            "fileTypesAndContributionMap": {
              "functional-code": {
                "insertions": 160,
                "deletions": 20
              },
              "test-code": {
                "insertions": 221,
                "deletions": 18
              }
            }
          }
        ]
      },
      {
        "date": "2020-10-14",
        "commitResults": [
          {
            "hash": "0693f641ca57d989e3d5e2594acd248aadf65cb9",
            "messageTitle": "Add ability to parse AddStudentCommand",
            "messageBody": "",
            "fileTypesAndContributionMap": {
              "functional-code": {
                "insertions": 193,
                "deletions": 10
              },
              "test-code": {
                "insertions": 46,
                "deletions": 0
              }
            }
          }
        ]
      },
      {
        "date": "2020-10-20",
        "commitResults": [
          {
            "hash": "3f7015337b2876b76debde7cd844e7ecd9ee13d7",
            "messageTitle": "Add Showable to display different classes",
            "messageBody": "",
            "fileTypesAndContributionMap": {
              "functional-code": {
                "insertions": 843,
                "deletions": 827
              },
              "test-code": {
                "insertions": 7,
                "deletions": 334
              }
            }
          },
          {
            "hash": "93d57daac663a6b2b1847c34159e472e8eb05789",
            "messageTitle": "Enable assertions",
            "messageBody": "",
            "fileTypesAndContributionMap": {
              "other": {
                "insertions": 4,
                "deletions": 0
              }
            }
          },
          {
            "hash": "c9bedfa4e67b9d6bf40c8cd61dadd4f711080653",
            "messageTitle": "Minor edits",
            "messageBody": "",
            "fileTypesAndContributionMap": {
              "test-code": {
                "insertions": 17,
                "deletions": 29
              }
            }
          },
          {
            "hash": "83e7630546d165367a780bd3e61965c0ce3a81c3",
            "messageTitle": "Add assert in Student.java",
            "messageBody": "",
            "fileTypesAndContributionMap": {
              "functional-code": {
                "insertions": 1,
                "deletions": 0
              }
            }
          }
        ]
      },
      {
        "date": "2020-10-22",
        "commitResults": [
          {
            "hash": "74e579fb86b688dc38b8153844ffc26c41c3b244",
            "messageTitle": "Merge team repo",
            "messageBody": "",
            "fileTypesAndContributionMap": {
              "functional-code": {
                "insertions": 199,
                "deletions": 0
              }
            }
          },
          {
            "hash": "09ad9b770ce470cfec96563bf765585caf82235d",
            "messageTitle": "Edit UG",
            "messageBody": "",
            "fileTypesAndContributionMap": {
              "docs": {
                "insertions": 70,
                "deletions": 80
              }
            }
          },
          {
            "hash": "e8cfb3195026ff3a48bf39e96916e248e04d0c92",
            "messageTitle": "Add use case id to DG",
            "messageBody": "",
            "fileTypesAndContributionMap": {
              "docs": {
                "insertions": 6,
                "deletions": 6
              }
            }
          }
        ]
      },
      {
        "date": "2020-10-23",
        "commitResults": [
          {
            "hash": "a1942fd10655f69fede128442ef1c20e42a970f0",
            "messageTitle": "Add sequence diagram to DeveloperGuide.md",
            "messageBody": "",
            "fileTypesAndContributionMap": {
              "docs": {
                "insertions": 71,
                "deletions": 1
              }
            }
          },
          {
            "hash": "ec05ee921ab3835c0a1ef79221531c753fbe9092",
            "messageTitle": "Fix typos in UserGuide.md",
            "messageBody": "",
            "fileTypesAndContributionMap": {
              "docs": {
                "insertions": 16,
                "deletions": 16
              }
            }
          },
          {
            "hash": "352a4c66757e00d4deded9cf1f9646ce9738a645",
            "messageTitle": "Add anchor to ToC of DeveloperGuide.md",
            "messageBody": "",
            "fileTypesAndContributionMap": {
              "docs": {
                "insertions": 16,
                "deletions": 16
              }
            }
          }
        ]
      },
      {
        "date": "2020-10-26",
        "commitResults": [
          {
            "hash": "d168f77551074ffad8dbb650680401cb10d6b3cb",
            "messageTitle": "Update UG",
            "messageBody": "",
            "fileTypesAndContributionMap": {
              "docs": {
                "insertions": 79,
                "deletions": 93
              }
            }
          },
          {
            "hash": "52581e3074011e68e158c55008241045984fa0c8",
            "messageTitle": "Link Student to Ui",
            "messageBody": "",
            "fileTypesAndContributionMap": {
              "functional-code": {
                "insertions": 432,
                "deletions": 224
              },
              "other": {
                "insertions": 36,
                "deletions": 17
              }
            }
          },
          {
            "hash": "e62265a2a6899016ef3017af9b0226dc7174444b",
            "messageTitle": "Modify fxml files to show Student",
            "messageBody": "",
            "fileTypesAndContributionMap": {
              "functional-code": {
                "insertions": 12,
                "deletions": 5
              }
            }
          }
        ]
      },
      {
        "date": "2020-10-27",
        "commitResults": [
          {
            "hash": "d257c107132d744d6620537a296efff19088ba5f",
            "messageTitle": "Minor formatting changes to UserGuide.md",
            "messageBody": "",
            "fileTypesAndContributionMap": {
              "docs": {
                "insertions": 66,
                "deletions": 47
              }
            }
          }
        ]
      },
      {
        "date": "2020-10-28",
        "commitResults": [
          {
            "hash": "e225e10169baaed78a4dc5d254063457dcfdb633",
            "messageTitle": "Add Student commands",
            "messageBody": "",
            "fileTypesAndContributionMap": {
              "functional-code": {
                "insertions": 578,
                "deletions": 27
              }
            }
          }
        ]
      },
      {
        "date": "2020-10-29",
        "commitResults": [
          {
            "hash": "3f7753d410987cc3246409216639930f3a3ea651",
            "messageTitle": "Add test cases for Student",
            "messageBody": "",
            "fileTypesAndContributionMap": {
              "test-code": {
                "insertions": 379,
                "deletions": 110
              }
            }
          },
          {
            "hash": "7374497b08ddc702d2007df18391a1dcd7954ef2",
            "messageTitle": "Comment out AddCommandIntegrationTest",
            "messageBody": "",
            "fileTypesAndContributionMap": {
              "test-code": {
                "insertions": 26,
                "deletions": 26
              }
            }
          },
          {
            "hash": "fcc6227cb97e5d1a35066bd63c82890fa68105c5",
            "messageTitle": "Remove AddStudentCommandTest",
            "messageBody": "",
            "fileTypesAndContributionMap": {
              "test-code": {
                "insertions": 0,
                "deletions": 5
              }
            }
          },
          {
            "hash": "1cd07213a24ac5ed5be35c940169f64616852bb4",
            "messageTitle": "Add UniqueStudentListTest",
            "messageBody": "",
            "fileTypesAndContributionMap": {
              "test-code": {
                "insertions": 173,
                "deletions": 0
              }
            }
          },
          {
            "hash": "734b79119e42776a0973311716026ff3e17c738f",
            "messageTitle": "Add test cases",
            "messageBody": "",
            "fileTypesAndContributionMap": {
              "test-code": {
                "insertions": 525,
                "deletions": 969
              }
            }
          },
          {
            "hash": "a352f12a0a1811f909fe1b15117bd1f6ddc7446d",
            "messageTitle": "Modify isSame rule for Student",
            "messageBody": "",
            "fileTypesAndContributionMap": {
              "functional-code": {
                "insertions": 6,
                "deletions": 3
              },
              "test-code": {
                "insertions": 5,
                "deletions": 4
              }
            }
          },
          {
            "hash": "45a1dc8790df2178bb30348e7cbfa14b28787b29",
            "messageTitle": "Modify UG",
            "messageBody": "",
            "fileTypesAndContributionMap": {
              "docs": {
                "insertions": 58,
                "deletions": 22
              }
            }
          },
          {
            "hash": "284f6e2fed5f3e4fa35932f6555845e1cc8e233c",
            "messageTitle": "Fix minor typo",
            "messageBody": "",
            "fileTypesAndContributionMap": {
              "docs": {
                "insertions": 1,
                "deletions": 1
              }
            }
          }
        ]
      },
      {
        "date": "2020-10-30",
        "commitResults": [
          {
            "hash": "b047fc5b2a2700d172694157f98f1a703be473ad",
            "messageTitle": "Fix test cases and checkstyle",
            "messageBody": "",
            "fileTypesAndContributionMap": {
              "functional-code": {
                "insertions": 31,
                "deletions": 1
              },
              "other": {
                "insertions": 2,
                "deletions": 2
              },
              "test-code": {
                "insertions": 188,
                "deletions": 154
              }
            }
          },
          {
            "hash": "c1ee8e2b323586ffc428444dbd9572da0edd5952",
            "messageTitle": "Undo changes to ModuleId fields in test files",
            "messageBody": "",
            "fileTypesAndContributionMap": {
              "test-code": {
                "insertions": 13,
                "deletions": 13
              }
            }
          }
        ]
      },
      {
        "date": "2020-11-01",
        "commitResults": [
          {
            "hash": "ba6ebb3e3fa9aff16ab3f936cde612508781ce0d",
            "messageTitle": "Add Attendance field to Student.java",
            "messageBody": "",
            "fileTypesAndContributionMap": {
              "functional-code": {
                "insertions": 755,
                "deletions": 14
              },
              "test-code": {
                "insertions": 102,
                "deletions": 0
              }
            }
          },
          {
            "hash": "8f27e5835ec336b5aad6cd7dbb4e55f461af224c",
            "messageTitle": "Minor changes",
            "messageBody": "",
            "fileTypesAndContributionMap": {
              "functional-code": {
                "insertions": 5,
                "deletions": 1
              }
            }
          },
          {
            "hash": "06bd3daf74f35e754bb608b51191beba4a81f2f6",
            "messageTitle": "Fix Student view not updating after Attendance commands",
            "messageBody": "",
            "fileTypesAndContributionMap": {
              "functional-code": {
                "insertions": 16,
                "deletions": 10
              }
            }
          },
          {
            "hash": "3418e03fc44a468816968986248c1d1a5ad0d60e",
            "messageTitle": "Add ability to view weeks where students are present",
            "messageBody": "",
            "fileTypesAndContributionMap": {
              "functional-code": {
                "insertions": 88,
                "deletions": 1
              }
            }
          }
        ]
      }
    ],
    "juandavinlie": [
      {
        "date": "2020-09-25",
        "commitResults": [
          {
            "hash": "398109758ce099eb72ce5c0e7ec1e8531bfc21c4",
            "messageTitle": "added Juan AboutUs",
            "messageBody": "",
            "fileTypesAndContributionMap": {
              "docs": {
                "insertions": 4,
                "deletions": 5
              }
            }
          }
        ]
      },
      {
        "date": "2020-09-28",
        "commitResults": [
          {
            "hash": "6e45781166f4a294b7824d16dab0235316fea5dd",
            "messageTitle": "Updated DG",
            "messageBody": "",
            "fileTypesAndContributionMap": {
              "docs": {
                "insertions": 151,
                "deletions": 29
              }
            }
          }
        ]
      },
      {
        "date": "2020-09-29",
        "commitResults": [
          {
            "hash": "8a864de318e142f5469ca5b82704cfaafecea10b",
            "messageTitle": "added hobby in AboutUs",
            "messageBody": "",
            "fileTypesAndContributionMap": {
              "docs": {
                "insertions": 1,
                "deletions": 0
              }
            }
          }
        ]
      },
      {
        "date": "2020-10-05",
        "commitResults": [
          {
            "hash": "679d657d2329c93095a3a077acd54b9001ee91fe",
            "messageTitle": "Added Task and TaskList classes, along with the AddTaskCommand and AddTaskCommandParser",
            "messageBody": "",
            "fileTypesAndContributionMap": {
              "functional-code": {
                "insertions": 180,
                "deletions": 31
              }
            }
          },
          {
            "hash": "cb26359e7a150a01f673745fd8d72c5b31c18faa",
            "messageTitle": "fixed checkstyleMain",
            "messageBody": "",
            "fileTypesAndContributionMap": {
              "functional-code": {
                "insertions": 34,
                "deletions": 28
              }
            }
          }
        ]
      },
      {
        "date": "2020-10-10",
        "commitResults": [
          {
            "hash": "b9c5d09c0181f4ad7c83e039a6848af27361dbe5",
            "messageTitle": "Add cards and listPanel for Module, Student and Task",
            "messageBody": "",
            "fileTypesAndContributionMap": {
              "functional-code": {
                "insertions": 357,
                "deletions": 0
              }
            }
          },
          {
            "hash": "e8ad2617fc8826fbc0c35e1818b4bf9e544347b2",
            "messageTitle": "Fixed checkstyle",
            "messageBody": "",
            "fileTypesAndContributionMap": {
              "functional-code": {
                "insertions": 31,
                "deletions": 40
              }
            }
          }
        ]
      },
      {
        "date": "2020-10-14",
        "commitResults": [
          {
            "hash": "e666f7c00f1f0c9881cb656c879984b5878c178e",
            "messageTitle": "Stuck in nullpointer",
            "messageBody": "",
            "fileTypesAndContributionMap": {
              "functional-code": {
                "insertions": 256,
                "deletions": 228
              },
              "test-code": {
                "insertions": 5,
                "deletions": 7
              }
            }
          },
          {
            "hash": "931bf2247d471907cf9d28f5220178f08e623f45",
            "messageTitle": "Still",
            "messageBody": "",
            "fileTypesAndContributionMap": {
              "functional-code": {
                "insertions": 3,
                "deletions": 3
              }
            }
          },
          {
            "hash": "84f7cc7f35251704fcc74db53d35755d18800229",
            "messageTitle": "Showing Modules instead of Persons",
            "messageBody": "",
            "fileTypesAndContributionMap": {
              "functional-code": {
                "insertions": 174,
                "deletions": 110
              },
              "test-code": {
                "insertions": 424,
                "deletions": 448
              }
            }
          },
          {
            "hash": "3388bc657c56958ecd76e53c4728f5a672a298e5",
            "messageTitle": "Fixed whitespace",
            "messageBody": "",
            "fileTypesAndContributionMap": {
              "functional-code": {
                "insertions": 0,
                "deletions": 1
              }
            }
          },
          {
            "hash": "4fce6bd02f1b96634d70cfb7b2908598f0b5baba",
            "messageTitle": "Passed some test cases",
            "messageBody": "",
            "fileTypesAndContributionMap": {
              "test-code": {
                "insertions": 269,
                "deletions": 306
              }
            }
          },
          {
            "hash": "89e6576c5f6d9cca15b0af363f5fc81253a24112",
            "messageTitle": "Removed unused import",
            "messageBody": "",
            "fileTypesAndContributionMap": {
              "test-code": {
                "insertions": 4,
                "deletions": 31
              }
            }
          },
          {
            "hash": "1fdfd7ae62b20046f4466aecf5bb66e95a6a2c19",
            "messageTitle": "Added new line at EOF for ModuleListCard.fxml",
            "messageBody": "",
            "fileTypesAndContributionMap": {
              "functional-code": {
                "insertions": 1,
                "deletions": 1
              }
            }
          },
          {
            "hash": "e90a4f47c51b2da1591f8089a9e3f5d17f168780",
            "messageTitle": "Deleted some redundant fields",
            "messageBody": "",
            "fileTypesAndContributionMap": {
              "functional-code": {
                "insertions": 0,
                "deletions": 1
              }
            }
          }
        ]
      },
      {
        "date": "2020-10-17",
        "commitResults": [
          {
            "hash": "975ed9e3b6f3cb9d4de87829522891b2bea6fb06",
            "messageTitle": "Add card and list panel for TutorialGroup, along with the fxml files",
            "messageBody": "",
            "fileTypesAndContributionMap": {
              "functional-code": {
                "insertions": 163,
                "deletions": 0
              }
            }
          }
        ]
      },
      {
        "date": "2020-10-24",
        "commitResults": [
          {
            "hash": "e36d88f4baa6accc65bea021fed8e1fee6ab1fc2",
            "messageTitle": "success",
            "messageBody": "",
            "fileTypesAndContributionMap": {
              "functional-code": {
                "insertions": 748,
                "deletions": 217
              }
            }
          }
        ]
      },
      {
        "date": "2020-10-25",
        "commitResults": [
          {
            "hash": "5bbdcc7ca1bdcad981802f17fc80a784061e0abe",
            "messageTitle": "get rid of showable and unique list",
            "messageBody": "",
            "fileTypesAndContributionMap": {
              "functional-code": {
                "insertions": 2,
                "deletions": 150
              }
            }
          }
        ]
      },
      {
        "date": "2020-10-26",
        "commitResults": [
          {
            "hash": "4c8eb2f187a18d45c4dda6885617405cebdc3163",
            "messageTitle": "update UG wwith module features",
            "messageBody": "",
            "fileTypesAndContributionMap": {
              "docs": {
                "insertions": 73,
                "deletions": 0
              }
            }
          },
          {
            "hash": "1f34d1d4594aabc3ab180f499f3ba5562f9d96e9",
            "messageTitle": "add command summary and hyperlink",
            "messageBody": "",
            "fileTypesAndContributionMap": {
              "docs": {
                "insertions": 26,
                "deletions": 3
              }
            }
          }
        ]
      },
      {
        "date": "2020-10-27",
        "commitResults": [
          {
            "hash": "949e82a2443c6265908c1d51f25fb7e170bc4c58",
            "messageTitle": "FindModuleCommand implemented",
            "messageBody": "",
            "fileTypesAndContributionMap": {
              "functional-code": {
                "insertions": 113,
                "deletions": 19
              }
            }
          }
        ]
      },
      {
        "date": "2020-10-28",
        "commitResults": [
          {
            "hash": "bed50a9eeeefc4d3917b1ffa92f28f0498bcd0be",
            "messageTitle": "implement list functions, deleteMod, editMod and findMod",
            "messageBody": "",
            "fileTypesAndContributionMap": {
              "functional-code": {
                "insertions": 407,
                "deletions": 56
              },
              "other": {
                "insertions": 8,
                "deletions": 5
              }
            }
          },
          {
            "hash": "cde2b04e62e995a77acc9938afdf1c7d05dea29d",
            "messageTitle": "add restriction for module features",
            "messageBody": "",
            "fileTypesAndContributionMap": {
              "functional-code": {
                "insertions": 123,
                "deletions": 28
              }
            }
          }
        ]
      },
      {
        "date": "2020-10-29",
        "commitResults": [
          {
            "hash": "d72b65a2758e76d1eae5e82d9ce96cceb7b3bc76",
            "messageTitle": "tests for findMod, addMod, listMod, deleteMod and their respective parsers, ModelManagerTest needs trackrbuilder to work",
            "messageBody": "",
            "fileTypesAndContributionMap": {
              "test-code": {
                "insertions": 796,
                "deletions": 45
              }
            }
          },
          {
            "hash": "dc3424f88c2dc3f77e05f6c9606c1a11799b6da7",
            "messageTitle": "pass test cased for mod features",
            "messageBody": "",
            "fileTypesAndContributionMap": {
              "functional-code": {
                "insertions": 29,
                "deletions": 55
              },
              "test-code": {
                "insertions": 747,
                "deletions": 438
              }
            }
          },
          {
            "hash": "51b55421357b47d7233b2abdc91af05dfb951612",
            "messageTitle": "tests passed for mod features, checkstyle not done",
            "messageBody": "",
            "fileTypesAndContributionMap": {
              "functional-code": {
                "insertions": 1,
                "deletions": 1
              },
              "test-code": {
                "insertions": 78,
                "deletions": 82
              }
            }
          }
        ]
      },
      {
        "date": "2020-10-30",
        "commitResults": [
          {
            "hash": "5b37e540b2b8504b8c0985e1ff3af93587fa0bdf",
            "messageTitle": "fix checkstyleTest and checkstyleMain",
            "messageBody": "",
            "fileTypesAndContributionMap": {
              "functional-code": {
                "insertions": 22,
                "deletions": 1
              },
              "test-code": {
                "insertions": 70,
                "deletions": 67
              }
            }
          },
          {
            "hash": "5969c228aba8c483e507b6e0ac8fa98640d09452",
            "messageTitle": "update UG",
            "messageBody": "",
            "fileTypesAndContributionMap": {
              "docs": {
                "insertions": 19,
                "deletions": 3
              }
            }
          },
          {
            "hash": "173812195795173ffccc0f07e5ec68314a957cb4",
            "messageTitle": "update ug 2",
            "messageBody": "",
            "fileTypesAndContributionMap": {
              "docs": {
                "insertions": 2,
                "deletions": 2
              }
            }
          },
          {
            "hash": "fb87112c07432ca170ce45c23c64f346c93dd5b1",
            "messageTitle": "update ug 3",
            "messageBody": "",
            "fileTypesAndContributionMap": {
              "docs": {
                "insertions": 2,
                "deletions": 2
              }
            }
          },
          {
            "hash": "801eb8b2fe889a8e740cd41136fe7dace59daf98",
            "messageTitle": "update ug 4",
            "messageBody": "",
            "fileTypesAndContributionMap": {
              "docs": {
                "insertions": 4,
                "deletions": 3
              }
            }
          },
          {
            "hash": "77f511a3b9967d6364b2def0e0e26214063634ad",
            "messageTitle": "update ug 5",
            "messageBody": "",
            "fileTypesAndContributionMap": {
              "docs": {
                "insertions": 1,
                "deletions": 1
              }
            }
          }
        ]
      },
      {
        "date": "2020-10-31",
        "commitResults": [
          {
            "hash": "e9ec407869a8997372af06b67b822ec50e0a793f",
            "messageTitle": "add total students field in tg",
            "messageBody": "",
            "fileTypesAndContributionMap": {
              "functional-code": {
                "insertions": 12,
                "deletions": 0
              }
            }
          },
          {
            "hash": "0e204f1d9d56e47327504d00da15e531d9ffb7b1",
            "messageTitle": "prevView implemented",
            "messageBody": "",
            "fileTypesAndContributionMap": {
              "functional-code": {
                "insertions": 82,
                "deletions": 0
              },
              "test-code": {
                "insertions": 15,
                "deletions": 0
              }
            }
          }
        ]
      }
    ]
  },
  "authorFileTypeContributionMap": {
    "seantaysl": {
      "docs": 60,
      "functional-code": 683,
      "test-code": 118
    },
    "EthanTheGoondu": {
      "docs": 169,
      "functional-code": 1012,
      "test-code": 239
    },
    "euzintan": {
      "docs": 84,
      "functional-code": 494,
      "test-code": 0
    },
    "fanminj": {
      "docs": 332,
      "functional-code": 2621,
      "test-code": 1273,
      "other": 6
    },
    "juandavinlie": {
      "docs": 165,
      "functional-code": 1926,
      "test-code": 1405
    }
  },
  "authorContributionVariance": {
    "seantaysl": 13329.1455,
    "EthanTheGoondu": 15071.856,
    "euzintan": 6936.982,
    "fanminj": 146787.52,
    "juandavinlie": 141131.64
  },
  "authorDisplayNameMap": {
    "seantaysl": "CS2103T-W12-2 TAY ..SEAN",
    "EthanTheGoondu": "CS2103T-W12-2 ETHA..ARIO",
    "euzintan": "CS2103T-W12-2 TAN .. ZIN",
    "fanminj": "CS2103T-W12-2 JIAN..NMIN",
    "juandavinlie": "CS2103T-W12-2 JUAN.. LIE"
  }
}
