{
  "authorDailyContributionsMap": {
    "seantaysl": [
      {
        "date": "2020-09-28",
        "commitResults": [
          {
            "hash": "c000bf2156a140b991babc8120f8e4e703f6f33c",
            "messageTitle": "Update AboutUs.md and Add profile photo",
            "messageBody": "",
            "fileTypesAndContributionMap": {
              "docs": {
                "insertions": 4,
                "deletions": 6
              }
            }
          }
        ]
      }
    ],
    "EthanTheGoondu": [
      {
        "date": "2020-09-28",
        "commitResults": [
          {
            "hash": "4bf6368e466f66819087440cc15177b767c0319b",
            "messageTitle": "Update AboutUs and add profile picture",
            "messageBody": "",
            "fileTypesAndContributionMap": {
              "docs": {
                "insertions": 4,
                "deletions": 5
              }
            }
          }
        ]
      }
    ],
    "euzintan": [
      {
        "date": "2020-09-28",
        "commitResults": [
          {
            "hash": "d003ffcefd971660908590ebee993e6f5cf8c345",
            "messageTitle": "Made changes to AboutUs Added individual Photo",
            "messageBody": "",
            "fileTypesAndContributionMap": {
              "docs": {
                "insertions": 4,
                "deletions": 6
              }
            }
          }
        ]
      }
    ],
    "fanminj": [
      {
        "date": "2020-09-08",
        "commitResults": [
          {
            "hash": "22ebe451352758ccc1d81a532e665ac2f145c011",
            "messageTitle": "Minor change to AboutUs.md",
            "messageBody": "",
            "fileTypesAndContributionMap": {
              "docs": {
                "insertions": 10,
                "deletions": 10
              }
            }
          }
        ]
      }
    ],
    "juandavinlie": [
      {
        "date": "2020-09-25",
        "commitResults": [
          {
            "hash": "398109758ce099eb72ce5c0e7ec1e8531bfc21c4",
            "messageTitle": "added Juan AboutUs",
            "messageBody": "",
            "fileTypesAndContributionMap": {
              "docs": {
                "insertions": 4,
                "deletions": 5
              }
            }
          }
        ]
      },
      {
        "date": "2020-09-28",
        "commitResults": [
          {
            "hash": "6e45781166f4a294b7824d16dab0235316fea5dd",
            "messageTitle": "Updated DG",
            "messageBody": "",
            "fileTypesAndContributionMap": {
              "docs": {
                "insertions": 151,
                "deletions": 29
              }
            }
          }
        ]
      }
    ]
  },
  "authorFileTypeContributionMap": {
    "seantaysl": {
      "docs": 4,
      "functional-code": 0,
      "test-code": 0
    },
    "EthanTheGoondu": {
      "docs": 4,
      "functional-code": 0,
      "test-code": 0
    },
    "euzintan": {
      "docs": 4,
      "functional-code": 0,
      "test-code": 0
    },
    "fanminj": {
      "docs": 3,
      "functional-code": 0,
      "test-code": 0
    },
    "juandavinlie": {
      "docs": 136,
      "functional-code": 0,
      "test-code": 0
    }
  },
  "authorContributionVariance": {
    "seantaysl": 2.1266541,
    "EthanTheGoondu": 1.7225899,
    "euzintan": 2.1266541,
    "fanminj": 8.506613,
    "juandavinlie": 689.22736
  },
  "authorDisplayNameMap": {
    "seantaysl": "CS2103T-W12-2 TAY ..SEAN",
    "EthanTheGoondu": "CS2103T-W12-2 ETHA..ARIO",
    "euzintan": "CS2103T-W12-2 TAN .. ZIN",
    "fanminj": "CS2103T-W12-2 JIAN..NMIN",
    "juandavinlie": "CS2103T-W12-2 JUAN.. LIE"
  }
}
