{
  "authorDailyContributionsMap": {
    "gloon99": [
      {
        "date": "2020-09-20",
        "commitResults": [
          {
            "hash": "b816a743fb9ed7c0cc2a8a56b993882d502d55d5",
            "messageTitle": "Update AboutUs and update link of GitHub Actions build",
            "messageBody": "",
            "fileTypesAndContributionMap": {
              "docs": {
                "insertions": 5,
                "deletions": 5
              }
            }
          },
          {
            "hash": "8af929f7f61fe5868ec153d280c0c932bb7173b8",
            "messageTitle": "update command summary",
            "messageBody": "",
            "fileTypesAndContributionMap": {
              "docs": {
                "insertions": 7,
                "deletions": 0
              }
            }
          },
          {
            "hash": "4a1acc92cefd99a8b55001dbcd5d5f9104dcf3d7",
            "messageTitle": "update about us profile picture",
            "messageBody": "",
            "fileTypesAndContributionMap": {
              "docs": {
                "insertions": 1,
                "deletions": 1
              }
            }
          },
          {
            "hash": "6539cc94cff0575a612e41644a8ba4c663cd7819",
            "messageTitle": "update user guide",
            "messageBody": "",
            "fileTypesAndContributionMap": {
              "docs": {
                "insertions": 26,
                "deletions": 3
              }
            }
          },
          {
            "hash": "cbbc8edc9ddb39fb1096416c2f8b691c9f07ed75",
            "messageTitle": "update user guide",
            "messageBody": "",
            "fileTypesAndContributionMap": {
              "docs": {
                "insertions": 2,
                "deletions": 2
              }
            }
          },
          {
            "hash": "7fa7f1a90220841c626c478b7023c3a176797f0d",
            "messageTitle": "update user guide",
            "messageBody": "",
            "fileTypesAndContributionMap": {
              "docs": {
                "insertions": 7,
                "deletions": 7
              }
            }
          }
        ]
      },
      {
        "date": "2020-09-26",
        "commitResults": [
          {
            "hash": "fa9970eb067ba1eb22d369f83362e88bc750e37b",
            "messageTitle": "edit non functional requirements in developer\u0027s guide",
            "messageBody": "",
            "fileTypesAndContributionMap": {
              "docs": {
                "insertions": 13,
                "deletions": 3
              }
            }
          }
        ]
      },
      {
        "date": "2020-09-28",
        "commitResults": [
          {
            "hash": "d56f9778591fdfe4261a08199ee11e7d2f380df5",
            "messageTitle": "Standardise UserGuide.md",
            "messageBody": "",
            "fileTypesAndContributionMap": {
              "docs": {
                "insertions": 17,
                "deletions": 17
              }
            }
          }
        ]
      }
    ],
    "EkamSinghPandher": [
      {
        "date": "2020-09-20",
        "commitResults": [
          {
            "hash": "010c329d6d60a0c97e1fe92541a5f0c695634aa7",
            "messageTitle": "Add About Us and Credit for AB3",
            "messageBody": "",
            "fileTypesAndContributionMap": {
              "docs": {
                "insertions": 9,
                "deletions": 5
              }
            }
          },
          {
            "hash": "d4dc430914f0887c2a24979feaf983dfadc09781",
            "messageTitle": "Fix ReadMe",
            "messageBody": "",
            "fileTypesAndContributionMap": {
              "docs": {
                "insertions": 1,
                "deletions": 2
              }
            }
          },
          {
            "hash": "e5a1f481edf22db49655ac7fe7bd4c433baaa3e5",
            "messageTitle": "Fix ReadMe",
            "messageBody": "",
            "fileTypesAndContributionMap": {
              "docs": {
                "insertions": 0,
                "deletions": 1
              }
            }
          },
          {
            "hash": "c9a4df65b3fcde3a9ef86a01f156a19a078fed3f",
            "messageTitle": "Fix ReadMe",
            "messageBody": "",
            "fileTypesAndContributionMap": {
              "docs": {
                "insertions": 1,
                "deletions": 1
              }
            }
          },
          {
            "hash": "f634535c17ecbea160cb347eb0db89008b743dc4",
            "messageTitle": "Update User Guide",
            "messageBody": "",
            "fileTypesAndContributionMap": {
              "docs": {
                "insertions": 25,
                "deletions": 37
              }
            }
          }
        ]
      },
      {
        "date": "2020-09-26",
        "commitResults": [
          {
            "hash": "15c96d0b6c9b05c5b2d56bca27638da0b463ece6",
            "messageTitle": "Edit Glossary",
            "messageBody": "",
            "fileTypesAndContributionMap": {
              "docs": {
                "insertions": 3,
                "deletions": 0
              }
            }
          },
          {
            "hash": "1a1ca56d8958fc91edce854272d0fd7904e7fe9e",
            "messageTitle": "Edit Glossary",
            "messageBody": "",
            "fileTypesAndContributionMap": {
              "docs": {
                "insertions": 2,
                "deletions": 0
              }
            }
          },
          {
            "hash": "67bd200719051b03d17ae534dd9b46e0eaeaa27e",
            "messageTitle": "Edit glossary",
            "messageBody": "",
            "fileTypesAndContributionMap": {
              "docs": {
                "insertions": 2,
                "deletions": 0
              }
            }
          }
        ]
      },
      {
        "date": "2020-09-29",
        "commitResults": [
          {
            "hash": "a6722d7c8a9f606c06c48bd5c561d396dc2a0038",
            "messageTitle": "Edit glossary in DG",
            "messageBody": "",
            "fileTypesAndContributionMap": {
              "docs": {
                "insertions": 0,
                "deletions": 1
              }
            }
          }
        ]
      }
    ],
    "jerrylchong": [
      {
        "date": "2020-09-20",
        "commitResults": [
          {
            "hash": "4ab394e88e0dae1ae3602b527c0503f449bfa60c",
            "messageTitle": "Update rest of README",
            "messageBody": "",
            "fileTypesAndContributionMap": {
              "docs": {
                "insertions": 6,
                "deletions": 5
              }
            }
          },
          {
            "hash": "56aecae1b2668318e2e9604007ed5f220ef5f605",
            "messageTitle": "Update AboutUs to include Jerryl",
            "messageBody": "",
            "fileTypesAndContributionMap": {
              "docs": {
                "insertions": 5,
                "deletions": 5
              }
            }
          },
          {
            "hash": "8e250966d84913f7cbb9d6584304cb4048636521",
            "messageTitle": "Add extra contact flow and add module feature to UserGuide",
            "messageBody": "",
            "fileTypesAndContributionMap": {
              "docs": {
                "insertions": 11,
                "deletions": 78
              }
            }
          },
          {
            "hash": "5de976145c313429b1a2f8a783f23e2f1a456072",
            "messageTitle": "Update FAQs in UserGuide",
            "messageBody": "",
            "fileTypesAndContributionMap": {
              "docs": {
                "insertions": 6,
                "deletions": 0
              }
            }
          },
          {
            "hash": "5bc50e1232db218ad06eb928f593264c9ec2f1a1",
            "messageTitle": "Fix minor error in first question of FAQ",
            "messageBody": "",
            "fileTypesAndContributionMap": {
              "docs": {
                "insertions": 1,
                "deletions": 1
              }
            }
          }
        ]
      },
      {
        "date": "2020-09-26",
        "commitResults": [
          {
            "hash": "ae98b78f407df7e6704c6485f9e26be39b7f8bc4",
            "messageTitle": "Add half of use cases to Developer Guide",
            "messageBody": "",
            "fileTypesAndContributionMap": {
              "docs": {
                "insertions": 120,
                "deletions": 12
              }
            }
          },
          {
            "hash": "519c6ee779e8e5c804a40b7de4d43b36f89de95e",
            "messageTitle": "Edit formatting of Use Cases",
            "messageBody": "",
            "fileTypesAndContributionMap": {
              "docs": {
                "insertions": 17,
                "deletions": 17
              }
            }
          },
          {
            "hash": "6e3dd0a5bdaca146732be2c4b158c468386daaf6",
            "messageTitle": "Delete Address",
            "messageBody": "",
            "fileTypesAndContributionMap": {
              "functional-code": {
                "insertions": 10,
                "deletions": 131
              },
              "test-code": {
                "insertions": 48,
                "deletions": 181
              }
            }
          },
          {
            "hash": "28bc05141cda1107c194873d766658b08f036f24",
            "messageTitle": "Add RemarkCommand and hook it to application",
            "messageBody": "",
            "fileTypesAndContributionMap": {
              "functional-code": {
                "insertions": 28,
                "deletions": 0
              }
            }
          },
          {
            "hash": "464f8bbaef12b39372bbc2af898c2e3ee455f7ad",
            "messageTitle": "Add parameters to RemarkCommand and add RemarkCommandParser",
            "messageBody": "",
            "fileTypesAndContributionMap": {
              "functional-code": {
                "insertions": 76,
                "deletions": 5
              }
            }
          },
          {
            "hash": "6b685253b940d1ca85c55a1bdd20f223957d815f",
            "messageTitle": "Add Remark class",
            "messageBody": "",
            "fileTypesAndContributionMap": {
              "functional-code": {
                "insertions": 38,
                "deletions": 6
              }
            }
          },
          {
            "hash": "91b23642d8387817e9c57528855fae467ccbf434",
            "messageTitle": "Add remark to Person model",
            "messageBody": "",
            "fileTypesAndContributionMap": {
              "functional-code": {
                "insertions": 42,
                "deletions": 15
              },
              "test-code": {
                "insertions": 14,
                "deletions": 2
              }
            }
          },
          {
            "hash": "6164bf335e3c9639388f85ce92a32de0ed114aa5",
            "messageTitle": "Add remark to JsonAdaptedPerson",
            "messageBody": "",
            "fileTypesAndContributionMap": {
              "functional-code": {
                "insertions": 8,
                "deletions": 2
              },
              "test-code": {
                "insertions": 8,
                "deletions": 8
              }
            }
          },
          {
            "hash": "e05d1e56052cf4d983ea514a20368b58fbf7feba",
            "messageTitle": "Add test for remark",
            "messageBody": "",
            "fileTypesAndContributionMap": {
              "functional-code": {
                "insertions": 31,
                "deletions": 4
              },
              "test-code": {
                "insertions": 36,
                "deletions": 0
              }
            }
          }
        ]
      },
      {
        "date": "2020-09-27",
        "commitResults": [
          {
            "hash": "927d5b13cccb6eba604d29169432e98d6c0a935f",
            "messageTitle": "Update RemarkCommandTest and affected files",
            "messageBody": "",
            "fileTypesAndContributionMap": {
              "test-code": {
                "insertions": 105,
                "deletions": 20
              }
            }
          },
          {
            "hash": "e6a6618c3b6c03289493bc6b4172e33851606619",
            "messageTitle": "Revert \"Update RemarkCommandTest and affected files\"",
            "messageBody": "This reverts commit 927d5b13cccb6eba604d29169432e98d6c0a935f.\n",
            "fileTypesAndContributionMap": {
              "test-code": {
                "insertions": 20,
                "deletions": 105
              }
            }
          },
          {
            "hash": "0debb2fac6357d49f366615f364633d0dca7c097",
            "messageTitle": "Revert \"Add test for remark\"",
            "messageBody": "This reverts commit e05d1e56052cf4d983ea514a20368b58fbf7feba.\n",
            "fileTypesAndContributionMap": {
              "functional-code": {
                "insertions": 4,
                "deletions": 31
              },
              "test-code": {
                "insertions": 0,
                "deletions": 36
              }
            }
          },
          {
            "hash": "9d5970f684f4c8d655900f81da5b3ef5a65c53c0",
            "messageTitle": "Revert \"Add remark to JsonAdaptedPerson\"",
            "messageBody": "This reverts commit 6164bf335e3c9639388f85ce92a32de0ed114aa5.\n",
            "fileTypesAndContributionMap": {
              "functional-code": {
                "insertions": 2,
                "deletions": 8
              },
              "test-code": {
                "insertions": 8,
                "deletions": 8
              }
            }
          },
          {
            "hash": "68b8e1a467cafd406071b3bd7141dfdd8f989602",
            "messageTitle": "Revert \"Add remark to Person model\"",
            "messageBody": "This reverts commit 91b23642d8387817e9c57528855fae467ccbf434.\n",
            "fileTypesAndContributionMap": {
              "functional-code": {
                "insertions": 15,
                "deletions": 42
              },
              "test-code": {
                "insertions": 2,
                "deletions": 14
              }
            }
          },
          {
            "hash": "8633d592eadd0c6b1cdcaff0b6883a7a4e745389",
            "messageTitle": "Revert \"Add Remark class\"",
            "messageBody": "This reverts commit 6b685253b940d1ca85c55a1bdd20f223957d815f.\n",
            "fileTypesAndContributionMap": {
              "functional-code": {
                "insertions": 6,
                "deletions": 38
              }
            }
          },
          {
            "hash": "9cc3ea9592446b5099d3a745ace7e386517c3c0a",
            "messageTitle": "Revert \"Add parameters to RemarkCommand and add RemarkCommandParser\"",
            "messageBody": "This reverts commit 464f8bbaef12b39372bbc2af898c2e3ee455f7ad.\n",
            "fileTypesAndContributionMap": {
              "functional-code": {
                "insertions": 5,
                "deletions": 76
              }
            }
          },
          {
            "hash": "b5cc56182d3e377791f262d6705b595936159c0d",
            "messageTitle": "Revert \"Add RemarkCommand and hook it to application\"",
            "messageBody": "This reverts commit 28bc05141cda1107c194873d766658b08f036f24.\n",
            "fileTypesAndContributionMap": {
              "functional-code": {
                "insertions": 0,
                "deletions": 28
              }
            }
          },
          {
            "hash": "c5bf5ae3de31f5911a75a1c6769659073f117de9",
            "messageTitle": "Revert \"Delete Address\"",
            "messageBody": "This reverts commit 6e3dd0a5bdaca146732be2c4b158c468386daaf6.\n",
            "fileTypesAndContributionMap": {
              "functional-code": {
                "insertions": 131,
                "deletions": 10
              },
              "test-code": {
                "insertions": 181,
                "deletions": 48
              }
            }
          },
          {
            "hash": "33d6aaf4c51da6a80815188e68c1727ea2f0a442",
            "messageTitle": "Replace Modduke Product Website link with website link",
            "messageBody": "",
            "fileTypesAndContributionMap": {
              "docs": {
                "insertions": 2,
                "deletions": 2
              }
            }
          },
          {
            "hash": "067851bfc7ffade702019525ea1a9dd0d254711e",
            "messageTitle": "Fix ModDuke naming",
            "messageBody": "",
            "fileTypesAndContributionMap": {
              "docs": {
                "insertions": 2,
                "deletions": 2
              }
            }
          }
        ]
      },
      {
        "date": "2020-10-07",
        "commitResults": [
          {
            "hash": "f6f0d804e36a9356f5f063621a6894e3ed2db72b",
            "messageTitle": "Edit ListCommand to use new command and add back parseCommand_list test",
            "messageBody": "",
            "fileTypesAndContributionMap": {
              "functional-code": {
                "insertions": 1,
                "deletions": 1
              },
              "test-code": {
                "insertions": 6,
                "deletions": 5
              }
            }
          },
          {
            "hash": "cdcc22c6cd41456d1dc44690fe0ba9574982313b",
            "messageTitle": "Edit ClearCommand to use new command and add back parseCommand_clear test",
            "messageBody": "",
            "fileTypesAndContributionMap": {
              "functional-code": {
                "insertions": 2,
                "deletions": 2
              },
              "test-code": {
                "insertions": 6,
                "deletions": 5
              }
            }
          },
          {
            "hash": "c7d62b04040aac21799520133bc76080ec1aee18",
            "messageTitle": "Create AddLabelCommand",
            "messageBody": "",
            "fileTypesAndContributionMap": {
              "functional-code": {
                "insertions": 161,
                "deletions": 0
              }
            }
          },
          {
            "hash": "6e9691cd0306fda86ce748c9da62fadfcac0fafb",
            "messageTitle": "Create AddLabelCommandParser",
            "messageBody": "",
            "fileTypesAndContributionMap": {
              "functional-code": {
                "insertions": 64,
                "deletions": 0
              }
            }
          },
          {
            "hash": "2c625ff0f63abce980da7670ef4ecc2d3834ffcf",
            "messageTitle": "Add handling of AddLabelCommand and fix AddLabelCommandParser",
            "messageBody": "",
            "fileTypesAndContributionMap": {
              "functional-code": {
                "insertions": 5,
                "deletions": 1
              }
            }
          },
          {
            "hash": "1c423b087856eb0756d00f0a86656ed2d2e8d893",
            "messageTitle": "Create LabelPersonDescriptorBuilder",
            "messageBody": "",
            "fileTypesAndContributionMap": {
              "test-code": {
                "insertions": 47,
                "deletions": 0
              }
            }
          },
          {
            "hash": "a4d068c91a6feb866e726f9afa7659ca4393dfe9",
            "messageTitle": "Create test for AddLabelCommand and add necessary variables for it",
            "messageBody": "",
            "fileTypesAndContributionMap": {
              "test-code": {
                "insertions": 149,
                "deletions": 1
              }
            }
          },
          {
            "hash": "0adfddf3a9b73240195df890d44589a568fac747",
            "messageTitle": "Add test for AddLabelCommandParser",
            "messageBody": "",
            "fileTypesAndContributionMap": {
              "functional-code": {
                "insertions": 14,
                "deletions": 5
              },
              "test-code": {
                "insertions": 97,
                "deletions": 6
              }
            }
          },
          {
            "hash": "202c3b56db040e65ae205156461fb4273caca02e",
            "messageTitle": "Add parseCommand test for label add command",
            "messageBody": "",
            "fileTypesAndContributionMap": {
              "test-code": {
                "insertions": 29,
                "deletions": 0
              }
            }
          },
          {
            "hash": "6d5035e5fb0d161523bf995192f5208284570d21",
            "messageTitle": "Remove unused imports from AddLabelCommandParser",
            "messageBody": "",
            "fileTypesAndContributionMap": {
              "functional-code": {
                "insertions": 0,
                "deletions": 2
              }
            }
          },
          {
            "hash": "8aa50384bb911f64d04084c7b78f0301ebd0eaec",
            "messageTitle": "Fix checkstyle errors in AddLabelCommmandTest",
            "messageBody": "",
            "fileTypesAndContributionMap": {
              "test-code": {
                "insertions": 7,
                "deletions": 2
              }
            }
          },
          {
            "hash": "8d463991be1a47e1f120fb031a028046fbcac7f8",
            "messageTitle": "Fix checkstyle errors in AddLabelCommandParserTest",
            "messageBody": "",
            "fileTypesAndContributionMap": {
              "test-code": {
                "insertions": 0,
                "deletions": 4
              }
            }
          },
          {
            "hash": "d131867b300c78d3de8a46c0fd1548e6542294b6",
            "messageTitle": "Fixed checkstyle errors for AddressBookParserTest and PersonUtil",
            "messageBody": "",
            "fileTypesAndContributionMap": {
              "test-code": {
                "insertions": 1,
                "deletions": 2
              }
            }
          },
          {
            "hash": "6b901f2661f553cf003338d5a6799d69ae9cb7ba",
            "messageTitle": "Change AddLabelCommand to not use name prefix",
            "messageBody": "",
            "fileTypesAndContributionMap": {
              "functional-code": {
                "insertions": 5,
                "deletions": 8
              },
              "test-code": {
                "insertions": 9,
                "deletions": 10
              }
            }
          }
        ]
      }
    ],
    "nopenotj": [
      {
        "date": "2020-09-20",
        "commitResults": [
          {
            "hash": "16eefb40ba18c467cb480a32c5adacf75a9e571b",
            "messageTitle": "Update AboutUs for Jay Chua",
            "messageBody": "",
            "fileTypesAndContributionMap": {
              "docs": {
                "insertions": 5,
                "deletions": 5
              }
            }
          },
          {
            "hash": "7a7caee7d76b257b5f0fcea93319876c1c3934bc",
            "messageTitle": "Update SettingUp.md",
            "messageBody": "",
            "fileTypesAndContributionMap": {
              "docs": {
                "insertions": 1,
                "deletions": 1
              }
            }
          },
          {
            "hash": "d5505071159920c2dbb98acb7efaa7921278c68d",
            "messageTitle": "Update ReadMe\u0027s description",
            "messageBody": "",
            "fileTypesAndContributionMap": {
              "docs": {
                "insertions": 4,
                "deletions": 3
              }
            }
          },
          {
            "hash": "96adc83a9f06786e60a8fc03cbf354139bc88169",
            "messageTitle": "Update User Guide",
            "messageBody": "",
            "fileTypesAndContributionMap": {
              "docs": {
                "insertions": 35,
                "deletions": 4
              }
            }
          },
          {
            "hash": "69ff0428e8d592808d72376c6e14cb1083c683cb",
            "messageTitle": "Fix UserGuide",
            "messageBody": "",
            "fileTypesAndContributionMap": {
              "docs": {
                "insertions": 1,
                "deletions": 1
              }
            }
          }
        ]
      },
      {
        "date": "2020-09-26",
        "commitResults": [
          {
            "hash": "508cc4a3f0790e423d70cff02610fcec9d54c0e6",
            "messageTitle": "Retrieve Old Version of UserGuide",
            "messageBody": "",
            "fileTypesAndContributionMap": {
              "docs": {
                "insertions": 88,
                "deletions": 69
              }
            }
          },
          {
            "hash": "1cb2a7884d3abefd38a4726dcdb0657cc252c718",
            "messageTitle": "Add Use Cases to DeveloperGuide.md",
            "messageBody": "",
            "fileTypesAndContributionMap": {
              "docs": {
                "insertions": 113,
                "deletions": 1
              }
            }
          }
        ]
      },
      {
        "date": "2020-09-27",
        "commitResults": [
          {
            "hash": "06a0464e2bc20fc52341123899a3dc857d6c7534",
            "messageTitle": "Standardise ModDuke in README",
            "messageBody": "",
            "fileTypesAndContributionMap": {
              "docs": {
                "insertions": 1,
                "deletions": 1
              }
            }
          },
          {
            "hash": "4e29955553782bccd10442b2363d0a62e5a42189",
            "messageTitle": "Revert \"Standardise ModDuke in README\"",
            "messageBody": "This reverts commit 06a0464e2bc20fc52341123899a3dc857d6c7534.\n",
            "fileTypesAndContributionMap": {
              "docs": {
                "insertions": 1,
                "deletions": 1
              }
            }
          },
          {
            "hash": "e7f48d3f92909f5706b74061fdfd60013283f519",
            "messageTitle": "Standardise ModDuke in README",
            "messageBody": "",
            "fileTypesAndContributionMap": {
              "docs": {
                "insertions": 1,
                "deletions": 1
              }
            }
          }
        ]
      }
    ],
    "royleochan": [
      {
        "date": "2020-09-05",
        "commitResults": [
          {
            "hash": "abe9b388ca5de79e5a821f1c9d0b5696c4bf85cb",
            "messageTitle": "Update README.md",
            "messageBody": "",
            "fileTypesAndContributionMap": {
              "docs": {
                "insertions": 2,
                "deletions": 0
              }
            }
          }
        ]
      },
      {
        "date": "2020-09-14",
        "commitResults": [
          {
            "hash": "ecbbfc27333600eadaec1ecd5c552c55a25cb4ec",
            "messageTitle": "Deleting address from the application",
            "messageBody": "",
            "fileTypesAndContributionMap": {
              "functional-code": {
                "insertions": 12,
                "deletions": 134
              },
              "test-code": {
                "insertions": 61,
                "deletions": 217
              }
            }
          }
        ]
      },
      {
        "date": "2020-09-20",
        "commitResults": [
          {
            "hash": "0cfbb1375bdb2cce38eac59e52f1fe84125c7e85",
            "messageTitle": "Add individual photo and update AboutUs.md",
            "messageBody": "",
            "fileTypesAndContributionMap": {
              "docs": {
                "insertions": 4,
                "deletions": 4
              }
            }
          },
          {
            "hash": "56f1ce3e11926b3e17f04c601dfaf2f367f65088",
            "messageTitle": "Update image directory in AboutUs.md",
            "messageBody": "",
            "fileTypesAndContributionMap": {
              "docs": {
                "insertions": 1,
                "deletions": 1
              }
            }
          },
          {
            "hash": "603fd994cce310b20f4044c5324fa6eb5c22367f",
            "messageTitle": "Update user guide Intro and Contact Flow",
            "messageBody": "",
            "fileTypesAndContributionMap": {
              "docs": {
                "insertions": 24,
                "deletions": 61
              }
            }
          }
        ]
      },
      {
        "date": "2020-09-26",
        "commitResults": [
          {
            "hash": "98b0e569adfa1040f9136a174e61761c4d071e05",
            "messageTitle": "Update index.md",
            "messageBody": "",
            "fileTypesAndContributionMap": {
              "docs": {
                "insertions": 6,
                "deletions": 6
              }
            }
          },
          {
            "hash": "71c548efaaf3c0d9e5bfb9cdf9adba3d31f4deff",
            "messageTitle": "Update target user, value proposition and user stories for DG",
            "messageBody": "",
            "fileTypesAndContributionMap": {
              "docs": {
                "insertions": 30,
                "deletions": 11
              }
            }
          }
        ]
      },
      {
        "date": "2020-10-03",
        "commitResults": [
          {
            "hash": "00c51d6aeacb596bf5295a5bed83a5fed62fd210",
            "messageTitle": "Remove address from person toString method",
            "messageBody": "",
            "fileTypesAndContributionMap": {
              "functional-code": {
                "insertions": 0,
                "deletions": 1
              }
            }
          }
        ]
      },
      {
        "date": "2020-10-05",
        "commitResults": [
          {
            "hash": "e567edb509dfc2c54f7a2d75d59ebb099e04597d",
            "messageTitle": "Remove more unnecessary address references",
            "messageBody": "",
            "fileTypesAndContributionMap": {
              "functional-code": {
                "insertions": 1,
                "deletions": 5
              }
            }
          },
          {
            "hash": "a4640fbd6ef56d8bb47bf48b2e41a929e1ca58cf",
            "messageTitle": "Refactor parser to take in commands with a verb and category",
            "messageBody": "",
            "fileTypesAndContributionMap": {
              "functional-code": {
                "insertions": 7,
                "deletions": 2
              }
            }
          },
          {
            "hash": "d6efd00f39ae53dad6b25d74d7e8998449671f94",
            "messageTitle": "Adjust contact adding prefix",
            "messageBody": "",
            "fileTypesAndContributionMap": {
              "functional-code": {
                "insertions": 1,
                "deletions": 4
              }
            }
          },
          {
            "hash": "050db9c595561ec602545842f0e737e99b3393b0",
            "messageTitle": "Remove print statement",
            "messageBody": "",
            "fileTypesAndContributionMap": {
              "functional-code": {
                "insertions": 0,
                "deletions": 1
              }
            }
          },
          {
            "hash": "00f5ec2a815a79f58518316e8b3490aa2cfafe8b",
            "messageTitle": "Comment out incomplete test cases",
            "messageBody": "",
            "fileTypesAndContributionMap": {
              "functional-code": {
                "insertions": 14,
                "deletions": 8
              },
              "test-code": {
                "insertions": 39,
                "deletions": 52
              }
            }
          },
          {
            "hash": "12f99e5f6cde83e77aebbff2f1daf775ac76f1ba",
            "messageTitle": "Update help url",
            "messageBody": "",
            "fileTypesAndContributionMap": {
              "functional-code": {
                "insertions": 1,
                "deletions": 1
              }
            }
          }
        ]
      },
      {
        "date": "2020-10-07",
        "commitResults": [
          {
            "hash": "c8296b41fca3b3e8a4aec788edae6bd49de6dbdc",
            "messageTitle": "Refactor delete and make contact names unique",
            "messageBody": "",
            "fileTypesAndContributionMap": {
              "functional-code": {
                "insertions": 60,
                "deletions": 20
              },
              "test-code": {
                "insertions": 35,
                "deletions": 23
              }
            }
          },
          {
            "hash": "436aa18edc2491f0b4f827342fb9034e8e9d1f24",
            "messageTitle": "Refactor editing of contacts to edit by contact name",
            "messageBody": "",
            "fileTypesAndContributionMap": {
              "functional-code": {
                "insertions": 23,
                "deletions": 19
              },
              "test-code": {
                "insertions": 55,
                "deletions": 59
              }
            }
          }
        ]
      }
    ]
  },
  "authorFileTypeContributionMap": {
    "gloon99": {
      "docs": 55,
      "functional-code": 0,
      "test-code": 0
    },
    "EkamSinghPandher": {
      "docs": 33,
      "functional-code": 0,
      "test-code": 0
    },
    "jerrylchong": {
      "docs": 126,
      "functional-code": 235,
      "test-code": 308
    },
    "nopenotj": {
      "docs": 143,
      "functional-code": 0,
      "test-code": 0
    },
    "royleochan": {
      "docs": 64,
      "functional-code": 116,
      "test-code": 171
    }
  },
  "authorContributionVariance": {
    "gloon99": 100.42446,
    "EkamSinghPandher": 120.48597,
    "jerrylchong": 35752.0,
    "nopenotj": 1363.8573,
    "royleochan": 5057.87
  },
  "authorDisplayNameMap": {
    "gloon99": "CS2103-F10-2 GOH ..LOON",
    "EkamSinghPandher": "CS2103-F10-2 EKAM..DHER",
    "jerrylchong": "CS2103-F10-2 JERR..NJIE",
    "nopenotj": "CS2103-F10-2 CHUA.. JAY",
    "royleochan": "CS2103-F10-2 ROY .. ZHI"
  }
}
