{
  "authorDailyContributionsMap": {
    "gloon99": [
      {
        "date": "2020-09-20",
        "commitResults": [
          {
            "hash": "b816a743fb9ed7c0cc2a8a56b993882d502d55d5",
            "messageTitle": "Update AboutUs and update link of GitHub Actions build",
            "messageBody": "",
            "fileTypesAndContributionMap": {
              "docs": {
                "insertions": 5,
                "deletions": 5
              }
            }
          },
          {
            "hash": "8af929f7f61fe5868ec153d280c0c932bb7173b8",
            "messageTitle": "update command summary",
            "messageBody": "",
            "fileTypesAndContributionMap": {
              "docs": {
                "insertions": 7,
                "deletions": 0
              }
            }
          },
          {
            "hash": "4a1acc92cefd99a8b55001dbcd5d5f9104dcf3d7",
            "messageTitle": "update about us profile picture",
            "messageBody": "",
            "fileTypesAndContributionMap": {
              "docs": {
                "insertions": 1,
                "deletions": 1
              }
            }
          },
          {
            "hash": "6539cc94cff0575a612e41644a8ba4c663cd7819",
            "messageTitle": "update user guide",
            "messageBody": "",
            "fileTypesAndContributionMap": {
              "docs": {
                "insertions": 26,
                "deletions": 3
              }
            }
          },
          {
            "hash": "cbbc8edc9ddb39fb1096416c2f8b691c9f07ed75",
            "messageTitle": "update user guide",
            "messageBody": "",
            "fileTypesAndContributionMap": {
              "docs": {
                "insertions": 2,
                "deletions": 2
              }
            }
          },
          {
            "hash": "7fa7f1a90220841c626c478b7023c3a176797f0d",
            "messageTitle": "update user guide",
            "messageBody": "",
            "fileTypesAndContributionMap": {
              "docs": {
                "insertions": 7,
                "deletions": 7
              }
            }
          }
        ]
      },
      {
        "date": "2020-09-26",
        "commitResults": [
          {
            "hash": "fa9970eb067ba1eb22d369f83362e88bc750e37b",
            "messageTitle": "edit non functional requirements in developer\u0027s guide",
            "messageBody": "",
            "fileTypesAndContributionMap": {
              "docs": {
                "insertions": 13,
                "deletions": 3
              }
            }
          }
        ]
      },
      {
        "date": "2020-09-28",
        "commitResults": [
          {
            "hash": "d56f9778591fdfe4261a08199ee11e7d2f380df5",
            "messageTitle": "Standardise UserGuide.md",
            "messageBody": "",
            "fileTypesAndContributionMap": {
              "docs": {
                "insertions": 17,
                "deletions": 17
              }
            }
          }
        ]
      },
      {
        "date": "2020-10-07",
        "commitResults": [
          {
            "hash": "efa1549d5bf7763f4c5f1db4b84cae35e6a0103b",
            "messageTitle": "Add Meeting class",
            "messageBody": "",
            "fileTypesAndContributionMap": {
              "functional-code": {
                "insertions": 94,
                "deletions": 0
              }
            }
          },
          {
            "hash": "6d56246471c63fb0263b1c968e46fdb9ef789c6b",
            "messageTitle": "Add Date and Time classes",
            "messageBody": "",
            "fileTypesAndContributionMap": {
              "functional-code": {
                "insertions": 149,
                "deletions": 9
              }
            }
          },
          {
            "hash": "a702d9b878897c7ffc1d269e8ee2d85daaa5d59c",
            "messageTitle": "Add methods for Meeting class",
            "messageBody": "",
            "fileTypesAndContributionMap": {
              "functional-code": {
                "insertions": 88,
                "deletions": 6
              }
            }
          },
          {
            "hash": "4e339f29b8dd470908dfafcdc05f80f06ce86458",
            "messageTitle": "Add MeetingBook class",
            "messageBody": "",
            "fileTypesAndContributionMap": {
              "functional-code": {
                "insertions": 115,
                "deletions": 0
              }
            }
          },
          {
            "hash": "3af1ae53bd3e1e4e71565a3c54c46a347116c5d6",
            "messageTitle": "Add UniqueMeetingList",
            "messageBody": "",
            "fileTypesAndContributionMap": {
              "functional-code": {
                "insertions": 138,
                "deletions": 6
              }
            }
          },
          {
            "hash": "aeb21470bf8fecc6bf415616321dc842d4accd77",
            "messageTitle": "Add Meeting exceptions",
            "messageBody": "",
            "fileTypesAndContributionMap": {
              "functional-code": {
                "insertions": 15,
                "deletions": 34
              }
            }
          }
        ]
      },
      {
        "date": "2020-10-08",
        "commitResults": [
          {
            "hash": "aa1c68f21d078baa5802ca4eeab6c7acf3e8125b",
            "messageTitle": "Modify storage and util to accomodate Meeting",
            "messageBody": "",
            "fileTypesAndContributionMap": {
              "functional-code": {
                "insertions": 416,
                "deletions": 15
              }
            }
          },
          {
            "hash": "945a348c3f786b67c3254eec3b52aec9ad24bdb1",
            "messageTitle": "Update test cases to accomodate Meeting",
            "messageBody": "",
            "fileTypesAndContributionMap": {
              "test-code": {
                "insertions": 244,
                "deletions": 37
              }
            }
          },
          {
            "hash": "add6fb8ddb0e76c7c338df9f04ea8f724455826d",
            "messageTitle": "update test cases to accomodate Meeting",
            "messageBody": "",
            "fileTypesAndContributionMap": {
              "test-code": {
                "insertions": 4,
                "deletions": 8
              }
            }
          },
          {
            "hash": "86d449eefabbdce8beeb33e6948b564413245dca",
            "messageTitle": "update AddMeetingCommand",
            "messageBody": "",
            "fileTypesAndContributionMap": {
              "functional-code": {
                "insertions": 97,
                "deletions": 53
              },
              "test-code": {
                "insertions": 9,
                "deletions": 24
              }
            }
          },
          {
            "hash": "91a7813b2e9af3052b554fd9b4d619fdab4e0cab",
            "messageTitle": "Update tests to accomodate Meeting",
            "messageBody": "",
            "fileTypesAndContributionMap": {
              "functional-code": {
                "insertions": 8,
                "deletions": 2
              },
              "test-code": {
                "insertions": 3,
                "deletions": 4
              }
            }
          },
          {
            "hash": "dd0ed8ff19d31970bce8c87b82dd6b1fc3c567ca",
            "messageTitle": "Add newline to EOF for UniqueMeetingList",
            "messageBody": "",
            "fileTypesAndContributionMap": {
              "functional-code": {
                "insertions": 1,
                "deletions": 1
              }
            }
          },
          {
            "hash": "ba508e3e3b7009200fb0c3eaa88efa2c12726392",
            "messageTitle": "Fix Checkstyle errors",
            "messageBody": "",
            "fileTypesAndContributionMap": {
              "functional-code": {
                "insertions": 151,
                "deletions": 55
              }
            }
          },
          {
            "hash": "72f78399bce0f5806ee886c371054aea5e56b439",
            "messageTitle": "Fix checkstyleTest errors",
            "messageBody": "",
            "fileTypesAndContributionMap": {
              "test-code": {
                "insertions": 52,
                "deletions": 25
              }
            }
          },
          {
            "hash": "35346828ee3632c67033dc95a72d06cda9754ff0",
            "messageTitle": "Update Logic class to accomodate Meeting",
            "messageBody": "",
            "fileTypesAndContributionMap": {
              "functional-code": {
                "insertions": 62,
                "deletions": 0
              },
              "test-code": {
                "insertions": 10,
                "deletions": 0
              }
            }
          },
          {
            "hash": "72a0cea403190551234efbf88d0ef8c79f4c31ca",
            "messageTitle": "Edit AddMeetingCommand",
            "messageBody": "",
            "fileTypesAndContributionMap": {
              "functional-code": {
                "insertions": 3,
                "deletions": 5
              }
            }
          },
          {
            "hash": "742900ee8b43fb38d5a7ca5f2164915e48330c9d",
            "messageTitle": "Fix command to add meetings",
            "messageBody": "",
            "fileTypesAndContributionMap": {
              "functional-code": {
                "insertions": 64,
                "deletions": 32
              }
            }
          },
          {
            "hash": "7b72f1fdea616024314435278fd86bd25eeef121",
            "messageTitle": "Fix checkstyle errors",
            "messageBody": "",
            "fileTypesAndContributionMap": {
              "functional-code": {
                "insertions": 2,
                "deletions": 3
              },
              "test-code": {
                "insertions": 1,
                "deletions": 1
              }
            }
          },
          {
            "hash": "31cba2d197c4790c4edb00f57e965c3321c3b648",
            "messageTitle": "Add more sample data for Meetings",
            "messageBody": "",
            "fileTypesAndContributionMap": {
              "functional-code": {
                "insertions": 8,
                "deletions": 1
              }
            }
          }
        ]
      },
      {
        "date": "2020-10-09",
        "commitResults": [
          {
            "hash": "fe3a8a44e79eb94488c11e5843161011aa04c96d",
            "messageTitle": "add DeleteMeetingCommand",
            "messageBody": "",
            "fileTypesAndContributionMap": {
              "functional-code": {
                "insertions": 101,
                "deletions": 1
              }
            }
          },
          {
            "hash": "015fdfaee3a6a7fa830938010f0aff05b603dac8",
            "messageTitle": "Update user input parser to parse commands which delete meetings",
            "messageBody": "",
            "fileTypesAndContributionMap": {
              "functional-code": {
                "insertions": 28,
                "deletions": 1
              }
            }
          },
          {
            "hash": "5d76bd48e4d9524d3693ea5625abafe9aa129db1",
            "messageTitle": "Update UserGuide.md to reflect delete meeting functionality",
            "messageBody": "",
            "fileTypesAndContributionMap": {
              "docs": {
                "insertions": 20,
                "deletions": 9
              }
            }
          },
          {
            "hash": "b5fed0b52d20c5d493a586a7ba0fb61560838c3a",
            "messageTitle": "Fix checkstyle errors",
            "messageBody": "",
            "fileTypesAndContributionMap": {
              "functional-code": {
                "insertions": 8,
                "deletions": 9
              },
              "test-code": {
                "insertions": 33,
                "deletions": 0
              }
            }
          },
          {
            "hash": "3b146b79209899e5ca12158d0aec42af3a91bdbd",
            "messageTitle": "Add ListMeetingCommand",
            "messageBody": "",
            "fileTypesAndContributionMap": {
              "functional-code": {
                "insertions": 28,
                "deletions": 0
              }
            }
          },
          {
            "hash": "323ed8a5d4be9f6a573cb3a12e761c79d2cac831",
            "messageTitle": "Fix checkstyle errors",
            "messageBody": "",
            "fileTypesAndContributionMap": {
              "functional-code": {
                "insertions": 2,
                "deletions": 2
              }
            }
          }
        ]
      },
      {
        "date": "2020-10-10",
        "commitResults": [
          {
            "hash": "80d6a43644201e1bc7892fd7350a24d436b03255",
            "messageTitle": "Add members field to meeting",
            "messageBody": "",
            "fileTypesAndContributionMap": {
              "functional-code": {
                "insertions": 7,
                "deletions": 12
              }
            }
          },
          {
            "hash": "fbbc7052d6b85fb0d2aa9ee02cad29bd146ba46a",
            "messageTitle": "Add members field to meetings",
            "messageBody": "",
            "fileTypesAndContributionMap": {
              "functional-code": {
                "insertions": 42,
                "deletions": 4
              }
            }
          },
          {
            "hash": "4024e4607d1341cc78a1745371cf4b651873f532",
            "messageTitle": "Update parsers to accomodate contacts in meetings",
            "messageBody": "",
            "fileTypesAndContributionMap": {
              "functional-code": {
                "insertions": 25,
                "deletions": 32
              }
            }
          },
          {
            "hash": "5f396eea1d6266a45949b7a79720e7a9729764e8",
            "messageTitle": "Update model to accomodate contacts in meetings",
            "messageBody": "",
            "fileTypesAndContributionMap": {
              "functional-code": {
                "insertions": 90,
                "deletions": 8
              }
            }
          },
          {
            "hash": "88a6095fe11a5871b2a538e3280f2de1485a2e97",
            "messageTitle": "Edit meetings to accept persons rather than just names",
            "messageBody": "",
            "fileTypesAndContributionMap": {
              "functional-code": {
                "insertions": 84,
                "deletions": 88
              }
            }
          },
          {
            "hash": "e8607949999c6cc751114306b105e8272b4af40d",
            "messageTitle": "Fix checkstyle errors",
            "messageBody": "",
            "fileTypesAndContributionMap": {
              "functional-code": {
                "insertions": 8,
                "deletions": 11
              },
              "test-code": {
                "insertions": 15,
                "deletions": 7
              }
            }
          }
        ]
      },
      {
        "date": "2020-10-12",
        "commitResults": [
          {
            "hash": "c582a1994b4db06244becbb7665b902804740b36",
            "messageTitle": "Add EditMeetingCommand class",
            "messageBody": "",
            "fileTypesAndContributionMap": {
              "functional-code": {
                "insertions": 211,
                "deletions": 0
              }
            }
          },
          {
            "hash": "84286a4c5f17cc8ebd6d70f1c94c285f049aa0e6",
            "messageTitle": "Update commands to accomodate edit meetings",
            "messageBody": "",
            "fileTypesAndContributionMap": {
              "functional-code": {
                "insertions": 155,
                "deletions": 31
              }
            }
          },
          {
            "hash": "84d3cfe6021d36671a207fb87870b33cbebd608f",
            "messageTitle": "Fix checkstyle errors",
            "messageBody": "",
            "fileTypesAndContributionMap": {
              "functional-code": {
                "insertions": 33,
                "deletions": 30
              },
              "test-code": {
                "insertions": 5,
                "deletions": 0
              }
            }
          },
          {
            "hash": "4afc0a1989279089233e006f9df8748e769ba8e2",
            "messageTitle": "Refactor code for edit meeting command",
            "messageBody": "",
            "fileTypesAndContributionMap": {
              "functional-code": {
                "insertions": 9,
                "deletions": 2
              }
            }
          },
          {
            "hash": "0d0f9cfe39369f63c015ae3360c950d4e8205111",
            "messageTitle": "Update UserGuide",
            "messageBody": "",
            "fileTypesAndContributionMap": {
              "docs": {
                "insertions": 8,
                "deletions": 5
              }
            }
          }
        ]
      }
    ],
    "EkamSinghPandher": [
      {
        "date": "2020-09-20",
        "commitResults": [
          {
            "hash": "010c329d6d60a0c97e1fe92541a5f0c695634aa7",
            "messageTitle": "Add About Us and Credit for AB3",
            "messageBody": "",
            "fileTypesAndContributionMap": {
              "docs": {
                "insertions": 9,
                "deletions": 5
              }
            }
          },
          {
            "hash": "d4dc430914f0887c2a24979feaf983dfadc09781",
            "messageTitle": "Fix ReadMe",
            "messageBody": "",
            "fileTypesAndContributionMap": {
              "docs": {
                "insertions": 1,
                "deletions": 2
              }
            }
          },
          {
            "hash": "e5a1f481edf22db49655ac7fe7bd4c433baaa3e5",
            "messageTitle": "Fix ReadMe",
            "messageBody": "",
            "fileTypesAndContributionMap": {
              "docs": {
                "insertions": 0,
                "deletions": 1
              }
            }
          },
          {
            "hash": "c9a4df65b3fcde3a9ef86a01f156a19a078fed3f",
            "messageTitle": "Fix ReadMe",
            "messageBody": "",
            "fileTypesAndContributionMap": {
              "docs": {
                "insertions": 1,
                "deletions": 1
              }
            }
          },
          {
            "hash": "f634535c17ecbea160cb347eb0db89008b743dc4",
            "messageTitle": "Update User Guide",
            "messageBody": "",
            "fileTypesAndContributionMap": {
              "docs": {
                "insertions": 25,
                "deletions": 37
              }
            }
          }
        ]
      },
      {
        "date": "2020-09-26",
        "commitResults": [
          {
            "hash": "15c96d0b6c9b05c5b2d56bca27638da0b463ece6",
            "messageTitle": "Edit Glossary",
            "messageBody": "",
            "fileTypesAndContributionMap": {
              "docs": {
                "insertions": 3,
                "deletions": 0
              }
            }
          },
          {
            "hash": "1a1ca56d8958fc91edce854272d0fd7904e7fe9e",
            "messageTitle": "Edit Glossary",
            "messageBody": "",
            "fileTypesAndContributionMap": {
              "docs": {
                "insertions": 2,
                "deletions": 0
              }
            }
          },
          {
            "hash": "67bd200719051b03d17ae534dd9b46e0eaeaa27e",
            "messageTitle": "Edit glossary",
            "messageBody": "",
            "fileTypesAndContributionMap": {
              "docs": {
                "insertions": 2,
                "deletions": 0
              }
            }
          }
        ]
      },
      {
        "date": "2020-09-29",
        "commitResults": [
          {
            "hash": "a6722d7c8a9f606c06c48bd5c561d396dc2a0038",
            "messageTitle": "Edit glossary in DG",
            "messageBody": "",
            "fileTypesAndContributionMap": {
              "docs": {
                "insertions": 0,
                "deletions": 1
              }
            }
          }
        ]
      },
      {
        "date": "2020-10-12",
        "commitResults": [
          {
            "hash": "2a5dd03e15e747a16339a167935695b9d7043cd6",
            "messageTitle": "Add Module Backend",
            "messageBody": "",
            "fileTypesAndContributionMap": {
              "functional-code": {
                "insertions": 1103,
                "deletions": 36
              },
              "test-code": {
                "insertions": 205,
                "deletions": 46
              }
            }
          },
          {
            "hash": "81ec2040acfa33e400829323a81b0cfa861a8f67",
            "messageTitle": "Fix Style",
            "messageBody": "",
            "fileTypesAndContributionMap": {
              "functional-code": {
                "insertions": 2,
                "deletions": 0
              }
            }
          },
          {
            "hash": "8dda6b51a2e801c7840b94692fffeda8a07b9b78",
            "messageTitle": "Fix style issues",
            "messageBody": "",
            "fileTypesAndContributionMap": {
              "functional-code": {
                "insertions": 36,
                "deletions": 42
              }
            }
          },
          {
            "hash": "1a144a68904d7003fcedacb6b7ecc87adb9c5a69",
            "messageTitle": "Fix style issues",
            "messageBody": "",
            "fileTypesAndContributionMap": {
              "functional-code": {
                "insertions": 34,
                "deletions": 7
              }
            }
          },
          {
            "hash": "825aef5d08f96fb8eebdcd8e9e6ce7feed3575d4",
            "messageTitle": "Fix test style issues",
            "messageBody": "",
            "fileTypesAndContributionMap": {
              "test-code": {
                "insertions": 71,
                "deletions": 28
              }
            }
          }
        ]
      },
      {
        "date": "2020-10-13",
        "commitResults": [
          {
            "hash": "dcc50296f4f763a2668ae65de6a310360bef427f",
            "messageTitle": "Add List Module Cmmd",
            "messageBody": "",
            "fileTypesAndContributionMap": {
              "functional-code": {
                "insertions": 23,
                "deletions": 0
              }
            }
          }
        ]
      },
      {
        "date": "2020-10-14",
        "commitResults": [
          {
            "hash": "f3dfb7e35577a63c1f02a33fc806b84b3a7bd862",
            "messageTitle": "Add module list",
            "messageBody": "",
            "fileTypesAndContributionMap": {
              "functional-code": {
                "insertions": 96,
                "deletions": 8
              },
              "test-code": {
                "insertions": 5,
                "deletions": 0
              }
            }
          }
        ]
      }
    ],
    "jerrylchong": [
      {
        "date": "2020-09-20",
        "commitResults": [
          {
            "hash": "4ab394e88e0dae1ae3602b527c0503f449bfa60c",
            "messageTitle": "Update rest of README",
            "messageBody": "",
            "fileTypesAndContributionMap": {
              "docs": {
                "insertions": 6,
                "deletions": 5
              }
            }
          },
          {
            "hash": "56aecae1b2668318e2e9604007ed5f220ef5f605",
            "messageTitle": "Update AboutUs to include Jerryl",
            "messageBody": "",
            "fileTypesAndContributionMap": {
              "docs": {
                "insertions": 5,
                "deletions": 5
              }
            }
          },
          {
            "hash": "8e250966d84913f7cbb9d6584304cb4048636521",
            "messageTitle": "Add extra contact flow and add module feature to UserGuide",
            "messageBody": "",
            "fileTypesAndContributionMap": {
              "docs": {
                "insertions": 11,
                "deletions": 78
              }
            }
          },
          {
            "hash": "5de976145c313429b1a2f8a783f23e2f1a456072",
            "messageTitle": "Update FAQs in UserGuide",
            "messageBody": "",
            "fileTypesAndContributionMap": {
              "docs": {
                "insertions": 6,
                "deletions": 0
              }
            }
          },
          {
            "hash": "5bc50e1232db218ad06eb928f593264c9ec2f1a1",
            "messageTitle": "Fix minor error in first question of FAQ",
            "messageBody": "",
            "fileTypesAndContributionMap": {
              "docs": {
                "insertions": 1,
                "deletions": 1
              }
            }
          }
        ]
      },
      {
        "date": "2020-09-26",
        "commitResults": [
          {
            "hash": "ae98b78f407df7e6704c6485f9e26be39b7f8bc4",
            "messageTitle": "Add half of use cases to Developer Guide",
            "messageBody": "",
            "fileTypesAndContributionMap": {
              "docs": {
                "insertions": 120,
                "deletions": 12
              }
            }
          },
          {
            "hash": "519c6ee779e8e5c804a40b7de4d43b36f89de95e",
            "messageTitle": "Edit formatting of Use Cases",
            "messageBody": "",
            "fileTypesAndContributionMap": {
              "docs": {
                "insertions": 17,
                "deletions": 17
              }
            }
          },
          {
            "hash": "6e3dd0a5bdaca146732be2c4b158c468386daaf6",
            "messageTitle": "Delete Address",
            "messageBody": "",
            "fileTypesAndContributionMap": {
              "functional-code": {
                "insertions": 10,
                "deletions": 131
              },
              "test-code": {
                "insertions": 48,
                "deletions": 181
              }
            }
          },
          {
            "hash": "28bc05141cda1107c194873d766658b08f036f24",
            "messageTitle": "Add RemarkCommand and hook it to application",
            "messageBody": "",
            "fileTypesAndContributionMap": {
              "functional-code": {
                "insertions": 28,
                "deletions": 0
              }
            }
          },
          {
            "hash": "464f8bbaef12b39372bbc2af898c2e3ee455f7ad",
            "messageTitle": "Add parameters to RemarkCommand and add RemarkCommandParser",
            "messageBody": "",
            "fileTypesAndContributionMap": {
              "functional-code": {
                "insertions": 76,
                "deletions": 5
              }
            }
          },
          {
            "hash": "6b685253b940d1ca85c55a1bdd20f223957d815f",
            "messageTitle": "Add Remark class",
            "messageBody": "",
            "fileTypesAndContributionMap": {
              "functional-code": {
                "insertions": 38,
                "deletions": 6
              }
            }
          },
          {
            "hash": "91b23642d8387817e9c57528855fae467ccbf434",
            "messageTitle": "Add remark to Person model",
            "messageBody": "",
            "fileTypesAndContributionMap": {
              "functional-code": {
                "insertions": 42,
                "deletions": 15
              },
              "test-code": {
                "insertions": 14,
                "deletions": 2
              }
            }
          },
          {
            "hash": "6164bf335e3c9639388f85ce92a32de0ed114aa5",
            "messageTitle": "Add remark to JsonAdaptedPerson",
            "messageBody": "",
            "fileTypesAndContributionMap": {
              "functional-code": {
                "insertions": 8,
                "deletions": 2
              },
              "test-code": {
                "insertions": 8,
                "deletions": 8
              }
            }
          },
          {
            "hash": "e05d1e56052cf4d983ea514a20368b58fbf7feba",
            "messageTitle": "Add test for remark",
            "messageBody": "",
            "fileTypesAndContributionMap": {
              "functional-code": {
                "insertions": 31,
                "deletions": 4
              },
              "test-code": {
                "insertions": 36,
                "deletions": 0
              }
            }
          }
        ]
      },
      {
        "date": "2020-09-27",
        "commitResults": [
          {
            "hash": "927d5b13cccb6eba604d29169432e98d6c0a935f",
            "messageTitle": "Update RemarkCommandTest and affected files",
            "messageBody": "",
            "fileTypesAndContributionMap": {
              "test-code": {
                "insertions": 105,
                "deletions": 20
              }
            }
          },
          {
            "hash": "e6a6618c3b6c03289493bc6b4172e33851606619",
            "messageTitle": "Revert \"Update RemarkCommandTest and affected files\"",
            "messageBody": "This reverts commit 927d5b13cccb6eba604d29169432e98d6c0a935f.\n",
            "fileTypesAndContributionMap": {
              "test-code": {
                "insertions": 20,
                "deletions": 105
              }
            }
          },
          {
            "hash": "0debb2fac6357d49f366615f364633d0dca7c097",
            "messageTitle": "Revert \"Add test for remark\"",
            "messageBody": "This reverts commit e05d1e56052cf4d983ea514a20368b58fbf7feba.\n",
            "fileTypesAndContributionMap": {
              "functional-code": {
                "insertions": 4,
                "deletions": 31
              },
              "test-code": {
                "insertions": 0,
                "deletions": 36
              }
            }
          },
          {
            "hash": "9d5970f684f4c8d655900f81da5b3ef5a65c53c0",
            "messageTitle": "Revert \"Add remark to JsonAdaptedPerson\"",
            "messageBody": "This reverts commit 6164bf335e3c9639388f85ce92a32de0ed114aa5.\n",
            "fileTypesAndContributionMap": {
              "functional-code": {
                "insertions": 2,
                "deletions": 8
              },
              "test-code": {
                "insertions": 8,
                "deletions": 8
              }
            }
          },
          {
            "hash": "68b8e1a467cafd406071b3bd7141dfdd8f989602",
            "messageTitle": "Revert \"Add remark to Person model\"",
            "messageBody": "This reverts commit 91b23642d8387817e9c57528855fae467ccbf434.\n",
            "fileTypesAndContributionMap": {
              "functional-code": {
                "insertions": 15,
                "deletions": 42
              },
              "test-code": {
                "insertions": 2,
                "deletions": 14
              }
            }
          },
          {
            "hash": "8633d592eadd0c6b1cdcaff0b6883a7a4e745389",
            "messageTitle": "Revert \"Add Remark class\"",
            "messageBody": "This reverts commit 6b685253b940d1ca85c55a1bdd20f223957d815f.\n",
            "fileTypesAndContributionMap": {
              "functional-code": {
                "insertions": 6,
                "deletions": 38
              }
            }
          },
          {
            "hash": "9cc3ea9592446b5099d3a745ace7e386517c3c0a",
            "messageTitle": "Revert \"Add parameters to RemarkCommand and add RemarkCommandParser\"",
            "messageBody": "This reverts commit 464f8bbaef12b39372bbc2af898c2e3ee455f7ad.\n",
            "fileTypesAndContributionMap": {
              "functional-code": {
                "insertions": 5,
                "deletions": 76
              }
            }
          },
          {
            "hash": "b5cc56182d3e377791f262d6705b595936159c0d",
            "messageTitle": "Revert \"Add RemarkCommand and hook it to application\"",
            "messageBody": "This reverts commit 28bc05141cda1107c194873d766658b08f036f24.\n",
            "fileTypesAndContributionMap": {
              "functional-code": {
                "insertions": 0,
                "deletions": 28
              }
            }
          },
          {
            "hash": "c5bf5ae3de31f5911a75a1c6769659073f117de9",
            "messageTitle": "Revert \"Delete Address\"",
            "messageBody": "This reverts commit 6e3dd0a5bdaca146732be2c4b158c468386daaf6.\n",
            "fileTypesAndContributionMap": {
              "functional-code": {
                "insertions": 131,
                "deletions": 10
              },
              "test-code": {
                "insertions": 181,
                "deletions": 48
              }
            }
          },
          {
            "hash": "33d6aaf4c51da6a80815188e68c1727ea2f0a442",
            "messageTitle": "Replace Modduke Product Website link with website link",
            "messageBody": "",
            "fileTypesAndContributionMap": {
              "docs": {
                "insertions": 2,
                "deletions": 2
              }
            }
          },
          {
            "hash": "067851bfc7ffade702019525ea1a9dd0d254711e",
            "messageTitle": "Fix ModDuke naming",
            "messageBody": "",
            "fileTypesAndContributionMap": {
              "docs": {
                "insertions": 2,
                "deletions": 2
              }
            }
          }
        ]
      },
      {
        "date": "2020-10-07",
        "commitResults": [
          {
            "hash": "f6f0d804e36a9356f5f063621a6894e3ed2db72b",
            "messageTitle": "Edit ListCommand to use new command and add back parseCommand_list test",
            "messageBody": "",
            "fileTypesAndContributionMap": {
              "functional-code": {
                "insertions": 1,
                "deletions": 1
              },
              "test-code": {
                "insertions": 6,
                "deletions": 5
              }
            }
          },
          {
            "hash": "cdcc22c6cd41456d1dc44690fe0ba9574982313b",
            "messageTitle": "Edit ClearCommand to use new command and add back parseCommand_clear test",
            "messageBody": "",
            "fileTypesAndContributionMap": {
              "functional-code": {
                "insertions": 2,
                "deletions": 2
              },
              "test-code": {
                "insertions": 6,
                "deletions": 5
              }
            }
          },
          {
            "hash": "c7d62b04040aac21799520133bc76080ec1aee18",
            "messageTitle": "Create AddLabelCommand",
            "messageBody": "",
            "fileTypesAndContributionMap": {
              "functional-code": {
                "insertions": 161,
                "deletions": 0
              }
            }
          },
          {
            "hash": "6e9691cd0306fda86ce748c9da62fadfcac0fafb",
            "messageTitle": "Create AddLabelCommandParser",
            "messageBody": "",
            "fileTypesAndContributionMap": {
              "functional-code": {
                "insertions": 64,
                "deletions": 0
              }
            }
          },
          {
            "hash": "2c625ff0f63abce980da7670ef4ecc2d3834ffcf",
            "messageTitle": "Add handling of AddLabelCommand and fix AddLabelCommandParser",
            "messageBody": "",
            "fileTypesAndContributionMap": {
              "functional-code": {
                "insertions": 5,
                "deletions": 1
              }
            }
          },
          {
            "hash": "1c423b087856eb0756d00f0a86656ed2d2e8d893",
            "messageTitle": "Create LabelPersonDescriptorBuilder",
            "messageBody": "",
            "fileTypesAndContributionMap": {
              "test-code": {
                "insertions": 47,
                "deletions": 0
              }
            }
          },
          {
            "hash": "a4d068c91a6feb866e726f9afa7659ca4393dfe9",
            "messageTitle": "Create test for AddLabelCommand and add necessary variables for it",
            "messageBody": "",
            "fileTypesAndContributionMap": {
              "test-code": {
                "insertions": 149,
                "deletions": 1
              }
            }
          },
          {
            "hash": "0adfddf3a9b73240195df890d44589a568fac747",
            "messageTitle": "Add test for AddLabelCommandParser",
            "messageBody": "",
            "fileTypesAndContributionMap": {
              "functional-code": {
                "insertions": 14,
                "deletions": 5
              },
              "test-code": {
                "insertions": 97,
                "deletions": 6
              }
            }
          },
          {
            "hash": "202c3b56db040e65ae205156461fb4273caca02e",
            "messageTitle": "Add parseCommand test for label add command",
            "messageBody": "",
            "fileTypesAndContributionMap": {
              "test-code": {
                "insertions": 29,
                "deletions": 0
              }
            }
          },
          {
            "hash": "6d5035e5fb0d161523bf995192f5208284570d21",
            "messageTitle": "Remove unused imports from AddLabelCommandParser",
            "messageBody": "",
            "fileTypesAndContributionMap": {
              "functional-code": {
                "insertions": 0,
                "deletions": 2
              }
            }
          },
          {
            "hash": "8aa50384bb911f64d04084c7b78f0301ebd0eaec",
            "messageTitle": "Fix checkstyle errors in AddLabelCommmandTest",
            "messageBody": "",
            "fileTypesAndContributionMap": {
              "test-code": {
                "insertions": 7,
                "deletions": 2
              }
            }
          },
          {
            "hash": "8d463991be1a47e1f120fb031a028046fbcac7f8",
            "messageTitle": "Fix checkstyle errors in AddLabelCommandParserTest",
            "messageBody": "",
            "fileTypesAndContributionMap": {
              "test-code": {
                "insertions": 0,
                "deletions": 4
              }
            }
          },
          {
            "hash": "d131867b300c78d3de8a46c0fd1548e6542294b6",
            "messageTitle": "Fixed checkstyle errors for AddressBookParserTest and PersonUtil",
            "messageBody": "",
            "fileTypesAndContributionMap": {
              "test-code": {
                "insertions": 1,
                "deletions": 2
              }
            }
          },
          {
            "hash": "6b901f2661f553cf003338d5a6799d69ae9cb7ba",
            "messageTitle": "Change AddLabelCommand to not use name prefix",
            "messageBody": "",
            "fileTypesAndContributionMap": {
              "functional-code": {
                "insertions": 5,
                "deletions": 8
              },
              "test-code": {
                "insertions": 9,
                "deletions": 10
              }
            }
          }
        ]
      },
      {
        "date": "2020-10-10",
        "commitResults": [
          {
            "hash": "227e760dd8015ad5f5c2f186b4cb81e5e48a6059",
            "messageTitle": "Edit FindCommand usage",
            "messageBody": "",
            "fileTypesAndContributionMap": {
              "functional-code": {
                "insertions": 8,
                "deletions": 3
              }
            }
          },
          {
            "hash": "2f489e2d84bb1144e963367fc63b629cd872d79e",
            "messageTitle": "Add PersonHasTagsAndNamePredicate",
            "messageBody": "",
            "fileTypesAndContributionMap": {
              "functional-code": {
                "insertions": 40,
                "deletions": 1
              }
            }
          },
          {
            "hash": "579fa1b8df7116c9e9c61e155659e8be4dd05224",
            "messageTitle": "Modify logic of FindCommandParser parse method",
            "messageBody": "",
            "fileTypesAndContributionMap": {
              "functional-code": {
                "insertions": 62,
                "deletions": 7
              }
            }
          },
          {
            "hash": "b44e9e77a9cde48232785190d4c3fa8a0b0299d3",
            "messageTitle": "Create PersonPredicate interface",
            "messageBody": "",
            "fileTypesAndContributionMap": {
              "functional-code": {
                "insertions": 11,
                "deletions": 5
              }
            }
          },
          {
            "hash": "276f6eebb3afb23e1c9c49eec5011d3f6f3c6fbe",
            "messageTitle": "Update AddressBookParser to work with find",
            "messageBody": "",
            "fileTypesAndContributionMap": {
              "functional-code": {
                "insertions": 16,
                "deletions": 13
              }
            }
          },
          {
            "hash": "5741d1c055003cbf5b0e69a33270388cbd8998ad",
            "messageTitle": "Create PersonHasTagsPredicate",
            "messageBody": "",
            "fileTypesAndContributionMap": {
              "functional-code": {
                "insertions": 31,
                "deletions": 5
              }
            }
          },
          {
            "hash": "92ee4dbb67503758405c9a671b47409b15dc7e49",
            "messageTitle": "Comment out FindCommand tests due to unknown cause for failure",
            "messageBody": "",
            "fileTypesAndContributionMap": {
              "functional-code": {
                "insertions": 2,
                "deletions": 0
              },
              "test-code": {
                "insertions": 34,
                "deletions": 18
              }
            }
          },
          {
            "hash": "98111e4445630e3b8fd9841d43cda67f5eef7c0f",
            "messageTitle": "Fix checkstyle errors",
            "messageBody": "",
            "fileTypesAndContributionMap": {
              "functional-code": {
                "insertions": 1,
                "deletions": 3
              }
            }
          },
          {
            "hash": "72442dd2b5863e5f89c7ef8a04ea33c2726d04cd",
            "messageTitle": "Remove trailing whitespace in PersonHasTagsAndNamePredicate",
            "messageBody": "",
            "fileTypesAndContributionMap": {
              "functional-code": {
                "insertions": 0,
                "deletions": 1
              }
            }
          },
          {
            "hash": "6cf7897a93749a65c744a71405601e94d7aa9129",
            "messageTitle": "Add Javadoc comment for PersonHasTagsAndNamePredicate constructor and edit Javadoc comment for AddLabelCommandParser",
            "messageBody": "",
            "fileTypesAndContributionMap": {
              "functional-code": {
                "insertions": 10,
                "deletions": 2
              }
            }
          },
          {
            "hash": "930cb302a5b9ddb76792d10a0cbbfa9e5053cc34",
            "messageTitle": "Remove unused imports in AddressBookParserTest",
            "messageBody": "",
            "fileTypesAndContributionMap": {
              "test-code": {
                "insertions": 0,
                "deletions": 7
              }
            }
          }
        ]
      },
      {
        "date": "2020-10-11",
        "commitResults": [
          {
            "hash": "9f62ff52622df498ebe0be2316a6dc7ec6b4dcb4",
            "messageTitle": "Modify FindCommandParser parse logic",
            "messageBody": "",
            "fileTypesAndContributionMap": {
              "functional-code": {
                "insertions": 8,
                "deletions": 1
              }
            }
          },
          {
            "hash": "883ed01b0b5619f6c4100387491f4fc0bad5931b",
            "messageTitle": "Fix and add tests for FindCommandParser",
            "messageBody": "",
            "fileTypesAndContributionMap": {
              "functional-code": {
                "insertions": 1,
                "deletions": 4
              },
              "test-code": {
                "insertions": 74,
                "deletions": 17
              }
            }
          }
        ]
      },
      {
        "date": "2020-10-14",
        "commitResults": [
          {
            "hash": "1c164fd3852a030c55145acc7a98edcb14d4232a",
            "messageTitle": "Change tag predicates to search for any matches in person instead of all matches",
            "messageBody": "",
            "fileTypesAndContributionMap": {
              "functional-code": {
                "insertions": 4,
                "deletions": 2
              }
            }
          }
        ]
      }
    ],
    "nopenotj": [
      {
        "date": "2020-09-20",
        "commitResults": [
          {
            "hash": "16eefb40ba18c467cb480a32c5adacf75a9e571b",
            "messageTitle": "Update AboutUs for Jay Chua",
            "messageBody": "",
            "fileTypesAndContributionMap": {
              "docs": {
                "insertions": 5,
                "deletions": 5
              }
            }
          },
          {
            "hash": "7a7caee7d76b257b5f0fcea93319876c1c3934bc",
            "messageTitle": "Update SettingUp.md",
            "messageBody": "",
            "fileTypesAndContributionMap": {
              "docs": {
                "insertions": 1,
                "deletions": 1
              }
            }
          },
          {
            "hash": "d5505071159920c2dbb98acb7efaa7921278c68d",
            "messageTitle": "Update ReadMe\u0027s description",
            "messageBody": "",
            "fileTypesAndContributionMap": {
              "docs": {
                "insertions": 4,
                "deletions": 3
              }
            }
          },
          {
            "hash": "96adc83a9f06786e60a8fc03cbf354139bc88169",
            "messageTitle": "Update User Guide",
            "messageBody": "",
            "fileTypesAndContributionMap": {
              "docs": {
                "insertions": 35,
                "deletions": 4
              }
            }
          },
          {
            "hash": "69ff0428e8d592808d72376c6e14cb1083c683cb",
            "messageTitle": "Fix UserGuide",
            "messageBody": "",
            "fileTypesAndContributionMap": {
              "docs": {
                "insertions": 1,
                "deletions": 1
              }
            }
          }
        ]
      },
      {
        "date": "2020-09-26",
        "commitResults": [
          {
            "hash": "508cc4a3f0790e423d70cff02610fcec9d54c0e6",
            "messageTitle": "Retrieve Old Version of UserGuide",
            "messageBody": "",
            "fileTypesAndContributionMap": {
              "docs": {
                "insertions": 88,
                "deletions": 69
              }
            }
          },
          {
            "hash": "1cb2a7884d3abefd38a4726dcdb0657cc252c718",
            "messageTitle": "Add Use Cases to DeveloperGuide.md",
            "messageBody": "",
            "fileTypesAndContributionMap": {
              "docs": {
                "insertions": 113,
                "deletions": 1
              }
            }
          }
        ]
      },
      {
        "date": "2020-09-27",
        "commitResults": [
          {
            "hash": "06a0464e2bc20fc52341123899a3dc857d6c7534",
            "messageTitle": "Standardise ModDuke in README",
            "messageBody": "",
            "fileTypesAndContributionMap": {
              "docs": {
                "insertions": 1,
                "deletions": 1
              }
            }
          },
          {
            "hash": "4e29955553782bccd10442b2363d0a62e5a42189",
            "messageTitle": "Revert \"Standardise ModDuke in README\"",
            "messageBody": "This reverts commit 06a0464e2bc20fc52341123899a3dc857d6c7534.\n",
            "fileTypesAndContributionMap": {
              "docs": {
                "insertions": 1,
                "deletions": 1
              }
            }
          },
          {
            "hash": "e7f48d3f92909f5706b74061fdfd60013283f519",
            "messageTitle": "Standardise ModDuke in README",
            "messageBody": "",
            "fileTypesAndContributionMap": {
              "docs": {
                "insertions": 1,
                "deletions": 1
              }
            }
          }
        ]
      },
      {
        "date": "2020-10-08",
        "commitResults": [
          {
            "hash": "ebd5199eea57ec57581f4bc1de1e1dd4b4fc946f",
            "messageTitle": "Add GUI for meeting",
            "messageBody": "",
            "fileTypesAndContributionMap": {
              "functional-code": {
                "insertions": 247,
                "deletions": 6
              }
            }
          },
          {
            "hash": "f14b2462fc532973588a46f55426e4879f7e5b06",
            "messageTitle": "Fix Checkstyle issues",
            "messageBody": "",
            "fileTypesAndContributionMap": {
              "functional-code": {
                "insertions": 8,
                "deletions": 10
              }
            }
          }
        ]
      },
      {
        "date": "2020-10-11",
        "commitResults": [
          {
            "hash": "c8ecf53467b5a8f95ef7f301efea311ea1c3c79d",
            "messageTitle": "Add GUI for Module",
            "messageBody": "",
            "fileTypesAndContributionMap": {
              "functional-code": {
                "insertions": 221,
                "deletions": 4
              }
            }
          },
          {
            "hash": "f873928015d47378d3be63ab3e5b981b25c615e9",
            "messageTitle": "Fix Checkstyle issues",
            "messageBody": "",
            "fileTypesAndContributionMap": {
              "functional-code": {
                "insertions": 6,
                "deletions": 7
              }
            }
          },
          {
            "hash": "fc253c38e402222b6fd3814219392958ca99fb9d",
            "messageTitle": "Integrated Module column with new UI",
            "messageBody": "",
            "fileTypesAndContributionMap": {
              "functional-code": {
                "insertions": 0,
                "deletions": 10
              }
            }
          }
        ]
      },
      {
        "date": "2020-10-12",
        "commitResults": [
          {
            "hash": "a32d8a74a47647051baa576d69078de2ac9235ff",
            "messageTitle": "Made Date human readable",
            "messageBody": "",
            "fileTypesAndContributionMap": {
              "functional-code": {
                "insertions": 19,
                "deletions": 9
              }
            }
          },
          {
            "hash": "db8a7bbee150c2f628d4f09cfa514b0b577f8732",
            "messageTitle": "Made time human readable",
            "messageBody": "",
            "fileTypesAndContributionMap": {
              "functional-code": {
                "insertions": 10,
                "deletions": 4
              }
            }
          },
          {
            "hash": "defee02a5cc0cbbdee8a74329071c6a8423d286d",
            "messageTitle": "Fix Checkstyle issues",
            "messageBody": "",
            "fileTypesAndContributionMap": {
              "functional-code": {
                "insertions": 6,
                "deletions": 5
              }
            }
          },
          {
            "hash": "b0b51e70312387047533500c11f0917805b146c2",
            "messageTitle": "fix merge issues",
            "messageBody": "",
            "fileTypesAndContributionMap": {
              "functional-code": {
                "insertions": 8,
                "deletions": 8
              }
            }
          }
        ]
      },
      {
        "date": "2020-10-13",
        "commitResults": [
          {
            "hash": "0b267af039b471e145034e0f3dc8168e043a5282",
            "messageTitle": "Fix storage of date time formats",
            "messageBody": "",
            "fileTypesAndContributionMap": {
              "functional-code": {
                "insertions": 18,
                "deletions": 12
              }
            }
          }
        ]
      },
      {
        "date": "2020-10-14",
        "commitResults": [
          {
            "hash": "ca541b02d44965ea3e26db56f2380e3769e92c9e",
            "messageTitle": "Made meetings to be sorted by date",
            "messageBody": "",
            "fileTypesAndContributionMap": {
              "functional-code": {
                "insertions": 4,
                "deletions": 1
              }
            }
          },
          {
            "hash": "d47c86e1ab977f94a006b3c925f59367f1793146",
            "messageTitle": "made meetings be sorted by both date and time",
            "messageBody": "",
            "fileTypesAndContributionMap": {
              "functional-code": {
                "insertions": 6,
                "deletions": 1
              }
            }
          }
        ]
      },
      {
        "date": "2020-10-15",
        "commitResults": [
          {
            "hash": "24c93d4914db858fa11ab4f3fb8b1148293620b5",
            "messageTitle": "add simple tests for meeting",
            "messageBody": "",
            "fileTypesAndContributionMap": {
              "functional-code": {
                "insertions": 13,
                "deletions": 1
              },
              "test-code": {
                "insertions": 353,
                "deletions": 0
              }
            }
          },
          {
            "hash": "04ded507004fb84811692747bdff71c9b2eb9ad0",
            "messageTitle": "fix checkstyle issues",
            "messageBody": "",
            "fileTypesAndContributionMap": {
              "test-code": {
                "insertions": 30,
                "deletions": 18
              }
            }
          }
        ]
      }
    ],
    "royleochan": [
      {
        "date": "2020-09-05",
        "commitResults": [
          {
            "hash": "abe9b388ca5de79e5a821f1c9d0b5696c4bf85cb",
            "messageTitle": "Update README.md",
            "messageBody": "",
            "fileTypesAndContributionMap": {
              "docs": {
                "insertions": 2,
                "deletions": 0
              }
            }
          }
        ]
      },
      {
        "date": "2020-09-14",
        "commitResults": [
          {
            "hash": "ecbbfc27333600eadaec1ecd5c552c55a25cb4ec",
            "messageTitle": "Deleting address from the application",
            "messageBody": "",
            "fileTypesAndContributionMap": {
              "functional-code": {
                "insertions": 12,
                "deletions": 134
              },
              "test-code": {
                "insertions": 61,
                "deletions": 217
              }
            }
          }
        ]
      },
      {
        "date": "2020-09-20",
        "commitResults": [
          {
            "hash": "0cfbb1375bdb2cce38eac59e52f1fe84125c7e85",
            "messageTitle": "Add individual photo and update AboutUs.md",
            "messageBody": "",
            "fileTypesAndContributionMap": {
              "docs": {
                "insertions": 4,
                "deletions": 4
              }
            }
          },
          {
            "hash": "56f1ce3e11926b3e17f04c601dfaf2f367f65088",
            "messageTitle": "Update image directory in AboutUs.md",
            "messageBody": "",
            "fileTypesAndContributionMap": {
              "docs": {
                "insertions": 1,
                "deletions": 1
              }
            }
          },
          {
            "hash": "603fd994cce310b20f4044c5324fa6eb5c22367f",
            "messageTitle": "Update user guide Intro and Contact Flow",
            "messageBody": "",
            "fileTypesAndContributionMap": {
              "docs": {
                "insertions": 24,
                "deletions": 61
              }
            }
          }
        ]
      },
      {
        "date": "2020-09-26",
        "commitResults": [
          {
            "hash": "98b0e569adfa1040f9136a174e61761c4d071e05",
            "messageTitle": "Update index.md",
            "messageBody": "",
            "fileTypesAndContributionMap": {
              "docs": {
                "insertions": 6,
                "deletions": 6
              }
            }
          },
          {
            "hash": "71c548efaaf3c0d9e5bfb9cdf9adba3d31f4deff",
            "messageTitle": "Update target user, value proposition and user stories for DG",
            "messageBody": "",
            "fileTypesAndContributionMap": {
              "docs": {
                "insertions": 30,
                "deletions": 11
              }
            }
          }
        ]
      },
      {
        "date": "2020-10-03",
        "commitResults": [
          {
            "hash": "00c51d6aeacb596bf5295a5bed83a5fed62fd210",
            "messageTitle": "Remove address from person toString method",
            "messageBody": "",
            "fileTypesAndContributionMap": {
              "functional-code": {
                "insertions": 0,
                "deletions": 1
              }
            }
          }
        ]
      },
      {
        "date": "2020-10-05",
        "commitResults": [
          {
            "hash": "e567edb509dfc2c54f7a2d75d59ebb099e04597d",
            "messageTitle": "Remove more unnecessary address references",
            "messageBody": "",
            "fileTypesAndContributionMap": {
              "functional-code": {
                "insertions": 1,
                "deletions": 5
              }
            }
          },
          {
            "hash": "a4640fbd6ef56d8bb47bf48b2e41a929e1ca58cf",
            "messageTitle": "Refactor parser to take in commands with a verb and category",
            "messageBody": "",
            "fileTypesAndContributionMap": {
              "functional-code": {
                "insertions": 7,
                "deletions": 2
              }
            }
          },
          {
            "hash": "d6efd00f39ae53dad6b25d74d7e8998449671f94",
            "messageTitle": "Adjust contact adding prefix",
            "messageBody": "",
            "fileTypesAndContributionMap": {
              "functional-code": {
                "insertions": 1,
                "deletions": 4
              }
            }
          },
          {
            "hash": "050db9c595561ec602545842f0e737e99b3393b0",
            "messageTitle": "Remove print statement",
            "messageBody": "",
            "fileTypesAndContributionMap": {
              "functional-code": {
                "insertions": 0,
                "deletions": 1
              }
            }
          },
          {
            "hash": "00f5ec2a815a79f58518316e8b3490aa2cfafe8b",
            "messageTitle": "Comment out incomplete test cases",
            "messageBody": "",
            "fileTypesAndContributionMap": {
              "functional-code": {
                "insertions": 14,
                "deletions": 8
              },
              "test-code": {
                "insertions": 39,
                "deletions": 52
              }
            }
          },
          {
            "hash": "12f99e5f6cde83e77aebbff2f1daf775ac76f1ba",
            "messageTitle": "Update help url",
            "messageBody": "",
            "fileTypesAndContributionMap": {
              "functional-code": {
                "insertions": 1,
                "deletions": 1
              }
            }
          }
        ]
      },
      {
        "date": "2020-10-07",
        "commitResults": [
          {
            "hash": "c8296b41fca3b3e8a4aec788edae6bd49de6dbdc",
            "messageTitle": "Refactor delete and make contact names unique",
            "messageBody": "",
            "fileTypesAndContributionMap": {
              "functional-code": {
                "insertions": 60,
                "deletions": 20
              },
              "test-code": {
                "insertions": 35,
                "deletions": 23
              }
            }
          },
          {
            "hash": "436aa18edc2491f0b4f827342fb9034e8e9d1f24",
            "messageTitle": "Refactor editing of contacts to edit by contact name",
            "messageBody": "",
            "fileTypesAndContributionMap": {
              "functional-code": {
                "insertions": 23,
                "deletions": 19
              },
              "test-code": {
                "insertions": 55,
                "deletions": 59
              }
            }
          }
        ]
      },
      {
        "date": "2020-10-11",
        "commitResults": [
          {
            "hash": "a400d6f34bf93720ffb2329b3849b39da7e97f96",
            "messageTitle": "Update test cases",
            "messageBody": "",
            "fileTypesAndContributionMap": {
              "test-code": {
                "insertions": 76,
                "deletions": 30
              }
            }
          },
          {
            "hash": "334f76ba38b7b8ad22c451dd403ba63ce129b3cf",
            "messageTitle": "Update landing screen GUI",
            "messageBody": "",
            "fileTypesAndContributionMap": {
              "functional-code": {
                "insertions": 23,
                "deletions": 7
              }
            }
          }
        ]
      },
      {
        "date": "2020-10-18",
        "commitResults": [
          {
            "hash": "899b49739667bf75616c3a599ed240416ebb3033",
            "messageTitle": "Fix single word name bug",
            "messageBody": "",
            "fileTypesAndContributionMap": {
              "functional-code": {
                "insertions": 2,
                "deletions": 1
              }
            }
          },
          {
            "hash": "07d3e28a647d743191220af12f4d91f8e923b817",
            "messageTitle": "Fix integration between contact and meetings",
            "messageBody": "",
            "fileTypesAndContributionMap": {
              "functional-code": {
                "insertions": 48,
                "deletions": 3
              }
            }
          },
          {
            "hash": "785aefd2f3e3767e8f5a67af1d6a6ee192dfa703",
            "messageTitle": "Add integration tests for contact and meetings",
            "messageBody": "",
            "fileTypesAndContributionMap": {
              "test-code": {
                "insertions": 106,
                "deletions": 3
              }
            }
          },
          {
            "hash": "6932a93c3994ec7a8bd0e163bb631d99464c7f91",
            "messageTitle": "Enable assertions",
            "messageBody": "",
            "fileTypesAndContributionMap": {
              "other": {
                "insertions": 4,
                "deletions": 0
              }
            }
          }
        ]
      }
    ]
  },
  "authorFileTypeContributionMap": {
    "gloon99": {
      "docs": 70,
      "functional-code": 1782,
      "test-code": 276
    },
    "EkamSinghPandher": {
      "docs": 31,
      "functional-code": 1229,
      "test-code": 238
    },
    "jerrylchong": {
      "docs": 126,
      "functional-code": 399,
      "test-code": 376
    },
    "nopenotj": {
      "docs": 139,
      "functional-code": 433,
      "test-code": 365
    },
    "royleochan": {
      "docs": 64,
      "functional-code": 177,
      "test-code": 295,
      "other": 4
    }
  },
  "authorContributionVariance": {
    "gloon99": 41105.156,
    "EkamSinghPandher": 38794.43,
    "jerrylchong": 30956.465,
    "nopenotj": 5471.4214,
    "royleochan": 4803.1797
  },
  "authorDisplayNameMap": {
    "gloon99": "CS2103-F10-2 GOH ..LOON",
    "EkamSinghPandher": "CS2103-F10-2 EKAM..DHER",
    "jerrylchong": "CS2103-F10-2 JERR..NJIE",
    "nopenotj": "CS2103-F10-2 CHUA.. JAY",
    "royleochan": "CS2103-F10-2 ROY .. ZHI"
  }
}
