{
  "authorDailyContributionsMap": {
    "chewypiano": [
      {
        "date": "2020-09-26",
        "commitResults": [
          {
            "hash": "e87e23a1b2552ad1254036e0cf071c0010722c5d",
            "messageTitle": "Update Add Command Use case in DG",
            "messageBody": "",
            "fileTypesAndContributionMap": {
              "docs": {
                "insertions": 10,
                "deletions": 1
              }
            }
          }
        ]
      },
      {
        "date": "2020-09-29",
        "commitResults": [
          {
            "hash": "1d44236a89d39b7239647fcec32a13827478cc6d",
            "messageTitle": "Update minor details in README.md",
            "messageBody": "",
            "fileTypesAndContributionMap": {
              "docs": {
                "insertions": 3,
                "deletions": 6
              }
            }
          },
          {
            "hash": "8e50b68f59a2b9105780826867c3170843227e05",
            "messageTitle": "Edit grammar typo in README.md",
            "messageBody": "",
            "fileTypesAndContributionMap": {
              "docs": {
                "insertions": 1,
                "deletions": 1
              }
            }
          }
        ]
      },
      {
        "date": "2020-10-05",
        "commitResults": [
          {
            "hash": "3c5794a2958da55b2b0d16e170301a0a10ad32e7",
            "messageTitle": "Refactor package name to jimmy.mcgymmy",
            "messageBody": "",
            "fileTypesAndContributionMap": {
              "functional-code": {
                "insertions": 110,
                "deletions": 114
              },
              "other": {
                "insertions": 1076,
                "deletions": 995
              },
              "docs": {
                "insertions": 8,
                "deletions": 8
              },
              "test-code": {
                "insertions": 199,
                "deletions": 204
              }
            }
          }
        ]
      },
      {
        "date": "2020-10-06",
        "commitResults": [
          {
            "hash": "066ec0b77c8fcf551ed7c158fd8413d9a762c68b",
            "messageTitle": "Reorder some imports from non-static to static in test classes",
            "messageBody": "",
            "fileTypesAndContributionMap": {
              "test-code": {
                "insertions": 165,
                "deletions": 179
              }
            }
          },
          {
            "hash": "8c74959e5a92dfa53ee70dbf33aa7004e070eb06",
            "messageTitle": "Sync and minor update on .md files",
            "messageBody": "",
            "fileTypesAndContributionMap": {
              "docs": {
                "insertions": 18,
                "deletions": 18
              }
            }
          },
          {
            "hash": "23c5a8d0e1926907344b2ee2925267c9a36b554d",
            "messageTitle": "Reformat indentation to fit java coding standard",
            "messageBody": "",
            "fileTypesAndContributionMap": {
              "functional-code": {
                "insertions": 265,
                "deletions": 265
              },
              "test-code": {
                "insertions": 162,
                "deletions": 160
              }
            }
          },
          {
            "hash": "334ccaecc63ab84edc4288ca45c6deca4ef3079d",
            "messageTitle": "Fix parser and command tests to work with food objects",
            "messageBody": "",
            "fileTypesAndContributionMap": {
              "functional-code": {
                "insertions": 11,
                "deletions": 7
              },
              "test-code": {
                "insertions": 29,
                "deletions": 23
              }
            }
          }
        ]
      },
      {
        "date": "2020-10-07",
        "commitResults": [
          {
            "hash": "9976c5d9b49b7643b96f893db26d2507e163aa68",
            "messageTitle": "Fix json files and update more tests",
            "messageBody": "",
            "fileTypesAndContributionMap": {
              "functional-code": {
                "insertions": 21,
                "deletions": 20
              },
              "test-code": {
                "insertions": 150,
                "deletions": 148
              }
            }
          },
          {
            "hash": "1e8606bdbd056991e6da14762626e4af444077e9",
            "messageTitle": "Fix type error in JsonAdaptedFoodTest",
            "messageBody": "",
            "fileTypesAndContributionMap": {
              "test-code": {
                "insertions": 11,
                "deletions": 36
              }
            }
          },
          {
            "hash": "ab185a13a9243f0b283919f89b8bab20c523961f",
            "messageTitle": "Fix error in LogicManagerTest",
            "messageBody": "",
            "fileTypesAndContributionMap": {
              "functional-code": {
                "insertions": 5,
                "deletions": 4
              },
              "test-code": {
                "insertions": 1,
                "deletions": 1
              }
            }
          },
          {
            "hash": "5d57fa7e498ad543a5c8884d00c3d60e7ce05612",
            "messageTitle": "Fix EditCommandTest ordering issue",
            "messageBody": "",
            "fileTypesAndContributionMap": {
              "test-code": {
                "insertions": 9,
                "deletions": 9
              }
            }
          },
          {
            "hash": "29beb58e4a51b5985f3b0b8eadc82d7429fc08be",
            "messageTitle": "Edit minor formatting issues in McGymmy.java",
            "messageBody": "",
            "fileTypesAndContributionMap": {
              "functional-code": {
                "insertions": 4,
                "deletions": 4
              }
            }
          }
        ]
      }
    ],
    "dcchan98": [
      {
        "date": "2020-09-23",
        "commitResults": [
          {
            "hash": "cbab5fc73b15323abcace279bfb54c924416010f",
            "messageTitle": "Update image reference to show commands images in UG",
            "messageBody": "",
            "fileTypesAndContributionMap": {
              "docs": {
                "insertions": 7,
                "deletions": 7
              }
            }
          },
          {
            "hash": "d737cda09e7a52d751afb0714865e2d3ed06083a",
            "messageTitle": "Add \"Add\" \"LIST\" \"UPDATE\" method for use cases",
            "messageBody": "",
            "fileTypesAndContributionMap": {
              "docs": {
                "insertions": 35,
                "deletions": 3
              }
            }
          }
        ]
      },
      {
        "date": "2020-09-29",
        "commitResults": [
          {
            "hash": "26767ee2bb5c73e2fd27f0466c1f917fbb8641a3",
            "messageTitle": "Removed irrelavent details for addressbook in read me not relevant to mcgimmy",
            "messageBody": "",
            "fileTypesAndContributionMap": {
              "docs": {
                "insertions": 1,
                "deletions": 3
              }
            }
          },
          {
            "hash": "04cac5d6d7411154f72b6012fe70dff55496de5f",
            "messageTitle": "Stub for Food Macronutrient abstract class created",
            "messageBody": "",
            "fileTypesAndContributionMap": {
              "functional-code": {
                "insertions": 33,
                "deletions": 0
              }
            }
          },
          {
            "hash": "4740962c5ce5fa171e41e83cd660eb8181913453",
            "messageTitle": "Add basic macronutrient function",
            "messageBody": "",
            "fileTypesAndContributionMap": {
              "functional-code": {
                "insertions": 12,
                "deletions": 0
              }
            }
          },
          {
            "hash": "8453b2e898b89bbdf1a140fc988e104c76796652",
            "messageTitle": "Add Basic Macronutrient Function",
            "messageBody": "",
            "fileTypesAndContributionMap": {
              "functional-code": {
                "insertions": 52,
                "deletions": 6
              }
            }
          },
          {
            "hash": "edc9f256117b0ca42ec7954186174ac56af86c05",
            "messageTitle": "Create basic functionality for food class Create skeleton for foodHandler Add getters to macro classes to support food class",
            "messageBody": "",
            "fileTypesAndContributionMap": {
              "functional-code": {
                "insertions": 55,
                "deletions": 8
              }
            }
          },
          {
            "hash": "9e183a543ed1a05987abc8966c78e37916a6585e",
            "messageTitle": "Add Require non null Format code for checkstyle purpose",
            "messageBody": "",
            "fileTypesAndContributionMap": {
              "functional-code": {
                "insertions": 15,
                "deletions": 14
              }
            }
          },
          {
            "hash": "82712edd2625e6bfd3b3a1382fbe145f15bea9c2",
            "messageTitle": "Fixed Extra formatting issue",
            "messageBody": "",
            "fileTypesAndContributionMap": {
              "docs": {
                "insertions": 1,
                "deletions": 1
              }
            }
          },
          {
            "hash": "b1a9a091e947953cff526f91b3550744e4d41cd1",
            "messageTitle": "Fix checkstyle issue",
            "messageBody": "",
            "fileTypesAndContributionMap": {
              "functional-code": {
                "insertions": 28,
                "deletions": 19
              },
              "docs": {
                "insertions": 1,
                "deletions": 1
              }
            }
          }
        ]
      },
      {
        "date": "2020-09-30",
        "commitResults": [
          {
            "hash": "8acd936385b5f5a006db50b55e0d075417897665",
            "messageTitle": "Refactor toString() to reduce code duplication Add Macronutrient multiplier as constants",
            "messageBody": "",
            "fileTypesAndContributionMap": {
              "functional-code": {
                "insertions": 18,
                "deletions": 32
              }
            }
          },
          {
            "hash": "2e09ceeb372debdc2d889a11d33aa9b34ba0f391",
            "messageTitle": "Refactor getters to superclass",
            "messageBody": "",
            "fileTypesAndContributionMap": {
              "functional-code": {
                "insertions": 20,
                "deletions": 16
              }
            }
          },
          {
            "hash": "8c37e039e45edec8e9372c1e9c50da336fd193ab",
            "messageTitle": "Add Javadocs Fix Assertions",
            "messageBody": "",
            "fileTypesAndContributionMap": {
              "functional-code": {
                "insertions": 36,
                "deletions": 13
              }
            }
          },
          {
            "hash": "a67819a069fafa49d568c5ea8fdb81ce7907486c",
            "messageTitle": "Use TODO functionality for FoodMethodHandler Fix minor typo",
            "messageBody": "",
            "fileTypesAndContributionMap": {
              "functional-code": {
                "insertions": 2,
                "deletions": 2
              }
            }
          }
        ]
      },
      {
        "date": "2020-10-07",
        "commitResults": [
          {
            "hash": "a5298df2f93b6f63bc3a70e6b7d5bc3293822ddc",
            "messageTitle": "Add test for toString for food",
            "messageBody": "",
            "fileTypesAndContributionMap": {
              "test-code": {
                "insertions": 15,
                "deletions": 0
              }
            }
          },
          {
            "hash": "d1678111382052f984e4412da7f70c8ae88fd4e2",
            "messageTitle": "Add method to get total calories Add test another test for equals",
            "messageBody": "",
            "fileTypesAndContributionMap": {
              "functional-code": {
                "insertions": 14,
                "deletions": 7
              },
              "test-code": {
                "insertions": 1,
                "deletions": 1
              }
            }
          },
          {
            "hash": "a3ffaef68d212b625fd9bb2ecbe432e214793960",
            "messageTitle": "Change is valid amount to take accept zero caloric items Add total calories method in food Add test for total calories method",
            "messageBody": "",
            "fileTypesAndContributionMap": {
              "functional-code": {
                "insertions": 2,
                "deletions": 2
              },
              "test-code": {
                "insertions": 9,
                "deletions": 0
              }
            }
          },
          {
            "hash": "d9acec73d462be6801e3acf839705c80b7f2529c",
            "messageTitle": "checkstyle",
            "messageBody": "",
            "fileTypesAndContributionMap": {
              "test-code": {
                "insertions": 17,
                "deletions": 17
              }
            }
          }
        ]
      },
      {
        "date": "2020-10-12",
        "commitResults": [
          {
            "hash": "77d02331da99eb20647bca61e4755853402b82a2",
            "messageTitle": "Format code",
            "messageBody": "",
            "fileTypesAndContributionMap": {
              "functional-code": {
                "insertions": 7,
                "deletions": 7
              },
              "test-code": {
                "insertions": 9,
                "deletions": 10
              }
            }
          },
          {
            "hash": "c453b75ae40eaafea495dd445fbd35d023c32e0e",
            "messageTitle": "Checkstyle",
            "messageBody": "",
            "fileTypesAndContributionMap": {
              "test-code": {
                "insertions": 5,
                "deletions": 3
              }
            }
          }
        ]
      },
      {
        "date": "2020-10-13",
        "commitResults": [
          {
            "hash": "76547af8c7685fdbd2d5a381e1ea9c6dce4922f5",
            "messageTitle": "Factor protein carbs and fats to getter methods",
            "messageBody": "",
            "fileTypesAndContributionMap": {
              "functional-code": {
                "insertions": 3,
                "deletions": 1
              }
            }
          }
        ]
      }
    ],
    "jh123x": [
      {
        "date": "2020-09-19",
        "commitResults": [
          {
            "hash": "ff92582ce0871e0342c00a75e543f5604e0b048d",
            "messageTitle": "Update AboutUs.md",
            "messageBody": "",
            "fileTypesAndContributionMap": {
              "docs": {
                "insertions": 27,
                "deletions": 25
              }
            }
          }
        ]
      },
      {
        "date": "2020-09-20",
        "commitResults": [
          {
            "hash": "29acb1c61fa1146d51c8a8ffa847dec3a6d41ddf",
            "messageTitle": "Add Trailing Newline",
            "messageBody": "",
            "fileTypesAndContributionMap": {
              "docs": {
                "insertions": 1,
                "deletions": 1
              }
            }
          }
        ]
      },
      {
        "date": "2020-09-21",
        "commitResults": [
          {
            "hash": "e3f2823f3220761ad84d67fccca2b54b95fbeeff",
            "messageTitle": "Update readme to reflect github username",
            "messageBody": "",
            "fileTypesAndContributionMap": {
              "docs": {
                "insertions": 5,
                "deletions": 5
              }
            }
          },
          {
            "hash": "5cb18ed9fa0aba5ba82fd2b23604093b2988f943",
            "messageTitle": "Update README.md",
            "messageBody": "",
            "fileTypesAndContributionMap": {
              "docs": {
                "insertions": 5,
                "deletions": 4
              }
            }
          }
        ]
      },
      {
        "date": "2020-09-23",
        "commitResults": [
          {
            "hash": "ba8acd498135969879685110b1088ab879ba9585",
            "messageTitle": "Fix Typo in UserGuide",
            "messageBody": "",
            "fileTypesAndContributionMap": {
              "docs": {
                "insertions": 1,
                "deletions": 1
              }
            }
          },
          {
            "hash": "b589aa147cbd449695b86c74d17ded4331e32a3c",
            "messageTitle": "Update Use Case for Delete food",
            "messageBody": "",
            "fileTypesAndContributionMap": {
              "docs": {
                "insertions": 11,
                "deletions": 1
              }
            }
          },
          {
            "hash": "07f0a09190269c5b7b7e9713e62aa690f661c26e",
            "messageTitle": "Change Addressbook to McGymmy in header of Use Case",
            "messageBody": "",
            "fileTypesAndContributionMap": {
              "docs": {
                "insertions": 1,
                "deletions": 1
              }
            }
          },
          {
            "hash": "2e93d5e209191f9452f12cb46c10fd21a5706bd2",
            "messageTitle": "Fix Typos in UG",
            "messageBody": "",
            "fileTypesAndContributionMap": {
              "docs": {
                "insertions": 2,
                "deletions": 6
              }
            }
          },
          {
            "hash": "47ff442e174f58d5e227208a1d3d64b0282523b3",
            "messageTitle": "Update index.md",
            "messageBody": "Update index.md to match McGymmy\n\nUpdate index.md to match McGymmy for more updated links, up to date information as well as proper acknowledgement.\n",
            "fileTypesAndContributionMap": {
              "docs": {
                "insertions": 7,
                "deletions": 7
              }
            }
          },
          {
            "hash": "53380643b939693e857f00a43441217ffd66a002",
            "messageTitle": "Update README.md",
            "messageBody": "Update README.md to include libraries that we have used.\n",
            "fileTypesAndContributionMap": {
              "docs": {
                "insertions": 1,
                "deletions": 0
              }
            }
          }
        ]
      },
      {
        "date": "2020-09-29",
        "commitResults": [
          {
            "hash": "df6539f40c08d2173c587ee2cc8e059640c3ec17",
            "messageTitle": "Update Index.md Status icons",
            "messageBody": "",
            "fileTypesAndContributionMap": {
              "docs": {
                "insertions": 2,
                "deletions": 2
              }
            }
          },
          {
            "hash": "aef1aebea107c86a3ee1a054d3a64c61932c9863",
            "messageTitle": "Update Developer guide links",
            "messageBody": "Update Developer guide links to the correct repo instead of addressbook\n",
            "fileTypesAndContributionMap": {
              "docs": {
                "insertions": 7,
                "deletions": 7
              }
            }
          },
          {
            "hash": "880d0000a170d5cf8efc023969598e2b1dd5a98a",
            "messageTitle": "Update Developer Guide to McGymmy Context",
            "messageBody": "Update Developer Guide to McGymmy Context\n\nChange person to food item\nChange addressbook to McGymmy\nChange contact to diets\nTo reflect a more accurate description of McGymmy\n",
            "fileTypesAndContributionMap": {
              "docs": {
                "insertions": 31,
                "deletions": 31
              }
            }
          },
          {
            "hash": "b8d84a70be605011b0a5f585fdef4ad39feeb7e4",
            "messageTitle": "Update Appendix for manual testing",
            "messageBody": "Add Tests for Saving data\n",
            "fileTypesAndContributionMap": {
              "docs": {
                "insertions": 13,
                "deletions": 8
              }
            }
          },
          {
            "hash": "c136d931b0a161b3b46dd3e512fd59769476228f",
            "messageTitle": "Fix Typos In UG",
            "messageBody": "",
            "fileTypesAndContributionMap": {
              "docs": {
                "insertions": 10,
                "deletions": 10
              }
            }
          },
          {
            "hash": "a2ee25ef1f03365dc1893be41187017b755d999c",
            "messageTitle": "Add alt text to images",
            "messageBody": "",
            "fileTypesAndContributionMap": {
              "docs": {
                "insertions": 2,
                "deletions": 2
              }
            }
          },
          {
            "hash": "04a834bad13e574b9d006ba8668067503b91c421",
            "messageTitle": "Fix Typo and Grammar",
            "messageBody": "",
            "fileTypesAndContributionMap": {
              "docs": {
                "insertions": 22,
                "deletions": 22
              }
            }
          },
          {
            "hash": "f8c57babc528241feaf812a9e43e169fd4f372d6",
            "messageTitle": "Change example used to reflect food",
            "messageBody": "",
            "fileTypesAndContributionMap": {
              "docs": {
                "insertions": 1,
                "deletions": 1
              }
            }
          },
          {
            "hash": "b5a144690a2ee961da7c56dccb29967642d64e6c",
            "messageTitle": "Add line breaks to make image render correctly",
            "messageBody": "",
            "fileTypesAndContributionMap": {
              "docs": {
                "insertions": 4,
                "deletions": 1
              }
            }
          },
          {
            "hash": "9d8ef3380a1eb47d6e311508c8fe5e8c758a5370",
            "messageTitle": "Update example to be relavant to food",
            "messageBody": "",
            "fileTypesAndContributionMap": {
              "docs": {
                "insertions": 1,
                "deletions": 1
              }
            }
          },
          {
            "hash": "a51b50ae0d2cafb4d3565622bba3a1443ac66e29",
            "messageTitle": "Update Portfolio template",
            "messageBody": "",
            "fileTypesAndContributionMap": {
              "docs": {
                "insertions": 3,
                "deletions": 3
              }
            }
          }
        ]
      },
      {
        "date": "2020-10-05",
        "commitResults": [
          {
            "hash": "25ce54eaef62b3529756098bb6950db691dde45f",
            "messageTitle": "Refactor Code to fit McGymmy",
            "messageBody": "",
            "fileTypesAndContributionMap": {
              "other": {
                "insertions": 809,
                "deletions": 781
              },
              "docs": {
                "insertions": 8,
                "deletions": 8
              },
              "test-code": {
                "insertions": 87,
                "deletions": 95
              }
            }
          },
          {
            "hash": "1b93755543e7d4ea8a0b566d87964babed335949",
            "messageTitle": "Revert \"Refactor Code to fit McGymmy\"",
            "messageBody": "This reverts commit 25ce54eaef62b3529756098bb6950db691dde45f.\n",
            "fileTypesAndContributionMap": {
              "other": {
                "insertions": 781,
                "deletions": 809
              },
              "docs": {
                "insertions": 8,
                "deletions": 8
              },
              "test-code": {
                "insertions": 95,
                "deletions": 87
              }
            }
          }
        ]
      },
      {
        "date": "2020-10-06",
        "commitResults": [
          {
            "hash": "dc1eaa73849053e7f035f915f77188d9abd6101c",
            "messageTitle": "Update md files",
            "messageBody": "Update md files with correct package names\n",
            "fileTypesAndContributionMap": {
              "docs": {
                "insertions": 18,
                "deletions": 18
              }
            }
          },
          {
            "hash": "1e05f1835a176fd506671d60387fa96860acc023",
            "messageTitle": "Update Add Command",
            "messageBody": "",
            "fileTypesAndContributionMap": {
              "functional-code": {
                "insertions": 946,
                "deletions": 184
              },
              "test-code": {
                "insertions": 599,
                "deletions": 53
              }
            }
          },
          {
            "hash": "72365405889b606d7e88f25201c13ea357c9f2de",
            "messageTitle": "Safe Delete Duplicated items",
            "messageBody": "",
            "fileTypesAndContributionMap": {
              "functional-code": {
                "insertions": 298,
                "deletions": 940
              },
              "other": {
                "insertions": 128,
                "deletions": 147
              },
              "docs": {
                "insertions": 49,
                "deletions": 49
              },
              "test-code": {
                "insertions": 480,
                "deletions": 917
              }
            }
          },
          {
            "hash": "fb6c0a508a7c6972815543a256efc21a31b15418",
            "messageTitle": "Update AddressBook Classes to McGymmy Classes",
            "messageBody": "",
            "fileTypesAndContributionMap": {
              "functional-code": {
                "insertions": 174,
                "deletions": 194
              },
              "other": {
                "insertions": 26,
                "deletions": 26
              },
              "test-code": {
                "insertions": 150,
                "deletions": 212
              }
            }
          },
          {
            "hash": "d4023d0507119da10266765638ac61af7fb8537c",
            "messageTitle": "Update some Tests with McGymmy data",
            "messageBody": "",
            "fileTypesAndContributionMap": {
              "functional-code": {
                "insertions": 6,
                "deletions": 6
              },
              "test-code": {
                "insertions": 237,
                "deletions": 263
              }
            }
          },
          {
            "hash": "d6d8e59f15a88df2d371378a8cbcfb0b533ee8d8",
            "messageTitle": "Remove Duplicated Check",
            "messageBody": "",
            "fileTypesAndContributionMap": {
              "functional-code": {
                "insertions": 1,
                "deletions": 3
              }
            }
          }
        ]
      },
      {
        "date": "2020-10-07",
        "commitResults": [
          {
            "hash": "e58ea0a0209cfea35533ba9bf80f946c6d8ff11e",
            "messageTitle": "Fix bug in McGymmy",
            "messageBody": "",
            "fileTypesAndContributionMap": {
              "functional-code": {
                "insertions": 12,
                "deletions": 1
              },
              "test-code": {
                "insertions": 3,
                "deletions": 3
              }
            }
          },
          {
            "hash": "d358a98f399756b6482bdcf03afc4289ef593719",
            "messageTitle": "Fix EditCommandTest",
            "messageBody": "",
            "fileTypesAndContributionMap": {
              "test-code": {
                "insertions": 5,
                "deletions": 6
              }
            }
          },
          {
            "hash": "5038983d586269358fc4bd9237d9acbdbe73d91c",
            "messageTitle": "Fix FXMLs",
            "messageBody": "",
            "fileTypesAndContributionMap": {
              "functional-code": {
                "insertions": 8,
                "deletions": 9
              },
              "other": {
                "insertions": 11,
                "deletions": 11
              }
            }
          },
          {
            "hash": "cb14093a3afd55023d77adf528d3cb5ea534612f",
            "messageTitle": "Update AboutUs.md",
            "messageBody": "",
            "fileTypesAndContributionMap": {
              "docs": {
                "insertions": 1,
                "deletions": 1
              }
            }
          },
          {
            "hash": "098655fefae91e3bac3b4859a678b367e483cc66",
            "messageTitle": "Update MacroNutrient getMacronutrientType method",
            "messageBody": "",
            "fileTypesAndContributionMap": {
              "functional-code": {
                "insertions": 4,
                "deletions": 2
              }
            }
          },
          {
            "hash": "c01a4b0c2b62d65938e2f1613e7e0dfa05766d8c",
            "messageTitle": "Update Macronutrient toString Method",
            "messageBody": "",
            "fileTypesAndContributionMap": {
              "functional-code": {
                "insertions": 2,
                "deletions": 4
              }
            }
          },
          {
            "hash": "ba128c33619b5726fbedfab26ebd2d36f0cc5b4f",
            "messageTitle": "Add getCalories method to Food",
            "messageBody": "",
            "fileTypesAndContributionMap": {
              "functional-code": {
                "insertions": 4,
                "deletions": 0
              }
            }
          },
          {
            "hash": "1e69de3b369c593d2c451138d8fa129d554c4fab",
            "messageTitle": "Reformat Card layout",
            "messageBody": "",
            "fileTypesAndContributionMap": {
              "functional-code": {
                "insertions": 1,
                "deletions": 2
              }
            }
          },
          {
            "hash": "9b3d18e4e604f5d9a29f32abfd4adcc76ca56128",
            "messageTitle": "Add totalCalories to FoodCard",
            "messageBody": "",
            "fileTypesAndContributionMap": {
              "functional-code": {
                "insertions": 4,
                "deletions": 0
              }
            }
          },
          {
            "hash": "7f82edfe06ed59df54efd6ec80ba1ba6b4292cc8",
            "messageTitle": "Update SampleDataUtil",
            "messageBody": "",
            "fileTypesAndContributionMap": {
              "functional-code": {
                "insertions": 2,
                "deletions": 8
              }
            }
          },
          {
            "hash": "2599db9b171a5b430c4521c1d53ab2c1bce771d8",
            "messageTitle": "Updata JavaDocs in MainApp",
            "messageBody": "",
            "fileTypesAndContributionMap": {
              "functional-code": {
                "insertions": 4,
                "deletions": 4
              }
            }
          },
          {
            "hash": "86898090495a90285247a1222bb4330d504e64fc",
            "messageTitle": "Update MainWindow.fxml to fit McGymmy",
            "messageBody": "",
            "fileTypesAndContributionMap": {
              "functional-code": {
                "insertions": 1,
                "deletions": 1
              }
            }
          },
          {
            "hash": "d6a99d5d3e782ac0afb8f117831e832ef3e42fa3",
            "messageTitle": "Update AddressBook to McGymmy",
            "messageBody": "",
            "fileTypesAndContributionMap": {
              "functional-code": {
                "insertions": 20,
                "deletions": 20
              },
              "test-code": {
                "insertions": 45,
                "deletions": 45
              }
            }
          },
          {
            "hash": "a4797bd5740a112b3f90ca21d6e1cc02a838bb2b",
            "messageTitle": "Remove Duplicate methods",
            "messageBody": "",
            "fileTypesAndContributionMap": {
              "functional-code": {
                "insertions": 6,
                "deletions": 28
              },
              "test-code": {
                "insertions": 8,
                "deletions": 8
              }
            }
          },
          {
            "hash": "d33a5b631f5e26f71b847dec83726a29dc3edba2",
            "messageTitle": "Update UG Link in McGymmy",
            "messageBody": "",
            "fileTypesAndContributionMap": {
              "functional-code": {
                "insertions": 1,
                "deletions": 1
              }
            }
          },
          {
            "hash": "06f990ee499869360417c865a2d1871701edcc3b",
            "messageTitle": "Update  McGymmy Icon",
            "messageBody": "",
            "fileTypesAndContributionMap": {
              "functional-code": {
                "insertions": 2,
                "deletions": 2
              },
              "test-code": {
                "insertions": 1,
                "deletions": 1
              }
            }
          },
          {
            "hash": "c221fb164ed3c47b4b6ab52726233652f97b77c1",
            "messageTitle": "Add Copyright for Icon",
            "messageBody": "",
            "fileTypesAndContributionMap": {
              "other": {
                "insertions": 3,
                "deletions": 1
              },
              "test-code": {
                "insertions": 3,
                "deletions": 4
              }
            }
          },
          {
            "hash": "f756fbb8e6cbfb39c09948d69e9ce58d772d2dec",
            "messageTitle": "Update Addressbook to McGymmy",
            "messageBody": "",
            "fileTypesAndContributionMap": {
              "functional-code": {
                "insertions": 35,
                "deletions": 41
              },
              "test-code": {
                "insertions": 1,
                "deletions": 1
              }
            }
          },
          {
            "hash": "5ceaee7ef0f1d6c6b8e73e6326479db742d99b90",
            "messageTitle": "Update Link in DevOps.md",
            "messageBody": "",
            "fileTypesAndContributionMap": {
              "docs": {
                "insertions": 1,
                "deletions": 1
              }
            }
          },
          {
            "hash": "9cefb3352007ce6dce1eae898c9dcd9742685735",
            "messageTitle": "Update addressbook to McGymmy in more classes",
            "messageBody": "",
            "fileTypesAndContributionMap": {
              "test-code": {
                "insertions": 4,
                "deletions": 4
              }
            }
          },
          {
            "hash": "c4bcb1b01522c6cd94699bd7dedb271d2bca4f01",
            "messageTitle": "Update Codcov link",
            "messageBody": "",
            "fileTypesAndContributionMap": {
              "docs": {
                "insertions": 1,
                "deletions": 1
              }
            }
          },
          {
            "hash": "c4eba291bbbced7685a059a89a37f0d9e1a6a368",
            "messageTitle": "Update build.gradle",
            "messageBody": "",
            "fileTypesAndContributionMap": {
              "other": {
                "insertions": 1,
                "deletions": 1
              }
            }
          },
          {
            "hash": "0b4836c0506c89cbd36fa1d33af2b0765f782bce",
            "messageTitle": "Update tags to fit context of food",
            "messageBody": "",
            "fileTypesAndContributionMap": {
              "functional-code": {
                "insertions": 4,
                "deletions": 4
              }
            }
          },
          {
            "hash": "59f0ec28b2865b6408e516ddabaff8a5b40a6e15",
            "messageTitle": "Update DeveloperGuide.md",
            "messageBody": "",
            "fileTypesAndContributionMap": {
              "docs": {
                "insertions": 6,
                "deletions": 6
              }
            }
          },
          {
            "hash": "955de5075b29d843afd7ecf4a6472df9493229a2",
            "messageTitle": "Revert to address in tutorials",
            "messageBody": "",
            "fileTypesAndContributionMap": {
              "docs": {
                "insertions": 18,
                "deletions": 18
              }
            }
          },
          {
            "hash": "9371047172dfbe6d6bcd3105689833f30e8e401b",
            "messageTitle": "Fix Formatting Issues",
            "messageBody": "",
            "fileTypesAndContributionMap": {
              "functional-code": {
                "insertions": 30,
                "deletions": 25
              }
            }
          },
          {
            "hash": "039ebe418c5c9a926cce2f1d062c9502d239638a",
            "messageTitle": "Remove additional //s",
            "messageBody": "",
            "fileTypesAndContributionMap": {
              "functional-code": {
                "insertions": 3,
                "deletions": 3
              }
            }
          }
        ]
      },
      {
        "date": "2020-10-08",
        "commitResults": [
          {
            "hash": "80a499cca693ad42d9efec0c8adbb796696f4799",
            "messageTitle": "Update ClearCommand MESSAGE_SUCCESS",
            "messageBody": "",
            "fileTypesAndContributionMap": {
              "functional-code": {
                "insertions": 1,
                "deletions": 1
              }
            }
          },
          {
            "hash": "5caf05839fea6a5f3cfff72ac2c7db128860c701",
            "messageTitle": "Remove Commented code in ParserUtil",
            "messageBody": "",
            "fileTypesAndContributionMap": {
              "functional-code": {
                "insertions": 0,
                "deletions": 3
              }
            }
          },
          {
            "hash": "942c3876ecd713b104356383dc5fe5d481dc023c",
            "messageTitle": "Move McGymmy foodItems initialization into constructor",
            "messageBody": "",
            "fileTypesAndContributionMap": {
              "functional-code": {
                "insertions": 1,
                "deletions": 11
              }
            }
          },
          {
            "hash": "16f8b454891f68833474827766949567aebbb532",
            "messageTitle": "Fix reference to Food class in NameContainsKeywordsPredicate",
            "messageBody": "",
            "fileTypesAndContributionMap": {
              "functional-code": {
                "insertions": 1,
                "deletions": 1
              }
            }
          },
          {
            "hash": "ee4c0a1fc02d6c4a73158b5c73bc8da67177310a",
            "messageTitle": "Update NameContainsKeywordsPredicate.java",
            "messageBody": "",
            "fileTypesAndContributionMap": {
              "functional-code": {
                "insertions": 1,
                "deletions": 1
              }
            }
          },
          {
            "hash": "4cc2d733886625e44fad4b97d165bfc4c41359ba",
            "messageTitle": "Fix Phrasing in DuplicateFoodException",
            "messageBody": "",
            "fileTypesAndContributionMap": {
              "functional-code": {
                "insertions": 3,
                "deletions": 3
              }
            }
          },
          {
            "hash": "08b0e091c9e35e2582b01529620284a9cbffaa82",
            "messageTitle": "Update Variable Name in SampleDataUtil",
            "messageBody": "",
            "fileTypesAndContributionMap": {
              "functional-code": {
                "insertions": 3,
                "deletions": 3
              }
            }
          },
          {
            "hash": "b66b3a6f0e918347e7583713c216295e65c2d1ce",
            "messageTitle": "Fix CheckStyle Error line longer than 120 characters",
            "messageBody": "",
            "fileTypesAndContributionMap": {
              "functional-code": {
                "insertions": 2,
                "deletions": 2
              }
            }
          },
          {
            "hash": "b05cf93560aed33c091ff15b2c804674da43f9be",
            "messageTitle": "Update FoodCard comment to reflect correct Issue in AB4 as reference",
            "messageBody": "",
            "fileTypesAndContributionMap": {
              "functional-code": {
                "insertions": 1,
                "deletions": 1
              }
            }
          },
          {
            "hash": "906821787561d5e7ac7a8ccf359aa9a26c4cba1c",
            "messageTitle": "Update variable name in Messages",
            "messageBody": "",
            "fileTypesAndContributionMap": {
              "functional-code": {
                "insertions": 2,
                "deletions": 2
              },
              "test-code": {
                "insertions": 2,
                "deletions": 2
              }
            }
          },
          {
            "hash": "21bf3e6f8471ac2118804f44571ed237acd62051",
            "messageTitle": "Update ModelManagerTest.java",
            "messageBody": "",
            "fileTypesAndContributionMap": {
              "test-code": {
                "insertions": 3,
                "deletions": 3
              }
            }
          },
          {
            "hash": "5c857bb5997731d43220dad30a0e8288a70c6324",
            "messageTitle": "Update UniqueFoodList methods",
            "messageBody": "",
            "fileTypesAndContributionMap": {
              "functional-code": {
                "insertions": 8,
                "deletions": 8
              },
              "test-code": {
                "insertions": 30,
                "deletions": 30
              }
            }
          },
          {
            "hash": "df57dc6fce185ad75ca1b4922749aef7673e0e54",
            "messageTitle": "Update Classes to use Food.equals rather than isSameFood",
            "messageBody": "",
            "fileTypesAndContributionMap": {
              "functional-code": {
                "insertions": 5,
                "deletions": 9
              },
              "test-code": {
                "insertions": 2,
                "deletions": 2
              }
            }
          },
          {
            "hash": "799852e2183998c797786a4aeb7a6985a4ab2cb9",
            "messageTitle": "Update JavaDoc for isValid Method",
            "messageBody": "",
            "fileTypesAndContributionMap": {
              "functional-code": {
                "insertions": 6,
                "deletions": 0
              }
            }
          },
          {
            "hash": "4e55eabbd98313271d5ed9b3ebe63d941aaeac5a",
            "messageTitle": "Change Variable Name to food related name",
            "messageBody": "",
            "fileTypesAndContributionMap": {
              "test-code": {
                "insertions": 2,
                "deletions": 2
              }
            }
          },
          {
            "hash": "0397e6d1112c859ad0553d9dfdf96cb8d853d01e",
            "messageTitle": "Update Test to match closer to FatTest",
            "messageBody": "",
            "fileTypesAndContributionMap": {
              "test-code": {
                "insertions": 3,
                "deletions": 4
              }
            }
          },
          {
            "hash": "cf45ac49fb266a6e1de9cde302ca643c32627fae",
            "messageTitle": "Update Fat Test Method Name",
            "messageBody": "",
            "fileTypesAndContributionMap": {
              "test-code": {
                "insertions": 1,
                "deletions": 2
              }
            }
          },
          {
            "hash": "794feda88e7f61a23ccda6ac88c0302770ef6ade",
            "messageTitle": "Update Method name in CarbohydrateTest",
            "messageBody": "",
            "fileTypesAndContributionMap": {
              "test-code": {
                "insertions": 1,
                "deletions": 1
              }
            }
          },
          {
            "hash": "085d8b411756865ae3eb79612859d978cb69512b",
            "messageTitle": "Update Method names in ProteinTest",
            "messageBody": "",
            "fileTypesAndContributionMap": {
              "test-code": {
                "insertions": 1,
                "deletions": 1
              }
            }
          },
          {
            "hash": "5768b63092b6ffe2083655f674563e066513ef5f",
            "messageTitle": "Update Test Variables",
            "messageBody": "",
            "fileTypesAndContributionMap": {
              "test-code": {
                "insertions": 4,
                "deletions": 4
              }
            }
          },
          {
            "hash": "c2841a0c24634344ed9686217ca727dec6b33565",
            "messageTitle": "Update MESSAGE_CONSTRAINTS in MacroNutrient",
            "messageBody": "",
            "fileTypesAndContributionMap": {
              "functional-code": {
                "insertions": 1,
                "deletions": 1
              }
            }
          },
          {
            "hash": "a9c89d61f4c2f155b4ccb23f5364bdeaa9b22926",
            "messageTitle": "Rename trimmedEmail to trimmedFat",
            "messageBody": "",
            "fileTypesAndContributionMap": {
              "functional-code": {
                "insertions": 3,
                "deletions": 3
              }
            }
          },
          {
            "hash": "1ee83ff3aba94cfc86db5065b13726a9e49e4e60",
            "messageTitle": "Update parseFat and parseCarb",
            "messageBody": "Used abstracted method\n",
            "fileTypesAndContributionMap": {
              "functional-code": {
                "insertions": 4,
                "deletions": 12
              }
            }
          },
          {
            "hash": "0ddd0516b9cc1de6077d2211648c7656c7574604",
            "messageTitle": "Update Name and Tags of Food items used for testing",
            "messageBody": "",
            "fileTypesAndContributionMap": {
              "test-code": {
                "insertions": 82,
                "deletions": 78
              }
            }
          },
          {
            "hash": "bff543e74aef90711be919a39c3e376ef2e179c3",
            "messageTitle": "Fix Typo",
            "messageBody": "",
            "fileTypesAndContributionMap": {
              "functional-code": {
                "insertions": 2,
                "deletions": 2
              }
            }
          },
          {
            "hash": "a7690f59866095934d48b1665bd380d8562689c5",
            "messageTitle": "Fix CheckStyle",
            "messageBody": "",
            "fileTypesAndContributionMap": {
              "test-code": {
                "insertions": 2,
                "deletions": 1
              }
            }
          }
        ]
      },
      {
        "date": "2020-10-09",
        "commitResults": [
          {
            "hash": "d7de92ed982cca3d76ad2d44d14dcde74a036c56",
            "messageTitle": "Update Acknowledgement to include Apache Commons CLI",
            "messageBody": "",
            "fileTypesAndContributionMap": {
              "docs": {
                "insertions": 1,
                "deletions": 1
              }
            }
          },
          {
            "hash": "03be270cf3fde1b1f743cc49f019d7dbf14e7fcb",
            "messageTitle": "Update EditCommand to include tags",
            "messageBody": "",
            "fileTypesAndContributionMap": {
              "functional-code": {
                "insertions": 4,
                "deletions": 1
              }
            }
          },
          {
            "hash": "dadf6347d32b54cc2c25143d6cd93a209efb37fe",
            "messageTitle": "Update EditCommand to throw an error if there are no edits",
            "messageBody": "Update EditCommand to throw an error if there are no edits\n",
            "fileTypesAndContributionMap": {
              "functional-code": {
                "insertions": 5,
                "deletions": 0
              },
              "test-code": {
                "insertions": 3,
                "deletions": 3
              }
            }
          },
          {
            "hash": "8fdb9da2a579ba589003dc4031851dde0e790152",
            "messageTitle": "Include AddTag method for Food",
            "messageBody": "Include AddTag method for Food\n",
            "fileTypesAndContributionMap": {
              "functional-code": {
                "insertions": 4,
                "deletions": 0
              }
            }
          },
          {
            "hash": "ea2a25b8b33309660f419291e2e4ecea1cb62d61",
            "messageTitle": "Add TagCommand",
            "messageBody": "",
            "fileTypesAndContributionMap": {
              "functional-code": {
                "insertions": 67,
                "deletions": 0
              }
            }
          },
          {
            "hash": "350c40b5d84562e18252a91644fdd4ecc07fdc38",
            "messageTitle": "Add Unit Test for TagCommandTest",
            "messageBody": "",
            "fileTypesAndContributionMap": {
              "test-code": {
                "insertions": 69,
                "deletions": 0
              }
            }
          },
          {
            "hash": "a782d1c4448de4500e28dec0d888af9cd3ba4af2",
            "messageTitle": "Update AddCommand to include Tag",
            "messageBody": "Update AddCommand to include Tag when creating the object\n",
            "fileTypesAndContributionMap": {
              "functional-code": {
                "insertions": 16,
                "deletions": 1
              },
              "test-code": {
                "insertions": 4,
                "deletions": 2
              }
            }
          },
          {
            "hash": "f51c8ad159a4b76c90609abb692618064ca6dc12",
            "messageTitle": "Update Food with removeTag method",
            "messageBody": "",
            "fileTypesAndContributionMap": {
              "functional-code": {
                "insertions": 4,
                "deletions": 0
              }
            }
          },
          {
            "hash": "ee3c30f6b24717bd57db41e07018394baf0385a3",
            "messageTitle": "Add UnTagCommand",
            "messageBody": "",
            "fileTypesAndContributionMap": {
              "functional-code": {
                "insertions": 62,
                "deletions": 0
              }
            }
          },
          {
            "hash": "6c53b3289e88a16309e7fbb3bc4c71b39997a22d",
            "messageTitle": "Fix Print Syntax of AddCommand",
            "messageBody": "",
            "fileTypesAndContributionMap": {
              "functional-code": {
                "insertions": 1,
                "deletions": 1
              }
            }
          },
          {
            "hash": "87bde9ccaf33058fcf406e24f457e771c071602a",
            "messageTitle": "Fix Typo in UnTagCommand",
            "messageBody": "",
            "fileTypesAndContributionMap": {
              "functional-code": {
                "insertions": 1,
                "deletions": 1
              }
            }
          },
          {
            "hash": "916c590eea9953cbc5c622d59e6715bbd6b45092",
            "messageTitle": "Add setParameters Method to UnTagCommand",
            "messageBody": "",
            "fileTypesAndContributionMap": {
              "functional-code": {
                "insertions": 5,
                "deletions": 0
              }
            }
          },
          {
            "hash": "5a0a34de69adf793012bb0cb7046ec9043a2edaa",
            "messageTitle": "Create UnTagCommandTest",
            "messageBody": "",
            "fileTypesAndContributionMap": {
              "test-code": {
                "insertions": 85,
                "deletions": 0
              }
            }
          }
        ]
      },
      {
        "date": "2020-10-11",
        "commitResults": [
          {
            "hash": "74cbcdbb3f18139c3c061683df04e853c407f48b",
            "messageTitle": "Update Main class to correct Mainclass in build.gradle",
            "messageBody": "",
            "fileTypesAndContributionMap": {
              "other": {
                "insertions": 1,
                "deletions": 1
              }
            }
          }
        ]
      },
      {
        "date": "2020-10-12",
        "commitResults": [
          {
            "hash": "826f211e908938f7717c2c57b575eef63e8a76cd",
            "messageTitle": "Revert \"Merge branch \u0027test\u0027 into use-fridge-and-allow-duplicate\"",
            "messageBody": "This reverts commit 0f680c2bc932eadabaa9c587b47134d6558607cd, reversing\nchanges made to 63acf2a36e9f6972bca56d441b5a317ba38eb1bd.\n",
            "fileTypesAndContributionMap": {
              "docs": {
                "insertions": 0,
                "deletions": 18
              }
            }
          },
          {
            "hash": "8dbceae5fb67cd52af4b41581bd3bf203f0eacfc",
            "messageTitle": "Add Tag and UnTag comamnds into UG",
            "messageBody": "",
            "fileTypesAndContributionMap": {
              "docs": {
                "insertions": 16,
                "deletions": 0
              }
            }
          },
          {
            "hash": "f8af283bc5fafefb1a7e9ddda1a49953821b807f",
            "messageTitle": "Update Alias to show the correct command macro",
            "messageBody": "",
            "fileTypesAndContributionMap": {
              "docs": {
                "insertions": 2,
                "deletions": 2
              }
            }
          }
        ]
      },
      {
        "date": "2020-10-13",
        "commitResults": [
          {
            "hash": "489ccb6b04f80d439ae09eedd09079a47c237a8a",
            "messageTitle": "Update UG to use consistent Command format",
            "messageBody": "",
            "fileTypesAndContributionMap": {
              "docs": {
                "insertions": 2,
                "deletions": 2
              }
            }
          },
          {
            "hash": "7adbb435fb0d35ec276ebdf5459aaeb7b973549a",
            "messageTitle": "Update User Guide to include Tag and Untag Commands",
            "messageBody": "",
            "fileTypesAndContributionMap": {
              "docs": {
                "insertions": 4,
                "deletions": 0
              }
            }
          },
          {
            "hash": "a6d350c279ccdc9469272d84a4c0ece854882e96",
            "messageTitle": "Update description for List food",
            "messageBody": "",
            "fileTypesAndContributionMap": {
              "docs": {
                "insertions": 2,
                "deletions": 0
              }
            }
          },
          {
            "hash": "40fda90a7dbc427e35be7cb877107ac772c3cc64",
            "messageTitle": "Update Description for macro",
            "messageBody": "",
            "fileTypesAndContributionMap": {
              "docs": {
                "insertions": 2,
                "deletions": 0
              }
            }
          },
          {
            "hash": "c290209796b26fb929d4f7043e83e6b7a012e8b0",
            "messageTitle": "Update description for Exit McGymmy",
            "messageBody": "",
            "fileTypesAndContributionMap": {
              "docs": {
                "insertions": 2,
                "deletions": 0
              }
            }
          },
          {
            "hash": "244beef1d85c60491a33ffca83942f2f8eccee42",
            "messageTitle": "Fix Format for add command",
            "messageBody": "",
            "fileTypesAndContributionMap": {
              "docs": {
                "insertions": 1,
                "deletions": 1
              }
            }
          },
          {
            "hash": "730aac6dc1f8d26680675e655e38c94cf45a6b00",
            "messageTitle": "Update Examples for Addcommand",
            "messageBody": "",
            "fileTypesAndContributionMap": {
              "docs": {
                "insertions": 3,
                "deletions": 3
              }
            }
          },
          {
            "hash": "a9de3766a4d2ce646ddf95e4f4d69861266fbca4",
            "messageTitle": "Fix typo for edit command",
            "messageBody": "",
            "fileTypesAndContributionMap": {
              "docs": {
                "insertions": 3,
                "deletions": 3
              }
            }
          },
          {
            "hash": "1bba21b4f658442ccf9abccca053298b93f62e53",
            "messageTitle": "Add description for Find command",
            "messageBody": "",
            "fileTypesAndContributionMap": {
              "docs": {
                "insertions": 10,
                "deletions": 0
              }
            }
          },
          {
            "hash": "edf778d06b021b428104657d71b4185c84a70115",
            "messageTitle": "Update Link to images",
            "messageBody": "",
            "fileTypesAndContributionMap": {
              "docs": {
                "insertions": 6,
                "deletions": 6
              }
            }
          },
          {
            "hash": "40ec2a1a55d0574f0df37ba6d66d400ae2a4e288",
            "messageTitle": "Change Update to Edit",
            "messageBody": "",
            "fileTypesAndContributionMap": {
              "docs": {
                "insertions": 2,
                "deletions": 2
              }
            }
          },
          {
            "hash": "e300f884f8a69ae04347203f3990a42549e80bbc",
            "messageTitle": "Update Command Summary",
            "messageBody": "",
            "fileTypesAndContributionMap": {
              "docs": {
                "insertions": 7,
                "deletions": 3
              }
            }
          },
          {
            "hash": "82e83f607cfd0172e389dd25009aeea7bfa35529",
            "messageTitle": "Update -n for add Command example in header",
            "messageBody": "",
            "fileTypesAndContributionMap": {
              "docs": {
                "insertions": 2,
                "deletions": 2
              }
            }
          }
        ]
      }
    ],
    "joeychensmart": [
      {
        "date": "2020-09-13",
        "commitResults": [
          {
            "hash": "e5b0e4dc43ab09fa8f5dc0cd7360af13ec6b0b12",
            "messageTitle": "Update README.md",
            "messageBody": "",
            "fileTypesAndContributionMap": {
              "docs": {
                "insertions": 4,
                "deletions": 0
              }
            }
          }
        ]
      },
      {
        "date": "2020-09-23",
        "commitResults": [
          {
            "hash": "1495091d8af89fe221c2fa4db3d3f71354c37a60",
            "messageTitle": "Add skeleton for use cases",
            "messageBody": "To avoid future merge conflicts.",
            "fileTypesAndContributionMap": {
              "docs": {
                "insertions": 12,
                "deletions": 11
              }
            }
          },
          {
            "hash": "36c766f1966cef88a5392099d9c8d0b1f208f414",
            "messageTitle": "Update UserGuide.md",
            "messageBody": "",
            "fileTypesAndContributionMap": {
              "docs": {
                "insertions": 50,
                "deletions": 58
              }
            }
          },
          {
            "hash": "a49b62fbe27353bfcbd953b84f926fecf1a089f3",
            "messageTitle": "Update DeveloperGuide.md",
            "messageBody": "",
            "fileTypesAndContributionMap": {
              "docs": {
                "insertions": 17,
                "deletions": 0
              }
            }
          },
          {
            "hash": "b214df77193eb2593211cad5fe27d6c5d36555e6",
            "messageTitle": "Fix minor formatting issues",
            "messageBody": "in particular problems with new lines",
            "fileTypesAndContributionMap": {
              "docs": {
                "insertions": 8,
                "deletions": 2
              }
            }
          },
          {
            "hash": "8848881485918ce3d4c7bd714f8919f6c79c731d",
            "messageTitle": "Fix minor formatting issues",
            "messageBody": "",
            "fileTypesAndContributionMap": {
              "docs": {
                "insertions": 4,
                "deletions": 4
              }
            }
          }
        ]
      },
      {
        "date": "2020-09-25",
        "commitResults": [
          {
            "hash": "bd10112d4bd0001ef326807ea68d5dd06c2694e6",
            "messageTitle": "Add apache commons-cli dependency",
            "messageBody": "into build.gradle\n",
            "fileTypesAndContributionMap": {
              "other": {
                "insertions": 1,
                "deletions": 0
              }
            }
          },
          {
            "hash": "14a3c3ccbb37e31ba0ec241f660fe6276e4180d6",
            "messageTitle": "Add parameter classes",
            "messageBody": "Added skeleton for parameter classes, and some convenience function\nin command.java. Also copied over functions from iP and added some\nbasic functionality.\n\nTODO: JavaDoc\nTODO: implement parser\nTODO: replace old commands\nTODO: add/change tests\n",
            "fileTypesAndContributionMap": {
              "functional-code": {
                "insertions": 206,
                "deletions": 0
              }
            }
          }
        ]
      },
      {
        "date": "2020-09-26",
        "commitResults": [
          {
            "hash": "cad22d0e157d644cbdaac702e760bc341b7da5e4",
            "messageTitle": "Change UC label number",
            "messageBody": "",
            "fileTypesAndContributionMap": {
              "docs": {
                "insertions": 1,
                "deletions": 1
              }
            }
          },
          {
            "hash": "3c602350642e95ae9b3d0b404f3ad497a737d50f",
            "messageTitle": "Change UC label again",
            "messageBody": "",
            "fileTypesAndContributionMap": {
              "docs": {
                "insertions": 2,
                "deletions": 2
              }
            }
          }
        ]
      },
      {
        "date": "2020-09-27",
        "commitResults": [
          {
            "hash": "eae0ccae2cb5d8fb1077d8807000a1ad48ec4f7e",
            "messageTitle": "Add exceptions and tests",
            "messageBody": "Add exceptions and tests for parameter related classes.\n",
            "fileTypesAndContributionMap": {
              "functional-code": {
                "insertions": 156,
                "deletions": 52
              },
              "test-code": {
                "insertions": 120,
                "deletions": 0
              }
            }
          },
          {
            "hash": "20289617201618be060bd964054193bef15db38d",
            "messageTitle": "Fix copious bugs",
            "messageBody": "mainly NPE. Code works now\n",
            "fileTypesAndContributionMap": {
              "functional-code": {
                "insertions": 169,
                "deletions": 298
              },
              "test-code": {
                "insertions": 1,
                "deletions": 7
              }
            }
          },
          {
            "hash": "362cdaa51eaa5eb33e48411c2c3b274e50395fae",
            "messageTitle": "Big cleanup",
            "messageBody": "Deleted most of the old parser code and the related tests. Did not\ndelete all the test files, but instead replaced them with a todo\ncontaining what was being tested before.\n",
            "fileTypesAndContributionMap": {
              "functional-code": {
                "insertions": 2,
                "deletions": 549
              },
              "test-code": {
                "insertions": 31,
                "deletions": 1616
              }
            }
          },
          {
            "hash": "707d44de3ef2cad61ddacdbe13299a7907017f27",
            "messageTitle": "Add tests",
            "messageBody": "also deleted many irrelevant tests.\n",
            "fileTypesAndContributionMap": {
              "functional-code": {
                "insertions": 10,
                "deletions": 4
              },
              "test-code": {
                "insertions": 116,
                "deletions": 250
              }
            }
          },
          {
            "hash": "7b90933caf0161321a9a5625a57995efaf807be6",
            "messageTitle": "Add docs and fix checkstyle",
            "messageBody": "",
            "fileTypesAndContributionMap": {
              "functional-code": {
                "insertions": 118,
                "deletions": 9
              },
              "test-code": {
                "insertions": 10,
                "deletions": 19
              }
            }
          },
          {
            "hash": "c952942f0b6085e48652fdd6619eaefd57fde7ce",
            "messageTitle": "Run dos2unix",
            "messageBody": "",
            "fileTypesAndContributionMap": {
              "functional-code": {
                "insertions": 369,
                "deletions": 369
              },
              "test-code": {
                "insertions": 178,
                "deletions": 178
              }
            }
          }
        ]
      },
      {
        "date": "2020-09-29",
        "commitResults": [
          {
            "hash": "1248b3f05a706ea67dee252e007efafbaa3ef2a7",
            "messageTitle": "Update DeveloperGuide.md",
            "messageBody": "",
            "fileTypesAndContributionMap": {
              "docs": {
                "insertions": 5,
                "deletions": 0
              }
            }
          },
          {
            "hash": "1918917d7910e35fbc5889d36ecc1267c27a2809",
            "messageTitle": "Restore ParserUtilTest",
            "messageBody": "",
            "fileTypesAndContributionMap": {
              "test-code": {
                "insertions": 196,
                "deletions": 0
              }
            }
          },
          {
            "hash": "c170030ba9d9ec95c51ff377fab96ba736a48c99",
            "messageTitle": "Add setParameters methods to commands",
            "messageBody": "To facilitate testing. Package private access.\n",
            "fileTypesAndContributionMap": {
              "functional-code": {
                "insertions": 37,
                "deletions": 9
              }
            }
          },
          {
            "hash": "d47c7e705f74ca4c652fb39f1ca9f7e02d307a6a",
            "messageTitle": "Use Command Word in McGymmyParser",
            "messageBody": "Instead of magic strings.\n",
            "fileTypesAndContributionMap": {
              "functional-code": {
                "insertions": 8,
                "deletions": 8
              }
            }
          },
          {
            "hash": "62c51051c47c1858d402611a61ae2ed3f9bcf7f0",
            "messageTitle": "Add command tests",
            "messageBody": "",
            "fileTypesAndContributionMap": {
              "test-code": {
                "insertions": 528,
                "deletions": 17
              }
            }
          },
          {
            "hash": "056be7d4cacd104038340f50225fdecbe147cbdf",
            "messageTitle": "Add more tests to parser",
            "messageBody": "",
            "fileTypesAndContributionMap": {
              "functional-code": {
                "insertions": 1,
                "deletions": 1
              },
              "test-code": {
                "insertions": 88,
                "deletions": 36
              }
            }
          },
          {
            "hash": "5138dd52b4f8ca25e3ef2120f76633a6c932c39e",
            "messageTitle": "Add more tests for parser",
            "messageBody": "Mainly integration tests with the commands.\n\nDeleted AddCommandIntegrationTest which is a copy of AddCommandTest.\n",
            "fileTypesAndContributionMap": {
              "functional-code": {
                "insertions": 12,
                "deletions": 1
              },
              "test-code": {
                "insertions": 158,
                "deletions": 24
              }
            }
          },
          {
            "hash": "c27975a34969e2d399dcc4259cb83561a2b7181a",
            "messageTitle": "Fix formatting issues",
            "messageBody": "",
            "fileTypesAndContributionMap": {
              "test-code": {
                "insertions": 162,
                "deletions": 158
              }
            }
          }
        ]
      },
      {
        "date": "2020-09-30",
        "commitResults": [
          {
            "hash": "1c56b2e0a61fef71316b79634f9b6f3bb7e5a970",
            "messageTitle": "Improve error messages to user",
            "messageBody": "",
            "fileTypesAndContributionMap": {
              "functional-code": {
                "insertions": 48,
                "deletions": 12
              }
            }
          }
        ]
      },
      {
        "date": "2020-10-09",
        "commitResults": [
          {
            "hash": "95bd1354497c2e9a5a22e6740512279d8804a776",
            "messageTitle": "Copy over code from iP",
            "messageBody": "Copied over the code from my iP and modified it to compile.\n",
            "fileTypesAndContributionMap": {
              "functional-code": {
                "insertions": 402,
                "deletions": 18
              },
              "other": {
                "insertions": 35,
                "deletions": 43
              }
            }
          },
          {
            "hash": "3cfe76cf5db7481beca0b54e553f84526a9950d1",
            "messageTitle": "Refactor macro constructor",
            "messageBody": "Now macro constructor takes in the string arguments then creates\nthe options itself. Since all the ingredients to create the macro\nare stored in the macro object itself as strings, this will make it\neasy to serialize.\n",
            "fileTypesAndContributionMap": {
              "functional-code": {
                "insertions": 37,
                "deletions": 36
              }
            }
          },
          {
            "hash": "0da445f98ab0d7b85119aae44eedc394be161079",
            "messageTitle": "Fix bugs",
            "messageBody": "Now it works on my machine\n",
            "fileTypesAndContributionMap": {
              "functional-code": {
                "insertions": 19,
                "deletions": 16
              }
            }
          },
          {
            "hash": "379ed11b8cba9576a25c1cb91fcc6e06bd9e109f",
            "messageTitle": "Add javadoc",
            "messageBody": "",
            "fileTypesAndContributionMap": {
              "functional-code": {
                "insertions": 54,
                "deletions": 18
              }
            }
          },
          {
            "hash": "c9bd784fb7d8f5c568a61966d329dfe8f0102198",
            "messageTitle": "Rearrange files",
            "messageBody": "accidentally put McGymmyParser in the parameter package. Wish i was\nusing vscode...\n",
            "fileTypesAndContributionMap": {
              "functional-code": {
                "insertions": 1,
                "deletions": 18
              },
              "other": {
                "insertions": 1,
                "deletions": 3
              },
              "test-code": {
                "insertions": 0,
                "deletions": 26
              }
            }
          },
          {
            "hash": "5502ce9018c5745194787682dfe6f624b0626d76",
            "messageTitle": "Add tests",
            "messageBody": "",
            "fileTypesAndContributionMap": {
              "functional-code": {
                "insertions": 31,
                "deletions": 6
              },
              "test-code": {
                "insertions": 196,
                "deletions": 5
              }
            }
          },
          {
            "hash": "f5d7977be2705e7d828dcd4cf62eb3fa622a8802",
            "messageTitle": "Run dos2unix",
            "messageBody": "",
            "fileTypesAndContributionMap": {
              "functional-code": {
                "insertions": 373,
                "deletions": 373
              },
              "test-code": {
                "insertions": 196,
                "deletions": 196
              }
            }
          }
        ]
      },
      {
        "date": "2020-10-11",
        "commitResults": [
          {
            "hash": "ee2938f317d45cc8c9a560e3fe8805dc46c65ed4",
            "messageTitle": "Fix minor bug",
            "messageBody": "Fixed bug where \u0027macro\u0027 could be used as a new macro name.\n",
            "fileTypesAndContributionMap": {
              "functional-code": {
                "insertions": 5,
                "deletions": 1
              }
            }
          }
        ]
      }
    ],
    "aidoxe-123": [
      {
        "date": "2020-09-15",
        "commitResults": [
          {
            "hash": "0611a99ed842527bfd653561c1c7b34e4cbf7e7a",
            "messageTitle": "Ignore javafx version warning",
            "messageBody": "",
            "fileTypesAndContributionMap": {
              "functional-code": {
                "insertions": 8,
                "deletions": 8
              }
            }
          }
        ]
      },
      {
        "date": "2020-09-21",
        "commitResults": [
          {
            "hash": "3a866b27d05522b1efa2a82c9c3ea3558bf7cf95",
            "messageTitle": "Update user profile, value proposition and user stories",
            "messageBody": "Copy these details from the DG draft to the real Developer Guide, with\nsome changes to match with v1.1\n",
            "fileTypesAndContributionMap": {
              "docs": {
                "insertions": 18,
                "deletions": 10
              }
            }
          }
        ]
      },
      {
        "date": "2020-09-28",
        "commitResults": [
          {
            "hash": "e17e7efdf7fe1ab01d7ff197f4b3e64e357208ff",
            "messageTitle": "Refractor AddressBook model to McGymmy model",
            "messageBody": "",
            "fileTypesAndContributionMap": {
              "other": {
                "insertions": 24,
                "deletions": 24
              }
            }
          },
          {
            "hash": "bdcdaf4ddb021c36a7c54b5e833c94629fd10bc4",
            "messageTitle": "Update imports accordingly to the changes in the previous commits",
            "messageBody": "",
            "fileTypesAndContributionMap": {
              "functional-code": {
                "insertions": 126,
                "deletions": 125
              },
              "test-code": {
                "insertions": 93,
                "deletions": 93
              }
            }
          },
          {
            "hash": "dc582548f534070f850d1024a7b6d298ef5d7fb0",
            "messageTitle": "Refractor AddressBook\u0027s storage commopents to McGymmy\u0027s ones",
            "messageBody": "AddressBookStorage -\u003e McGymmyStorage\nJsonAddressBookStorage -\u003e McGymmyStorage\nJsonSerializableAddressBook -\u003e JsonSerializableAddressBook\n\nUpdate imports accordingly\n\nChange test data folders:\nJsonAddressBookStorageTest -\u003e JsonMcGymmyStorageTest\nJsonSerializeAddressBookTest -\u003e JsonSerializeMcGymmyTest\n",
            "fileTypesAndContributionMap": {
              "functional-code": {
                "insertions": 25,
                "deletions": 25
              },
              "other": {
                "insertions": 51,
                "deletions": 51
              },
              "test-code": {
                "insertions": 15,
                "deletions": 15
              }
            }
          }
        ]
      },
      {
        "date": "2020-09-30",
        "commitResults": [
          {
            "hash": "b16acbd02378e6a3df56542d94d023470273183d",
            "messageTitle": "Rename to McGymmy",
            "messageBody": "",
            "fileTypesAndContributionMap": {
              "functional-code": {
                "insertions": 7,
                "deletions": 7
              }
            }
          },
          {
            "hash": "d14bb6441c0d0f74ccd59e135a998a04060b2dc8",
            "messageTitle": "Food, Macronutrient class: Add compare methods",
            "messageBody": "",
            "fileTypesAndContributionMap": {
              "functional-code": {
                "insertions": 45,
                "deletions": 3
              }
            }
          },
          {
            "hash": "e24390f84e8b725a2ef093427c2b648ea670538c",
            "messageTitle": "Add fridge class",
            "messageBody": "",
            "fileTypesAndContributionMap": {
              "functional-code": {
                "insertions": 153,
                "deletions": 0
              }
            }
          },
          {
            "hash": "bfb9c66669557175ebfb9dd3cb326979e0c8269e",
            "messageTitle": "Replace magic strings with class names",
            "messageBody": "",
            "fileTypesAndContributionMap": {
              "functional-code": {
                "insertions": 3,
                "deletions": 3
              }
            }
          },
          {
            "hash": "7dff86f1cd2b77e043b460c4ca3f5eff1280b4a4",
            "messageTitle": "Allow fidge to have the same food item",
            "messageBody": "",
            "fileTypesAndContributionMap": {
              "functional-code": {
                "insertions": 0,
                "deletions": 28
              }
            }
          },
          {
            "hash": "f7565f0ab8b6ef104c050729baf510dc341cb346",
            "messageTitle": "Use checkArgument to check for faulty user input",
            "messageBody": "",
            "fileTypesAndContributionMap": {
              "functional-code": {
                "insertions": 41,
                "deletions": 12
              }
            }
          },
          {
            "hash": "0f5af806a0d7cf6a324fdadaf7870e7e7bab2d50",
            "messageTitle": "Food, Fridge, Macronutrient class: add tests",
            "messageBody": "",
            "fileTypesAndContributionMap": {
              "functional-code": {
                "insertions": 8,
                "deletions": 24
              },
              "test-code": {
                "insertions": 173,
                "deletions": 0
              }
            }
          }
        ]
      },
      {
        "date": "2020-10-02",
        "commitResults": [
          {
            "hash": "9881a392fd6200f1efd3e3a42253022aab9eceaa",
            "messageTitle": "Change MacronutrientObjectCreator to MacronutrientStub, fix typo",
            "messageBody": "",
            "fileTypesAndContributionMap": {
              "test-code": {
                "insertions": 6,
                "deletions": 6
              }
            }
          },
          {
            "hash": "9be0fd5173711c96643037c09735bb84c83fbf74",
            "messageTitle": "Add test",
            "messageBody": "",
            "fileTypesAndContributionMap": {
              "test-code": {
                "insertions": 3,
                "deletions": 2
              }
            }
          },
          {
            "hash": "d8f8e51e5f3787c52fc1fc30a10b37a6a3952854",
            "messageTitle": "Redo all the refractor changes in the storage folder",
            "messageBody": "",
            "fileTypesAndContributionMap": {
              "functional-code": {
                "insertions": 166,
                "deletions": 179
              },
              "other": {
                "insertions": 108,
                "deletions": 108
              },
              "test-code": {
                "insertions": 95,
                "deletions": 97
              }
            }
          },
          {
            "hash": "7b5b538de4a4bbcc249b919abf494638d3e5e8e7",
            "messageTitle": "Food class: add tests",
            "messageBody": "",
            "fileTypesAndContributionMap": {
              "test-code": {
                "insertions": 76,
                "deletions": 0
              }
            }
          },
          {
            "hash": "4f4eb8a026c7ba9b5a4107a4442285720839032a",
            "messageTitle": "Undo refractor changes",
            "messageBody": "",
            "fileTypesAndContributionMap": {
              "functional-code": {
                "insertions": 23,
                "deletions": 24
              },
              "other": {
                "insertions": 4,
                "deletions": 4
              },
              "test-code": {
                "insertions": 9,
                "deletions": 9
              }
            }
          },
          {
            "hash": "0880792bdf7bfaa698fb72c65bdf3f4d860cc09e",
            "messageTitle": "Fix checkstyle errors",
            "messageBody": "",
            "fileTypesAndContributionMap": {
              "test-code": {
                "insertions": 3,
                "deletions": 1
              }
            }
          },
          {
            "hash": "ce7d9f965cd098266e7b0890440de568a2891b5a",
            "messageTitle": "Initialize the fridge object before every test case",
            "messageBody": "",
            "fileTypesAndContributionMap": {
              "test-code": {
                "insertions": 7,
                "deletions": 1
              }
            }
          },
          {
            "hash": "25d4684732741b3dd610529ce22b884a5570de26",
            "messageTitle": "Macronutrient class: Change assert message when checking for type",
            "messageBody": "",
            "fileTypesAndContributionMap": {
              "functional-code": {
                "insertions": 1,
                "deletions": 1
              }
            }
          }
        ]
      },
      {
        "date": "2020-10-03",
        "commitResults": [
          {
            "hash": "42550e2e8f306dfb5adf440a7fd9785152fab1f7",
            "messageTitle": "Remove macronutrientType field",
            "messageBody": "",
            "fileTypesAndContributionMap": {
              "functional-code": {
                "insertions": 10,
                "deletions": 15
              },
              "test-code": {
                "insertions": 5,
                "deletions": 11
              }
            }
          },
          {
            "hash": "bfc884a4ae5b49ba98e2cd20fd941ff0c746d9fb",
            "messageTitle": "Use commons.index.Index object instead of int for index",
            "messageBody": "",
            "fileTypesAndContributionMap": {
              "functional-code": {
                "insertions": 6,
                "deletions": 5
              },
              "test-code": {
                "insertions": 9,
                "deletions": 7
              }
            }
          },
          {
            "hash": "ac3782614dc097a84fcbe230c4f3bbc37df60d87",
            "messageTitle": "Remove white space for consistency",
            "messageBody": "",
            "fileTypesAndContributionMap": {
              "functional-code": {
                "insertions": 0,
                "deletions": 1
              }
            }
          },
          {
            "hash": "e7ec15af95c1170d570ba74cebb976520cb8e9cd",
            "messageTitle": "Add an comment for Macronutrient.getMacronutrientType()",
            "messageBody": "",
            "fileTypesAndContributionMap": {
              "functional-code": {
                "insertions": 1,
                "deletions": 0
              }
            }
          }
        ]
      },
      {
        "date": "2020-10-07",
        "commitResults": [
          {
            "hash": "a950245fd8a488a0c7793b7e4f79cefc93b56d56",
            "messageTitle": "Add test for Macronutrient",
            "messageBody": "",
            "fileTypesAndContributionMap": {
              "test-code": {
                "insertions": 9,
                "deletions": 0
              }
            }
          }
        ]
      },
      {
        "date": "2020-10-11",
        "commitResults": [
          {
            "hash": "a87a2a45450af2002b653179550ad62e8ae6a6b7",
            "messageTitle": "Delete FoodMethodHandler.java",
            "messageBody": "It has nothing to do in the code\n",
            "fileTypesAndContributionMap": {
              "functional-code": {
                "insertions": 0,
                "deletions": 7
              }
            }
          },
          {
            "hash": "96ef14666143365c229d2b9e2dd7af0016b3f65b",
            "messageTitle": "Remove UniqueFoodList.java",
            "messageBody": "",
            "fileTypesAndContributionMap": {
              "functional-code": {
                "insertions": 0,
                "deletions": 137
              },
              "test-code": {
                "insertions": 0,
                "deletions": 152
              }
            }
          },
          {
            "hash": "4c41bf8252a2d1b8636e9e71c68e08baf35289c6",
            "messageTitle": "Model interface: change parameter type of setFood",
            "messageBody": "Change from setFood(Food target, Food editedFood) to\nsetFood(Index index, Food editedFood)\n\nUpdate EditCommand, TagCommand and UnTagCommand accordingly\n\nReason: Since Fridge allows duplicate, the target food is not guaranteed\nto exist uniquely in the Fridge. Therefore, it is more reasonable to use\nIndex instead\n",
            "fileTypesAndContributionMap": {
              "functional-code": {
                "insertions": 12,
                "deletions": 58
              },
              "test-code": {
                "insertions": 52,
                "deletions": 50
              }
            }
          },
          {
            "hash": "e047a6755258e0777a54cc9ff8273805f895bd69",
            "messageTitle": "Update tests",
            "messageBody": "",
            "fileTypesAndContributionMap": {
              "functional-code": {
                "insertions": 1,
                "deletions": 12
              },
              "test-code": {
                "insertions": 41,
                "deletions": 74
              }
            }
          },
          {
            "hash": "20908d9973084f39062c4dac1015d08f3a864208",
            "messageTitle": "Update tests that accepts food list with duplicate foods",
            "messageBody": "",
            "fileTypesAndContributionMap": {
              "functional-code": {
                "insertions": 0,
                "deletions": 1
              },
              "test-code": {
                "insertions": 17,
                "deletions": 26
              }
            }
          },
          {
            "hash": "3396d8d6559895048aa344e7500a66134632d7c1",
            "messageTitle": "Change parameter type of deleteFood",
            "messageBody": "Change from deleteFood(Food) to deleteFood(Index)\nReason: Food items are not guaranteed to be unique in Fridge\n",
            "fileTypesAndContributionMap": {
              "functional-code": {
                "insertions": 11,
                "deletions": 12
              },
              "test-code": {
                "insertions": 12,
                "deletions": 10
              }
            }
          },
          {
            "hash": "b0abb28c69998ef6ae00ee81ba0344ba1410c2b0",
            "messageTitle": "Add test to increase coverage",
            "messageBody": "",
            "fileTypesAndContributionMap": {
              "test-code": {
                "insertions": 32,
                "deletions": 7
              }
            }
          },
          {
            "hash": "41ee0dafb11f8a0b16e0ed295f0df62d0abc8bfd",
            "messageTitle": "Remove unused method",
            "messageBody": "",
            "fileTypesAndContributionMap": {
              "functional-code": {
                "insertions": 0,
                "deletions": 10
              }
            }
          },
          {
            "hash": "0ead4265ce684694f96126f325a0c58d359c4c8c",
            "messageTitle": "Fix checkstyle",
            "messageBody": "",
            "fileTypesAndContributionMap": {
              "test-code": {
                "insertions": 14,
                "deletions": 15
              }
            }
          },
          {
            "hash": "496646d9d9bb0f76cb2eceb310286194c229eb02",
            "messageTitle": "Delete unused variable",
            "messageBody": "",
            "fileTypesAndContributionMap": {
              "functional-code": {
                "insertions": 0,
                "deletions": 1
              }
            }
          },
          {
            "hash": "40ff589fd6bbed2921c8b7a9aed8e9d754e5a559",
            "messageTitle": "Add test for AddCommand",
            "messageBody": "",
            "fileTypesAndContributionMap": {
              "test-code": {
                "insertions": 22,
                "deletions": 0
              }
            }
          },
          {
            "hash": "902871cc8c29ce35f25496119444f1050286782f",
            "messageTitle": "Store mcgymmy data in a separate data folder",
            "messageBody": "",
            "fileTypesAndContributionMap": {
              "functional-code": {
                "insertions": 1,
                "deletions": 1
              }
            }
          },
          {
            "hash": "98a8c26d5c332a753a7f82551d7ff8eec5ba1fb1",
            "messageTitle": "Use CommandTestUtil.assertCommandSuccess to reduce code duplication",
            "messageBody": "",
            "fileTypesAndContributionMap": {
              "test-code": {
                "insertions": 21,
                "deletions": 10
              }
            }
          }
        ]
      },
      {
        "date": "2020-10-12",
        "commitResults": [
          {
            "hash": "1a205abd6df5a62263b04644c7170deafb4e071b",
            "messageTitle": "Fix conflict error",
            "messageBody": "",
            "fileTypesAndContributionMap": {
              "test-code": {
                "insertions": 11,
                "deletions": 6
              }
            }
          }
        ]
      }
    ]
  },
  "authorFileTypeContributionMap": {
    "chewypiano": {
      "docs": 11,
      "functional-code": 293,
      "test-code": 403
    },
    "dcchan98": {
      "docs": 22,
      "functional-code": 88,
      "test-code": 27
    },
    "jh123x": {
      "docs": 207,
      "functional-code": 1155,
      "test-code": 1012,
      "other": 5
    },
    "joeychensmart": {
      "docs": 64,
      "functional-code": 987,
      "test-code": 801,
      "other": 1
    },
    "aidoxe-123": {
      "docs": 17,
      "functional-code": 71,
      "test-code": 378
    }
  },
  "authorContributionVariance": {
    "chewypiano": 146130.03,
    "dcchan98": 1444.2966,
    "jh123x": 799251.2,
    "joeychensmart": 439687.8,
    "aidoxe-123": 34350.72
  },
  "authorDisplayNameMap": {
    "chewypiano": "CS2103T-W17-3 KAMI..IMIK",
    "dcchan98": "CS2103T-W17-3 SEAN..CHAO",
    "jh123x": "CS2103T-W17-3 WEN ..NHUA",
    "joeychensmart": "CS2103T-W17-3 JOEY..E\u0027EN",
    "aidoxe-123": "CS2103T-W17-3 HUYN..UONG"
  }
}
