{
  "authorDailyContributionsMap": {
    "jetnew": [
      {
        "date": "2020-09-19",
        "commitResults": [
          {
            "hash": "6f5372751eab0c7e0a073558ce0e7feb1b869974",
            "messageTitle": "Add General section and CLI sugar commands to User Guide",
            "messageBody": "",
            "fileTypesAndContributionMap": {
              "docs": {
                "insertions": 44,
                "deletions": 0
              }
            }
          }
        ]
      },
      {
        "date": "2020-09-24",
        "commitResults": [
          {
            "hash": "3306c44f90853ae4a8a16cc8ba31b4bb26a68433",
            "messageTitle": "Add AboutUs entry and image",
            "messageBody": "",
            "fileTypesAndContributionMap": {
              "docs": {
                "insertions": 52,
                "deletions": 6
              }
            }
          }
        ]
      },
      {
        "date": "2020-10-07",
        "commitResults": [
          {
            "hash": "34f4771a203987eecd45f0c9e79b76cfe6090716",
            "messageTitle": "Implement allocate command to allocate a room to a student",
            "messageBody": "",
            "fileTypesAndContributionMap": {
              "functional-code": {
                "insertions": 262,
                "deletions": 31
              },
              "test-code": {
                "insertions": 62,
                "deletions": 28
              }
            }
          },
          {
            "hash": "6e483d0b0896ddc3aadbe3c5764241a09f5a4ddb",
            "messageTitle": "Implement allocate command to allocate a room to a student",
            "messageBody": "",
            "fileTypesAndContributionMap": {
              "functional-code": {
                "insertions": 38,
                "deletions": 28
              },
              "test-code": {
                "insertions": 5,
                "deletions": 2
              }
            }
          },
          {
            "hash": "5f57d967c24358012875adc7a1cd19572d7d84b4",
            "messageTitle": "Implement allocate command to allocate a room to a student",
            "messageBody": "",
            "fileTypesAndContributionMap": {
              "functional-code": {
                "insertions": 2,
                "deletions": 1
              }
            }
          }
        ]
      }
    ],
    "JingYenLoh": [
      {
        "date": "2020-09-21",
        "commitResults": [
          {
            "hash": "4a8553c128119eefe8872db5fbbefc8576cc9242",
            "messageTitle": "Update ResiReg User Stories on Developer Guide",
            "messageBody": "",
            "fileTypesAndContributionMap": {
              "docs": {
                "insertions": 23,
                "deletions": 8
              }
            }
          }
        ]
      },
      {
        "date": "2020-09-22",
        "commitResults": [
          {
            "hash": "7636488981643338bdbf937adeb64248b076d1da",
            "messageTitle": "Add missing user stories",
            "messageBody": "",
            "fileTypesAndContributionMap": {
              "docs": {
                "insertions": 40,
                "deletions": 25
              }
            }
          },
          {
            "hash": "75dda0d9dd409cf518810b69340f971189e1b96c",
            "messageTitle": "Add AboutUs entry and image",
            "messageBody": "",
            "fileTypesAndContributionMap": {
              "docs": {
                "insertions": 50,
                "deletions": 4
              }
            }
          },
          {
            "hash": "d5dc52ad78491f0196a6c8a427c6d504eb86c55f",
            "messageTitle": "Add #58 and #59, remove compound commands",
            "messageBody": "",
            "fileTypesAndContributionMap": {
              "docs": {
                "insertions": 2,
                "deletions": 1
              }
            }
          }
        ]
      },
      {
        "date": "2020-09-25",
        "commitResults": [
          {
            "hash": "f465a18dac8dd010fce6adadb2e4c34aed526550",
            "messageTitle": "Layout MainWindow according to our mockup",
            "messageBody": "",
            "fileTypesAndContributionMap": {
              "functional-code": {
                "insertions": 75,
                "deletions": 47
              }
            }
          },
          {
            "hash": "6fd95780ba5efa8aa85755a55934adcbd07fb579",
            "messageTitle": "Display results as appended history",
            "messageBody": "Currently, the result display functions as an echo area, similar to\nEmacs\u0027 minibuffer. We modify it so that it keeps the list of results\ndisplayed.\n",
            "fileTypesAndContributionMap": {
              "functional-code": {
                "insertions": 27,
                "deletions": 9
              }
            }
          }
        ]
      },
      {
        "date": "2020-09-28",
        "commitResults": [
          {
            "hash": "6e509139938c2712e4d916f214498cbcb9b6f3b3",
            "messageTitle": "Display mockup properly",
            "messageBody": "",
            "fileTypesAndContributionMap": {
              "docs": {
                "insertions": 1,
                "deletions": 1
              }
            }
          }
        ]
      },
      {
        "date": "2020-09-29",
        "commitResults": [
          {
            "hash": "f6e57fac1e33a5999f2ff6912bdd264cd30aa53c",
            "messageTitle": "Point CI badge to T16-3",
            "messageBody": "",
            "fileTypesAndContributionMap": {
              "docs": {
                "insertions": 2,
                "deletions": 2
              }
            }
          }
        ]
      },
      {
        "date": "2020-10-13",
        "commitResults": [
          {
            "hash": "2041414daa54cc7f475d15371e8e7a7865c63b00",
            "messageTitle": "Fix model not updating on AllocateCommand",
            "messageBody": "",
            "fileTypesAndContributionMap": {
              "functional-code": {
                "insertions": 87,
                "deletions": 13
              }
            }
          },
          {
            "hash": "eaf46cd4a4ee74b57b5a5fa05cf62bf9b2de8e16",
            "messageTitle": "Add linebreaks to AllocateCommand usage message",
            "messageBody": "",
            "fileTypesAndContributionMap": {
              "functional-code": {
                "insertions": 2,
                "deletions": 2
              }
            }
          },
          {
            "hash": "66f9d1862d9985f4a900496aaee391c395861e41",
            "messageTitle": "Implement tabs for displaying students and rooms",
            "messageBody": "And also implement the vacant rooms command, since it came free with the\nmodifications.\n",
            "fileTypesAndContributionMap": {
              "functional-code": {
                "insertions": 339,
                "deletions": 24
              }
            }
          },
          {
            "hash": "dfc5a0b8caa1281bd0b6cae3ea27c8a4db5f2dad",
            "messageTitle": "Update User Guide with rooms command format",
            "messageBody": "",
            "fileTypesAndContributionMap": {
              "docs": {
                "insertions": 5,
                "deletions": 5
              }
            }
          },
          {
            "hash": "e5894ab519f06db2c22dd2945dac42c0d278eff5",
            "messageTitle": "Fix failing tests",
            "messageBody": "",
            "fileTypesAndContributionMap": {
              "functional-code": {
                "insertions": 2,
                "deletions": 3
              },
              "test-code": {
                "insertions": 15,
                "deletions": 0
              }
            }
          },
          {
            "hash": "d7f672c8c48aa53f6e7c59d618fdb482255c04bb",
            "messageTitle": "Fix Room-Student cyclic dependency",
            "messageBody": "Problem:\nThere is a cyclic dependency between Room and Student - they contain\neach other. This causes serialization and toString to stackoverflow.\n\nCurrent Solution:\nModify their toString not to contain each other, and create additional\nclasses for Jackson to Serialize (JsonAdaptedRoomStudent and\nJsonAdaptedStudentRoom). This solution isn\u0027t ideal, but it produces\nworking code. I\u0027d be happy to accept alternatives.\n",
            "fileTypesAndContributionMap": {
              "functional-code": {
                "insertions": 231,
                "deletions": 6
              }
            }
          }
        ]
      }
    ],
    "Lysire": [
      {
        "date": "2020-09-19",
        "commitResults": [
          {
            "hash": "5ee5d2e6d056b2df2683dfa6e0cae56b1af24f22",
            "messageTitle": "Update user guide to include editting of rooms",
            "messageBody": "",
            "fileTypesAndContributionMap": {
              "docs": {
                "insertions": 23,
                "deletions": 3
              }
            }
          },
          {
            "hash": "7bc97504d451a9ed5b28f8abd89a1af7365152f5",
            "messageTitle": "Add about me information as part of the team\u0027s About Us",
            "messageBody": "",
            "fileTypesAndContributionMap": {
              "docs": {
                "insertions": 5,
                "deletions": 5
              }
            }
          }
        ]
      },
      {
        "date": "2020-09-24",
        "commitResults": [
          {
            "hash": "823fd750bf641bab528534c368a2b3b260ccdcd8",
            "messageTitle": "Fix about me information",
            "messageBody": "",
            "fileTypesAndContributionMap": {
              "docs": {
                "insertions": 48,
                "deletions": 1
              }
            }
          }
        ]
      },
      {
        "date": "2020-09-26",
        "commitResults": [
          {
            "hash": "a3762387089ce090bcd3bbb82f4243e29a068f49",
            "messageTitle": "Functionality Increment: Room Model",
            "messageBody": "",
            "fileTypesAndContributionMap": {
              "functional-code": {
                "insertions": 731,
                "deletions": 4
              },
              "other": {
                "insertions": 1,
                "deletions": 1
              },
              "test-code": {
                "insertions": 301,
                "deletions": 1
              }
            }
          }
        ]
      },
      {
        "date": "2020-10-13",
        "commitResults": [
          {
            "hash": "fb45e68cee53b961542ca1a7424ce3bd1d021bae",
            "messageTitle": "Add tests for Room model",
            "messageBody": "",
            "fileTypesAndContributionMap": {
              "test-code": {
                "insertions": 288,
                "deletions": 18
              }
            }
          },
          {
            "hash": "4f378ffa651dab4917bc69169fa74f9a7cc07db1",
            "messageTitle": "Add testing support - List Rooms command",
            "messageBody": "",
            "fileTypesAndContributionMap": {
              "functional-code": {
                "insertions": 34,
                "deletions": 0
              },
              "test-code": {
                "insertions": 135,
                "deletions": 2
              }
            }
          },
          {
            "hash": "c2c80d9896aafa73fa00313e99700b216a2c35d5",
            "messageTitle": "Fix checkstyle violations",
            "messageBody": "",
            "fileTypesAndContributionMap": {
              "functional-code": {
                "insertions": 2,
                "deletions": 0
              },
              "test-code": {
                "insertions": 22,
                "deletions": 3
              }
            }
          }
        ]
      }
    ],
    "chloelee767": [
      {
        "date": "2020-09-16",
        "commitResults": [
          {
            "hash": "a068545161d74e6cbb145739b02c3a181efd4af5",
            "messageTitle": "Update user guide",
            "messageBody": "",
            "fileTypesAndContributionMap": {
              "docs": {
                "insertions": 267,
                "deletions": 129
              }
            }
          },
          {
            "hash": "a95aab9498cd1090ef1d9546d527e965edcb6c0d",
            "messageTitle": "Fix table to work with jekyll",
            "messageBody": "",
            "fileTypesAndContributionMap": {
              "docs": {
                "insertions": 19,
                "deletions": 9
              }
            }
          }
        ]
      },
      {
        "date": "2020-09-22",
        "commitResults": [
          {
            "hash": "8a142b47da4461dbcc606395c2a39698d02e441f",
            "messageTitle": "Add use cases for v1.2",
            "messageBody": "",
            "fileTypesAndContributionMap": {
              "docs": {
                "insertions": 108,
                "deletions": 11
              }
            }
          },
          {
            "hash": "ac4714601b9c6cf81b95b4431f70b0c91cea7e15",
            "messageTitle": "Update personal details and image in AboutUs",
            "messageBody": "",
            "fileTypesAndContributionMap": {
              "docs": {
                "insertions": 5,
                "deletions": 6
              }
            }
          }
        ]
      },
      {
        "date": "2020-10-06",
        "commitResults": [
          {
            "hash": "b35d57154ca22a2a5054405b0b97ca09e384ad0c",
            "messageTitle": "Ui: add commands to ResultDisplay",
            "messageBody": "",
            "fileTypesAndContributionMap": {
              "functional-code": {
                "insertions": 84,
                "deletions": 11
              }
            }
          },
          {
            "hash": "183b2e116a75ce8ff51dc31e1b70a1302718d5d3",
            "messageTitle": "Fix merging",
            "messageBody": "",
            "fileTypesAndContributionMap": {
              "functional-code": {
                "insertions": 7,
                "deletions": 49
              },
              "other": {
                "insertions": 2,
                "deletions": 1
              }
            }
          }
        ]
      }
    ],
    "mkeoliya": [
      {
        "date": "2020-09-15",
        "commitResults": [
          {
            "hash": "848bcf06947b15249efd98a49cdf99bc36d6d030",
            "messageTitle": "Update README.md",
            "messageBody": "",
            "fileTypesAndContributionMap": {
              "docs": {
                "insertions": 9,
                "deletions": 6
              }
            }
          }
        ]
      },
      {
        "date": "2020-09-19",
        "commitResults": [
          {
            "hash": "43c58269431265ccac05c64dd466fba3c15d9b1f",
            "messageTitle": "Add githooks",
            "messageBody": "",
            "fileTypesAndContributionMap": {
              "other": {
                "insertions": 11,
                "deletions": 0
              }
            }
          }
        ]
      },
      {
        "date": "2020-09-20",
        "commitResults": [
          {
            "hash": "b65f9d27fa7c313e272f21f01fe334348e2cd30b",
            "messageTitle": "Add value proposition, target user and NFRs",
            "messageBody": "",
            "fileTypesAndContributionMap": {
              "docs": {
                "insertions": 101,
                "deletions": 73
              }
            }
          }
        ]
      },
      {
        "date": "2020-09-22",
        "commitResults": [
          {
            "hash": "1109d140c2385c0b9cccbb90eda730e46885356f",
            "messageTitle": "Add AboutUs entry and image",
            "messageBody": "",
            "fileTypesAndContributionMap": {
              "docs": {
                "insertions": 52,
                "deletions": 16
              }
            }
          }
        ]
      },
      {
        "date": "2020-09-24",
        "commitResults": [
          {
            "hash": "0ebe94526ea4ec4b359dde5b8c1c9af9eada5f29",
            "messageTitle": "Update to match ResiReg specs",
            "messageBody": "",
            "fileTypesAndContributionMap": {
              "docs": {
                "insertions": 65,
                "deletions": 53
              }
            }
          },
          {
            "hash": "4ce975e7849751400842d7ca84b138846a65a563",
            "messageTitle": "Remove COVID reference",
            "messageBody": "",
            "fileTypesAndContributionMap": {
              "docs": {
                "insertions": 3,
                "deletions": 22
              }
            }
          }
        ]
      },
      {
        "date": "2020-09-25",
        "commitResults": [
          {
            "hash": "8b9cedefdd398e1b46a5d19e2376c3ddc34d2e38",
            "messageTitle": "Modify Person to Student class",
            "messageBody": "",
            "fileTypesAndContributionMap": {
              "functional-code": {
                "insertions": 1068,
                "deletions": 939
              },
              "other": {
                "insertions": 982,
                "deletions": 900
              },
              "test-code": {
                "insertions": 1228,
                "deletions": 1080
              }
            }
          },
          {
            "hash": "dfff7b8269e9a62f7cb5f524132f002a415e37c3",
            "messageTitle": "fix MR conflict",
            "messageBody": "",
            "fileTypesAndContributionMap": {
              "functional-code": {
                "insertions": 102,
                "deletions": 56
              },
              "docs": {
                "insertions": 100,
                "deletions": 7
              }
            }
          },
          {
            "hash": "669cc6e380c7c475edad45515bae2f90be4c23ef",
            "messageTitle": "Fix MR 2",
            "messageBody": "",
            "fileTypesAndContributionMap": {
              "functional-code": {
                "insertions": 2,
                "deletions": 2
              }
            }
          }
        ]
      }
    ]
  },
  "authorFileTypeContributionMap": {
    "jetnew": {
      "docs": 81,
      "functional-code": 272,
      "test-code": 64
    },
    "JingYenLoh": {
      "docs": 96,
      "functional-code": 569,
      "test-code": 11
    },
    "Lysire": {
      "docs": 72,
      "functional-code": 730,
      "test-code": 720,
      "other": 1
    },
    "chloelee767": {
      "docs": 308,
      "functional-code": 84,
      "test-code": 0
    },
    "mkeoliya": {
      "docs": 199,
      "functional-code": 1500,
      "test-code": 1758,
      "other": 11
    }
  },
  "authorContributionVariance": {
    "jetnew": 3456.0923,
    "JingYenLoh": 9204.538,
    "Lysire": 21209.584,
    "chloelee767": 3478.274,
    "mkeoliya": 673598.7
  },
  "authorDisplayNameMap": {
    "jetnew": "CS2103-T16-3 NEW .. JIE",
    "JingYenLoh": "CS2103-T16-3 LOH .. YEN",
    "Lysire": "CS2103-T16-3 BEC ..HUHN",
    "chloelee767": "CS2103-T16-3 CHLO..E ER",
    "mkeoliya": "CS2103-T16-3 MAYA..LIYA"
  }
}
