{
  "authorDailyContributionsMap": {
    "jetnew": [
      {
        "date": "2020-09-19",
        "commitResults": [
          {
            "hash": "6f5372751eab0c7e0a073558ce0e7feb1b869974",
            "messageTitle": "Add General section and CLI sugar commands to User Guide",
            "messageBody": "",
            "fileTypesAndContributionMap": {
              "docs": {
                "insertions": 44,
                "deletions": 0
              }
            }
          }
        ]
      },
      {
        "date": "2020-09-24",
        "commitResults": [
          {
            "hash": "3306c44f90853ae4a8a16cc8ba31b4bb26a68433",
            "messageTitle": "Add AboutUs entry and image",
            "messageBody": "",
            "fileTypesAndContributionMap": {
              "docs": {
                "insertions": 52,
                "deletions": 6
              }
            }
          }
        ]
      },
      {
        "date": "2020-10-07",
        "commitResults": [
          {
            "hash": "34f4771a203987eecd45f0c9e79b76cfe6090716",
            "messageTitle": "Implement allocate command to allocate a room to a student",
            "messageBody": "",
            "fileTypesAndContributionMap": {
              "functional-code": {
                "insertions": 262,
                "deletions": 31
              },
              "test-code": {
                "insertions": 74,
                "deletions": 32
              }
            }
          },
          {
            "hash": "6e483d0b0896ddc3aadbe3c5764241a09f5a4ddb",
            "messageTitle": "Implement allocate command to allocate a room to a student",
            "messageBody": "",
            "fileTypesAndContributionMap": {
              "functional-code": {
                "insertions": 38,
                "deletions": 28
              },
              "test-code": {
                "insertions": 5,
                "deletions": 2
              }
            }
          },
          {
            "hash": "5f57d967c24358012875adc7a1cd19572d7d84b4",
            "messageTitle": "Implement allocate command to allocate a room to a student",
            "messageBody": "",
            "fileTypesAndContributionMap": {
              "functional-code": {
                "insertions": 2,
                "deletions": 1
              }
            }
          }
        ]
      },
      {
        "date": "2020-10-14",
        "commitResults": [
          {
            "hash": "397ded7ba07f81756d30e24d9b390f36ff214157",
            "messageTitle": "Functionality Increment: Deallocate Command",
            "messageBody": "",
            "fileTypesAndContributionMap": {
              "functional-code": {
                "insertions": 125,
                "deletions": 0
              }
            }
          },
          {
            "hash": "cbd239cea9566373bd87f7379fd9736d49609c8a",
            "messageTitle": "Fix checkstyle",
            "messageBody": "",
            "fileTypesAndContributionMap": {
              "functional-code": {
                "insertions": 8,
                "deletions": 13
              }
            }
          },
          {
            "hash": "2e17ff1ed7010d9023225cc87627cb7446d79d62",
            "messageTitle": "Functionality Increment: Reallocate Command",
            "messageBody": "",
            "fileTypesAndContributionMap": {
              "functional-code": {
                "insertions": 149,
                "deletions": 11
              }
            }
          },
          {
            "hash": "9dc93f4cac7190ae1c8d90169647fc8aadb4d66c",
            "messageTitle": "Fix checkstyle",
            "messageBody": "",
            "fileTypesAndContributionMap": {
              "functional-code": {
                "insertions": 26,
                "deletions": 13
              }
            }
          },
          {
            "hash": "efb20b24ecac5b23f22515ef1e2fd1b4d29b2098",
            "messageTitle": "Modify DeallocateCommand argument to use si/ prefix",
            "messageBody": "",
            "fileTypesAndContributionMap": {
              "functional-code": {
                "insertions": 19,
                "deletions": 5
              }
            }
          },
          {
            "hash": "9cf3ef3799c18ae491771672c9aaed4b90d4ea06",
            "messageTitle": "Fix checkstyle",
            "messageBody": "",
            "fileTypesAndContributionMap": {
              "functional-code": {
                "insertions": 0,
                "deletions": 2
              }
            }
          },
          {
            "hash": "5e8b4b651bf06d181facac2f8e11e5ebe4f70cb3",
            "messageTitle": "Fix docstring",
            "messageBody": "",
            "fileTypesAndContributionMap": {
              "functional-code": {
                "insertions": 4,
                "deletions": 4
              }
            }
          },
          {
            "hash": "332a4d4ec480d74b2894a2bb5e603472111e7ea9",
            "messageTitle": "Fix docstring for DeallocateCommand",
            "messageBody": "",
            "fileTypesAndContributionMap": {
              "functional-code": {
                "insertions": 1,
                "deletions": 1
              }
            }
          }
        ]
      },
      {
        "date": "2020-10-18",
        "commitResults": [
          {
            "hash": "4ffb4d8417290c1f873d497d7bcf685deb3763b5",
            "messageTitle": "Remove cyclic dependency between Student and Room using Allocation association class and fix Delete and Edit student bug",
            "messageBody": "",
            "fileTypesAndContributionMap": {
              "functional-code": {
                "insertions": 776,
                "deletions": 401
              },
              "test-code": {
                "insertions": 72,
                "deletions": 22
              }
            }
          },
          {
            "hash": "6c49e157760fc8df6e61b90a77c06f92969c7818",
            "messageTitle": "Fix checkstyle",
            "messageBody": "",
            "fileTypesAndContributionMap": {
              "functional-code": {
                "insertions": 72,
                "deletions": 68
              }
            }
          },
          {
            "hash": "ef779ad71461973f02fb10be103b322f299b687e",
            "messageTitle": "Fix checkstyle",
            "messageBody": "",
            "fileTypesAndContributionMap": {
              "functional-code": {
                "insertions": 2,
                "deletions": 2
              }
            }
          },
          {
            "hash": "012eeed179aff95a8b89a0e3c5d5a942a97423d6",
            "messageTitle": "Fix checkstyle",
            "messageBody": "",
            "fileTypesAndContributionMap": {
              "functional-code": {
                "insertions": 1,
                "deletions": 1
              }
            }
          },
          {
            "hash": "23f0dfd065e3264e95b71fd6c35ab0e8ec2f336d",
            "messageTitle": "Fix checkstyle",
            "messageBody": "",
            "fileTypesAndContributionMap": {
              "test-code": {
                "insertions": 5,
                "deletions": 5
              }
            }
          },
          {
            "hash": "d18679bf5196263b0566df72d1108ea79b72eefa",
            "messageTitle": "Fix deallocate success message",
            "messageBody": "",
            "fileTypesAndContributionMap": {
              "functional-code": {
                "insertions": 3,
                "deletions": 2
              }
            }
          },
          {
            "hash": "dce662f6583a4f591f94b795d3b88970c5b8623e",
            "messageTitle": "Fix deallocate success message",
            "messageBody": "",
            "fileTypesAndContributionMap": {
              "functional-code": {
                "insertions": 1,
                "deletions": 1
              }
            }
          }
        ]
      },
      {
        "date": "2020-10-19",
        "commitResults": [
          {
            "hash": "db08d8e969cc6cc76c707d4af93f23baaeafc592",
            "messageTitle": "Bug fix for UI Student and Panel list updates",
            "messageBody": "",
            "fileTypesAndContributionMap": {
              "functional-code": {
                "insertions": 23,
                "deletions": 13
              }
            }
          }
        ]
      },
      {
        "date": "2020-10-25",
        "commitResults": [
          {
            "hash": "ea02c8e84b996861f23f1cf09914efa64dcfbe93",
            "messageTitle": "Add tests to Allocate, Deallocate, Reallocate and JsonAdaptedRoom",
            "messageBody": "",
            "fileTypesAndContributionMap": {
              "functional-code": {
                "insertions": 1,
                "deletions": 1
              },
              "test-code": {
                "insertions": 598,
                "deletions": 1
              }
            }
          },
          {
            "hash": "fcfab14b0ea0ac9f089f2d725e563c60a28545ad",
            "messageTitle": "Fix checkstyle",
            "messageBody": "",
            "fileTypesAndContributionMap": {
              "functional-code": {
                "insertions": 2,
                "deletions": 1
              }
            }
          },
          {
            "hash": "59dfeee3458a596ca1c25827658d19b688bfa245",
            "messageTitle": "Fix checkstyle",
            "messageBody": "",
            "fileTypesAndContributionMap": {
              "test-code": {
                "insertions": 16,
                "deletions": 9
              }
            }
          },
          {
            "hash": "34e43c149e5442c15b8ddc396a68c343b303ebdc",
            "messageTitle": "Fix checkstyle",
            "messageBody": "",
            "fileTypesAndContributionMap": {
              "test-code": {
                "insertions": 43,
                "deletions": 32
              }
            }
          },
          {
            "hash": "2acaa2273660a2d515bcfd16b9972c201e14dea5",
            "messageTitle": "Fix checkstyle",
            "messageBody": "",
            "fileTypesAndContributionMap": {
              "test-code": {
                "insertions": 11,
                "deletions": 10
              }
            }
          },
          {
            "hash": "8598b0cb3a0fc9e76288cf0522eed281abcafde1",
            "messageTitle": "Fix checkstyle",
            "messageBody": "",
            "fileTypesAndContributionMap": {
              "test-code": {
                "insertions": 3,
                "deletions": 0
              }
            }
          },
          {
            "hash": "3fa6d774631c8a421995329f4c9908846415fe7f",
            "messageTitle": "Refactor AddressBook to ResiReg",
            "messageBody": "",
            "fileTypesAndContributionMap": {
              "test-code": {
                "insertions": 23,
                "deletions": 23
              }
            }
          },
          {
            "hash": "0218048a172b6acca76eb0c109a100915648d9bd",
            "messageTitle": "Refactor AddressBook to ResiReg",
            "messageBody": "",
            "fileTypesAndContributionMap": {
              "test-code": {
                "insertions": 1,
                "deletions": 27
              }
            }
          },
          {
            "hash": "3bcbcc827339a7c68dc9b21bfc4bf272ec814d4d",
            "messageTitle": "Fix Checkstyle",
            "messageBody": "",
            "fileTypesAndContributionMap": {
              "test-code": {
                "insertions": 0,
                "deletions": 1
              }
            }
          }
        ]
      },
      {
        "date": "2020-10-27",
        "commitResults": [
          {
            "hash": "cc55aead9fa583070cd6f99188c55c3630e14f30",
            "messageTitle": "Add testing support for Allocation-related classes",
            "messageBody": "",
            "fileTypesAndContributionMap": {
              "functional-code": {
                "insertions": 1,
                "deletions": 1
              },
              "test-code": {
                "insertions": 502,
                "deletions": 9
              }
            }
          },
          {
            "hash": "097bea6006658158fac5560fd9cef3ce3b3bf0d1",
            "messageTitle": "Fix checkstyle",
            "messageBody": "",
            "fileTypesAndContributionMap": {
              "functional-code": {
                "insertions": 2,
                "deletions": 1
              }
            }
          },
          {
            "hash": "dbdb1b52c7b70eea29898dc0d7b9bf5569707df0",
            "messageTitle": "Fix checkstyle",
            "messageBody": "",
            "fileTypesAndContributionMap": {
              "test-code": {
                "insertions": 47,
                "deletions": 61
              }
            }
          },
          {
            "hash": "f5af4e8ac7478cfd50e28b67179f2f4e8dd0550a",
            "messageTitle": "Fix checkstyle",
            "messageBody": "",
            "fileTypesAndContributionMap": {
              "test-code": {
                "insertions": 14,
                "deletions": 8
              }
            }
          },
          {
            "hash": "532cfd2878d7dab8c2f982b35f56d502fe915383",
            "messageTitle": "Fix checkstyle",
            "messageBody": "",
            "fileTypesAndContributionMap": {
              "test-code": {
                "insertions": 5,
                "deletions": 5
              }
            }
          }
        ]
      },
      {
        "date": "2020-10-28",
        "commitResults": [
          {
            "hash": "0325640d6b7d3067a3db458657f7d4d09a5c5997",
            "messageTitle": "Functionality increment: Statistics piechart for room allocations",
            "messageBody": "",
            "fileTypesAndContributionMap": {
              "functional-code": {
                "insertions": 154,
                "deletions": 4
              }
            }
          },
          {
            "hash": "033ec49876bff477f80e46fb700f6bcb57efec30",
            "messageTitle": "Fix checkstyle",
            "messageBody": "",
            "fileTypesAndContributionMap": {
              "functional-code": {
                "insertions": 6,
                "deletions": 8
              }
            }
          },
          {
            "hash": "cec3b4f5792d372d37a97979dcda745b6c6dc147",
            "messageTitle": "Fix EOF build error",
            "messageBody": "",
            "fileTypesAndContributionMap": {
              "functional-code": {
                "insertions": 1,
                "deletions": 1
              }
            }
          },
          {
            "hash": "1313da560b54f014712ec699db19d199bfe11324",
            "messageTitle": "Update UG and DG for room allocations",
            "messageBody": "",
            "fileTypesAndContributionMap": {
              "functional-code": {
                "insertions": 3,
                "deletions": 0
              },
              "docs": {
                "insertions": 52,
                "deletions": 10
              }
            }
          },
          {
            "hash": "9f270ffb45bdded03cd7ab354f8742335bc6b64d",
            "messageTitle": "Add logging for setting chart data",
            "messageBody": "",
            "fileTypesAndContributionMap": {
              "functional-code": {
                "insertions": 1,
                "deletions": 0
              }
            }
          },
          {
            "hash": "8c825320abdbb2da6ab92813e26f2ff3dc277db2",
            "messageTitle": "Add assert for unallocatedCount",
            "messageBody": "",
            "fileTypesAndContributionMap": {
              "functional-code": {
                "insertions": 2,
                "deletions": 0
              }
            }
          }
        ]
      },
      {
        "date": "2020-10-29",
        "commitResults": [
          {
            "hash": "111f4ab3aeed3c4b0e201ad50dbbc1d808c5210f",
            "messageTitle": "Update DG with allocation sequence diagrams and piechart use case",
            "messageBody": "",
            "fileTypesAndContributionMap": {
              "docs": {
                "insertions": 139,
                "deletions": 17
              }
            }
          },
          {
            "hash": "89550572b8b9acc2208029c129af8b3a0b88ec90",
            "messageTitle": "Update UG feature screenshots and profile",
            "messageBody": "",
            "fileTypesAndContributionMap": {
              "functional-code": {
                "insertions": 3,
                "deletions": 1
              },
              "docs": {
                "insertions": 57,
                "deletions": 29
              }
            }
          },
          {
            "hash": "fadc0d0749c78f5b5ee2e34a744bd421ef0a6464",
            "messageTitle": "Add newline at EOF",
            "messageBody": "",
            "fileTypesAndContributionMap": {
              "docs": {
                "insertions": 4,
                "deletions": 3
              }
            }
          },
          {
            "hash": "ff9e4d8d1f69a4b23e1dcfff00d64691c23cebcb",
            "messageTitle": "Add newline at EOF",
            "messageBody": "",
            "fileTypesAndContributionMap": {
              "docs": {
                "insertions": 0,
                "deletions": 1
              }
            }
          }
        ]
      },
      {
        "date": "2020-10-30",
        "commitResults": [
          {
            "hash": "467b0711bdbb42893a1913d584c4ec1c3e7ecf55",
            "messageTitle": "Change github image link to asset",
            "messageBody": "",
            "fileTypesAndContributionMap": {
              "docs": {
                "insertions": 7,
                "deletions": 7
              }
            }
          },
          {
            "hash": "4ecba8531436639f97b68064918b07c7703b88e1",
            "messageTitle": "Fix use case numbering and DeleteSequenceDiagram",
            "messageBody": "",
            "fileTypesAndContributionMap": {
              "docs": {
                "insertions": 6,
                "deletions": 6
              }
            }
          },
          {
            "hash": "42814e2f7d9d1ac939f1b72e473c1c60b4a2650f",
            "messageTitle": "Fix DG UC numbering",
            "messageBody": "",
            "fileTypesAndContributionMap": {
              "docs": {
                "insertions": 6,
                "deletions": 6
              }
            }
          }
        ]
      },
      {
        "date": "2020-11-01",
        "commitResults": [
          {
            "hash": "319cb1c7257082f82ea795f32a0b17d1b5ba430d",
            "messageTitle": "Purge statistics from ResiReg",
            "messageBody": "",
            "fileTypesAndContributionMap": {
              "functional-code": {
                "insertions": 0,
                "deletions": 152
              },
              "docs": {
                "insertions": 0,
                "deletions": 22
              }
            }
          }
        ]
      }
    ],
    "JingYenLoh": [
      {
        "date": "2020-09-21",
        "commitResults": [
          {
            "hash": "4a8553c128119eefe8872db5fbbefc8576cc9242",
            "messageTitle": "Update ResiReg User Stories on Developer Guide",
            "messageBody": "",
            "fileTypesAndContributionMap": {
              "docs": {
                "insertions": 23,
                "deletions": 8
              }
            }
          }
        ]
      },
      {
        "date": "2020-09-22",
        "commitResults": [
          {
            "hash": "7636488981643338bdbf937adeb64248b076d1da",
            "messageTitle": "Add missing user stories",
            "messageBody": "",
            "fileTypesAndContributionMap": {
              "docs": {
                "insertions": 40,
                "deletions": 25
              }
            }
          },
          {
            "hash": "75dda0d9dd409cf518810b69340f971189e1b96c",
            "messageTitle": "Add AboutUs entry and image",
            "messageBody": "",
            "fileTypesAndContributionMap": {
              "docs": {
                "insertions": 50,
                "deletions": 4
              }
            }
          },
          {
            "hash": "d5dc52ad78491f0196a6c8a427c6d504eb86c55f",
            "messageTitle": "Add #58 and #59, remove compound commands",
            "messageBody": "",
            "fileTypesAndContributionMap": {
              "docs": {
                "insertions": 2,
                "deletions": 1
              }
            }
          }
        ]
      },
      {
        "date": "2020-09-25",
        "commitResults": [
          {
            "hash": "f465a18dac8dd010fce6adadb2e4c34aed526550",
            "messageTitle": "Layout MainWindow according to our mockup",
            "messageBody": "",
            "fileTypesAndContributionMap": {
              "functional-code": {
                "insertions": 75,
                "deletions": 47
              }
            }
          },
          {
            "hash": "6fd95780ba5efa8aa85755a55934adcbd07fb579",
            "messageTitle": "Display results as appended history",
            "messageBody": "Currently, the result display functions as an echo area, similar to\nEmacs\u0027 minibuffer. We modify it so that it keeps the list of results\ndisplayed.\n",
            "fileTypesAndContributionMap": {
              "functional-code": {
                "insertions": 33,
                "deletions": 9
              }
            }
          }
        ]
      },
      {
        "date": "2020-09-28",
        "commitResults": [
          {
            "hash": "6e509139938c2712e4d916f214498cbcb9b6f3b3",
            "messageTitle": "Display mockup properly",
            "messageBody": "",
            "fileTypesAndContributionMap": {
              "docs": {
                "insertions": 1,
                "deletions": 1
              }
            }
          }
        ]
      },
      {
        "date": "2020-09-29",
        "commitResults": [
          {
            "hash": "f6e57fac1e33a5999f2ff6912bdd264cd30aa53c",
            "messageTitle": "Point CI badge to T16-3",
            "messageBody": "",
            "fileTypesAndContributionMap": {
              "docs": {
                "insertions": 2,
                "deletions": 2
              }
            }
          }
        ]
      },
      {
        "date": "2020-10-13",
        "commitResults": [
          {
            "hash": "2041414daa54cc7f475d15371e8e7a7865c63b00",
            "messageTitle": "Fix model not updating on AllocateCommand",
            "messageBody": "",
            "fileTypesAndContributionMap": {
              "functional-code": {
                "insertions": 87,
                "deletions": 13
              }
            }
          },
          {
            "hash": "eaf46cd4a4ee74b57b5a5fa05cf62bf9b2de8e16",
            "messageTitle": "Add linebreaks to AllocateCommand usage message",
            "messageBody": "",
            "fileTypesAndContributionMap": {
              "functional-code": {
                "insertions": 2,
                "deletions": 2
              }
            }
          },
          {
            "hash": "66f9d1862d9985f4a900496aaee391c395861e41",
            "messageTitle": "Implement tabs for displaying students and rooms",
            "messageBody": "And also implement the vacant rooms command, since it came free with the\nmodifications.\n",
            "fileTypesAndContributionMap": {
              "functional-code": {
                "insertions": 339,
                "deletions": 24
              }
            }
          },
          {
            "hash": "dfc5a0b8caa1281bd0b6cae3ea27c8a4db5f2dad",
            "messageTitle": "Update User Guide with rooms command format",
            "messageBody": "",
            "fileTypesAndContributionMap": {
              "docs": {
                "insertions": 5,
                "deletions": 5
              }
            }
          },
          {
            "hash": "e5894ab519f06db2c22dd2945dac42c0d278eff5",
            "messageTitle": "Fix failing tests",
            "messageBody": "",
            "fileTypesAndContributionMap": {
              "functional-code": {
                "insertions": 2,
                "deletions": 3
              },
              "test-code": {
                "insertions": 15,
                "deletions": 0
              }
            }
          },
          {
            "hash": "d7f672c8c48aa53f6e7c59d618fdb482255c04bb",
            "messageTitle": "Fix Room-Student cyclic dependency",
            "messageBody": "Problem:\nThere is a cyclic dependency between Room and Student - they contain\neach other. This causes serialization and toString to stackoverflow.\n\nCurrent Solution:\nModify their toString not to contain each other, and create additional\nclasses for Jackson to Serialize (JsonAdaptedRoomStudent and\nJsonAdaptedStudentRoom). This solution isn\u0027t ideal, but it produces\nworking code. I\u0027d be happy to accept alternatives.\n",
            "fileTypesAndContributionMap": {
              "functional-code": {
                "insertions": 231,
                "deletions": 6
              }
            }
          },
          {
            "hash": "3e6317b6097cad09abcf348902cc33b2860de8cc",
            "messageTitle": "Implement viewing of allocated rooms",
            "messageBody": "",
            "fileTypesAndContributionMap": {
              "functional-code": {
                "insertions": 61,
                "deletions": 15
              }
            }
          },
          {
            "hash": "0b166789abea1e5b3dfaaf3fe0641cf97bab3837",
            "messageTitle": "Fix failing test",
            "messageBody": "",
            "fileTypesAndContributionMap": {
              "test-code": {
                "insertions": 16,
                "deletions": 7
              }
            }
          },
          {
            "hash": "ab165b677b54c98188f2878fa685d8a43a8641cd",
            "messageTitle": "Give better names for tests",
            "messageBody": "",
            "fileTypesAndContributionMap": {
              "test-code": {
                "insertions": 2,
                "deletions": 2
              }
            }
          },
          {
            "hash": "850b413c8e2252751345f45fc682536a61d87062",
            "messageTitle": "Write ListRoomCommandParser tests",
            "messageBody": "",
            "fileTypesAndContributionMap": {
              "functional-code": {
                "insertions": 7,
                "deletions": 0
              },
              "test-code": {
                "insertions": 61,
                "deletions": 0
              }
            }
          }
        ]
      },
      {
        "date": "2020-10-14",
        "commitResults": [
          {
            "hash": "d836f45a150eeb61f6420680a3f0f3076eed15c7",
            "messageTitle": "Create PR template",
            "messageBody": "",
            "fileTypesAndContributionMap": {
              "docs": {
                "insertions": 14,
                "deletions": 0
              }
            }
          }
        ]
      },
      {
        "date": "2020-10-24",
        "commitResults": [
          {
            "hash": "1982570392c6cca49a9b65c53f224759d07d9968",
            "messageTitle": "Create Semester model",
            "messageBody": "",
            "fileTypesAndContributionMap": {
              "functional-code": {
                "insertions": 256,
                "deletions": 3
              },
              "test-code": {
                "insertions": 159,
                "deletions": 0
              }
            }
          },
          {
            "hash": "ba84c79d672afe3f47e642197970c5ecce3a53da",
            "messageTitle": "Fix status bar not appearing",
            "messageBody": "Regression from previous commit, where Semester label was added.\n",
            "fileTypesAndContributionMap": {
              "functional-code": {
                "insertions": 1,
                "deletions": 1
              }
            }
          },
          {
            "hash": "6963a5eb3ba06837a71563659bc70a82e9502cfd",
            "messageTitle": "Extract AcademicYear into a class",
            "messageBody": "This will allow for better validation, rather than magic numbers.\n",
            "fileTypesAndContributionMap": {
              "functional-code": {
                "insertions": 50,
                "deletions": 1
              },
              "test-code": {
                "insertions": 32,
                "deletions": 2
              }
            }
          },
          {
            "hash": "2f96492cb2d5d89570e436842234b48104264d02",
            "messageTitle": "Use raw ints for academicYear and semesterNumber",
            "messageBody": "This allows us to construct the helper classes in our builder, keeping\nsome level of flexibility.\n",
            "fileTypesAndContributionMap": {
              "test-code": {
                "insertions": 9,
                "deletions": 9
              }
            }
          },
          {
            "hash": "a970994bb8a474d864f64b0ee50f75a570be2e53",
            "messageTitle": "Cleanup + comment on Semester",
            "messageBody": "",
            "fileTypesAndContributionMap": {
              "functional-code": {
                "insertions": 4,
                "deletions": 1
              }
            }
          },
          {
            "hash": "89d594916da6b4274f576a41a77d4e6790193605",
            "messageTitle": "Extract out RoomRate class",
            "messageBody": "This allows for more validation logic.\n",
            "fileTypesAndContributionMap": {
              "functional-code": {
                "insertions": 85,
                "deletions": 19
              },
              "test-code": {
                "insertions": 15,
                "deletions": 15
              }
            }
          },
          {
            "hash": "c8cff7a6eb0cc57622bc5a856af046920a34ebcb",
            "messageTitle": "Add tests for JsonAdaptedSemester",
            "messageBody": "TODO: Cover the semester properly.\n",
            "fileTypesAndContributionMap": {
              "test-code": {
                "insertions": 29,
                "deletions": 0
              }
            }
          },
          {
            "hash": "98f9223678d64ed98a4492938a13841e4402166b",
            "messageTitle": "Add sample semester",
            "messageBody": "",
            "fileTypesAndContributionMap": {
              "functional-code": {
                "insertions": 14,
                "deletions": 0
              }
            }
          },
          {
            "hash": "ef536c56ae59b52cd790d9e45bac8f77283d418b",
            "messageTitle": "Properly persist Semester",
            "messageBody": "",
            "fileTypesAndContributionMap": {
              "functional-code": {
                "insertions": 39,
                "deletions": 1
              }
            }
          },
          {
            "hash": "44f73b6d9f349ac468798a6b14af87dd9e9cfd1f",
            "messageTitle": "Fix tests",
            "messageBody": "",
            "fileTypesAndContributionMap": {
              "test-code": {
                "insertions": 40,
                "deletions": 2
              }
            }
          },
          {
            "hash": "80503bcc24da09dcd89746289cebaf27c2059296",
            "messageTitle": "Test more code",
            "messageBody": "",
            "fileTypesAndContributionMap": {
              "functional-code": {
                "insertions": 5,
                "deletions": 3
              },
              "test-code": {
                "insertions": 45,
                "deletions": 0
              }
            }
          },
          {
            "hash": "51f057c8481f89f2caa3bc987ab20307493292d7",
            "messageTitle": "Purge AddressBook from ResiReg",
            "messageBody": "",
            "fileTypesAndContributionMap": {
              "functional-code": {
                "insertions": 310,
                "deletions": 283
              },
              "other": {
                "insertions": 140,
                "deletions": 140
              },
              "docs": {
                "insertions": 25,
                "deletions": 25
              },
              "test-code": {
                "insertions": 327,
                "deletions": 325
              }
            }
          },
          {
            "hash": "9af52747d929192439ff62738da61a2aa10b96c2",
            "messageTitle": "Fix formatting",
            "messageBody": "",
            "fileTypesAndContributionMap": {
              "test-code": {
                "insertions": 0,
                "deletions": 2
              }
            }
          },
          {
            "hash": "c014b7dd36312618c7f0f334fb348e550c7084b1",
            "messageTitle": "Move AcademicYear and SemesterNumber into packages",
            "messageBody": "",
            "fileTypesAndContributionMap": {
              "functional-code": {
                "insertions": 26,
                "deletions": 23
              },
              "other": {
                "insertions": 3,
                "deletions": 3
              },
              "test-code": {
                "insertions": 9,
                "deletions": 3
              }
            }
          },
          {
            "hash": "b4d4967ad832454466b00f17042eb50338eff896",
            "messageTitle": "Propagate Semester",
            "messageBody": "",
            "fileTypesAndContributionMap": {
              "functional-code": {
                "insertions": 18,
                "deletions": 3
              },
              "test-code": {
                "insertions": 6,
                "deletions": 0
              }
            }
          },
          {
            "hash": "e164e212c9598cfd23ae8c9843e78266a25b4bc0",
            "messageTitle": "Extract out SemesterDisplay UI component",
            "messageBody": "",
            "fileTypesAndContributionMap": {
              "functional-code": {
                "insertions": 79,
                "deletions": 11
              }
            }
          },
          {
            "hash": "6a31a8095e46b6d2fd5622f87c210910c105d268",
            "messageTitle": "Implement archive command",
            "messageBody": "This adds an archive command to ResiReg. To achieve this, we pass the\nStorage to the Command constructor.\n",
            "fileTypesAndContributionMap": {
              "functional-code": {
                "insertions": 161,
                "deletions": 35
              },
              "test-code": {
                "insertions": 139,
                "deletions": 5
              }
            }
          },
          {
            "hash": "0a690b0b1e2a5531a1f2af66020c0e8da1703782",
            "messageTitle": "Write more tests for JsonAdaptedSemester",
            "messageBody": "",
            "fileTypesAndContributionMap": {
              "test-code": {
                "insertions": 34,
                "deletions": 13
              }
            }
          },
          {
            "hash": "d8d69c7e1f03aaf18af0c95101cfe63fa7051a42",
            "messageTitle": "Test getNextSemester and getShortRepresentation",
            "messageBody": "",
            "fileTypesAndContributionMap": {
              "functional-code": {
                "insertions": 6,
                "deletions": 0
              },
              "test-code": {
                "insertions": 50,
                "deletions": 0
              }
            }
          },
          {
            "hash": "0658d0673ec0a7319bde65d58860394d9d3ef528",
            "messageTitle": "Fix failing tests",
            "messageBody": "",
            "fileTypesAndContributionMap": {
              "functional-code": {
                "insertions": 6,
                "deletions": 3
              },
              "test-code": {
                "insertions": 20,
                "deletions": 6
              }
            }
          },
          {
            "hash": "a234ee014c2a263e1f95451c55365eeed303478b",
            "messageTitle": "Write ArchiveCommand tests",
            "messageBody": "",
            "fileTypesAndContributionMap": {
              "test-code": {
                "insertions": 96,
                "deletions": 6
              }
            }
          }
        ]
      },
      {
        "date": "2020-10-25",
        "commitResults": [
          {
            "hash": "f26db74292e6557e48cef40f6874be4e211fc34d",
            "messageTitle": "Fix table formatting",
            "messageBody": "",
            "fileTypesAndContributionMap": {
              "docs": {
                "insertions": 15,
                "deletions": 16
              }
            }
          },
          {
            "hash": "5d74ac31e1094211f6f32ac3a8484e66df8c935a",
            "messageTitle": "Document archive command in UG",
            "messageBody": "",
            "fileTypesAndContributionMap": {
              "docs": {
                "insertions": 23,
                "deletions": 14
              }
            }
          }
        ]
      },
      {
        "date": "2020-10-28",
        "commitResults": [
          {
            "hash": "1813b4248ed08852a723d132378efcf4a3596659",
            "messageTitle": "Fix Law of Demeter violation in getNextSemester",
            "messageBody": "",
            "fileTypesAndContributionMap": {
              "functional-code": {
                "insertions": 7,
                "deletions": 11
              },
              "test-code": {
                "insertions": 4,
                "deletions": 4
              }
            }
          },
          {
            "hash": "e295f0d1f99c3848ad59a48ed9707e7ebd3b8fe4",
            "messageTitle": "Combine functionality of {Find,List}Command",
            "messageBody": "In the first place, they\u0027re not appropriately named. Rooms command is\nalso overloaded to perform fine grained searching, so we modify these\ncommands to keep consistent with Rooms.\n\nTests are failing unfortunately, but this commit will be pushed to\nbypass CI.\n",
            "fileTypesAndContributionMap": {
              "functional-code": {
                "insertions": 254,
                "deletions": 90
              },
              "other": {
                "insertions": 12,
                "deletions": 12
              },
              "test-code": {
                "insertions": 8,
                "deletions": 8
              }
            }
          },
          {
            "hash": "f60275c02c8c0ba0e1013dcb3ab2a9648391d05f",
            "messageTitle": "Revert \"Combine functionality of {Find,List}Command\"",
            "messageBody": "This reverts commit e295f0d1f99c3848ad59a48ed9707e7ebd3b8fe4.\n",
            "tags": [
              "V1.3"
            ],
            "fileTypesAndContributionMap": {
              "functional-code": {
                "insertions": 90,
                "deletions": 254
              },
              "other": {
                "insertions": 12,
                "deletions": 12
              },
              "test-code": {
                "insertions": 8,
                "deletions": 8
              }
            }
          }
        ]
      },
      {
        "date": "2020-10-29",
        "commitResults": [
          {
            "hash": "9a8de153a2370c5819836874989d2d4f8c63e11f",
            "messageTitle": "Document semester archiving",
            "messageBody": "",
            "fileTypesAndContributionMap": {
              "docs": {
                "insertions": 90,
                "deletions": 2
              }
            }
          },
          {
            "hash": "4a4988536503c689dd4c1aa196b4fdc3e7970376",
            "messageTitle": "Extract archive filename to constant",
            "messageBody": "",
            "fileTypesAndContributionMap": {
              "functional-code": {
                "insertions": 2,
                "deletions": 1
              }
            }
          },
          {
            "hash": "d0b0c02b10bf0cbd4598c80497df6249d04a7c26",
            "messageTitle": "Fix table of contents",
            "messageBody": "",
            "fileTypesAndContributionMap": {
              "docs": {
                "insertions": 2,
                "deletions": 2
              }
            }
          },
          {
            "hash": "c3cdaeca104c4fcbaeb662f084e9fb58e3c1f9ab",
            "messageTitle": "Fix some formatting issues",
            "messageBody": "",
            "fileTypesAndContributionMap": {
              "docs": {
                "insertions": 12,
                "deletions": 9
              }
            }
          },
          {
            "hash": "248206f605d542548dcda5bb264549dea7b7aa8f",
            "messageTitle": "Add UC10 - Archive command",
            "messageBody": "",
            "fileTypesAndContributionMap": {
              "docs": {
                "insertions": 9,
                "deletions": 0
              }
            }
          },
          {
            "hash": "65890f83896bcfd0d718b2464526f11931871671",
            "messageTitle": "Point model link to our project",
            "messageBody": "",
            "fileTypesAndContributionMap": {
              "docs": {
                "insertions": 1,
                "deletions": 1
              }
            }
          },
          {
            "hash": "0e336b12d02c04e2692b901c2d258357c70a4b55",
            "messageTitle": "Add newline",
            "messageBody": "Who made this FAIL CI. SERIOUSLY, A MISSING NEWLINE FAILING CI.\n",
            "fileTypesAndContributionMap": {
              "docs": {
                "insertions": 1,
                "deletions": 1
              }
            }
          }
        ]
      },
      {
        "date": "2020-10-30",
        "commitResults": [
          {
            "hash": "a5ce803ad12328767ad5442464e6ba57c42591a7",
            "messageTitle": "Update Model component",
            "messageBody": "",
            "fileTypesAndContributionMap": {
              "docs": {
                "insertions": 36,
                "deletions": 34
              }
            }
          },
          {
            "hash": "6b9ccfd58b020017f45bd0246f564c9817a73386",
            "messageTitle": "Rename ListRoom -\u003e ListRooms",
            "messageBody": "",
            "fileTypesAndContributionMap": {
              "functional-code": {
                "insertions": 2,
                "deletions": 2
              },
              "other": {
                "insertions": 72,
                "deletions": 72
              },
              "test-code": {
                "insertions": 2,
                "deletions": 2
              }
            }
          },
          {
            "hash": "5de4748e5c292fe23da1f8a0ef51c21759ea3e99",
            "messageTitle": "Rename Person -\u003e Student",
            "messageBody": "",
            "fileTypesAndContributionMap": {
              "functional-code": {
                "insertions": 3,
                "deletions": 3
              },
              "test-code": {
                "insertions": 6,
                "deletions": 6
              }
            }
          },
          {
            "hash": "1118cfaaa48e45bd60213a56b1cbb7cbd87086a4",
            "messageTitle": "Rename ListCommand -\u003e ListStudentsCommand",
            "messageBody": "For consistency\n",
            "fileTypesAndContributionMap": {
              "functional-code": {
                "insertions": 3,
                "deletions": 2
              },
              "other": {
                "insertions": 5,
                "deletions": 5
              },
              "test-code": {
                "insertions": 10,
                "deletions": 10
              }
            }
          },
          {
            "hash": "5a4bc0f492b97a71dbe7516eb70a3a3294505ce7",
            "messageTitle": "Write ListStudentsCommand",
            "messageBody": "",
            "fileTypesAndContributionMap": {
              "functional-code": {
                "insertions": 222,
                "deletions": 6
              }
            }
          },
          {
            "hash": "29e3b0c188f5fc62ec75c2e63fb8425b9cdcab32",
            "messageTitle": "Fix failing tests",
            "messageBody": "Um...\n",
            "fileTypesAndContributionMap": {
              "test-code": {
                "insertions": 5,
                "deletions": 2
              }
            }
          },
          {
            "hash": "47dfdb7b4a98722b9c334348221e76c9ef745cd8",
            "messageTitle": "Delete FindCommand",
            "messageBody": "",
            "fileTypesAndContributionMap": {
              "functional-code": {
                "insertions": 0,
                "deletions": 79
              },
              "test-code": {
                "insertions": 0,
                "deletions": 121
              }
            }
          },
          {
            "hash": "67913bd9bbef1c50515fc996a5458e77cc63a727",
            "messageTitle": "Remove find-students alias",
            "messageBody": "",
            "fileTypesAndContributionMap": {
              "test-code": {
                "insertions": 15,
                "deletions": 17
              }
            }
          },
          {
            "hash": "49964831af72f7abda0f4f67baf4b970de987b02",
            "messageTitle": "Fix checkstyle violations",
            "messageBody": "",
            "fileTypesAndContributionMap": {
              "functional-code": {
                "insertions": 7,
                "deletions": 11
              },
              "test-code": {
                "insertions": 10,
                "deletions": 6
              }
            }
          },
          {
            "hash": "fad1f5378cc5b07f3c949ffcd7b8196bfbe2bffa",
            "messageTitle": "Document updated students command",
            "messageBody": "",
            "fileTypesAndContributionMap": {
              "docs": {
                "insertions": 3,
                "deletions": 20
              }
            }
          },
          {
            "hash": "d299c1c4a22e38ee512dade7f09f8e241aad13e5",
            "messageTitle": "Use \u0027or\u0027 to denote exclusivity instead of |",
            "messageBody": "| is too much trouble to use, it messed up the table all the time.\n",
            "fileTypesAndContributionMap": {
              "docs": {
                "insertions": 4,
                "deletions": 5
              }
            }
          },
          {
            "hash": "965fbf9f158723066ef28a5aee5cd700537242cc",
            "messageTitle": "Remove weird character in index",
            "messageBody": "",
            "fileTypesAndContributionMap": {
              "docs": {
                "insertions": 1,
                "deletions": 1
              }
            }
          },
          {
            "hash": "9e0b4aa2deaabc2119be1819b8af206911469af9",
            "messageTitle": "Remove ellipsis student command help string",
            "messageBody": "They\u0027re not variadic, at least not the way I implemented them. I think.\n",
            "fileTypesAndContributionMap": {
              "functional-code": {
                "insertions": 5,
                "deletions": 5
              }
            }
          },
          {
            "hash": "f15d5ab07b2d5b3eae5cbb6fb8e1c81fea46a611",
            "messageTitle": "Fully replace | with or",
            "messageBody": "",
            "fileTypesAndContributionMap": {
              "docs": {
                "insertions": 4,
                "deletions": 4
              }
            }
          }
        ]
      },
      {
        "date": "2020-10-31",
        "commitResults": [
          {
            "hash": "58834d4c23235b2769ba9f3ca925f45435085b51",
            "messageTitle": "Modify Semester to just plain ints for AY and Sem",
            "messageBody": "It\u0027s needless complication. The representation is internal, and not user\ninput. The helper classes are necessary.\n",
            "fileTypesAndContributionMap": {
              "functional-code": {
                "insertions": 35,
                "deletions": 66
              },
              "test-code": {
                "insertions": 11,
                "deletions": 28
              }
            }
          },
          {
            "hash": "2d1541006e131b4bc0722f959254b3107e5a4da9",
            "messageTitle": "Purge roomFees",
            "messageBody": "Will not be implemented.\n",
            "fileTypesAndContributionMap": {
              "functional-code": {
                "insertions": 1,
                "deletions": 15
              },
              "test-code": {
                "insertions": 2,
                "deletions": 8
              }
            }
          },
          {
            "hash": "1645db6d44d972fc8be91c32069b7152740aeb60",
            "messageTitle": "Update the semester in UI after archiving",
            "messageBody": "However, this introduces a bug where allocations are not saved! Will\nfigure out how to fix this.\n",
            "fileTypesAndContributionMap": {
              "functional-code": {
                "insertions": 56,
                "deletions": 24
              },
              "test-code": {
                "insertions": 10,
                "deletions": 0
              }
            }
          },
          {
            "hash": "21095ed23d537789470f106ff8750d73ffc0b9a4",
            "messageTitle": "Properly save archival file",
            "messageBody": "",
            "fileTypesAndContributionMap": {
              "functional-code": {
                "insertions": 3,
                "deletions": 1
              }
            }
          },
          {
            "hash": "c727939117edc2c259baf0603ad0750f5a1a9235",
            "messageTitle": "Remove unnecessary allocations field",
            "messageBody": "It was supposed to be a semester specific feature, but that is\nover-engineering. Archival of the JSON file works fine.\n",
            "fileTypesAndContributionMap": {
              "functional-code": {
                "insertions": 5,
                "deletions": 49
              },
              "test-code": {
                "insertions": 3,
                "deletions": 23
              }
            }
          },
          {
            "hash": "2a133714bddb3bbc5a43cce637066a43eeae8b37",
            "messageTitle": "Fix archive documentation getting rekt by merging",
            "messageBody": "Also add some images for clarity.\n",
            "fileTypesAndContributionMap": {
              "docs": {
                "insertions": 11,
                "deletions": 4
              }
            }
          },
          {
            "hash": "0519d496d8a92dff8f6a266df530ee3c97672cd3",
            "messageTitle": "Remove all the numbers in headers",
            "messageBody": "",
            "fileTypesAndContributionMap": {
              "docs": {
                "insertions": 33,
                "deletions": 28
              }
            }
          },
          {
            "hash": "0806be26d671b658f009361566b9aeda69ac5676",
            "messageTitle": "Make supported OSes clear in UG",
            "messageBody": "",
            "fileTypesAndContributionMap": {
              "docs": {
                "insertions": 4,
                "deletions": 2
              }
            }
          },
          {
            "hash": "28fd6118b7d6251fc936f297ead8aa9d87f4fe9a",
            "messageTitle": "Set Semester properties instead of updating ref",
            "messageBody": "",
            "fileTypesAndContributionMap": {
              "functional-code": {
                "insertions": 5,
                "deletions": 4
              }
            }
          }
        ]
      }
    ],
    "Lysire": [
      {
        "date": "2020-09-19",
        "commitResults": [
          {
            "hash": "5ee5d2e6d056b2df2683dfa6e0cae56b1af24f22",
            "messageTitle": "Update user guide to include editting of rooms",
            "messageBody": "",
            "fileTypesAndContributionMap": {
              "docs": {
                "insertions": 23,
                "deletions": 3
              }
            }
          },
          {
            "hash": "7bc97504d451a9ed5b28f8abd89a1af7365152f5",
            "messageTitle": "Add about me information as part of the team\u0027s About Us",
            "messageBody": "",
            "fileTypesAndContributionMap": {
              "docs": {
                "insertions": 5,
                "deletions": 5
              }
            }
          }
        ]
      },
      {
        "date": "2020-09-24",
        "commitResults": [
          {
            "hash": "823fd750bf641bab528534c368a2b3b260ccdcd8",
            "messageTitle": "Fix about me information",
            "messageBody": "",
            "fileTypesAndContributionMap": {
              "docs": {
                "insertions": 48,
                "deletions": 1
              }
            }
          }
        ]
      },
      {
        "date": "2020-09-26",
        "commitResults": [
          {
            "hash": "a3762387089ce090bcd3bbb82f4243e29a068f49",
            "messageTitle": "Functionality Increment: Room Model",
            "messageBody": "",
            "fileTypesAndContributionMap": {
              "functional-code": {
                "insertions": 731,
                "deletions": 4
              },
              "other": {
                "insertions": 1,
                "deletions": 1
              },
              "test-code": {
                "insertions": 327,
                "deletions": 20
              }
            }
          }
        ]
      },
      {
        "date": "2020-10-13",
        "commitResults": [
          {
            "hash": "fb45e68cee53b961542ca1a7424ce3bd1d021bae",
            "messageTitle": "Add tests for Room model",
            "messageBody": "",
            "fileTypesAndContributionMap": {
              "test-code": {
                "insertions": 288,
                "deletions": 18
              }
            }
          },
          {
            "hash": "4f378ffa651dab4917bc69169fa74f9a7cc07db1",
            "messageTitle": "Add testing support - List Rooms command",
            "messageBody": "",
            "fileTypesAndContributionMap": {
              "functional-code": {
                "insertions": 34,
                "deletions": 0
              },
              "test-code": {
                "insertions": 135,
                "deletions": 2
              }
            }
          },
          {
            "hash": "c2c80d9896aafa73fa00313e99700b216a2c35d5",
            "messageTitle": "Fix checkstyle violations",
            "messageBody": "",
            "fileTypesAndContributionMap": {
              "functional-code": {
                "insertions": 2,
                "deletions": 0
              },
              "test-code": {
                "insertions": 22,
                "deletions": 3
              }
            }
          }
        ]
      },
      {
        "date": "2020-10-16",
        "commitResults": [
          {
            "hash": "f813a13ff6e370fafbfcbf63f8a78f8f52392e72",
            "messageTitle": "Add undo + redo functionality including keyboard shortcuts",
            "messageBody": "",
            "fileTypesAndContributionMap": {
              "functional-code": {
                "insertions": 384,
                "deletions": 24
              }
            }
          },
          {
            "hash": "e404774b9ff36a70b02a8f63fb3635d610f58217",
            "messageTitle": "Fix user guide corrections",
            "messageBody": "",
            "fileTypesAndContributionMap": {
              "docs": {
                "insertions": 2,
                "deletions": 2
              }
            }
          },
          {
            "hash": "96dacabdee6b7889773d597b4650df02ebee1168",
            "messageTitle": "Fix Command Summary issue and update command format",
            "messageBody": "",
            "fileTypesAndContributionMap": {
              "docs": {
                "insertions": 2,
                "deletions": 1
              }
            }
          },
          {
            "hash": "8f3c69403ba60060ca53792df7e9db09fe78ced5",
            "messageTitle": "Fix failing tests",
            "messageBody": "",
            "fileTypesAndContributionMap": {
              "functional-code": {
                "insertions": 41,
                "deletions": 31
              },
              "test-code": {
                "insertions": 40,
                "deletions": 0
              }
            }
          }
        ]
      },
      {
        "date": "2020-10-23",
        "commitResults": [
          {
            "hash": "516c15b2dc272d2269e071cefc5dbf96e669b70f",
            "messageTitle": "Add testing support for undo and redo",
            "messageBody": "",
            "fileTypesAndContributionMap": {
              "functional-code": {
                "insertions": 1,
                "deletions": 2
              },
              "test-code": {
                "insertions": 535,
                "deletions": 0
              }
            }
          }
        ]
      },
      {
        "date": "2020-10-26",
        "commitResults": [
          {
            "hash": "331e4797bd4b8c5d0ca33e9b5612ecf999fc50b4",
            "messageTitle": "Functionality Increment: Add Command History",
            "messageBody": "",
            "fileTypesAndContributionMap": {
              "functional-code": {
                "insertions": 439,
                "deletions": 31
              },
              "test-code": {
                "insertions": 579,
                "deletions": 85
              }
            }
          }
        ]
      },
      {
        "date": "2020-10-27",
        "commitResults": [
          {
            "hash": "1cbf6bddbfae3ad0fd5eb46e4d2d9d6c4de80cbe",
            "messageTitle": "Refactor undo/redo functionality and tests, fix UG and DG",
            "messageBody": "",
            "fileTypesAndContributionMap": {
              "functional-code": {
                "insertions": 146,
                "deletions": 133
              },
              "docs": {
                "insertions": 160,
                "deletions": 92
              },
              "test-code": {
                "insertions": 305,
                "deletions": 301
              }
            }
          },
          {
            "hash": "96ceba578d78b8e5f94f272e485070d4dfa83f9e",
            "messageTitle": "Update DG and fix UG typos",
            "messageBody": "",
            "fileTypesAndContributionMap": {
              "docs": {
                "insertions": 47,
                "deletions": 2
              }
            }
          },
          {
            "hash": "76bb379082290f9a385da67a2b73eeef3caa0fb6",
            "messageTitle": "Fix minor mistakes in UG and DG",
            "messageBody": "",
            "fileTypesAndContributionMap": {
              "docs": {
                "insertions": 15,
                "deletions": 9
              }
            }
          }
        ]
      },
      {
        "date": "2020-10-29",
        "commitResults": [
          {
            "hash": "bce06dc4d71556ed2a77a46092ce272331e8d655",
            "messageTitle": "Update storage class diagram",
            "messageBody": "",
            "fileTypesAndContributionMap": {
              "docs": {
                "insertions": 17,
                "deletions": 7
              }
            }
          }
        ]
      }
    ],
    "chloelee767": [
      {
        "date": "2020-09-16",
        "commitResults": [
          {
            "hash": "a068545161d74e6cbb145739b02c3a181efd4af5",
            "messageTitle": "Update user guide",
            "messageBody": "",
            "fileTypesAndContributionMap": {
              "docs": {
                "insertions": 267,
                "deletions": 129
              }
            }
          },
          {
            "hash": "a95aab9498cd1090ef1d9546d527e965edcb6c0d",
            "messageTitle": "Fix table to work with jekyll",
            "messageBody": "",
            "fileTypesAndContributionMap": {
              "docs": {
                "insertions": 19,
                "deletions": 9
              }
            }
          }
        ]
      },
      {
        "date": "2020-09-22",
        "commitResults": [
          {
            "hash": "8a142b47da4461dbcc606395c2a39698d02e441f",
            "messageTitle": "Add use cases for v1.2",
            "messageBody": "",
            "fileTypesAndContributionMap": {
              "docs": {
                "insertions": 108,
                "deletions": 11
              }
            }
          },
          {
            "hash": "ac4714601b9c6cf81b95b4431f70b0c91cea7e15",
            "messageTitle": "Update personal details and image in AboutUs",
            "messageBody": "",
            "fileTypesAndContributionMap": {
              "docs": {
                "insertions": 5,
                "deletions": 6
              }
            }
          }
        ]
      },
      {
        "date": "2020-10-06",
        "commitResults": [
          {
            "hash": "b35d57154ca22a2a5054405b0b97ca09e384ad0c",
            "messageTitle": "Ui: add commands to ResultDisplay",
            "messageBody": "",
            "fileTypesAndContributionMap": {
              "functional-code": {
                "insertions": 95,
                "deletions": 16
              }
            }
          },
          {
            "hash": "183b2e116a75ce8ff51dc31e1b70a1302718d5d3",
            "messageTitle": "Fix merging",
            "messageBody": "",
            "fileTypesAndContributionMap": {
              "functional-code": {
                "insertions": 7,
                "deletions": 49
              },
              "other": {
                "insertions": 2,
                "deletions": 1
              }
            }
          }
        ]
      },
      {
        "date": "2020-10-13",
        "commitResults": [
          {
            "hash": "cc9ed029d4e6e748173adbafb6921b305fc56d59",
            "messageTitle": "Change command box to span horizontally",
            "messageBody": "",
            "fileTypesAndContributionMap": {
              "functional-code": {
                "insertions": 18,
                "deletions": 19
              }
            }
          },
          {
            "hash": "49923f0666c667fba62397a1cb7d3ce9631c1fcc",
            "messageTitle": "Style tab bar",
            "messageBody": "",
            "fileTypesAndContributionMap": {
              "functional-code": {
                "insertions": 19,
                "deletions": 5
              }
            }
          },
          {
            "hash": "64535b4c7671df501ff01d40f904ac48ebabeb73",
            "messageTitle": "Focus on the command box upon startup",
            "messageBody": "",
            "fileTypesAndContributionMap": {
              "functional-code": {
                "insertions": 8,
                "deletions": 0
              }
            }
          }
        ]
      },
      {
        "date": "2020-10-14",
        "commitResults": [
          {
            "hash": "04fb386ea0e806c58f699796f467fc8135987a6f",
            "messageTitle": "Modify help command",
            "messageBody": "",
            "fileTypesAndContributionMap": {
              "functional-code": {
                "insertions": 279,
                "deletions": 108
              },
              "test-code": {
                "insertions": 51,
                "deletions": 92
              }
            }
          },
          {
            "hash": "5b09ac104e717a9c5c6842742523b7185d00ef0b",
            "messageTitle": "Update URL and message in help window",
            "messageBody": "",
            "fileTypesAndContributionMap": {
              "functional-code": {
                "insertions": 3,
                "deletions": 2
              }
            }
          },
          {
            "hash": "407cee623077a6851a298de24c5fd39ad923ae3f",
            "messageTitle": "Add tests for HelpCommand",
            "messageBody": "",
            "fileTypesAndContributionMap": {
              "functional-code": {
                "insertions": 23,
                "deletions": 24
              },
              "test-code": {
                "insertions": 40,
                "deletions": 1
              }
            }
          },
          {
            "hash": "5e1c8bbe5d1fbd53d49dde067e6e3d875198a0e5",
            "messageTitle": "Fix bug where room can be allocated to multiple students",
            "messageBody": "",
            "fileTypesAndContributionMap": {
              "functional-code": {
                "insertions": 6,
                "deletions": 0
              }
            }
          }
        ]
      },
      {
        "date": "2020-10-22",
        "commitResults": [
          {
            "hash": "32ef9321b6ec1ce688c8b94b159449afbec2c3a4",
            "messageTitle": "Enable assertions",
            "messageBody": "",
            "fileTypesAndContributionMap": {
              "other": {
                "insertions": 4,
                "deletions": 0
              }
            }
          }
        ]
      },
      {
        "date": "2020-10-24",
        "commitResults": [
          {
            "hash": "2da90843a57ad309153ad66a65588a6777d3232d",
            "messageTitle": "Implement room filtering by floor, room number, room type",
            "messageBody": "",
            "fileTypesAndContributionMap": {
              "functional-code": {
                "insertions": 254,
                "deletions": 66
              }
            }
          },
          {
            "hash": "33b3df0e8deb8d97e7903f35a15dc670d6bfe06f",
            "messageTitle": "Fix ModelManager equals method",
            "messageBody": "",
            "fileTypesAndContributionMap": {
              "functional-code": {
                "insertions": 2,
                "deletions": 1
              }
            }
          },
          {
            "hash": "cd498d247323a08e864cd2f1bd94fd89a2438e39",
            "messageTitle": "Add tests for room filtering",
            "messageBody": "",
            "fileTypesAndContributionMap": {
              "test-code": {
                "insertions": 411,
                "deletions": 29
              }
            }
          },
          {
            "hash": "dff0a758a7ab245e189bfe0cbfbe285984ad7d6c",
            "messageTitle": "Retain filtering after commands",
            "messageBody": "Specifically, {Allocate,Deallocate,Edit,Undo,Redo,Add,Delete,Edit}Command\n",
            "fileTypesAndContributionMap": {
              "functional-code": {
                "insertions": 138,
                "deletions": 44
              },
              "test-code": {
                "insertions": 51,
                "deletions": 9
              }
            }
          },
          {
            "hash": "b9f6642ec550915a1917504c45236b4e5b59aa5f",
            "messageTitle": "Use arePrefixesPresent function in ParserUtil",
            "messageBody": "",
            "fileTypesAndContributionMap": {
              "functional-code": {
                "insertions": 2,
                "deletions": 22
              }
            }
          }
        ]
      },
      {
        "date": "2020-10-25",
        "commitResults": [
          {
            "hash": "53f5ef6612a809a53585312dfc0e1b236a4b6af3",
            "messageTitle": "Add side by side split view",
            "messageBody": "",
            "fileTypesAndContributionMap": {
              "functional-code": {
                "insertions": 235,
                "deletions": 92
              }
            }
          },
          {
            "hash": "c3aacf887d48d9bf3157124439b030dbfbb0406d",
            "messageTitle": "Add labels to split view",
            "messageBody": "",
            "fileTypesAndContributionMap": {
              "functional-code": {
                "insertions": 16,
                "deletions": 2
              }
            }
          }
        ]
      },
      {
        "date": "2020-10-26",
        "commitResults": [
          {
            "hash": "d2c73731887a719626f0edad715a5533e8d0f214",
            "messageTitle": "Change split view to show combined students/rooms lists in one tab",
            "messageBody": "This will make the UI less confusing when more tabs are added.\n",
            "fileTypesAndContributionMap": {
              "functional-code": {
                "insertions": 346,
                "deletions": 165
              },
              "other": {
                "insertions": 3,
                "deletions": 3
              }
            }
          },
          {
            "hash": "fec285a8406790747830efd500dd5be773378883",
            "messageTitle": "Rename methods and remove redundant code",
            "messageBody": "",
            "fileTypesAndContributionMap": {
              "functional-code": {
                "insertions": 9,
                "deletions": 15
              }
            }
          }
        ]
      },
      {
        "date": "2020-10-27",
        "commitResults": [
          {
            "hash": "95578c757c15ec8a6d1b3c0b6afa54db01894536",
            "messageTitle": "Add support for AppMode in logic and model",
            "messageBody": "",
            "fileTypesAndContributionMap": {
              "functional-code": {
                "insertions": 12,
                "deletions": 0
              }
            }
          },
          {
            "hash": "ed2ab9981e064e46eb3bb6c62ce6cae9045bbb4c",
            "messageTitle": "Add support for alias to CommandMapper",
            "messageBody": "This is kind of clunky, will probably reimplement later\n",
            "fileTypesAndContributionMap": {
              "functional-code": {
                "insertions": 53,
                "deletions": 39
              }
            }
          }
        ]
      },
      {
        "date": "2020-10-28",
        "commitResults": [
          {
            "hash": "9a49da6a2572d36fe1d45799e437068fb1e07376",
            "messageTitle": "Implement room addition and deletion",
            "messageBody": "",
            "fileTypesAndContributionMap": {
              "functional-code": {
                "insertions": 751,
                "deletions": 402
              },
              "other": {
                "insertions": 1,
                "deletions": 1
              },
              "test-code": {
                "insertions": 144,
                "deletions": 44
              }
            }
          },
          {
            "hash": "bbafdcad73f31ef63016aafe06e254720550570c",
            "messageTitle": "Fix typo in CommandWordEnum",
            "messageBody": "",
            "fileTypesAndContributionMap": {
              "functional-code": {
                "insertions": 2,
                "deletions": 1
              }
            }
          },
          {
            "hash": "88d86f015d42bff24f1c331e95c44d53cc75f0a5",
            "messageTitle": "Minor edits for clarity",
            "messageBody": "",
            "fileTypesAndContributionMap": {
              "functional-code": {
                "insertions": 7,
                "deletions": 2
              }
            }
          },
          {
            "hash": "55f64ab88483f6c16388b0ae4939dc88ef5259da",
            "messageTitle": "Implement EditRoomCommand",
            "messageBody": "",
            "fileTypesAndContributionMap": {
              "functional-code": {
                "insertions": 259,
                "deletions": 21
              }
            }
          },
          {
            "hash": "17e33da4c8fcffa039dc7c88b19b5b21ab6567d4",
            "messageTitle": "Fix statistics tab bug",
            "messageBody": "Problem: an additional Statistics tab was being added after changing\nfrom the Student/Room combined view to the separate view.\n",
            "fileTypesAndContributionMap": {
              "functional-code": {
                "insertions": 10,
                "deletions": 6
              }
            }
          },
          {
            "hash": "fb13a2ea25245f070ac03cb2143568834ec5f688",
            "messageTitle": "Make command words more consistent",
            "messageBody": "",
            "fileTypesAndContributionMap": {
              "functional-code": {
                "insertions": 7,
                "deletions": 9
              },
              "test-code": {
                "insertions": 5,
                "deletions": 4
              }
            }
          },
          {
            "hash": "f6ecf7a3484a91460d2620372067101932c90195",
            "messageTitle": "Make prefixes more consistent",
            "messageBody": "",
            "fileTypesAndContributionMap": {
              "functional-code": {
                "insertions": 5,
                "deletions": 5
              }
            }
          },
          {
            "hash": "6c72e99367ccb4d06cb429deb5d435c2a2dc8850",
            "messageTitle": "Allow add-room command to add tags",
            "messageBody": "",
            "fileTypesAndContributionMap": {
              "functional-code": {
                "insertions": 6,
                "deletions": 3
              }
            }
          },
          {
            "hash": "08eea31937d7c027b50c52ae882b31bb66d7c6d3",
            "messageTitle": "PR edits",
            "messageBody": "",
            "fileTypesAndContributionMap": {
              "functional-code": {
                "insertions": 5,
                "deletions": 5
              }
            }
          },
          {
            "hash": "b6e7b8647ee99f5c285a50b5d36386c9c95bcafa",
            "messageTitle": "Make prefixes totally unambiguous just in case",
            "messageBody": "",
            "fileTypesAndContributionMap": {
              "functional-code": {
                "insertions": 1,
                "deletions": 1
              }
            }
          },
          {
            "hash": "b45e76944174eebdcc2e4839cbbb3420797a262a",
            "messageTitle": "Make PR edit I missed out",
            "messageBody": "",
            "fileTypesAndContributionMap": {
              "functional-code": {
                "insertions": 1,
                "deletions": 1
              }
            }
          }
        ]
      },
      {
        "date": "2020-10-29",
        "commitResults": [
          {
            "hash": "468e99e74bdfa203c4645c0baf3bf11ef8469bcd",
            "messageTitle": "Remove AppMode",
            "messageBody": "Allow users to add and delete rooms at any time\n",
            "fileTypesAndContributionMap": {
              "functional-code": {
                "insertions": 244,
                "deletions": 470
              },
              "other": {
                "insertions": 5,
                "deletions": 5
              },
              "test-code": {
                "insertions": 15,
                "deletions": 111
              }
            }
          },
          {
            "hash": "2bbb7149329a5a0144289589c44f6517b0ea1bd9",
            "messageTitle": "Make room binnable",
            "messageBody": "",
            "fileTypesAndContributionMap": {
              "functional-code": {
                "insertions": 32,
                "deletions": 7
              },
              "test-code": {
                "insertions": 7,
                "deletions": 5
              }
            }
          },
          {
            "hash": "fcb10e2511af34a3eaf923a1091becd20774c617",
            "messageTitle": "Allow room floor and room number to be edited",
            "messageBody": "",
            "fileTypesAndContributionMap": {
              "functional-code": {
                "insertions": 44,
                "deletions": 4
              }
            }
          },
          {
            "hash": "abe6043b1fea7a96c31fb8df84c084b99fda7836",
            "messageTitle": "Update user guide",
            "messageBody": "- Add documentation for room filtering, toggle-split, adding, removing\n  and editing rooms\n- Update syntax for student commands\n",
            "fileTypesAndContributionMap": {
              "docs": {
                "insertions": 73,
                "deletions": 45
              }
            }
          }
        ]
      },
      {
        "date": "2020-10-30",
        "commitResults": [
          {
            "hash": "a88cbc8cef755789fe3f1cf57ae2ef9864ba3f78",
            "messageTitle": "Update logic class diagram and API description",
            "messageBody": "",
            "fileTypesAndContributionMap": {
              "docs": {
                "insertions": 36,
                "deletions": 29
              }
            }
          },
          {
            "hash": "128b38b9846e722bc0f5e410a70f542b029f2e9d",
            "messageTitle": "Remove merge conflict cruft",
            "messageBody": "",
            "fileTypesAndContributionMap": {
              "docs": {
                "insertions": 0,
                "deletions": 4
              }
            }
          },
          {
            "hash": "eb78f18c3878a5e7e38c1727dd6d4beaa23e4a13",
            "messageTitle": "Document help command implementation in DG",
            "messageBody": "",
            "fileTypesAndContributionMap": {
              "functional-code": {
                "insertions": 4,
                "deletions": 3
              },
              "docs": {
                "insertions": 95,
                "deletions": 0
              }
            }
          },
          {
            "hash": "eb6e43c3b0dfba83a992e17b4a8fd2130380cc2d",
            "messageTitle": "Add use cases for add/delete/edit rooms and filter students/rooms",
            "messageBody": "",
            "fileTypesAndContributionMap": {
              "docs": {
                "insertions": 50,
                "deletions": 2
              }
            }
          },
          {
            "hash": "3f42912098893f342ee1925a825e80fbf6bff492",
            "messageTitle": "Add screenshots for toggle-split",
            "messageBody": "",
            "fileTypesAndContributionMap": {
              "docs": {
                "insertions": 6,
                "deletions": 2
              }
            }
          },
          {
            "hash": "0a40a66907041aba9fee093ae73c757892f1abe0",
            "messageTitle": "Fix some typos",
            "messageBody": "",
            "fileTypesAndContributionMap": {
              "docs": {
                "insertions": 2,
                "deletions": 2
              }
            }
          },
          {
            "hash": "cc6f463aa45576e8cb395984776b1788538f873e",
            "messageTitle": "Fix typo in quick start",
            "messageBody": "",
            "fileTypesAndContributionMap": {
              "docs": {
                "insertions": 1,
                "deletions": 1
              }
            }
          }
        ]
      },
      {
        "date": "2020-10-31",
        "commitResults": [
          {
            "hash": "b78ebcd87f4c909df73c4f7dc9540c2faea5ad6b",
            "messageTitle": "Fix bug in restoring room, improve code defensiveness",
            "messageBody": "",
            "fileTypesAndContributionMap": {
              "functional-code": {
                "insertions": 18,
                "deletions": 5
              }
            }
          },
          {
            "hash": "ecb904ab7fc1d1adcd55e02568e1345f010db972",
            "messageTitle": "Fix edit-student example in UG (#139)",
            "messageBody": "",
            "fileTypesAndContributionMap": {
              "docs": {
                "insertions": 2,
                "deletions": 2
              }
            }
          },
          {
            "hash": "8f1cc94ac9d36c4e370b37e72e2533c2e379ce26",
            "messageTitle": "Fix delete-student examples (#159)",
            "messageBody": "",
            "fileTypesAndContributionMap": {
              "docs": {
                "insertions": 2,
                "deletions": 2
              }
            }
          },
          {
            "hash": "8d8e0a381db690a527bcc38ece449a569e7d0ad5",
            "messageTitle": "Fix command summary entry for rooms (#146)",
            "messageBody": "",
            "fileTypesAndContributionMap": {
              "docs": {
                "insertions": 1,
                "deletions": 1
              }
            }
          },
          {
            "hash": "0d2007fb69ec89bbdbd064c0983528c990e02736",
            "messageTitle": "Simplify multiple bin items message",
            "messageBody": "",
            "fileTypesAndContributionMap": {
              "functional-code": {
                "insertions": 2,
                "deletions": 2
              }
            }
          },
          {
            "hash": "d072fe79ea695e5a73aa1a231f23c523a2e94b2f",
            "messageTitle": "Update existing bin tests for Rooms",
            "messageBody": "",
            "fileTypesAndContributionMap": {
              "test-code": {
                "insertions": 52,
                "deletions": 19
              }
            }
          }
        ]
      }
    ],
    "mkeoliya": [
      {
        "date": "2020-09-15",
        "commitResults": [
          {
            "hash": "848bcf06947b15249efd98a49cdf99bc36d6d030",
            "messageTitle": "Update README.md",
            "messageBody": "",
            "fileTypesAndContributionMap": {
              "docs": {
                "insertions": 9,
                "deletions": 6
              }
            }
          }
        ]
      },
      {
        "date": "2020-09-19",
        "commitResults": [
          {
            "hash": "43c58269431265ccac05c64dd466fba3c15d9b1f",
            "messageTitle": "Add githooks",
            "messageBody": "",
            "fileTypesAndContributionMap": {
              "other": {
                "insertions": 11,
                "deletions": 0
              }
            }
          }
        ]
      },
      {
        "date": "2020-09-20",
        "commitResults": [
          {
            "hash": "b65f9d27fa7c313e272f21f01fe334348e2cd30b",
            "messageTitle": "Add value proposition, target user and NFRs",
            "messageBody": "",
            "fileTypesAndContributionMap": {
              "docs": {
                "insertions": 101,
                "deletions": 73
              }
            }
          }
        ]
      },
      {
        "date": "2020-09-22",
        "commitResults": [
          {
            "hash": "1109d140c2385c0b9cccbb90eda730e46885356f",
            "messageTitle": "Add AboutUs entry and image",
            "messageBody": "",
            "fileTypesAndContributionMap": {
              "docs": {
                "insertions": 52,
                "deletions": 16
              }
            }
          }
        ]
      },
      {
        "date": "2020-09-24",
        "commitResults": [
          {
            "hash": "0ebe94526ea4ec4b359dde5b8c1c9af9eada5f29",
            "messageTitle": "Update to match ResiReg specs",
            "messageBody": "",
            "fileTypesAndContributionMap": {
              "docs": {
                "insertions": 65,
                "deletions": 53
              }
            }
          },
          {
            "hash": "4ce975e7849751400842d7ca84b138846a65a563",
            "messageTitle": "Remove COVID reference",
            "messageBody": "",
            "fileTypesAndContributionMap": {
              "docs": {
                "insertions": 3,
                "deletions": 22
              }
            }
          }
        ]
      },
      {
        "date": "2020-09-25",
        "commitResults": [
          {
            "hash": "8b9cedefdd398e1b46a5d19e2376c3ddc34d2e38",
            "messageTitle": "Modify Person to Student class",
            "messageBody": "",
            "fileTypesAndContributionMap": {
              "functional-code": {
                "insertions": 1068,
                "deletions": 939
              },
              "other": {
                "insertions": 998,
                "deletions": 911
              },
              "test-code": {
                "insertions": 1281,
                "deletions": 1126
              }
            }
          },
          {
            "hash": "dfff7b8269e9a62f7cb5f524132f002a415e37c3",
            "messageTitle": "fix MR conflict",
            "messageBody": "",
            "fileTypesAndContributionMap": {
              "functional-code": {
                "insertions": 108,
                "deletions": 56
              },
              "docs": {
                "insertions": 100,
                "deletions": 7
              }
            }
          },
          {
            "hash": "669cc6e380c7c475edad45515bae2f90be4c23ef",
            "messageTitle": "Fix MR 2",
            "messageBody": "",
            "fileTypesAndContributionMap": {
              "functional-code": {
                "insertions": 2,
                "deletions": 2
              }
            }
          }
        ]
      },
      {
        "date": "2020-10-14",
        "commitResults": [
          {
            "hash": "bf59e3c373a1e1dbe3a848ad21f84e31918c3169",
            "messageTitle": "Update documentation and improve messages",
            "messageBody": "",
            "tags": [
              "v1.2"
            ],
            "fileTypesAndContributionMap": {
              "functional-code": {
                "insertions": 27,
                "deletions": 22
              },
              "docs": {
                "insertions": 145,
                "deletions": 199
              },
              "test-code": {
                "insertions": 4,
                "deletions": 2
              }
            }
          }
        ]
      },
      {
        "date": "2020-10-22",
        "commitResults": [
          {
            "hash": "d8f0c0144614a4a53848b68eb8df9c6c8a19d75e",
            "messageTitle": "Change versioning to 1.3.0",
            "messageBody": "",
            "fileTypesAndContributionMap": {
              "functional-code": {
                "insertions": 1,
                "deletions": 1
              }
            }
          },
          {
            "hash": "f1eda43c870f3072fda4c6ec459240aa61d4d4c3",
            "messageTitle": "Add aliasing to ResiReg",
            "messageBody": "",
            "fileTypesAndContributionMap": {
              "functional-code": {
                "insertions": 655,
                "deletions": 24
              }
            }
          },
          {
            "hash": "d650b98c9126340d5f4ef956548fc87a173344d2",
            "messageTitle": "Fix formatting, improve consistency",
            "messageBody": "",
            "fileTypesAndContributionMap": {
              "docs": {
                "insertions": 10,
                "deletions": 27
              }
            }
          }
        ]
      },
      {
        "date": "2020-10-23",
        "commitResults": [
          {
            "hash": "b2373ef4245deec5121484ec7cd114c7adc8b9a1",
            "messageTitle": "Add Aliasing",
            "messageBody": "",
            "fileTypesAndContributionMap": {
              "functional-code": {
                "insertions": 243,
                "deletions": 76
              },
              "test-code": {
                "insertions": 26,
                "deletions": 8
              }
            }
          }
        ]
      },
      {
        "date": "2020-10-24",
        "commitResults": [
          {
            "hash": "ae54a076cea7861c0ab9a302a9ed721507701643",
            "messageTitle": "Add testing",
            "messageBody": "",
            "fileTypesAndContributionMap": {
              "functional-code": {
                "insertions": 93,
                "deletions": 28
              },
              "test-code": {
                "insertions": 1002,
                "deletions": 8
              }
            }
          },
          {
            "hash": "89da58f421ace77c9d177f2c57c63baa348c6db4",
            "messageTitle": "Add testing, fix alias help",
            "messageBody": "",
            "fileTypesAndContributionMap": {
              "functional-code": {
                "insertions": 2,
                "deletions": 3
              },
              "test-code": {
                "insertions": 83,
                "deletions": 10
              }
            }
          }
        ]
      },
      {
        "date": "2020-10-26",
        "commitResults": [
          {
            "hash": "904678b374c5c4ce092e3616cfbee8f603e50b63",
            "messageTitle": "Finish bin feature",
            "messageBody": "",
            "fileTypesAndContributionMap": {
              "functional-code": {
                "insertions": 991,
                "deletions": 38
              },
              "test-code": {
                "insertions": 691,
                "deletions": 33
              }
            }
          }
        ]
      },
      {
        "date": "2020-10-27",
        "commitResults": [
          {
            "hash": "05c9e276027d73af8b4597a11e4f8ea82ddba9d8",
            "messageTitle": "Update documentation",
            "messageBody": "",
            "fileTypesAndContributionMap": {
              "docs": {
                "insertions": 239,
                "deletions": 127
              }
            }
          },
          {
            "hash": "7db8bb60f3778d1edbdfbbd9ef9f705233032771",
            "messageTitle": "Fix alias help bug",
            "messageBody": "",
            "fileTypesAndContributionMap": {
              "functional-code": {
                "insertions": 3,
                "deletions": 3
              }
            }
          },
          {
            "hash": "c5a7300161161fbbe25cdcc5200c854c8eaf48ac",
            "messageTitle": "add diagrams:",
            "messageBody": "",
            "fileTypesAndContributionMap": {
              "functional-code": {
                "insertions": 10,
                "deletions": 5
              },
              "docs": {
                "insertions": 133,
                "deletions": 0
              }
            }
          }
        ]
      },
      {
        "date": "2020-10-28",
        "commitResults": [
          {
            "hash": "d5569083b2afdbeec8841ef7fa24a5e760b1bd63",
            "messageTitle": "Add sequence diagrams",
            "messageBody": "",
            "fileTypesAndContributionMap": {
              "functional-code": {
                "insertions": 0,
                "deletions": 7
              },
              "docs": {
                "insertions": 171,
                "deletions": 26
              }
            }
          }
        ]
      },
      {
        "date": "2020-10-29",
        "commitResults": [
          {
            "hash": "2b73a8037438eaa8da565bf60491ddde39a309fc",
            "messageTitle": "Add docs",
            "messageBody": "",
            "fileTypesAndContributionMap": {
              "docs": {
                "insertions": 116,
                "deletions": 104
              }
            }
          }
        ]
      },
      {
        "date": "2020-10-30",
        "commitResults": [
          {
            "hash": "04b36689224de6697a9445c1079dac999180ed89",
            "messageTitle": "Add Class diagram",
            "messageBody": "",
            "fileTypesAndContributionMap": {
              "docs": {
                "insertions": 39,
                "deletions": 9
              }
            }
          },
          {
            "hash": "07d9dfe40fa788af3c1a2b3d2a1f3189cc6d7726",
            "messageTitle": "Fix UG",
            "messageBody": "",
            "fileTypesAndContributionMap": {
              "docs": {
                "insertions": 39,
                "deletions": 39
              }
            }
          }
        ]
      }
    ]
  },
  "authorFileTypeContributionMap": {
    "jetnew": {
      "docs": 265,
      "functional-code": 1151,
      "test-code": 1189
    },
    "JingYenLoh": {
      "docs": 289,
      "functional-code": 1393,
      "test-code": 1067,
      "other": 1
    },
    "Lysire": {
      "docs": 268,
      "functional-code": 1528,
      "test-code": 1804,
      "other": 1
    },
    "chloelee767": {
      "docs": 368,
      "functional-code": 1837,
      "test-code": 598,
      "other": 2
    },
    "mkeoliya": {
      "docs": 670,
      "functional-code": 3093,
      "test-code": 3340,
      "other": 11
    }
  },
  "authorContributionVariance": {
    "jetnew": 42496.96,
    "JingYenLoh": 149344.48,
    "Lysire": 55308.54,
    "chloelee767": 71193.2,
    "mkeoliya": 592319.6
  },
  "authorDisplayNameMap": {
    "jetnew": "CS2103-T16-3 NEW .. JIE",
    "JingYenLoh": "CS2103-T16-3 LOH .. YEN",
    "Lysire": "CS2103-T16-3 BEC ..HUHN",
    "chloelee767": "CS2103-T16-3 CHLO..E ER",
    "mkeoliya": "CS2103-T16-3 MAYA..LIYA"
  }
}
