{
  "authorDailyContributionsMap": {
    "joshualiangxy": [
      {
        "date": "2020-09-21",
        "commitResults": [
          {
            "hash": "e799091e0c48da6a7e3968ea91662e779326d916",
            "messageTitle": "Update UserGuide for IntelliJournal",
            "messageBody": "",
            "fileTypesAndContributionMap": {
              "docs": {
                "insertions": 68,
                "deletions": 85
              }
            }
          },
          {
            "hash": "9f9c08888437012e0d09b3cb1a32389988d6640f",
            "messageTitle": "Update UserGuide to use DESCRIPTION and at/ prefix",
            "messageBody": "",
            "fileTypesAndContributionMap": {
              "docs": {
                "insertions": 3,
                "deletions": 3
              }
            }
          }
        ]
      },
      {
        "date": "2020-09-23",
        "commitResults": [
          {
            "hash": "a16868c00c44f959518e3e8e6e2511de2657b0c4",
            "messageTitle": "Add JournalStorage interface",
            "messageBody": "",
            "fileTypesAndContributionMap": {
              "functional-code": {
                "insertions": 42,
                "deletions": 1
              }
            }
          },
          {
            "hash": "281c43075140b9ad61b0dd9c2dd8d49bc8683bfc",
            "messageTitle": "Add journal methods to Storage, StorageManager",
            "messageBody": "",
            "fileTypesAndContributionMap": {
              "functional-code": {
                "insertions": 152,
                "deletions": 29
              },
              "test-code": {
                "insertions": 19,
                "deletions": 3
              }
            }
          },
          {
            "hash": "96b77d53f793384da52f7983b4f425cb0e1fe194",
            "messageTitle": "Implement journal storage",
            "messageBody": "Add JsonJournalStorage, JsonSerializableJournal and JsonAdaptedEntry and\njournal methods to UserPrefs and ReadOnlyUserPrefs\n",
            "fileTypesAndContributionMap": {
              "functional-code": {
                "insertions": 309,
                "deletions": 29
              },
              "test-code": {
                "insertions": 29,
                "deletions": 15
              }
            }
          },
          {
            "hash": "75e5365a4cd6b11ff6206b3b8e4e6e89d8613fc6",
            "messageTitle": "Fix equals methods for journal fields",
            "messageBody": "",
            "fileTypesAndContributionMap": {
              "functional-code": {
                "insertions": 22,
                "deletions": 8
              }
            }
          },
          {
            "hash": "f633dcba296675a498fcb6f411ae24518cb56f39",
            "messageTitle": "Added check for contactList in Entry",
            "messageBody": "",
            "fileTypesAndContributionMap": {
              "functional-code": {
                "insertions": 2,
                "deletions": 1
              }
            }
          },
          {
            "hash": "0336df09d0971eff19130df970f869e7c723a3ed",
            "messageTitle": "Add todos and update error string in json entry",
            "messageBody": "",
            "fileTypesAndContributionMap": {
              "functional-code": {
                "insertions": 3,
                "deletions": 1
              }
            }
          },
          {
            "hash": "bbd7d1cdcf293337b00cec04b3cae918b02f02fa",
            "messageTitle": "Add reading of journal.json file",
            "messageBody": "",
            "fileTypesAndContributionMap": {
              "functional-code": {
                "insertions": 80,
                "deletions": 42
              }
            }
          },
          {
            "hash": "8bc38bf506b1107dc021beabd44a01549f847e61",
            "messageTitle": "Fix import statements",
            "messageBody": "",
            "fileTypesAndContributionMap": {
              "functional-code": {
                "insertions": 8,
                "deletions": 1
              }
            }
          }
        ]
      },
      {
        "date": "2020-09-29",
        "commitResults": [
          {
            "hash": "a4fb6cd9d8991f6b4d65f9d61817ece0411749e8",
            "messageTitle": "Split commands by contact or journal in UserGuide",
            "messageBody": "",
            "fileTypesAndContributionMap": {
              "docs": {
                "insertions": 74,
                "deletions": 44
              }
            }
          },
          {
            "hash": "1fdd3b111e76b9b18bc0e2ef651f1d81238a9fba",
            "messageTitle": "Fix formatting of tables",
            "messageBody": "",
            "fileTypesAndContributionMap": {
              "docs": {
                "insertions": 12,
                "deletions": 11
              }
            }
          },
          {
            "hash": "5d34302d6ee65911248690daae111ded40942acd",
            "messageTitle": "Fix formatting of table headers",
            "messageBody": "",
            "fileTypesAndContributionMap": {
              "docs": {
                "insertions": 11,
                "deletions": 11
              }
            }
          },
          {
            "hash": "0568d6588865d5ab3c857d5be27e456f2a599760",
            "messageTitle": "change links in DeveloperGuide",
            "messageBody": "",
            "fileTypesAndContributionMap": {
              "docs": {
                "insertions": 12,
                "deletions": 15
              }
            }
          }
        ]
      },
      {
        "date": "2020-09-30",
        "commitResults": [
          {
            "hash": "0851103fbdc998c303db426807adcf805ce1b7ff",
            "messageTitle": "Update Glossary and NFR for DG",
            "messageBody": "",
            "fileTypesAndContributionMap": {
              "docs": {
                "insertions": 2,
                "deletions": 2
              }
            }
          },
          {
            "hash": "52aaa0503ecbfd9fe1940737088e0f95696748c8",
            "messageTitle": "Update User Scope",
            "messageBody": "",
            "fileTypesAndContributionMap": {
              "docs": {
                "insertions": 1,
                "deletions": 0
              }
            }
          },
          {
            "hash": "98615954350c3b1a408a71708bb07072c3e554fd",
            "messageTitle": "Refactor VersionTest",
            "messageBody": "",
            "fileTypesAndContributionMap": {
              "test-code": {
                "insertions": 164,
                "deletions": 113
              }
            }
          },
          {
            "hash": "7a27bd8c468bfe1e2ba639d44a3674bae2ce1f0d",
            "messageTitle": "Refactor ConfigTest",
            "messageBody": "",
            "fileTypesAndContributionMap": {
              "test-code": {
                "insertions": 69,
                "deletions": 12
              }
            }
          },
          {
            "hash": "ca4b99c41a56803de2ae38cb92791bf83f740ae1",
            "messageTitle": "Refactor IndexTest",
            "messageBody": "",
            "fileTypesAndContributionMap": {
              "test-code": {
                "insertions": 79,
                "deletions": 35
              }
            }
          },
          {
            "hash": "60f26ddb042ec4fdd4897006db4fdc63f64baef9",
            "messageTitle": "Refactor AppUtilTest",
            "messageBody": "",
            "fileTypesAndContributionMap": {
              "test-code": {
                "insertions": 69,
                "deletions": 34
              }
            }
          },
          {
            "hash": "04179f984e017c05fbacf362221366f99fc67a23",
            "messageTitle": "Refactor CollectionUtilTest",
            "messageBody": "",
            "fileTypesAndContributionMap": {
              "test-code": {
                "insertions": 146,
                "deletions": 89
              }
            }
          },
          {
            "hash": "67978031d70d1fb8e514d5b17cf17f12fd866625",
            "messageTitle": "Refactor ConfigUtilTest",
            "messageBody": "",
            "fileTypesAndContributionMap": {
              "test-code": {
                "insertions": 115,
                "deletions": 82
              }
            }
          },
          {
            "hash": "45ca57a9be70e70263fa49edcc3391d229110a64",
            "messageTitle": "Refactor FileUtilTest",
            "messageBody": "",
            "fileTypesAndContributionMap": {
              "functional-code": {
                "insertions": 8,
                "deletions": 5
              },
              "test-code": {
                "insertions": 21,
                "deletions": 9
              }
            }
          },
          {
            "hash": "ca56090ad7e5cd759eee00becbb3ab0933293327",
            "messageTitle": "Refactor JsonUtilTest",
            "messageBody": "",
            "fileTypesAndContributionMap": {
              "functional-code": {
                "insertions": 47,
                "deletions": 21
              },
              "test-code": {
                "insertions": 50,
                "deletions": 15
              }
            }
          },
          {
            "hash": "44cc37a8a83a5ccc76c026f746415099253c38a1",
            "messageTitle": "Refactor StringUtilTest",
            "messageBody": "",
            "fileTypesAndContributionMap": {
              "functional-code": {
                "insertions": 14,
                "deletions": 9
              },
              "test-code": {
                "insertions": 213,
                "deletions": 125
              }
            }
          },
          {
            "hash": "a12236f7ade126cc21ca44a816363572038f6ad6",
            "messageTitle": "Refactor LogicManagerTest",
            "messageBody": "",
            "fileTypesAndContributionMap": {
              "functional-code": {
                "insertions": 6,
                "deletions": 3
              },
              "test-code": {
                "insertions": 201,
                "deletions": 118
              }
            }
          },
          {
            "hash": "ccae1bd09a49130a32c63fb08021c37bdc934b3f",
            "messageTitle": "Refactor AddCommandTest",
            "messageBody": "",
            "fileTypesAndContributionMap": {
              "functional-code": {
                "insertions": 4,
                "deletions": 2
              },
              "test-code": {
                "insertions": 35,
                "deletions": 16
              }
            }
          },
          {
            "hash": "ef006e20cf553fbedcbeba72a3876e64b77f46de",
            "messageTitle": "Refactor AddCommandTest",
            "messageBody": "",
            "fileTypesAndContributionMap": {
              "test-code": {
                "insertions": 80,
                "deletions": 40
              }
            }
          },
          {
            "hash": "8a7ba19a6324a233e986c622a86b2cd9bee5790a",
            "messageTitle": "Refactor ClearCommandTest",
            "messageBody": "",
            "fileTypesAndContributionMap": {
              "test-code": {
                "insertions": 130,
                "deletions": 57
              }
            }
          },
          {
            "hash": "dd613b61f17e84404cd32890741eb766ba6dcf97",
            "messageTitle": "Refactor CommandResultTest",
            "messageBody": "",
            "fileTypesAndContributionMap": {
              "test-code": {
                "insertions": 104,
                "deletions": 30
              }
            }
          },
          {
            "hash": "6e997788de7bddafe44e3cce7ac4a2b32432a35b",
            "messageTitle": "Refactor DeleteCommandTest",
            "messageBody": "",
            "fileTypesAndContributionMap": {
              "functional-code": {
                "insertions": 11,
                "deletions": 9
              },
              "test-code": {
                "insertions": 149,
                "deletions": 77
              }
            }
          },
          {
            "hash": "97cf25d237a553ebb78c551d327de1cddd34912e",
            "messageTitle": "Refactor EditCommandTest",
            "messageBody": "",
            "fileTypesAndContributionMap": {
              "test-code": {
                "insertions": 301,
                "deletions": 136
              }
            }
          },
          {
            "hash": "d67b1224ec7012865a53cdeccd670d1a5d68c68c",
            "messageTitle": "Refactor EditPersonDescriptorTest",
            "messageBody": "",
            "fileTypesAndContributionMap": {
              "test-code": {
                "insertions": 70,
                "deletions": 28
              }
            }
          },
          {
            "hash": "a3b9065dcad9442ac2f985d1aca851d285ecbe6c",
            "messageTitle": "Refactor ExitCommandTest and FindCommandTest",
            "messageBody": "",
            "fileTypesAndContributionMap": {
              "test-code": {
                "insertions": 118,
                "deletions": 51
              }
            }
          },
          {
            "hash": "e9f8a51f47233953e877583e5aeb5bfc352e6178",
            "messageTitle": "Refactor HelpCommandTest",
            "messageBody": "",
            "fileTypesAndContributionMap": {
              "functional-code": {
                "insertions": 82,
                "deletions": 39
              },
              "test-code": {
                "insertions": 19,
                "deletions": 6
              }
            }
          },
          {
            "hash": "c56ff58140eb8a353346923a84a19dc2de8916c6",
            "messageTitle": "Refactor ListCommandTest",
            "messageBody": "",
            "fileTypesAndContributionMap": {
              "test-code": {
                "insertions": 29,
                "deletions": 10
              }
            }
          },
          {
            "hash": "c14e4853d733b6e17a18b31596171ef8f6c78c27",
            "messageTitle": "Refactor AddCommandParserTest",
            "messageBody": "",
            "fileTypesAndContributionMap": {
              "test-code": {
                "insertions": 200,
                "deletions": 96
              }
            }
          },
          {
            "hash": "9f134247abcf7b0257c0049f8201622e10bf488a",
            "messageTitle": "Refactor AddressBookParserTest",
            "messageBody": "",
            "fileTypesAndContributionMap": {
              "test-code": {
                "insertions": 119,
                "deletions": 64
              }
            }
          },
          {
            "hash": "1fc402518cbd5d0da4dc750c02b4dfe29268d6f1",
            "messageTitle": "Refactor ArgumentTokenizerTest",
            "messageBody": "",
            "fileTypesAndContributionMap": {
              "functional-code": {
                "insertions": 64,
                "deletions": 32
              },
              "test-code": {
                "insertions": 187,
                "deletions": 113
              }
            }
          },
          {
            "hash": "d72d49c841e09e84c979553bf18185f283cfc4e3",
            "messageTitle": "Refactor DeleteCommandParserTest",
            "messageBody": "",
            "fileTypesAndContributionMap": {
              "functional-code": {
                "insertions": 20,
                "deletions": 11
              },
              "test-code": {
                "insertions": 42,
                "deletions": 20
              }
            }
          },
          {
            "hash": "2c5a86efaacff39f1380e6837b8bb174646a0865",
            "messageTitle": "Refactor EditCommandParserTest",
            "messageBody": "",
            "fileTypesAndContributionMap": {
              "test-code": {
                "insertions": 277,
                "deletions": 160
              }
            }
          },
          {
            "hash": "d992e0ae88dbe3d15aad188afb7447d9d985f8f3",
            "messageTitle": "Refactor FindCommandParserTest",
            "messageBody": "",
            "fileTypesAndContributionMap": {
              "test-code": {
                "insertions": 39,
                "deletions": 17
              }
            }
          },
          {
            "hash": "c116c117f29cf0b51b96aa85ca4ffe50802e8a4d",
            "messageTitle": "Refactor ParserUtilTest",
            "messageBody": "",
            "fileTypesAndContributionMap": {
              "functional-code": {
                "insertions": 12,
                "deletions": 7
              },
              "test-code": {
                "insertions": 260,
                "deletions": 144
              }
            }
          },
          {
            "hash": "5ade69d7df10167a35243d419a56cccd6d1a61fc",
            "messageTitle": "Refactor AddressTest",
            "messageBody": "",
            "fileTypesAndContributionMap": {
              "test-code": {
                "insertions": 46,
                "deletions": 22
              }
            }
          },
          {
            "hash": "0f9831867a5994d660d99e480bfed394bb90cacc",
            "messageTitle": "Refactor EmailTest",
            "messageBody": "",
            "fileTypesAndContributionMap": {
              "test-code": {
                "insertions": 76,
                "deletions": 46
              }
            }
          },
          {
            "hash": "bf7deab82e8d21247176e850b1f69a8ff97be85e",
            "messageTitle": "Refactor NameContainsKeywordsPredicateTest",
            "messageBody": "",
            "fileTypesAndContributionMap": {
              "test-code": {
                "insertions": 114,
                "deletions": 56
              }
            }
          },
          {
            "hash": "5f7a54905ed175b54dae9658ce80a11233d91f3c",
            "messageTitle": "Refactor NameTest",
            "messageBody": "",
            "fileTypesAndContributionMap": {
              "test-code": {
                "insertions": 47,
                "deletions": 27
              }
            }
          },
          {
            "hash": "ae79ae1ac5b3aa91c48fda207cf317324e11ffd4",
            "messageTitle": "Refactor PersonTest",
            "messageBody": "",
            "fileTypesAndContributionMap": {
              "test-code": {
                "insertions": 149,
                "deletions": 70
              }
            }
          },
          {
            "hash": "20705c7d935281125e121b1d204cdcb9ae1e0d5b",
            "messageTitle": "Refactor PhoneTest",
            "messageBody": "",
            "fileTypesAndContributionMap": {
              "test-code": {
                "insertions": 48,
                "deletions": 26
              }
            }
          },
          {
            "hash": "59c0bc2138598f111042b8871a99dc531bf366cb",
            "messageTitle": "Refactor UniquePersonListTest",
            "messageBody": "",
            "fileTypesAndContributionMap": {
              "test-code": {
                "insertions": 221,
                "deletions": 144
              }
            }
          },
          {
            "hash": "2a70937a62c34d7448697784e2adb613760b79ef",
            "messageTitle": "Refactor TagTest",
            "messageBody": "",
            "fileTypesAndContributionMap": {
              "test-code": {
                "insertions": 26,
                "deletions": 13
              }
            }
          },
          {
            "hash": "c47a707d3b6942fcda115c5a0f307b84a59a3c0f",
            "messageTitle": "Refactor AddressBookTest",
            "messageBody": "",
            "fileTypesAndContributionMap": {
              "test-code": {
                "insertions": 81,
                "deletions": 44
              }
            }
          },
          {
            "hash": "cabcdcbe77c9f3c4fdc51f91bfd333713857e491",
            "messageTitle": "Refactor ModelManagerTest",
            "messageBody": "",
            "fileTypesAndContributionMap": {
              "test-code": {
                "insertions": 194,
                "deletions": 94
              }
            }
          },
          {
            "hash": "2a6ea07a4e1b9fe558160ede54e37d5a2378cce0",
            "messageTitle": "Refactor UserPrefsTest",
            "messageBody": "",
            "fileTypesAndContributionMap": {
              "test-code": {
                "insertions": 23,
                "deletions": 9
              }
            }
          },
          {
            "hash": "3f8e8a59bd16c2c82feff2e0a6e0f530697e2ec0",
            "messageTitle": "Refactor JsonAdaptedPersonTest",
            "messageBody": "",
            "fileTypesAndContributionMap": {
              "test-code": {
                "insertions": 185,
                "deletions": 75
              }
            }
          },
          {
            "hash": "38cd63ef397e5f4e7c8d26a31231f4b59bd8fb70",
            "messageTitle": "Refactor JsonAddressBookStorageTest",
            "messageBody": "",
            "fileTypesAndContributionMap": {
              "other": {
                "insertions": 95,
                "deletions": 85
              },
              "test-code": {
                "insertions": 122,
                "deletions": 64
              }
            }
          },
          {
            "hash": "c770a49895da45b8d511a32d0dc7faa7ee78900a",
            "messageTitle": "Refactor JsonSerializableAddressBookTest",
            "messageBody": "",
            "fileTypesAndContributionMap": {
              "test-code": {
                "insertions": 59,
                "deletions": 29
              }
            }
          },
          {
            "hash": "235d810a5a7247754d30d2f23a547782eaaa1e69",
            "messageTitle": "Refactor JsonUserPrefsStorageTest",
            "messageBody": "",
            "fileTypesAndContributionMap": {
              "test-code": {
                "insertions": 124,
                "deletions": 78
              }
            }
          },
          {
            "hash": "91d0634d81f0aa08472755100314ee3e728c468a",
            "messageTitle": "Refactor StorageManagerTest",
            "messageBody": "",
            "fileTypesAndContributionMap": {
              "test-code": {
                "insertions": 90,
                "deletions": 50
              }
            }
          },
          {
            "hash": "8bf7d32660e53dcd94c1f352038fa3518d24e290",
            "messageTitle": "Refactor testutil package",
            "messageBody": "",
            "fileTypesAndContributionMap": {
              "test-code": {
                "insertions": 139,
                "deletions": 65
              }
            }
          },
          {
            "hash": "9bbac870c9ae4023f2251464caf3e638a087fe7b",
            "messageTitle": "Refactor UiPartTest",
            "messageBody": "",
            "fileTypesAndContributionMap": {
              "test-code": {
                "insertions": 105,
                "deletions": 58
              }
            }
          },
          {
            "hash": "d357defe06cebe05be3570e864600e4dba3e499e",
            "messageTitle": "Refactor AppParametersTest",
            "messageBody": "",
            "fileTypesAndContributionMap": {
              "test-code": {
                "insertions": 28,
                "deletions": 17
              }
            }
          },
          {
            "hash": "7838df87bca6ffb95d7a558186c3af665d74b918",
            "messageTitle": "Fix trailing whitespaces",
            "messageBody": "",
            "fileTypesAndContributionMap": {
              "other": {
                "insertions": 84,
                "deletions": 84
              },
              "docs": {
                "insertions": 24,
                "deletions": 24
              }
            }
          }
        ]
      },
      {
        "date": "2020-10-06",
        "commitResults": [
          {
            "hash": "cd77933922097d9dd6eec1ea149b81e0bcaa5310",
            "messageTitle": "Add uuid to Person class",
            "messageBody": "",
            "fileTypesAndContributionMap": {
              "functional-code": {
                "insertions": 161,
                "deletions": 46
              },
              "test-code": {
                "insertions": 80,
                "deletions": 43
              }
            }
          },
          {
            "hash": "bb72387e78c005b2ce5c159656c0265e94bdb5e5",
            "messageTitle": "Add contactList storage for json journal entries",
            "messageBody": "",
            "fileTypesAndContributionMap": {
              "functional-code": {
                "insertions": 74,
                "deletions": 28
              }
            }
          }
        ]
      },
      {
        "date": "2020-10-08",
        "commitResults": [
          {
            "hash": "4247da48ee146d1a1e703f73f7333d971d4a408a",
            "messageTitle": "Add tags for JsonAdaptedEntry",
            "messageBody": "",
            "fileTypesAndContributionMap": {
              "functional-code": {
                "insertions": 17,
                "deletions": 3
              }
            }
          }
        ]
      },
      {
        "date": "2020-10-13",
        "commitResults": [
          {
            "hash": "83737ec2c7c3ef77f1d4585cfe442a0e6a590c81",
            "messageTitle": "Add unit tests for JsonAdaptedEntry",
            "messageBody": "",
            "fileTypesAndContributionMap": {
              "functional-code": {
                "insertions": 34,
                "deletions": 8
              },
              "test-code": {
                "insertions": 233,
                "deletions": 33
              }
            }
          },
          {
            "hash": "27f74047023a34c149f792cb48ac9c8ee0a984c9",
            "messageTitle": "Add unit tests for JsonAdaptedTag",
            "messageBody": "",
            "fileTypesAndContributionMap": {
              "test-code": {
                "insertions": 54,
                "deletions": 2
              }
            }
          },
          {
            "hash": "571e57b9570f85e898a2ba1b515fb29d25fecedb",
            "messageTitle": "Add unit tests for JsonJournalStorage",
            "messageBody": "",
            "fileTypesAndContributionMap": {
              "functional-code": {
                "insertions": 35,
                "deletions": 16
              },
              "test-code": {
                "insertions": 205,
                "deletions": 38
              }
            }
          },
          {
            "hash": "491b9ca4c79d7f33c3747868602595ae544ae6ad",
            "messageTitle": "Add unit tests for JsonSerializableJournal",
            "messageBody": "",
            "fileTypesAndContributionMap": {
              "test-code": {
                "insertions": 82,
                "deletions": 5
              }
            }
          }
        ]
      },
      {
        "date": "2020-10-20",
        "commitResults": [
          {
            "hash": "496f35e2c5cc98f01d39866cfb8574691cfa08db",
            "messageTitle": "Implement CheckScheduleCommand",
            "messageBody": "",
            "fileTypesAndContributionMap": {
              "functional-code": {
                "insertions": 100,
                "deletions": 24
              }
            }
          },
          {
            "hash": "c280f88ad3ca6ec4b3347755d6f4261b0837689d",
            "messageTitle": "Add logic for CheckScheduleCommand",
            "messageBody": "",
            "fileTypesAndContributionMap": {
              "functional-code": {
                "insertions": 94,
                "deletions": 26
              }
            }
          }
        ]
      },
      {
        "date": "2020-10-21",
        "commitResults": [
          {
            "hash": "e3f99dc5767a76e2e83ad93362dd802fcb35c8ac",
            "messageTitle": "Add unit tests for CheckScheduleCommand",
            "messageBody": "",
            "fileTypesAndContributionMap": {
              "functional-code": {
                "insertions": 33,
                "deletions": 27
              },
              "test-code": {
                "insertions": 175,
                "deletions": 13
              }
            }
          },
          {
            "hash": "1497494b4d7fe2fe924cf141df4f93eccf70b5c1",
            "messageTitle": "Update unit tests for AddressBookParser",
            "messageBody": "",
            "fileTypesAndContributionMap": {
              "test-code": {
                "insertions": 85,
                "deletions": 16
              }
            }
          },
          {
            "hash": "b6e0fdd8fbe84e2c9f49c529b6910aa6527d214a",
            "messageTitle": "Add unit tests for CheckScheduleCommandParser",
            "messageBody": "",
            "fileTypesAndContributionMap": {
              "test-code": {
                "insertions": 112,
                "deletions": 6
              }
            }
          },
          {
            "hash": "dda90f320fc74aec5d1a8cfe95ca2f2870ce472c",
            "messageTitle": "Update unit tests for Date class",
            "messageBody": "",
            "fileTypesAndContributionMap": {
              "functional-code": {
                "insertions": 4,
                "deletions": 2
              },
              "test-code": {
                "insertions": 80,
                "deletions": 13
              }
            }
          },
          {
            "hash": "858ea7e9531b59d9e4ad99d0f60a7ca0c04786cd",
            "messageTitle": "Add DG for check schedule command",
            "messageBody": "",
            "fileTypesAndContributionMap": {
              "functional-code": {
                "insertions": 2,
                "deletions": 2
              },
              "docs": {
                "insertions": 30,
                "deletions": 1
              }
            }
          }
        ]
      },
      {
        "date": "2020-10-22",
        "commitResults": [
          {
            "hash": "4eb7176f07d4ce108ae32e6db5ea08bc97f7536c",
            "messageTitle": "Remove trailing whitespace",
            "messageBody": "",
            "fileTypesAndContributionMap": {
              "docs": {
                "insertions": 7,
                "deletions": 7
              }
            }
          },
          {
            "hash": "bdacfb78a37a02b64f80ef8d1832894489bf7480",
            "messageTitle": "Update table for UG",
            "messageBody": "",
            "fileTypesAndContributionMap": {
              "functional-code": {
                "insertions": 1,
                "deletions": 1
              },
              "docs": {
                "insertions": 122,
                "deletions": 14
              }
            }
          },
          {
            "hash": "7c4ceeaae6d5f04b03759b3b296381868d0e3343",
            "messageTitle": "Add check schedule to UG",
            "messageBody": "",
            "fileTypesAndContributionMap": {
              "docs": {
                "insertions": 106,
                "deletions": 46
              }
            }
          },
          {
            "hash": "da24acc19ac7c9bbf0285ccfe7908e1a063daf14",
            "messageTitle": "Add aliases to each command description",
            "messageBody": "",
            "fileTypesAndContributionMap": {
              "docs": {
                "insertions": 31,
                "deletions": 3
              }
            }
          }
        ]
      }
    ],
    "zhXchD": [
      {
        "date": "2020-09-25",
        "commitResults": [
          {
            "hash": "1172a70f6d2fe839251132086dff23abf7e15556",
            "messageTitle": "Update UserGuide.md to divide the add command",
            "messageBody": "",
            "fileTypesAndContributionMap": {
              "docs": {
                "insertions": 19,
                "deletions": 9
              }
            }
          },
          {
            "hash": "745a7db7b65a76c5c12ceacd448a5e7732dbc4a8",
            "messageTitle": "Add AddJournalEntryCommand and its parser",
            "messageBody": "",
            "fileTypesAndContributionMap": {
              "functional-code": {
                "insertions": 152,
                "deletions": 9
              }
            }
          },
          {
            "hash": "0f050696ac460ffa898c7a42ff1e1edd57252e15",
            "messageTitle": "Update the journal entry model so the message can be passed correctly",
            "messageBody": "",
            "fileTypesAndContributionMap": {
              "functional-code": {
                "insertions": 26,
                "deletions": 0
              }
            }
          },
          {
            "hash": "d795bae43e7094195cc199ec601f9e3c3dc6e618",
            "messageTitle": "Update checkstyle",
            "messageBody": "",
            "fileTypesAndContributionMap": {
              "functional-code": {
                "insertions": 2,
                "deletions": 12
              }
            }
          },
          {
            "hash": "7e072d161d94d17e66f762fefb32e2cdfc007b97",
            "messageTitle": "Update checkstyle",
            "messageBody": "",
            "fileTypesAndContributionMap": {
              "functional-code": {
                "insertions": 16,
                "deletions": 3
              }
            }
          },
          {
            "hash": "288371bd928f42902d73a9df34d8b200b7bc5bdc",
            "messageTitle": "Update to pass CI",
            "messageBody": "",
            "fileTypesAndContributionMap": {
              "functional-code": {
                "insertions": 1,
                "deletions": 2
              },
              "test-code": {
                "insertions": 10,
                "deletions": 0
              }
            }
          }
        ]
      },
      {
        "date": "2020-09-27",
        "commitResults": [
          {
            "hash": "1cc04a60535a7ffa698e9781b84731dae1d3ddda",
            "messageTitle": "Refactor AddCommand and AddCommandParser as AddContactCommand and AddContactCommandParser",
            "messageBody": "",
            "fileTypesAndContributionMap": {
              "functional-code": {
                "insertions": 8,
                "deletions": 8
              },
              "other": {
                "insertions": 42,
                "deletions": 41
              },
              "test-code": {
                "insertions": 7,
                "deletions": 7
              }
            }
          },
          {
            "hash": "ecbc4334b501d478fa5162e30bf23b8cba563f05",
            "messageTitle": "Update index.md",
            "messageBody": "",
            "fileTypesAndContributionMap": {
              "docs": {
                "insertions": 3,
                "deletions": 3
              }
            }
          },
          {
            "hash": "aaaa40f1fbb58dc0a15c7cf0721ea2ebab602935",
            "messageTitle": "Update AboutUs.md",
            "messageBody": "",
            "fileTypesAndContributionMap": {
              "docs": {
                "insertions": 38,
                "deletions": 30
              }
            }
          },
          {
            "hash": "67d422cbc98ab52577f13dad716b302c0eccb0bc",
            "messageTitle": "Revert \"Update AboutUs.md\"",
            "messageBody": "This reverts commit aaaa40f1fbb58dc0a15c7cf0721ea2ebab602935.\n",
            "fileTypesAndContributionMap": {
              "docs": {
                "insertions": 30,
                "deletions": 38
              }
            }
          },
          {
            "hash": "6610a4876b12c96a3cb57dc0562696d5b34c382d",
            "messageTitle": "Update AboutUs.md",
            "messageBody": "",
            "fileTypesAndContributionMap": {
              "docs": {
                "insertions": 38,
                "deletions": 30
              }
            }
          }
        ]
      },
      {
        "date": "2020-09-29",
        "commitResults": [
          {
            "hash": "2263994aa306f9f48456084ab369850677939fd1",
            "messageTitle": "Update website index page",
            "messageBody": "",
            "fileTypesAndContributionMap": {
              "docs": {
                "insertions": 3,
                "deletions": 3
              }
            }
          },
          {
            "hash": "6bedebf2baa2542607561b7cf8124b23778831e3",
            "messageTitle": "Remove John Doe placeholders",
            "messageBody": "",
            "fileTypesAndContributionMap": {
              "docs": {
                "insertions": 0,
                "deletions": 4
              }
            }
          },
          {
            "hash": "67f0c475359dfdd4d1e19b08a415102248ae2702",
            "messageTitle": "Change release address in UG",
            "messageBody": "",
            "fileTypesAndContributionMap": {
              "docs": {
                "insertions": 1,
                "deletions": 1
              }
            }
          }
        ]
      },
      {
        "date": "2020-10-04",
        "commitResults": [
          {
            "hash": "b478654f36835aec78a83c1996fbf4e7514b5d8c",
            "messageTitle": "Fix the addj command message",
            "messageBody": "",
            "fileTypesAndContributionMap": {
              "functional-code": {
                "insertions": 1,
                "deletions": 1
              }
            }
          }
        ]
      },
      {
        "date": "2020-10-05",
        "commitResults": [
          {
            "hash": "3038e7a02d3e3531bb0b00a086b9ff24957ef6b7",
            "messageTitle": "Fix addj message",
            "messageBody": "",
            "fileTypesAndContributionMap": {
              "functional-code": {
                "insertions": 4,
                "deletions": 4
              }
            }
          },
          {
            "hash": "04f05dbe253cef4b5a77e8b7b56c3eb25edcaa5c",
            "messageTitle": "Update to pass CI",
            "messageBody": "",
            "fileTypesAndContributionMap": {
              "functional-code": {
                "insertions": 2,
                "deletions": 2
              }
            }
          }
        ]
      },
      {
        "date": "2020-10-06",
        "commitResults": [
          {
            "hash": "670d832f3f4fe229862f19be87f98a927a5bf122",
            "messageTitle": "Update date and time format",
            "messageBody": "",
            "fileTypesAndContributionMap": {
              "functional-code": {
                "insertions": 8,
                "deletions": 2
              }
            }
          },
          {
            "hash": "26e4361fad6d95421f68cc75c67179e1c25609a9",
            "messageTitle": "Add addj parser test",
            "messageBody": "",
            "fileTypesAndContributionMap": {
              "functional-code": {
                "insertions": 7,
                "deletions": 0
              },
              "test-code": {
                "insertions": 165,
                "deletions": 5
              }
            }
          },
          {
            "hash": "e627c8e53df46ec50e273c1aacf8542544904cc0",
            "messageTitle": "Update AddJournalEntryCommandParserTest",
            "messageBody": "",
            "fileTypesAndContributionMap": {
              "functional-code": {
                "insertions": 8,
                "deletions": 5
              },
              "test-code": {
                "insertions": 45,
                "deletions": 86
              }
            }
          },
          {
            "hash": "2f0c1a5c2bfdbaf108efe005e178747d2e307abd",
            "messageTitle": "Create AddJournalEntryCommandTest",
            "messageBody": "",
            "fileTypesAndContributionMap": {
              "test-code": {
                "insertions": 262,
                "deletions": 0
              }
            }
          },
          {
            "hash": "37a1d4a214d4571a55b0134899855eb2e9d40656",
            "messageTitle": "Create AddJournalEntryCommandIntegrationTest",
            "messageBody": "",
            "fileTypesAndContributionMap": {
              "test-code": {
                "insertions": 74,
                "deletions": 0
              }
            }
          }
        ]
      },
      {
        "date": "2020-10-10",
        "commitResults": [
          {
            "hash": "5e4570b70dbc1c765ae07c907b9825f9e20a511a",
            "messageTitle": "Add switch command to switch tabs",
            "messageBody": "",
            "fileTypesAndContributionMap": {
              "functional-code": {
                "insertions": 73,
                "deletions": 14
              }
            }
          },
          {
            "hash": "01e0763db867d48394eeae5594eb52be9b20bd3c",
            "messageTitle": "Fix switch command",
            "messageBody": "",
            "fileTypesAndContributionMap": {
              "functional-code": {
                "insertions": 5,
                "deletions": 5
              }
            }
          },
          {
            "hash": "0d00b413495b4c248b072bc32cf06677ccf450e1",
            "messageTitle": "Fix switch command",
            "messageBody": "",
            "fileTypesAndContributionMap": {
              "functional-code": {
                "insertions": 9,
                "deletions": 10
              }
            }
          },
          {
            "hash": "fe6a3257eccb92c9fd4424996539e86c26eda761",
            "messageTitle": "Fix checkstyle issues",
            "messageBody": "",
            "fileTypesAndContributionMap": {
              "functional-code": {
                "insertions": 16,
                "deletions": 2
              }
            }
          },
          {
            "hash": "219f99e73b9ab2cf545ded543c5dacbb532bc2c0",
            "messageTitle": "Update addc and addj to switch tabs",
            "messageBody": "",
            "fileTypesAndContributionMap": {
              "functional-code": {
                "insertions": 2,
                "deletions": 2
              }
            }
          },
          {
            "hash": "96996af60407b584216972ef5d5211ceae78a192",
            "messageTitle": "AddressBookParser to AppParser, listc and listj commands",
            "messageBody": "",
            "fileTypesAndContributionMap": {
              "functional-code": {
                "insertions": 29,
                "deletions": 5
              },
              "other": {
                "insertions": 29,
                "deletions": 25
              },
              "test-code": {
                "insertions": 3,
                "deletions": 3
              }
            }
          },
          {
            "hash": "c4ccbab2f9535bf35d020e49c715b20db7e221b0",
            "messageTitle": "Rename AppParser back to AddressBookParser",
            "messageBody": "",
            "fileTypesAndContributionMap": {
              "functional-code": {
                "insertions": 5,
                "deletions": 5
              },
              "other": {
                "insertions": 8,
                "deletions": 8
              }
            }
          },
          {
            "hash": "2844cd98f9edb9793d858b1b7019728de333669a",
            "messageTitle": "Listc and listj commands switch tabs",
            "messageBody": "",
            "fileTypesAndContributionMap": {
              "functional-code": {
                "insertions": 2,
                "deletions": 2
              }
            }
          },
          {
            "hash": "2912c7a1bdad4d74445422398dd9000d9726eb54",
            "messageTitle": "Update clearc and clearj commands to switch tabs",
            "messageBody": "",
            "fileTypesAndContributionMap": {
              "functional-code": {
                "insertions": 32,
                "deletions": 14
              },
              "other": {
                "insertions": 8,
                "deletions": 8
              },
              "test-code": {
                "insertions": 7,
                "deletions": 7
              }
            }
          },
          {
            "hash": "e9f156bbde12604bab5cfafd49c52f311fa6fb69",
            "messageTitle": "Update to pass checkstyle",
            "messageBody": "",
            "fileTypesAndContributionMap": {
              "functional-code": {
                "insertions": 12,
                "deletions": 2
              }
            }
          },
          {
            "hash": "8ab581a1220b2a8d4b4fbc2883532ebfff7a9e19",
            "messageTitle": "Update LogicManager to save journal on returning of executed commands",
            "messageBody": "",
            "fileTypesAndContributionMap": {
              "functional-code": {
                "insertions": 1,
                "deletions": 0
              }
            }
          },
          {
            "hash": "6341f763cc5b43f4a8ecce0023d78219b6d4e82b",
            "messageTitle": "Add view commands",
            "messageBody": "",
            "fileTypesAndContributionMap": {
              "functional-code": {
                "insertions": 171,
                "deletions": 0
              },
              "test-code": {
                "insertions": 10,
                "deletions": 0
              }
            }
          },
          {
            "hash": "508378d392d92ec3b468c0b19ebe86eab902b0aa",
            "messageTitle": "Fix bugs for view commands",
            "messageBody": "",
            "fileTypesAndContributionMap": {
              "functional-code": {
                "insertions": 4,
                "deletions": 2
              }
            }
          },
          {
            "hash": "d68024bf5830943e8a33c0a2563054f83131bb21",
            "messageTitle": "Tokenize scope in view commands",
            "messageBody": "",
            "fileTypesAndContributionMap": {
              "functional-code": {
                "insertions": 42,
                "deletions": 12
              }
            }
          },
          {
            "hash": "b0a70e1d44daee5a0257d08a15315655e5bbe04e",
            "messageTitle": "Change command format",
            "messageBody": "",
            "fileTypesAndContributionMap": {
              "functional-code": {
                "insertions": 25,
                "deletions": 22
              }
            }
          },
          {
            "hash": "4a7773d84bddab38d97389e071ce9f83ad7b92bc",
            "messageTitle": "View commands can navigate tabs",
            "messageBody": "",
            "fileTypesAndContributionMap": {
              "functional-code": {
                "insertions": 5,
                "deletions": 3
              }
            }
          },
          {
            "hash": "4fc0a2872d8febc9454c8a13a6b1438b5df1dccb",
            "messageTitle": "Fix listj command to show all entries",
            "messageBody": "",
            "fileTypesAndContributionMap": {
              "functional-code": {
                "insertions": 1,
                "deletions": 2
              }
            }
          }
        ]
      },
      {
        "date": "2020-10-11",
        "commitResults": [
          {
            "hash": "6a86853299d27d9849401d6fe20c17aa341c988a",
            "messageTitle": "Add DeleteJournalEntryCommand",
            "messageBody": "",
            "fileTypesAndContributionMap": {
              "functional-code": {
                "insertions": 56,
                "deletions": 1
              }
            }
          },
          {
            "hash": "d85832ccf33344243763afea6040c3860d1799ae",
            "messageTitle": "Complete deletec, deletej commands",
            "messageBody": "",
            "fileTypesAndContributionMap": {
              "functional-code": {
                "insertions": 42,
                "deletions": 18
              },
              "other": {
                "insertions": 38,
                "deletions": 38
              },
              "test-code": {
                "insertions": 6,
                "deletions": 12
              }
            }
          },
          {
            "hash": "9fa8540538c038022692b6b603a3a759effd8799",
            "messageTitle": "Fix CI issues",
            "messageBody": "",
            "fileTypesAndContributionMap": {
              "functional-code": {
                "insertions": 15,
                "deletions": 1
              },
              "test-code": {
                "insertions": 8,
                "deletions": 2
              }
            }
          },
          {
            "hash": "1c1d9cecb6a8708e0be504b25cf1d09b0bc4b9ce",
            "messageTitle": "Fix help command not to switch tabs",
            "messageBody": "",
            "fileTypesAndContributionMap": {
              "functional-code": {
                "insertions": 19,
                "deletions": 7
              }
            }
          },
          {
            "hash": "b934c1aeb3d0e205047ef093e75e02f376f481a3",
            "messageTitle": "Support tags in addj",
            "messageBody": "",
            "fileTypesAndContributionMap": {
              "functional-code": {
                "insertions": 5,
                "deletions": 4
              }
            }
          },
          {
            "hash": "e4f30786becbeef4b7615d299b87adb2f2f8057a",
            "messageTitle": "Support contacts in addj",
            "messageBody": "",
            "fileTypesAndContributionMap": {
              "functional-code": {
                "insertions": 40,
                "deletions": 8
              }
            }
          },
          {
            "hash": "11fe4c0c1012d04dab5c0f54ef06654ba14ff2e9",
            "messageTitle": "Update addj message",
            "messageBody": "",
            "fileTypesAndContributionMap": {
              "functional-code": {
                "insertions": 8,
                "deletions": 6
              }
            }
          },
          {
            "hash": "734ce16840709a640ac1dd8a7c3129312a596c46",
            "messageTitle": "Fix CI issues",
            "messageBody": "",
            "fileTypesAndContributionMap": {
              "functional-code": {
                "insertions": 32,
                "deletions": 10
              }
            }
          }
        ]
      },
      {
        "date": "2020-10-12",
        "commitResults": [
          {
            "hash": "af0a7f6d4fbd1a61253300a950bbc4c2effe0746",
            "messageTitle": "Update UserGuide.md",
            "messageBody": "",
            "fileTypesAndContributionMap": {
              "docs": {
                "insertions": 40,
                "deletions": 26
              }
            }
          },
          {
            "hash": "51ed038110bb28adca806a238f2d9cfe5e2c35c1",
            "messageTitle": "Update UserGuide.md",
            "messageBody": "",
            "fileTypesAndContributionMap": {
              "docs": {
                "insertions": 5,
                "deletions": 3
              }
            }
          },
          {
            "hash": "ebf25b64c3ec7c609b2076431849c1d8cf976ff2",
            "messageTitle": "Update deletej messages",
            "messageBody": "",
            "fileTypesAndContributionMap": {
              "functional-code": {
                "insertions": 24,
                "deletions": 7
              },
              "test-code": {
                "insertions": 4,
                "deletions": 2
              }
            }
          },
          {
            "hash": "3735779761e7ef165d88def5d4c879e3e9a5e3dd",
            "messageTitle": "Make address optional in addc",
            "messageBody": "",
            "fileTypesAndContributionMap": {
              "functional-code": {
                "insertions": 22,
                "deletions": 6
              }
            }
          },
          {
            "hash": "41e9553adc75f28b018e0f42f0e5391d8bd663f4",
            "messageTitle": "Make phone optional in addc",
            "messageBody": "",
            "fileTypesAndContributionMap": {
              "functional-code": {
                "insertions": 21,
                "deletions": 3
              }
            }
          },
          {
            "hash": "04e1796e445dfba492e4cf32e5c9ca6b498e157a",
            "messageTitle": "Make email optional in addc",
            "messageBody": "",
            "fileTypesAndContributionMap": {
              "functional-code": {
                "insertions": 19,
                "deletions": 3
              }
            }
          },
          {
            "hash": "0362d588962edcbdc28553d08f483284f8acd8d0",
            "messageTitle": "Make date optional in addj",
            "messageBody": "",
            "fileTypesAndContributionMap": {
              "functional-code": {
                "insertions": 12,
                "deletions": 9
              }
            }
          },
          {
            "hash": "604da0ce05f089513c2a5fcfb78ec1487e26b120",
            "messageTitle": "Make description optional in addj",
            "messageBody": "",
            "fileTypesAndContributionMap": {
              "functional-code": {
                "insertions": 22,
                "deletions": 6
              }
            }
          },
          {
            "hash": "94975badb7da5556857c1ab4141f0ad06956fadc",
            "messageTitle": "Modify to pass CI and testing",
            "messageBody": "",
            "fileTypesAndContributionMap": {
              "functional-code": {
                "insertions": 21,
                "deletions": 9
              },
              "test-code": {
                "insertions": 34,
                "deletions": 34
              }
            }
          }
        ]
      },
      {
        "date": "2020-10-14",
        "commitResults": [
          {
            "hash": "d51af35c9a0723386a5039b0aa7c748cc09e618b",
            "messageTitle": "Update window title, version and release file name",
            "messageBody": "",
            "fileTypesAndContributionMap": {
              "functional-code": {
                "insertions": 2,
                "deletions": 2
              },
              "other": {
                "insertions": 1,
                "deletions": 1
              }
            }
          }
        ]
      },
      {
        "date": "2020-10-20",
        "commitResults": [
          {
            "hash": "ee63814daa9d433359f67c8329276371f99b517d",
            "messageTitle": "Update find contact command and its parser",
            "messageBody": "",
            "fileTypesAndContributionMap": {
              "functional-code": {
                "insertions": 139,
                "deletions": 33
              }
            }
          },
          {
            "hash": "3f0778642d92776963a235d3767d10f3d14002a9",
            "messageTitle": "Bug fix and comment out all tests for find",
            "messageBody": "",
            "fileTypesAndContributionMap": {
              "functional-code": {
                "insertions": 9,
                "deletions": 7
              },
              "test-code": {
                "insertions": 205,
                "deletions": 202
              }
            }
          },
          {
            "hash": "08a22ca4dcac7919a7abfaa155d228094f5f3bb1",
            "messageTitle": "Update find journal entry command and its parser",
            "messageBody": "",
            "fileTypesAndContributionMap": {
              "functional-code": {
                "insertions": 89,
                "deletions": 7
              }
            }
          },
          {
            "hash": "667f94dd76e57be4cab35488afe0fe7f73a6db91",
            "messageTitle": "Add tests for find commands",
            "messageBody": "",
            "fileTypesAndContributionMap": {
              "test-code": {
                "insertions": 245,
                "deletions": 141
              }
            }
          },
          {
            "hash": "d4797bc9b6cae0702766e72fc6588f28fb26afd2",
            "messageTitle": "Add tests for find parser",
            "messageBody": "",
            "fileTypesAndContributionMap": {
              "functional-code": {
                "insertions": 4,
                "deletions": 1
              },
              "test-code": {
                "insertions": 129,
                "deletions": 59
              }
            }
          },
          {
            "hash": "fa916533bd99224ea32d7fe8906600f7d1bd68ce",
            "messageTitle": "Update to pass checkstyle",
            "messageBody": "",
            "fileTypesAndContributionMap": {
              "functional-code": {
                "insertions": 44,
                "deletions": 35
              },
              "test-code": {
                "insertions": 33,
                "deletions": 48
              }
            }
          },
          {
            "hash": "05c0c88ebee1a3a524ba36ac743c0b78f8a7e8d1",
            "messageTitle": "Add assertions",
            "messageBody": "",
            "fileTypesAndContributionMap": {
              "functional-code": {
                "insertions": 11,
                "deletions": 2
              }
            }
          },
          {
            "hash": "79b7f564e79df795dc7c19b4e218a8ae6b612771",
            "messageTitle": "Add logging",
            "messageBody": "",
            "fileTypesAndContributionMap": {
              "functional-code": {
                "insertions": 1,
                "deletions": 1
              }
            }
          },
          {
            "hash": "3098aad4168feaaa55923ee2feb4b7043578f581",
            "messageTitle": "Update to pass checkstyle",
            "messageBody": "",
            "fileTypesAndContributionMap": {
              "functional-code": {
                "insertions": 1,
                "deletions": 1
              }
            }
          }
        ]
      },
      {
        "date": "2020-10-21",
        "commitResults": [
          {
            "hash": "a880a0239782f5c75f7382f975300c8743c3855e",
            "messageTitle": "Add UG for find",
            "messageBody": "",
            "fileTypesAndContributionMap": {
              "docs": {
                "insertions": 23,
                "deletions": 0
              }
            }
          },
          {
            "hash": "3d72272c9235f6e25f49281c766da99bcb424aff",
            "messageTitle": "Update DG for tab navigation",
            "messageBody": "",
            "fileTypesAndContributionMap": {
              "docs": {
                "insertions": 45,
                "deletions": 0
              }
            }
          }
        ]
      }
    ],
    "jazerler": [
      {
        "date": "2020-09-29",
        "commitResults": [
          {
            "hash": "ee5475543fe133830a98b758307e15a5f4f6f599",
            "messageTitle": "Update diagrams in DG",
            "messageBody": "",
            "fileTypesAndContributionMap": {
              "docs": {
                "insertions": 11,
                "deletions": 3
              }
            }
          }
        ]
      },
      {
        "date": "2020-10-06",
        "commitResults": [
          {
            "hash": "a939507ab3f0d0a2474e14f8afdefe255dc229f9",
            "messageTitle": "Update user guide link in help window",
            "messageBody": "",
            "fileTypesAndContributionMap": {
              "functional-code": {
                "insertions": 1,
                "deletions": 1
              }
            }
          },
          {
            "hash": "9584b97a7de13007ed266ac67a6fd4e40cfbb3c0",
            "messageTitle": "Change \u0027remove\u0027 to \u0027delete\u0027 in User Guide",
            "messageBody": "",
            "fileTypesAndContributionMap": {
              "docs": {
                "insertions": 13,
                "deletions": 13
              }
            }
          }
        ]
      },
      {
        "date": "2020-10-07",
        "commitResults": [
          {
            "hash": "87c06e982ffbbdf287d211b73e1b15cfb2ae00ac",
            "messageTitle": "Add Tags to Entry",
            "messageBody": "",
            "fileTypesAndContributionMap": {
              "functional-code": {
                "insertions": 39,
                "deletions": 11
              },
              "test-code": {
                "insertions": 8,
                "deletions": 1
              }
            }
          },
          {
            "hash": "6b042b973d0bc516255d01b645e308de18511a70",
            "messageTitle": "Add tag to EntryCard",
            "messageBody": "",
            "fileTypesAndContributionMap": {
              "functional-code": {
                "insertions": 12,
                "deletions": 1
              }
            }
          }
        ]
      },
      {
        "date": "2020-10-13",
        "commitResults": [
          {
            "hash": "98bec473612a34c9f6167224089ef0d5b36c615c",
            "messageTitle": "Updatate DG diagrams",
            "messageBody": "",
            "fileTypesAndContributionMap": {
              "docs": {
                "insertions": 4,
                "deletions": 4
              }
            }
          }
        ]
      }
    ],
    "Lingy12": [
      {
        "date": "2020-09-12",
        "commitResults": [
          {
            "hash": "6c9df071266470785e693e59b7adfbdc2de0f3dc",
            "messageTitle": "Update UserGuide.md",
            "messageBody": "",
            "fileTypesAndContributionMap": {
              "docs": {
                "insertions": 10,
                "deletions": 8
              }
            }
          }
        ]
      },
      {
        "date": "2020-09-21",
        "commitResults": [
          {
            "hash": "a53ed0774a17260c7aff59154cac3c91b3859378",
            "messageTitle": "Support unimplemented interface for journal",
            "messageBody": "",
            "fileTypesAndContributionMap": {
              "functional-code": {
                "insertions": 37,
                "deletions": 0
              }
            }
          },
          {
            "hash": "d9627a4d8910e63ccf9a1ff4feef9d1a2b910f6f",
            "messageTitle": "Support basic functionality of Journal",
            "messageBody": "",
            "fileTypesAndContributionMap": {
              "functional-code": {
                "insertions": 151,
                "deletions": 7
              },
              "other": {
                "insertions": 3,
                "deletions": 1
              }
            }
          },
          {
            "hash": "ffa85c435e145105686b5b96924fbbab3f4c7132",
            "messageTitle": "Support the operations for add/delete journal",
            "messageBody": "",
            "fileTypesAndContributionMap": {
              "functional-code": {
                "insertions": 102,
                "deletions": 7
              }
            }
          }
        ]
      },
      {
        "date": "2020-09-27",
        "commitResults": [
          {
            "hash": "affdff9c9cd11ed0e9afe2b7136f91fa6cae080c",
            "messageTitle": "Update user stories",
            "messageBody": "",
            "fileTypesAndContributionMap": {
              "docs": {
                "insertions": 5,
                "deletions": 3
              }
            }
          },
          {
            "hash": "9a4320661a17673da6c40bfd2d5369bd6e129ab4",
            "messageTitle": "Update use cases",
            "messageBody": "",
            "fileTypesAndContributionMap": {
              "docs": {
                "insertions": 40,
                "deletions": 3
              }
            }
          }
        ]
      },
      {
        "date": "2020-09-30",
        "commitResults": [
          {
            "hash": "03fb74748890a5129b82d6c67819a2a3561d4455",
            "messageTitle": "Update DeveloperGuide.md",
            "messageBody": "",
            "fileTypesAndContributionMap": {
              "docs": {
                "insertions": 1,
                "deletions": 1
              }
            }
          }
        ]
      },
      {
        "date": "2020-10-05",
        "commitResults": [
          {
            "hash": "59e1871cf745da35d6b53fba62d15c02c5afb5e6",
            "messageTitle": "Support EntryBuilder for testing",
            "messageBody": "",
            "fileTypesAndContributionMap": {
              "test-code": {
                "insertions": 128,
                "deletions": 0
              }
            }
          },
          {
            "hash": "bb866c9d1dee712a345e451bf0bde5d7c024903e",
            "messageTitle": "Support JournalBuilder to build a journal for testing",
            "messageBody": "",
            "fileTypesAndContributionMap": {
              "test-code": {
                "insertions": 38,
                "deletions": 2
              }
            }
          },
          {
            "hash": "34784bd47214946c95004aa1bc2169cb0238e1e8",
            "messageTitle": "Update validation for Description and Title",
            "messageBody": "",
            "fileTypesAndContributionMap": {
              "functional-code": {
                "insertions": 26,
                "deletions": 0
              }
            }
          },
          {
            "hash": "201647aa116e2359ce2a8e4ac8acffa7a7104128",
            "messageTitle": "Update Date format and sample Entry",
            "messageBody": "",
            "fileTypesAndContributionMap": {
              "functional-code": {
                "insertions": 23,
                "deletions": 18
              },
              "test-code": {
                "insertions": 200,
                "deletions": 21
              }
            }
          }
        ]
      },
      {
        "date": "2020-10-06",
        "commitResults": [
          {
            "hash": "2385bce78973bb0fbc616edf7abe30d6b2b66bc0",
            "messageTitle": "Support EntryUtil",
            "messageBody": "",
            "fileTypesAndContributionMap": {
              "functional-code": {
                "insertions": 1,
                "deletions": 0
              },
              "test-code": {
                "insertions": 79,
                "deletions": 5
              }
            }
          },
          {
            "hash": "d04f554c74748cd22636b9a4dca9b48270631900",
            "messageTitle": "Support Journal unit testing",
            "messageBody": "",
            "fileTypesAndContributionMap": {
              "test-code": {
                "insertions": 69,
                "deletions": 7
              }
            }
          }
        ]
      },
      {
        "date": "2020-10-07",
        "commitResults": [
          {
            "hash": "39ffe9f733911010c8aa731c041883be47c4ad99",
            "messageTitle": "Support uniqueEntryListTest",
            "messageBody": "",
            "fileTypesAndContributionMap": {
              "test-code": {
                "insertions": 126,
                "deletions": 0
              }
            }
          }
        ]
      },
      {
        "date": "2020-10-08",
        "commitResults": [
          {
            "hash": "6c36c8de72db6b7d5d5d11bcba1016c904635408",
            "messageTitle": "Enhance testing coverage for model/journal",
            "messageBody": "",
            "fileTypesAndContributionMap": {
              "test-code": {
                "insertions": 94,
                "deletions": 4
              }
            }
          },
          {
            "hash": "160c5d09eaae882d2920da506d60b9845d2dc99c",
            "messageTitle": "Fix typo on style issues",
            "messageBody": "",
            "fileTypesAndContributionMap": {
              "test-code": {
                "insertions": 2,
                "deletions": 3
              }
            }
          },
          {
            "hash": "e1910df7664b3255c666fd13ab69cb993147a286",
            "messageTitle": "Enhance branch coverage",
            "messageBody": "",
            "fileTypesAndContributionMap": {
              "test-code": {
                "insertions": 63,
                "deletions": 0
              }
            }
          }
        ]
      },
      {
        "date": "2020-10-11",
        "commitResults": [
          {
            "hash": "ceda28b912b42eb0e4f6b28111acf13a2948c62d",
            "messageTitle": "Update model interface to have deleteEntry",
            "messageBody": "",
            "fileTypesAndContributionMap": {
              "functional-code": {
                "insertions": 8,
                "deletions": 0
              }
            }
          },
          {
            "hash": "92b63dbac9e65811edf9b87201c87492c774bd76",
            "messageTitle": "Update testing to fit new model",
            "messageBody": "",
            "fileTypesAndContributionMap": {
              "functional-code": {
                "insertions": 5,
                "deletions": 1
              },
              "test-code": {
                "insertions": 10,
                "deletions": 0
              }
            }
          }
        ]
      },
      {
        "date": "2020-10-12",
        "commitResults": [
          {
            "hash": "b35e9213f7eea692f1e9e2091addaf3945981e47",
            "messageTitle": "Update functionality to delete associate entry when delete a contact",
            "messageBody": "",
            "fileTypesAndContributionMap": {
              "functional-code": {
                "insertions": 33,
                "deletions": 0
              }
            }
          },
          {
            "hash": "8fb50b62ed7033a2b3ad8a6e3714d05b3717fd97",
            "messageTitle": "Update the definition of equality of Entry objects",
            "messageBody": "",
            "fileTypesAndContributionMap": {
              "functional-code": {
                "insertions": 1,
                "deletions": 4
              }
            }
          },
          {
            "hash": "705b86b3f234ca3ded49a745c9c651e34f394048",
            "messageTitle": "Update test cases for typical entry",
            "messageBody": "",
            "fileTypesAndContributionMap": {
              "test-code": {
                "insertions": 8,
                "deletions": 6
              }
            }
          },
          {
            "hash": "865d8517f30558f379424179a16815f3f4a062e2",
            "messageTitle": "Update test for deleting contact associate entry",
            "messageBody": "",
            "fileTypesAndContributionMap": {
              "functional-code": {
                "insertions": 2,
                "deletions": 0
              },
              "test-code": {
                "insertions": 36,
                "deletions": 0
              }
            }
          },
          {
            "hash": "3592129af1a56f5b1debc15c0690f1903fa5e96b",
            "messageTitle": "Update model",
            "messageBody": "",
            "fileTypesAndContributionMap": {
              "functional-code": {
                "insertions": 1,
                "deletions": 1
              }
            }
          },
          {
            "hash": "4f629b4b38683eb0403893cdc6ad461359f082c3",
            "messageTitle": "Support predicate for title",
            "messageBody": "",
            "fileTypesAndContributionMap": {
              "functional-code": {
                "insertions": 28,
                "deletions": 0
              }
            }
          },
          {
            "hash": "b8dcf9e83bc0d7f636b899e650407924155e716e",
            "messageTitle": "Update DeveloperGuide.md",
            "messageBody": "",
            "fileTypesAndContributionMap": {
              "docs": {
                "insertions": 1,
                "deletions": 1
              }
            }
          }
        ]
      },
      {
        "date": "2020-10-14",
        "commitResults": [
          {
            "hash": "d2d87ae388562c00ed743f10d92174827e5a3569",
            "messageTitle": "Update UserGuide.md",
            "messageBody": "",
            "fileTypesAndContributionMap": {
              "docs": {
                "insertions": 1,
                "deletions": 1
              }
            }
          },
          {
            "hash": "143b6a8800d79efa7da92d96f7dc718d7b633722",
            "messageTitle": "Update UserGuide.md",
            "messageBody": "",
            "tags": [
              "v1.2"
            ],
            "fileTypesAndContributionMap": {
              "docs": {
                "insertions": 1,
                "deletions": 1
              }
            }
          }
        ]
      },
      {
        "date": "2020-10-16",
        "commitResults": [
          {
            "hash": "a09d7c168937b66b54a3bdc2e0247ad96af1be29",
            "messageTitle": "Fix bug that delete all entry related to person",
            "messageBody": "",
            "fileTypesAndContributionMap": {
              "functional-code": {
                "insertions": 23,
                "deletions": 3
              },
              "test-code": {
                "insertions": 31,
                "deletions": 8
              }
            }
          },
          {
            "hash": "5950fe8f0192cd3049ce543df8e06fcb3a38794c",
            "messageTitle": "Enhance test cases",
            "messageBody": "",
            "fileTypesAndContributionMap": {
              "test-code": {
                "insertions": 3,
                "deletions": 5
              }
            }
          },
          {
            "hash": "397fc745f0ecfa870b2c0881334bf7defeed28b3",
            "messageTitle": "Fix import statement",
            "messageBody": "",
            "fileTypesAndContributionMap": {
              "test-code": {
                "insertions": 4,
                "deletions": 1
              }
            }
          },
          {
            "hash": "53592277d12870e1332f968e1c0cd3f47a9d4316",
            "messageTitle": "Fix bug that journal cannot update with addressbook",
            "messageBody": "",
            "fileTypesAndContributionMap": {
              "functional-code": {
                "insertions": 25,
                "deletions": 0
              }
            }
          }
        ]
      },
      {
        "date": "2020-10-18",
        "commitResults": [
          {
            "hash": "18ef4d7271a0bfd52d12c1c09dbe244d1ca62e00",
            "messageTitle": "Update model stub to fit new model",
            "messageBody": "",
            "fileTypesAndContributionMap": {
              "test-code": {
                "insertions": 10,
                "deletions": 0
              }
            }
          }
        ]
      },
      {
        "date": "2020-10-19",
        "commitResults": [
          {
            "hash": "816d3074a38c6324835c690cac0d59486decffa4",
            "messageTitle": "Enhance testing for model manager",
            "messageBody": "",
            "fileTypesAndContributionMap": {
              "functional-code": {
                "insertions": 2,
                "deletions": 1
              },
              "test-code": {
                "insertions": 39,
                "deletions": 10
              }
            }
          },
          {
            "hash": "3627f870e75630cff58b80f6b84596ede80ed970",
            "messageTitle": "Support clear journal contacts",
            "messageBody": "",
            "fileTypesAndContributionMap": {
              "functional-code": {
                "insertions": 7,
                "deletions": 10
              },
              "test-code": {
                "insertions": 2,
                "deletions": 2
              }
            }
          },
          {
            "hash": "a33f654e60ced4f19405d6f529ed45de86941b41",
            "messageTitle": "Support alias mapping",
            "messageBody": "",
            "fileTypesAndContributionMap": {
              "functional-code": {
                "insertions": 69,
                "deletions": 0
              },
              "test-code": {
                "insertions": 5,
                "deletions": 5
              }
            }
          },
          {
            "hash": "d8ab292bddc932afdc8aefc3d4ff019726738be4",
            "messageTitle": "Update parser to support alias",
            "messageBody": "",
            "fileTypesAndContributionMap": {
              "functional-code": {
                "insertions": 24,
                "deletions": 26
              }
            }
          },
          {
            "hash": "4fd5059a3524175e075ece36b694a227b58bce14",
            "messageTitle": "Support add alias for future use",
            "messageBody": "",
            "fileTypesAndContributionMap": {
              "functional-code": {
                "insertions": 14,
                "deletions": 5
              }
            }
          },
          {
            "hash": "062f49e43a31e47ac95134a5c9b00622642bd051",
            "messageTitle": "Support unit testing for ValidCommand class",
            "messageBody": "",
            "fileTypesAndContributionMap": {
              "functional-code": {
                "insertions": 33,
                "deletions": 24
              },
              "test-code": {
                "insertions": 53,
                "deletions": 0
              }
            }
          },
          {
            "hash": "3a0f4d70838cb5436a8c378fd693d6225fde4884",
            "messageTitle": "Enable assertion",
            "messageBody": "",
            "fileTypesAndContributionMap": {
              "functional-code": {
                "insertions": 2,
                "deletions": 0
              },
              "other": {
                "insertions": 4,
                "deletions": 0
              }
            }
          }
        ]
      },
      {
        "date": "2020-10-20",
        "commitResults": [
          {
            "hash": "64b24f023225e60d652c9092168bab1f4372fac6",
            "messageTitle": "Update related class diagram",
            "messageBody": "",
            "fileTypesAndContributionMap": {
              "docs": {
                "insertions": 2,
                "deletions": 0
              }
            }
          },
          {
            "hash": "b1f76e8deaad55d42f889b06dc68890defba3f4c",
            "messageTitle": "Update sequence diagram for implementing command alias",
            "messageBody": "",
            "fileTypesAndContributionMap": {
              "docs": {
                "insertions": 20,
                "deletions": 1
              }
            }
          },
          {
            "hash": "17f2b4d8336c7ef1705792ba170ca17945ab5452",
            "messageTitle": "Update format",
            "messageBody": "",
            "fileTypesAndContributionMap": {
              "docs": {
                "insertions": 1,
                "deletions": 2
              }
            }
          },
          {
            "hash": "5390f53eea0eae8a5b1a55b31a1d8b48761b541b",
            "messageTitle": "Update DG format",
            "messageBody": "",
            "fileTypesAndContributionMap": {
              "docs": {
                "insertions": 0,
                "deletions": 1
              }
            }
          },
          {
            "hash": "19a927309aa3cc4c7ef5c47c0f5b9134a365fe3e",
            "messageTitle": "Support model to replace an entry with an editedEntry",
            "messageBody": "",
            "fileTypesAndContributionMap": {
              "functional-code": {
                "insertions": 39,
                "deletions": 0
              }
            }
          },
          {
            "hash": "24f2f303d5d7c21e32987e42c9f0a5613c66fd9b",
            "messageTitle": "Update testing for UniqueEntryList",
            "messageBody": "",
            "fileTypesAndContributionMap": {
              "functional-code": {
                "insertions": 2,
                "deletions": 2
              },
              "test-code": {
                "insertions": 44,
                "deletions": 0
              }
            }
          },
          {
            "hash": "b31bbc661e9b13c5689ab12682bb177d4fa78944",
            "messageTitle": "Fix import statement",
            "messageBody": "",
            "fileTypesAndContributionMap": {
              "functional-code": {
                "insertions": 0,
                "deletions": 2
              }
            }
          }
        ]
      },
      {
        "date": "2020-10-21",
        "commitResults": [
          {
            "hash": "47e17f2406103d495640be9556a823d4676e3404",
            "messageTitle": "Add code snippit to alias part in DG",
            "messageBody": "",
            "fileTypesAndContributionMap": {
              "docs": {
                "insertions": 59,
                "deletions": 1
              }
            }
          }
        ]
      }
    ],
    "Nauw1010": [
      {
        "date": "2020-09-22",
        "commitResults": [
          {
            "hash": "08025fd0e1aef21fdc616a46804bb959c48fd731",
            "messageTitle": "Display journal in UI",
            "messageBody": "",
            "fileTypesAndContributionMap": {
              "functional-code": {
                "insertions": 293,
                "deletions": 32
              }
            }
          }
        ]
      },
      {
        "date": "2020-09-23",
        "commitResults": [
          {
            "hash": "4a08d181c35295195ff5f1254a91eeb4d18faea2",
            "messageTitle": "Rename files and check style",
            "messageBody": "",
            "fileTypesAndContributionMap": {
              "functional-code": {
                "insertions": 57,
                "deletions": 58
              },
              "other": {
                "insertions": 14,
                "deletions": 12
              },
              "test-code": {
                "insertions": 46,
                "deletions": 22
              }
            }
          }
        ]
      },
      {
        "date": "2020-09-29",
        "commitResults": [
          {
            "hash": "1a6e0b64437f26db7f0b68477c8b296e24497c6d",
            "messageTitle": "Update Readme.md and upload nauw1010.png",
            "messageBody": "",
            "fileTypesAndContributionMap": {
              "docs": {
                "insertions": 13,
                "deletions": 11
              }
            }
          }
        ]
      },
      {
        "date": "2020-10-08",
        "commitResults": [
          {
            "hash": "a812e216db17aa3637732caf68556840be58af4b",
            "messageTitle": "Move down the command box",
            "messageBody": "",
            "fileTypesAndContributionMap": {
              "functional-code": {
                "insertions": 12,
                "deletions": 10
              }
            }
          }
        ]
      },
      {
        "date": "2020-10-09",
        "commitResults": [
          {
            "hash": "023bd28622fae9e36f0d354d8514871dcfc9f5a7",
            "messageTitle": "Add a switch tab bar",
            "messageBody": "",
            "fileTypesAndContributionMap": {
              "functional-code": {
                "insertions": 29,
                "deletions": 13
              },
              "other": {
                "insertions": 2,
                "deletions": 0
              }
            }
          }
        ]
      },
      {
        "date": "2020-10-13",
        "commitResults": [
          {
            "hash": "a72da3d5948188ee63453749349527bfc3af84fd",
            "messageTitle": "Display the description of Journal entry.",
            "messageBody": "",
            "fileTypesAndContributionMap": {
              "functional-code": {
                "insertions": 160,
                "deletions": 48
              }
            }
          },
          {
            "hash": "cddeae5ac9eaf287544ab49e42e3e48d79bd3135",
            "messageTitle": "Checkstyle",
            "messageBody": "",
            "fileTypesAndContributionMap": {
              "functional-code": {
                "insertions": 7,
                "deletions": 2
              }
            }
          },
          {
            "hash": "fec0adb3963aa4451c35477a49eda5d3979bbf72",
            "messageTitle": "Make View can automatically display the description",
            "messageBody": "",
            "fileTypesAndContributionMap": {
              "functional-code": {
                "insertions": 19,
                "deletions": 1
              }
            }
          },
          {
            "hash": "0fa8c620628fe1de0fe3f0f0b09582b7fa8387fe",
            "messageTitle": "Checkstyle",
            "messageBody": "",
            "fileTypesAndContributionMap": {
              "functional-code": {
                "insertions": 1,
                "deletions": 1
              }
            }
          }
        ]
      },
      {
        "date": "2020-10-14",
        "commitResults": [
          {
            "hash": "ce25ef26ad7f42ddab30471db8775143ef440068",
            "messageTitle": "Fix bug which keep showing the deleted entry",
            "messageBody": "",
            "fileTypesAndContributionMap": {
              "functional-code": {
                "insertions": 45,
                "deletions": 15
              }
            }
          },
          {
            "hash": "715497e1e28c49c18349738a463ab4536b984156",
            "messageTitle": "Checkstyle",
            "messageBody": "",
            "fileTypesAndContributionMap": {
              "functional-code": {
                "insertions": 1,
                "deletions": 1
              }
            }
          }
        ]
      }
    ]
  },
  "authorFileTypeContributionMap": {
    "joshualiangxy": {
      "docs": 329,
      "functional-code": 1295,
      "test-code": 4396,
      "other": 11
    },
    "zhXchD": {
      "docs": 127,
      "functional-code": 994,
      "test-code": 907,
      "other": 1
    },
    "jazerler": {
      "docs": 21,
      "functional-code": 46,
      "test-code": 4
    },
    "Lingy12": {
      "docs": 121,
      "functional-code": 539,
      "test-code": 896,
      "other": 4
    },
    "Nauw1010": {
      "docs": 13,
      "functional-code": 450,
      "test-code": 25,
      "other": 2
    }
  },
  "authorContributionVariance": {
    "joshualiangxy": 1067782.8,
    "zhXchD": 44940.27,
    "jazerler": 85.933876,
    "Lingy12": 6729.0493,
    "Nauw1010": 2872.0566
  },
  "authorDisplayNameMap": {
    "joshualiangxy": "CS2103T-W17-4 JOSH..NGYA",
    "zhXchD": "CS2103T-W17-4 ZHU ..CHEN",
    "jazerler": "CS2103T-W17-4 LER ..AZER",
    "Lingy12": "CS2103T-W17-4 LIN ..GEYU",
    "Nauw1010": "CS2103T-W17-4 LIN ..YANG"
  }
}
