{
  "authorDailyContributionsMap": {
    "gabztcr": [
      {
        "date": "2020-09-17",
        "commitResults": [
          {
            "hash": "02554f64f2f3bf0fbe12e5d6ee01b6f26c8d70c9",
            "messageTitle": "Add project name in index",
            "messageBody": "",
            "fileTypesAndContributionMap": {
              "docs": {
                "insertions": 1,
                "deletions": 1
              }
            }
          }
        ]
      },
      {
        "date": "2020-09-27",
        "commitResults": [
          {
            "hash": "d240ad5fd0a24f2cc72be336790b572449b83328",
            "messageTitle": "Update AboutUs for Gabriel",
            "messageBody": "",
            "fileTypesAndContributionMap": {
              "docs": {
                "insertions": 4,
                "deletions": 4
              }
            }
          }
        ]
      },
      {
        "date": "2020-09-28",
        "commitResults": [
          {
            "hash": "c5b85dae79f0e4e1b3f59a176b7fb2ce5366c7fd",
            "messageTitle": "Update UserGuide.md",
            "messageBody": "",
            "fileTypesAndContributionMap": {
              "docs": {
                "insertions": 169,
                "deletions": 73
              }
            }
          }
        ]
      },
      {
        "date": "2020-09-30",
        "commitResults": [
          {
            "hash": "b0550ea8b92c4bc015a1bc8ba7171193d1d95b87",
            "messageTitle": "Add minor change to trigger CI",
            "messageBody": "",
            "fileTypesAndContributionMap": {
              "docs": {
                "insertions": 2,
                "deletions": 2
              }
            }
          }
        ]
      },
      {
        "date": "2020-10-04",
        "commitResults": [
          {
            "hash": "383be2e917ae25ec02836421f85fbbbd014178dd",
            "messageTitle": "Implement Add and Delete deliverable features",
            "messageBody": "",
            "fileTypesAndContributionMap": {
              "functional-code": {
                "insertions": 503,
                "deletions": 48
              }
            }
          },
          {
            "hash": "8efac751f10433efa3ce5347d3371fc156215012",
            "messageTitle": "Fix checkstyle errors",
            "messageBody": "",
            "fileTypesAndContributionMap": {
              "test-code": {
                "insertions": 128,
                "deletions": 13
              }
            }
          }
        ]
      },
      {
        "date": "2020-10-08",
        "commitResults": [
          {
            "hash": "7c32f0b8e9e57c78003e74b83d4149c48d5718e5",
            "messageTitle": "Import packages before usage, Implement LocalDateTime field for Deadline, Amend NIL condition",
            "messageBody": "",
            "fileTypesAndContributionMap": {
              "functional-code": {
                "insertions": 29,
                "deletions": 12
              }
            }
          }
        ]
      }
    ],
    "shadowezz": [
      {
        "date": "2020-09-28",
        "commitResults": [
          {
            "hash": "00916ff13394d82ae3de66318c237b5ded6ca449",
            "messageTitle": "Finalise AboutUS page",
            "messageBody": "",
            "fileTypesAndContributionMap": {
              "docs": {
                "insertions": 14,
                "deletions": 13
              }
            }
          }
        ]
      },
      {
        "date": "2020-09-29",
        "commitResults": [
          {
            "hash": "85842bb301ce58e72f88193a121e2aadd1fc9a74",
            "messageTitle": "Move AddressBook, ReadOnlyAddressBook ReadOnlyUserPrefs UserPrefs outside of person package",
            "messageBody": "",
            "fileTypesAndContributionMap": {
              "functional-code": {
                "insertions": 24,
                "deletions": 30
              },
              "other": {
                "insertions": 10,
                "deletions": 4
              },
              "test-code": {
                "insertions": 23,
                "deletions": 29
              }
            }
          },
          {
            "hash": "0c80fff43392811d78e428c7024167ba63b9be67",
            "messageTitle": "Add skeleton Deliverable class",
            "messageBody": "",
            "fileTypesAndContributionMap": {
              "functional-code": {
                "insertions": 62,
                "deletions": 0
              }
            }
          }
        ]
      },
      {
        "date": "2020-09-30",
        "commitResults": [
          {
            "hash": "0eaf36050ffb963311eb674844ad12a01cc65bd7",
            "messageTitle": "Add tests for skeleton Deliverable class",
            "messageBody": "",
            "fileTypesAndContributionMap": {
              "functional-code": {
                "insertions": 10,
                "deletions": 3
              },
              "test-code": {
                "insertions": 122,
                "deletions": 0
              }
            }
          },
          {
            "hash": "bdb156385500066042683be29077eb5550a762f4",
            "messageTitle": "Add LogicDeliverable and skeleton LogicDeliverableManager",
            "messageBody": "",
            "fileTypesAndContributionMap": {
              "functional-code": {
                "insertions": 104,
                "deletions": 1
              }
            }
          },
          {
            "hash": "add44a837eb1d6d2f2e0318af209a8a8ccf8221a",
            "messageTitle": "Create ReadOnlyDeliverableBook, ModelDeliverable, skeleton DeliverableBook and skeleton ModelDeliverableManager",
            "messageBody": "",
            "fileTypesAndContributionMap": {
              "functional-code": {
                "insertions": 186,
                "deletions": 0
              }
            }
          },
          {
            "hash": "3e0433d41c57c3138ee02f78ba6ff2a999c32985",
            "messageTitle": "Create ReadOnlyUserPrefsDeliverable and UserPrefsDeliverable",
            "messageBody": "",
            "fileTypesAndContributionMap": {
              "functional-code": {
                "insertions": 101,
                "deletions": 0
              }
            }
          },
          {
            "hash": "3ac7b6ea05e7ba4143518ccf51fd709588056979",
            "messageTitle": "Create deliverable exceptions, UniqueDeliverableList, as well as add implementations for ReadOnlyDeliverableBook and DeliverableBook",
            "messageBody": "",
            "fileTypesAndContributionMap": {
              "functional-code": {
                "insertions": 269,
                "deletions": 7
              }
            }
          },
          {
            "hash": "2392d42a4957a43e0f80f95b4e9f4209b8499a87",
            "messageTitle": "Implement ModelDeliverableManager",
            "messageBody": "",
            "fileTypesAndContributionMap": {
              "functional-code": {
                "insertions": 77,
                "deletions": 23
              }
            }
          },
          {
            "hash": "3ecb53b0e3443e563699f9d8f8b1c6a3467da430",
            "messageTitle": "Implement UserPrefDeliverableStorage, JsonUserPrefsDeliverableStorage, DeliverableBookStorage and JsonAdaptedDeliverable",
            "messageBody": "",
            "fileTypesAndContributionMap": {
              "functional-code": {
                "insertions": 175,
                "deletions": 0
              }
            }
          },
          {
            "hash": "442951fdebbb2bcc06d0b554cd547f23ab08a8e6",
            "messageTitle": "Implement JsonDeliverableBookStorage and JsonSerializableDeliverableBook",
            "messageBody": "",
            "fileTypesAndContributionMap": {
              "functional-code": {
                "insertions": 133,
                "deletions": 4
              }
            }
          },
          {
            "hash": "503ecdfed061486cc1576d43d3b2a9f63b0ee3df",
            "messageTitle": "Implement StorageDeliverable and StorageDeliverableManager",
            "messageBody": "",
            "fileTypesAndContributionMap": {
              "functional-code": {
                "insertions": 112,
                "deletions": 1
              }
            }
          },
          {
            "hash": "6a8dff2dc27c5d246c4e7c827e64090c3e5bb834",
            "messageTitle": "Extract out UserPref for all models. Hook up DeliverableModel and DeliverableStorage with MainApp. Create sample DeliverableBook.",
            "messageBody": "",
            "fileTypesAndContributionMap": {
              "functional-code": {
                "insertions": 120,
                "deletions": 44
              }
            }
          },
          {
            "hash": "2656bb951ece239ac623445f2e0beff1a082729b",
            "messageTitle": "Implement LogicDeliverableManager, addCommand and addCommand parser for deliverable.",
            "messageBody": "",
            "fileTypesAndContributionMap": {
              "functional-code": {
                "insertions": 224,
                "deletions": 16
              }
            }
          }
        ]
      },
      {
        "date": "2020-10-01",
        "commitResults": [
          {
            "hash": "c52f67c3db9707b4973d527c6eae60ca596215c7",
            "messageTitle": "Hook up deliverable with ui manager. Fix bug in switch command.",
            "messageBody": "",
            "fileTypesAndContributionMap": {
              "functional-code": {
                "insertions": 119,
                "deletions": 10
              },
              "test-code": {
                "insertions": 2,
                "deletions": 1
              }
            }
          },
          {
            "hash": "b0bb2aadea9aeec8c18e4f48da00f548c57fda02",
            "messageTitle": "Build deliverablelistPanel ui component",
            "messageBody": "",
            "fileTypesAndContributionMap": {
              "functional-code": {
                "insertions": 74,
                "deletions": 5
              }
            }
          },
          {
            "hash": "29d8fa7866801756f10ee21755ae64272f998f46",
            "messageTitle": "Fix checkstyle",
            "messageBody": "",
            "fileTypesAndContributionMap": {
              "functional-code": {
                "insertions": 49,
                "deletions": 31
              },
              "test-code": {
                "insertions": 8,
                "deletions": 8
              }
            }
          },
          {
            "hash": "3c0d5e1d2dda881caab0d8e189d6f6d8b6063399",
            "messageTitle": "Code cleanup and javadoc ammendments",
            "messageBody": "",
            "fileTypesAndContributionMap": {
              "functional-code": {
                "insertions": 55,
                "deletions": 241
              },
              "other": {
                "insertions": 35,
                "deletions": 33
              },
              "docs": {
                "insertions": 1,
                "deletions": 1
              },
              "test-code": {
                "insertions": 39,
                "deletions": 34
              }
            }
          },
          {
            "hash": "5d0eb5ba5324f0ff12c358e19b9ed14e1d6901c6",
            "messageTitle": "Fix checkstyle",
            "messageBody": "",
            "fileTypesAndContributionMap": {
              "functional-code": {
                "insertions": 18,
                "deletions": 17
              },
              "test-code": {
                "insertions": 11,
                "deletions": 11
              }
            }
          },
          {
            "hash": "76851747ddcc9e526625b267c6bbf88833a2fb7c",
            "messageTitle": "Move Meeting class into meeting.meeting package",
            "messageBody": "",
            "fileTypesAndContributionMap": {
              "functional-code": {
                "insertions": 7,
                "deletions": 2
              },
              "other": {
                "insertions": 1,
                "deletions": 1
              }
            }
          }
        ]
      },
      {
        "date": "2020-10-09",
        "commitResults": [
          {
            "hash": "7b52a9660031675a0df59a7b8e1e84c555a1018b",
            "messageTitle": "Add DoneCommand to deliverable",
            "messageBody": "",
            "fileTypesAndContributionMap": {
              "functional-code": {
                "insertions": 58,
                "deletions": 0
              }
            }
          },
          {
            "hash": "387dde8ecb90ab1560b8639ebbdb71b39c5aec5d",
            "messageTitle": "Add isComplete field in deliverable",
            "messageBody": "",
            "fileTypesAndContributionMap": {
              "functional-code": {
                "insertions": 23,
                "deletions": 3
              }
            }
          },
          {
            "hash": "bad6bcfd19f620486c955e3df4c64d91173c88c9",
            "messageTitle": "Create editDeliverableDescriptor",
            "messageBody": "",
            "fileTypesAndContributionMap": {
              "functional-code": {
                "insertions": 105,
                "deletions": 0
              }
            }
          },
          {
            "hash": "10b21e30528c35c507d7b4eb5552020b0ad21dfa",
            "messageTitle": "Implement execute method in DoneCommand",
            "messageBody": "",
            "fileTypesAndContributionMap": {
              "functional-code": {
                "insertions": 20,
                "deletions": 2
              }
            }
          },
          {
            "hash": "fb6d4ee86619fe1f768823c415c96eda36db12a2",
            "messageTitle": "Implement parsing for DoneCommand in deliverable",
            "messageBody": "",
            "fileTypesAndContributionMap": {
              "functional-code": {
                "insertions": 33,
                "deletions": 0
              }
            }
          },
          {
            "hash": "bdd3794cf3fc41469578a189d30a040ee4df4e8f",
            "messageTitle": "Update json format of deliverable",
            "messageBody": "",
            "fileTypesAndContributionMap": {
              "functional-code": {
                "insertions": 18,
                "deletions": 5
              }
            }
          },
          {
            "hash": "0531fe6c717f586fb3b25030b45d71e55e6e0ddf",
            "messageTitle": "Implement test cases for updated deliverable class",
            "messageBody": "",
            "fileTypesAndContributionMap": {
              "functional-code": {
                "insertions": 1,
                "deletions": 1
              },
              "test-code": {
                "insertions": 32,
                "deletions": 10
              }
            }
          },
          {
            "hash": "335f02277147836d5dd44aceee0771068c591a29",
            "messageTitle": "Implement temp ui for isComplete without tagging",
            "messageBody": "",
            "fileTypesAndContributionMap": {
              "functional-code": {
                "insertions": 6,
                "deletions": 2
              }
            }
          },
          {
            "hash": "4df30210996732c5894464a05144b07a792c9125",
            "messageTitle": "fix checkstyle",
            "messageBody": "",
            "fileTypesAndContributionMap": {
              "functional-code": {
                "insertions": 17,
                "deletions": 20
              }
            }
          }
        ]
      },
      {
        "date": "2020-10-13",
        "commitResults": [
          {
            "hash": "6f2157226d3c3de5805002976057fcc8caaf4831",
            "messageTitle": "Fix bug in augumentmultimap",
            "messageBody": "",
            "fileTypesAndContributionMap": {
              "functional-code": {
                "insertions": 30,
                "deletions": 126
              }
            }
          },
          {
            "hash": "609b98085c5b2c1b4b2ea237a4bc2df28faf18f1",
            "messageTitle": "fix checkstyle",
            "messageBody": "",
            "fileTypesAndContributionMap": {
              "functional-code": {
                "insertions": 0,
                "deletions": 3
              }
            }
          },
          {
            "hash": "8a0b0347aabbbf2010d03ea2b6928f406ed732ed",
            "messageTitle": "Display completion status of deliverable as a tag",
            "messageBody": "",
            "fileTypesAndContributionMap": {
              "functional-code": {
                "insertions": 11,
                "deletions": 5
              },
              "test-code": {
                "insertions": 1,
                "deletions": 1
              }
            }
          }
        ]
      }
    ],
    "chrystalquek": [
      {
        "date": "2020-09-24",
        "commitResults": [
          {
            "hash": "d0e0618137bbe373a13506fbcb50ec1c49356e4f",
            "messageTitle": "Refactor model and storage",
            "messageBody": "",
            "fileTypesAndContributionMap": {
              "functional-code": {
                "insertions": 105,
                "deletions": 104
              },
              "other": {
                "insertions": 166,
                "deletions": 148
              },
              "docs": {
                "insertions": 30,
                "deletions": 30
              },
              "test-code": {
                "insertions": 207,
                "deletions": 201
              }
            }
          }
        ]
      },
      {
        "date": "2020-09-26",
        "commitResults": [
          {
            "hash": "1ae9085960ef7bdda5d1c8a6f6c67a2d82675d99",
            "messageTitle": "Update AboutUs",
            "messageBody": "",
            "fileTypesAndContributionMap": {
              "docs": {
                "insertions": 4,
                "deletions": 4
              }
            }
          }
        ]
      },
      {
        "date": "2020-09-28",
        "commitResults": [
          {
            "hash": "7bc4491f2173811437e622a597a6f192774aba99",
            "messageTitle": "Implement different modes",
            "messageBody": "",
            "fileTypesAndContributionMap": {
              "functional-code": {
                "insertions": 303,
                "deletions": 30
              },
              "other": {
                "insertions": 2,
                "deletions": 1
              },
              "test-code": {
                "insertions": 1,
                "deletions": 2
              }
            }
          },
          {
            "hash": "bd589b8274b2d95bb5c1d63bb4281671a5297b67",
            "messageTitle": "Update Ui based on mode and update current tests",
            "messageBody": "",
            "fileTypesAndContributionMap": {
              "functional-code": {
                "insertions": 43,
                "deletions": 10
              },
              "other": {
                "insertions": 3,
                "deletions": 3
              },
              "test-code": {
                "insertions": 8,
                "deletions": 8
              }
            }
          },
          {
            "hash": "5a33049e05eb1c672f786eeab4da904cc99c210d",
            "messageTitle": "Update command and parser tests",
            "messageBody": "",
            "fileTypesAndContributionMap": {
              "functional-code": {
                "insertions": 66,
                "deletions": 73
              },
              "other": {
                "insertions": 6,
                "deletions": 10
              },
              "test-code": {
                "insertions": 398,
                "deletions": 61
              }
            }
          },
          {
            "hash": "f5f48732a3cc13b772e411b6630f38c2987f8422",
            "messageTitle": "Fix main and test code style",
            "messageBody": "",
            "fileTypesAndContributionMap": {
              "functional-code": {
                "insertions": 26,
                "deletions": 32
              },
              "test-code": {
                "insertions": 20,
                "deletions": 88
              }
            }
          }
        ]
      },
      {
        "date": "2020-09-29",
        "commitResults": [
          {
            "hash": "49c00158c71e03717a43ec22eec0cc4a76136b5b",
            "messageTitle": "Move ModeEnum into commons package",
            "messageBody": "",
            "fileTypesAndContributionMap": {
              "functional-code": {
                "insertions": 4,
                "deletions": 3
              },
              "other": {
                "insertions": 1,
                "deletions": 1
              },
              "test-code": {
                "insertions": 6,
                "deletions": 6
              }
            }
          },
          {
            "hash": "f347700bff57907a9e4c84ad706e2f98f559baf4",
            "messageTitle": "Add reminder to make a central logic object",
            "messageBody": "",
            "fileTypesAndContributionMap": {
              "functional-code": {
                "insertions": 1,
                "deletions": 0
              }
            }
          },
          {
            "hash": "d29e0970d87e83232a47d32f55e7d4394d689cc3",
            "messageTitle": "Swtich order of imports",
            "messageBody": "",
            "fileTypesAndContributionMap": {
              "functional-code": {
                "insertions": 2,
                "deletions": 2
              },
              "test-code": {
                "insertions": 4,
                "deletions": 4
              }
            }
          }
        ]
      },
      {
        "date": "2020-09-30",
        "commitResults": [
          {
            "hash": "79117f26e7b10cb89518add1dae3364595d946fa",
            "messageTitle": "Implement role",
            "messageBody": "",
            "fileTypesAndContributionMap": {
              "functional-code": {
                "insertions": 69,
                "deletions": 0
              }
            }
          }
        ]
      },
      {
        "date": "2020-10-01",
        "commitResults": [
          {
            "hash": "2b4036bdc3c6fc9c334fed55fa4cf37767467bb9",
            "messageTitle": "Add Role to Person",
            "messageBody": "",
            "fileTypesAndContributionMap": {
              "functional-code": {
                "insertions": 126,
                "deletions": 37
              },
              "test-code": {
                "insertions": 112,
                "deletions": 23
              }
            }
          },
          {
            "hash": "9d24d6bee6f8e7c395a7a3509f0332827931ba4e",
            "messageTitle": "Update tests for role",
            "messageBody": "",
            "fileTypesAndContributionMap": {
              "functional-code": {
                "insertions": 2,
                "deletions": 9
              },
              "test-code": {
                "insertions": 95,
                "deletions": 59
              }
            }
          },
          {
            "hash": "525dbdeecbc0320db36b399e9fae81d30f8e652b",
            "messageTitle": "Fix tag package issue",
            "messageBody": "",
            "fileTypesAndContributionMap": {
              "functional-code": {
                "insertions": 13,
                "deletions": 24
              },
              "other": {
                "insertions": 1,
                "deletions": 1
              },
              "test-code": {
                "insertions": 8,
                "deletions": 8
              }
            }
          },
          {
            "hash": "a6ffa05c9d0f42bacec078641b649c34b808e9b9",
            "messageTitle": "Restructure Enums and abstract tokenizing of user input",
            "messageBody": "",
            "fileTypesAndContributionMap": {
              "functional-code": {
                "insertions": 175,
                "deletions": 110
              },
              "test-code": {
                "insertions": 16,
                "deletions": 4
              }
            }
          },
          {
            "hash": "2f12210d071c2aa1aeb6fdd6a82722d6eefa5862",
            "messageTitle": "Change role MESSAGE_CONSTRAINTS",
            "messageBody": "",
            "fileTypesAndContributionMap": {
              "functional-code": {
                "insertions": 1,
                "deletions": 1
              }
            }
          }
        ]
      },
      {
        "date": "2020-10-07",
        "commitResults": [
          {
            "hash": "e2d4415871f6abe0fb15f655ebe4d4b6b540310e",
            "messageTitle": "Allow tab switch by clicking",
            "messageBody": "",
            "fileTypesAndContributionMap": {
              "functional-code": {
                "insertions": 32,
                "deletions": 39
              }
            }
          },
          {
            "hash": "33cc57cc7e824fea4c5d7b53b194ecec62c9ab7a",
            "messageTitle": "Change theme of app",
            "messageBody": "",
            "fileTypesAndContributionMap": {
              "functional-code": {
                "insertions": 17,
                "deletions": 2
              }
            }
          }
        ]
      },
      {
        "date": "2020-10-08",
        "commitResults": [
          {
            "hash": "a1dfffce8b1945881f05a158b7085b3111decaef",
            "messageTitle": "Display mode switch response on user click",
            "messageBody": "",
            "fileTypesAndContributionMap": {
              "functional-code": {
                "insertions": 2,
                "deletions": 4
              }
            }
          }
        ]
      }
    ],
    "MerlinLim": [
      {
        "date": "2020-09-27",
        "commitResults": [
          {
            "hash": "2ea70ec8580578e4e39ca993a99dcc746675ab64",
            "messageTitle": "Update AboutUs for Merlin",
            "messageBody": "Add image and github profile\n",
            "fileTypesAndContributionMap": {
              "docs": {
                "insertions": 5,
                "deletions": 5
              }
            }
          }
        ]
      },
      {
        "date": "2020-09-28",
        "commitResults": [
          {
            "hash": "4a14a0c6a45a12fa3b33fdacaa9b07698359591a",
            "messageTitle": "Update DeveloperGuide",
            "messageBody": "Update Project Scope, User stories, Use cases, Non-Functional\nRequirements and Glossary.\n",
            "fileTypesAndContributionMap": {
              "docs": {
                "insertions": 356,
                "deletions": 23
              }
            }
          }
        ]
      },
      {
        "date": "2020-09-30",
        "commitResults": [
          {
            "hash": "fb8a0efd7881d816ce9bec5852dd566cfd6afc47",
            "messageTitle": "Minor fixes to grammar",
            "messageBody": "",
            "fileTypesAndContributionMap": {
              "docs": {
                "insertions": 3,
                "deletions": 3
              }
            }
          }
        ]
      },
      {
        "date": "2020-10-01",
        "commitResults": [
          {
            "hash": "78ec3ee08fe2c755ba6c48db749684c7bee6ca6a",
            "messageTitle": "Fix mistakes and add EPIC table",
            "messageBody": "Add EPIC table, is referenced by user stories.\n\nIncluded additional user stories.\n\nFix grammar and numbering format.\n",
            "fileTypesAndContributionMap": {
              "docs": {
                "insertions": 84,
                "deletions": 69
              }
            }
          },
          {
            "hash": "2aa2082b9a625b25bb72b10da17b068d3deb2864",
            "messageTitle": "Fix grammar",
            "messageBody": "",
            "fileTypesAndContributionMap": {
              "docs": {
                "insertions": 10,
                "deletions": 10
              }
            }
          }
        ]
      },
      {
        "date": "2020-10-05",
        "commitResults": [
          {
            "hash": "b405df898a12eeff0755e1d5bb1dce5d192ecf08",
            "messageTitle": "Add Delete Command for Meeting",
            "messageBody": "Add Delete Command for meeting and a Delete Command Parser to\nparse user input into delete commands for meeting.\n",
            "fileTypesAndContributionMap": {
              "functional-code": {
                "insertions": 82,
                "deletions": 0
              }
            }
          },
          {
            "hash": "ab100ca41c71114a59b8cafb777d3dd8648f46b7",
            "messageTitle": "Add Edit Command for Meeting",
            "messageBody": "Add Edit Command for Meeting and Edit Command Parser to parse\nuser inputs into Edit Commands for meeting.\n",
            "fileTypesAndContributionMap": {
              "functional-code": {
                "insertions": 285,
                "deletions": 0
              }
            }
          },
          {
            "hash": "b27e548f222ee5b8dacb06bbae5ca4b0fa5f6dc6",
            "messageTitle": "Fix Check Style",
            "messageBody": "Set line endings as \\n\n",
            "fileTypesAndContributionMap": {
              "functional-code": {
                "insertions": 41,
                "deletions": 29
              }
            }
          },
          {
            "hash": "df5efb36f6f50c0225d293f9ee1b4eeb8d3eb65b",
            "messageTitle": "Fix checkstyle errors",
            "messageBody": "",
            "fileTypesAndContributionMap": {
              "functional-code": {
                "insertions": 378,
                "deletions": 379
              }
            }
          }
        ]
      },
      {
        "date": "2020-10-08",
        "commitResults": [
          {
            "hash": "378157750097cf42ca064d403c635553e1de53dd",
            "messageTitle": "Complete Delete Command and minor Bug Fixes",
            "messageBody": "MeetingBook Parser accepts delete commands from user input.\n",
            "fileTypesAndContributionMap": {
              "functional-code": {
                "insertions": 19,
                "deletions": 19
              }
            }
          },
          {
            "hash": "6b29e8f5d0f4313d05211c16018e7194c74e9ac8",
            "messageTitle": "Create utility test files for Meeting",
            "messageBody": "Add meeting samples, command utility skeletons for testing.\n",
            "fileTypesAndContributionMap": {
              "functional-code": {
                "insertions": 30,
                "deletions": 0
              },
              "test-code": {
                "insertions": 350,
                "deletions": 0
              }
            }
          }
        ]
      },
      {
        "date": "2020-10-12",
        "commitResults": [
          {
            "hash": "019c813c2cf9bbc527385d668ca2615e9991f862",
            "messageTitle": "Add Meeting Delete Command JUnit tests",
            "messageBody": "Create Delete Command JUnit test cases for meeting and skeleton for\nAdd Command JUnit test cases as well.\n",
            "fileTypesAndContributionMap": {
              "test-code": {
                "insertions": 469,
                "deletions": 2
              }
            }
          },
          {
            "hash": "5ef75da6286e37be931bf567a74f6b2f0b7d0707",
            "messageTitle": "Fix Checkstyle",
            "messageBody": "",
            "fileTypesAndContributionMap": {
              "functional-code": {
                "insertions": 1,
                "deletions": 1
              },
              "test-code": {
                "insertions": 75,
                "deletions": 53
              }
            }
          },
          {
            "hash": "f870dae049ef0bf15dade6a607dcbd166dbc3ea7",
            "messageTitle": "Fix Bugs",
            "messageBody": "Use Title and Description classes from Util.\n",
            "fileTypesAndContributionMap": {
              "functional-code": {
                "insertions": 0,
                "deletions": 2
              },
              "test-code": {
                "insertions": 5,
                "deletions": 4
              }
            }
          },
          {
            "hash": "dbd26a89dee0ec3492a367ea5771be0e585f4478",
            "messageTitle": "Fix CheckStyle",
            "messageBody": "",
            "fileTypesAndContributionMap": {
              "test-code": {
                "insertions": 51,
                "deletions": 1
              }
            }
          }
        ]
      }
    ],
    "claraadora": [
      {
        "date": "2020-09-24",
        "commitResults": [
          {
            "hash": "376c50c8ce711f53caac1e3cc9494824b824554f",
            "messageTitle": "Change term from contact to person",
            "messageBody": "",
            "fileTypesAndContributionMap": {
              "functional-code": {
                "insertions": 1,
                "deletions": 1
              },
              "other": {
                "insertions": 75,
                "deletions": 48
              }
            }
          },
          {
            "hash": "cd767f32652f3042f4534dd7406486dbb34d8cae",
            "messageTitle": "Restructure test",
            "messageBody": "",
            "fileTypesAndContributionMap": {
              "other": {
                "insertions": 118,
                "deletions": 113
              },
              "test-code": {
                "insertions": 31,
                "deletions": 31
              }
            }
          },
          {
            "hash": "5e322f453eea97671981d7b32dd79a18715ab946",
            "messageTitle": "Fix checkstyle error",
            "messageBody": "",
            "fileTypesAndContributionMap": {
              "functional-code": {
                "insertions": 4,
                "deletions": 4
              }
            }
          },
          {
            "hash": "f83a7cc0eb5c43cfa04abc9a68fe7c5b004efd02",
            "messageTitle": "Fix checkstyle errors in test folder",
            "messageBody": "",
            "fileTypesAndContributionMap": {
              "test-code": {
                "insertions": 14,
                "deletions": 14
              }
            }
          }
        ]
      },
      {
        "date": "2020-09-27",
        "commitResults": [
          {
            "hash": "0300016f8bdb0c6e59677ca22878c27ba3985d28",
            "messageTitle": "Update profile details",
            "messageBody": "",
            "fileTypesAndContributionMap": {
              "docs": {
                "insertions": 3,
                "deletions": 4
              }
            }
          },
          {
            "hash": "887f4dd45573879a17dddda25e7fcbaeb01bb4f8",
            "messageTitle": "Edit github actions link",
            "messageBody": "",
            "fileTypesAndContributionMap": {
              "docs": {
                "insertions": 1,
                "deletions": 1
              }
            }
          },
          {
            "hash": "a6607b5c4e9844c30a61a9910db5a7510f0e55fc",
            "messageTitle": "Update README content",
            "messageBody": "",
            "fileTypesAndContributionMap": {
              "docs": {
                "insertions": 13,
                "deletions": 10
              }
            }
          }
        ]
      },
      {
        "date": "2020-09-28",
        "commitResults": [
          {
            "hash": "d15b677323aa65b09a17b3adce84efcb465afa7c",
            "messageTitle": "Fix header",
            "messageBody": "",
            "fileTypesAndContributionMap": {
              "docs": {
                "insertions": 2,
                "deletions": 2
              }
            }
          }
        ]
      },
      {
        "date": "2020-09-29",
        "commitResults": [
          {
            "hash": "4943939b2713dae6216d3131fb710aea4e01af03",
            "messageTitle": "Remove trailing spaces",
            "messageBody": "",
            "fileTypesAndContributionMap": {
              "docs": {
                "insertions": 4,
                "deletions": 3
              }
            }
          },
          {
            "hash": "bc38ac0d040848db1d2e0914c490c60619140cb1",
            "messageTitle": "Add newline at EOF",
            "messageBody": "",
            "fileTypesAndContributionMap": {
              "docs": {
                "insertions": 1,
                "deletions": 1
              }
            }
          },
          {
            "hash": "bc2bbe7a01dfaae35972df07443d68d2b8eb74aa",
            "messageTitle": "Add LogicMeeting interface",
            "messageBody": "",
            "fileTypesAndContributionMap": {
              "functional-code": {
                "insertions": 18,
                "deletions": 0
              }
            }
          },
          {
            "hash": "9a52e743ddf215619de84a12d6a67ea5b0344bd1",
            "messageTitle": "Add incomplete skeleton of meeting model",
            "messageBody": "",
            "fileTypesAndContributionMap": {
              "functional-code": {
                "insertions": 73,
                "deletions": 0
              }
            }
          }
        ]
      },
      {
        "date": "2020-09-30",
        "commitResults": [
          {
            "hash": "f3af00d7d1c4ab125e9ba4b36c867a2dfc21ba85",
            "messageTitle": "Add Command and AddCommand for meetings",
            "messageBody": "",
            "fileTypesAndContributionMap": {
              "functional-code": {
                "insertions": 65,
                "deletions": 0
              }
            }
          },
          {
            "hash": "48dde9f2992f69234721ee2ae5d89c87b6772c5b",
            "messageTitle": "Add meeting parsers",
            "messageBody": "",
            "fileTypesAndContributionMap": {
              "functional-code": {
                "insertions": 237,
                "deletions": 0
              }
            }
          },
          {
            "hash": "368c23c29a3a63ceea181b0258dce092dfdc5d74",
            "messageTitle": "Add (temporary) storage files for meeting",
            "messageBody": "",
            "fileTypesAndContributionMap": {
              "functional-code": {
                "insertions": 118,
                "deletions": 0
              }
            }
          },
          {
            "hash": "9a2687c5303bf3ca2bf85ce2256a6b4e444c3efa",
            "messageTitle": "Add Logic and LogicMeetingManager",
            "messageBody": "",
            "fileTypesAndContributionMap": {
              "functional-code": {
                "insertions": 57,
                "deletions": 1
              }
            }
          },
          {
            "hash": "9f50c5f28e6eb818c7a6ee085637325f167aad48",
            "messageTitle": "Add models for meeting",
            "messageBody": "",
            "fileTypesAndContributionMap": {
              "functional-code": {
                "insertions": 141,
                "deletions": 4
              }
            }
          },
          {
            "hash": "4716d47dc309fb21d9d3bc1adf880e2fa9ab77eb",
            "messageTitle": "Add meeting component to MainApp",
            "messageBody": "",
            "fileTypesAndContributionMap": {
              "functional-code": {
                "insertions": 15,
                "deletions": 0
              }
            }
          },
          {
            "hash": "15ccffc58d62be9a13abe27762039c1fdf720eab",
            "messageTitle": "Fix checkstyle issues",
            "messageBody": "",
            "fileTypesAndContributionMap": {
              "functional-code": {
                "insertions": 1,
                "deletions": 1
              }
            }
          },
          {
            "hash": "3614a541d163c9a847dacd5a7992725ac30bfb27",
            "messageTitle": "Fix checkstyle issues",
            "messageBody": "",
            "fileTypesAndContributionMap": {
              "functional-code": {
                "insertions": 3,
                "deletions": 1
              }
            }
          }
        ]
      },
      {
        "date": "2020-10-01",
        "commitResults": [
          {
            "hash": "3353e4d430fdca8ee5f5a080220247acdcd75e35",
            "messageTitle": "Restructure meeting model and storage",
            "messageBody": "",
            "fileTypesAndContributionMap": {
              "functional-code": {
                "insertions": 27,
                "deletions": 27
              },
              "other": {
                "insertions": 32,
                "deletions": 36
              },
              "docs": {
                "insertions": 1,
                "deletions": 1
              },
              "test-code": {
                "insertions": 33,
                "deletions": 34
              }
            }
          },
          {
            "hash": "3dd807abd0111d0dfc3bc485691853ec57a87c24",
            "messageTitle": "Fix checkstyle errors",
            "messageBody": "",
            "fileTypesAndContributionMap": {
              "functional-code": {
                "insertions": 17,
                "deletions": 22
              }
            }
          },
          {
            "hash": "45693300bed4d1ded90857f9fde419e56d283210",
            "messageTitle": "Fix checkstyle issues for test files",
            "messageBody": "",
            "fileTypesAndContributionMap": {
              "test-code": {
                "insertions": 15,
                "deletions": 15
              }
            }
          }
        ]
      },
      {
        "date": "2020-10-07",
        "commitResults": [
          {
            "hash": "f37443629aa337ac8fd9d3a0f07fd69f8ed69727",
            "messageTitle": "Amend Meeting\u0027s AddCommand",
            "messageBody": "",
            "fileTypesAndContributionMap": {
              "functional-code": {
                "insertions": 23,
                "deletions": 4
              }
            }
          },
          {
            "hash": "906ca92c607335a001d6da66b611f846721a658b",
            "messageTitle": "Fix checkstyle",
            "messageBody": "",
            "fileTypesAndContributionMap": {
              "functional-code": {
                "insertions": 2,
                "deletions": 2
              }
            }
          },
          {
            "hash": "b1d0dacabbd58701120538fd9fe8e8c28d604e27",
            "messageTitle": "Add Description class for Meeting",
            "messageBody": "",
            "fileTypesAndContributionMap": {
              "functional-code": {
                "insertions": 52,
                "deletions": 0
              }
            }
          },
          {
            "hash": "d182eb5897a3e7fc652e3affd6ea876e71368284",
            "messageTitle": "Add From class for Meeting",
            "messageBody": "",
            "fileTypesAndContributionMap": {
              "functional-code": {
                "insertions": 54,
                "deletions": 0
              }
            }
          },
          {
            "hash": "bb55f255f8f417bc52e52260c168bfdbd3989628",
            "messageTitle": "Add Location class for Meeting",
            "messageBody": "",
            "fileTypesAndContributionMap": {
              "functional-code": {
                "insertions": 53,
                "deletions": 0
              }
            }
          },
          {
            "hash": "12a382fad6d260b042fdb36b08f093b4fe1280ac",
            "messageTitle": "Add Title class for Meeting",
            "messageBody": "",
            "fileTypesAndContributionMap": {
              "functional-code": {
                "insertions": 55,
                "deletions": 0
              }
            }
          },
          {
            "hash": "fa076734560beaaba2a7f0f0c64258fd54c77cdc",
            "messageTitle": "Add To class for Meeting",
            "messageBody": "",
            "fileTypesAndContributionMap": {
              "functional-code": {
                "insertions": 54,
                "deletions": 0
              }
            }
          },
          {
            "hash": "4d93d8c4fe64021bc3f8ba143af73e064149c1ee",
            "messageTitle": "Update message constraints for Meeting\u0027s Title, From, and Description",
            "messageBody": "",
            "fileTypesAndContributionMap": {
              "functional-code": {
                "insertions": 5,
                "deletions": 5
              }
            }
          },
          {
            "hash": "55b24e07d31d43dfe2ae807c511fc5e57033e497",
            "messageTitle": "Add Contacts class for Meeting",
            "messageBody": "",
            "fileTypesAndContributionMap": {
              "functional-code": {
                "insertions": 55,
                "deletions": 0
              }
            }
          },
          {
            "hash": "ec0b8a0d9263a00fb35b7af22690135a680235f2",
            "messageTitle": "Fix regex",
            "messageBody": "",
            "fileTypesAndContributionMap": {
              "functional-code": {
                "insertions": 1,
                "deletions": 1
              }
            }
          },
          {
            "hash": "33498663119ded78bd50f9069942a90502014af5",
            "messageTitle": "Add DateParser",
            "messageBody": "",
            "fileTypesAndContributionMap": {
              "functional-code": {
                "insertions": 23,
                "deletions": 0
              }
            }
          },
          {
            "hash": "707e1d6736a9d4ae30aca798179991e2d6cfc424",
            "messageTitle": "Add fxml files for Meeting list card and panel",
            "messageBody": "",
            "fileTypesAndContributionMap": {
              "functional-code": {
                "insertions": 44,
                "deletions": 0
              }
            }
          },
          {
            "hash": "2162a42d5a407ce05cd9ce596b5d0b972258e1a2",
            "messageTitle": "Add MeetingCard and MeetingListPanel for Meeting\u0027s UI",
            "messageBody": "",
            "fileTypesAndContributionMap": {
              "functional-code": {
                "insertions": 123,
                "deletions": 0
              }
            }
          },
          {
            "hash": "81b27087137c6a1ab9cff8c2957c47bf010375af",
            "messageTitle": "Add Meeting model exceptions for file not found and duplicate",
            "messageBody": "",
            "fileTypesAndContributionMap": {
              "functional-code": {
                "insertions": 20,
                "deletions": 0
              }
            }
          },
          {
            "hash": "d94c95c1541a5df920362634e23b63d727852228",
            "messageTitle": "Add Json handlers for Meeting",
            "messageBody": "",
            "fileTypesAndContributionMap": {
              "functional-code": {
                "insertions": 251,
                "deletions": 0
              }
            }
          },
          {
            "hash": "8ca35ee14b3b8866f2101f403add32c92b60b1f1",
            "messageTitle": "Add ReadOnlyMeetingBook",
            "messageBody": "",
            "fileTypesAndContributionMap": {
              "functional-code": {
                "insertions": 16,
                "deletions": 0
              }
            }
          },
          {
            "hash": "234479132e23d036851b2a785132f863b07fdf8a",
            "messageTitle": "Add UniqueMeetingList",
            "messageBody": "",
            "fileTypesAndContributionMap": {
              "functional-code": {
                "insertions": 127,
                "deletions": 0
              }
            }
          },
          {
            "hash": "13299dd98d0587f918b91f208f0c074544b3128e",
            "messageTitle": "Add MeetingBookStorage",
            "messageBody": "",
            "fileTypesAndContributionMap": {
              "functional-code": {
                "insertions": 44,
                "deletions": 0
              }
            }
          },
          {
            "hash": "16666c2a3c12592389f9a9e5890bd39da7ac7fc7",
            "messageTitle": "Change /desc to /d",
            "messageBody": "",
            "fileTypesAndContributionMap": {
              "functional-code": {
                "insertions": 1,
                "deletions": 1
              }
            }
          },
          {
            "hash": "c0a7910fadfd797821152a4cb849f2e938e17030",
            "messageTitle": "Update Ui to support Meeting",
            "messageBody": "",
            "fileTypesAndContributionMap": {
              "functional-code": {
                "insertions": 27,
                "deletions": 3
              }
            }
          },
          {
            "hash": "925a33b24dab18f53d1e81c5d3de1e4106fc4cc8",
            "messageTitle": "Add ReadOnlyUserPrefs and UserPrefs for Meeting",
            "messageBody": "",
            "fileTypesAndContributionMap": {
              "functional-code": {
                "insertions": 18,
                "deletions": 2
              }
            }
          },
          {
            "hash": "955136300d22b1d59a28b8fc859f0dd06575446e",
            "messageTitle": "Add user pref methods",
            "messageBody": "",
            "fileTypesAndContributionMap": {
              "functional-code": {
                "insertions": 35,
                "deletions": 1
              }
            }
          },
          {
            "hash": "32be36db253499ee6ae291f8f8c21edda0cc078e",
            "messageTitle": "Add userpref methods and meetingBookParser",
            "messageBody": "",
            "fileTypesAndContributionMap": {
              "functional-code": {
                "insertions": 39,
                "deletions": 13
              }
            }
          },
          {
            "hash": "2ac71026121cd7180e500a85ceda564175ea06d0",
            "messageTitle": "Incorporate UniqueMeetingList into MeetingBook",
            "messageBody": "",
            "fileTypesAndContributionMap": {
              "functional-code": {
                "insertions": 74,
                "deletions": 7
              }
            }
          },
          {
            "hash": "c5b4cc760ee8fd1ab4deae6d00e74868178c8f8f",
            "messageTitle": "Add sample data for meeting book",
            "messageBody": "",
            "fileTypesAndContributionMap": {
              "functional-code": {
                "insertions": 34,
                "deletions": 0
              }
            }
          },
          {
            "hash": "f5cb6e6572da07762fe8252ae934e9a60ea516ae",
            "messageTitle": "Change From and To implementation temporarily",
            "messageBody": "",
            "fileTypesAndContributionMap": {
              "functional-code": {
                "insertions": 49,
                "deletions": 9
              }
            }
          },
          {
            "hash": "d6bec6864297fc2e4c6ec915f84d42f55d7eb48b",
            "messageTitle": "Incorporate StorageMeeting and userprefs to MainApp",
            "messageBody": "",
            "fileTypesAndContributionMap": {
              "functional-code": {
                "insertions": 42,
                "deletions": 7
              }
            }
          },
          {
            "hash": "55d670031e2227643267c210f1f16b76ea29ef38",
            "messageTitle": "Add Meeting tab to MainWindow",
            "messageBody": "",
            "fileTypesAndContributionMap": {
              "functional-code": {
                "insertions": 2,
                "deletions": 0
              }
            }
          },
          {
            "hash": "faa623d1d7c2f47513b9f74850cf0b99d7b8fca3",
            "messageTitle": "Replace the use of AddressBook with MeetingBook",
            "messageBody": "",
            "fileTypesAndContributionMap": {
              "functional-code": {
                "insertions": 22,
                "deletions": 27
              }
            }
          },
          {
            "hash": "a6bd012dfa7e6e2964d489cdc2c90d5f8f1e94ee",
            "messageTitle": "Add user pref related methods",
            "messageBody": "",
            "fileTypesAndContributionMap": {
              "functional-code": {
                "insertions": 73,
                "deletions": 7
              }
            }
          },
          {
            "hash": "f3a43db05f7307b08f40e877d1b854a9d140155a",
            "messageTitle": "Update to using FilteredList\u003cMEeting\u003e and UserPrefs",
            "messageBody": "",
            "fileTypesAndContributionMap": {
              "functional-code": {
                "insertions": 110,
                "deletions": 12
              }
            }
          },
          {
            "hash": "55453d851bc4d478279da317473d6a7bb85d1fa1",
            "messageTitle": "Update fields to classes",
            "messageBody": "",
            "fileTypesAndContributionMap": {
              "functional-code": {
                "insertions": 52,
                "deletions": 16
              }
            }
          },
          {
            "hash": "2b58784d3ad7a138f2278a5466fb0c078bc8f40e",
            "messageTitle": "Update parse methods to use Meeting field classes",
            "messageBody": "",
            "fileTypesAndContributionMap": {
              "functional-code": {
                "insertions": 47,
                "deletions": 14
              }
            }
          },
          {
            "hash": "91c6d3b318f90a2431ad314cddca7eaac4e0cf35",
            "messageTitle": "Fix Meeting parse command error",
            "messageBody": "",
            "fileTypesAndContributionMap": {
              "functional-code": {
                "insertions": 16,
                "deletions": 16
              }
            }
          },
          {
            "hash": "3a77d9b82af0505e5ec690fca294343127f30c29",
            "messageTitle": "Fix checkstyle",
            "messageBody": "",
            "fileTypesAndContributionMap": {
              "functional-code": {
                "insertions": 62,
                "deletions": 63
              }
            }
          },
          {
            "hash": "3f692ecbf74d34d48644380b843845dbcd686360",
            "messageTitle": "Fix checkstyle issues",
            "messageBody": "",
            "fileTypesAndContributionMap": {
              "functional-code": {
                "insertions": 39,
                "deletions": 35
              }
            }
          }
        ]
      },
      {
        "date": "2020-10-08",
        "commitResults": [
          {
            "hash": "fb4d1184345f4772e6cbe872d42cd792c2d729e5",
            "messageTitle": "Support adding Meeting",
            "messageBody": "",
            "fileTypesAndContributionMap": {
              "functional-code": {
                "insertions": 22,
                "deletions": 17
              }
            }
          }
        ]
      }
    ]
  },
  "authorFileTypeContributionMap": {
    "gabztcr": {
      "docs": 168,
      "functional-code": 481,
      "test-code": 119
    },
    "shadowezz": {
      "docs": 13,
      "functional-code": 1776,
      "test-code": 141
    },
    "chrystalquek": {
      "docs": 32,
      "functional-code": 756,
      "test-code": 714
    },
    "MerlinLim": {
      "docs": 356,
      "functional-code": 383,
      "test-code": 890
    },
    "claraadora": {
      "docs": 16,
      "functional-code": 2127,
      "test-code": 175
    }
  },
  "authorContributionVariance": {
    "gabztcr": 8576.365,
    "shadowezz": 60280.504,
    "chrystalquek": 48078.72,
    "MerlinLim": 34137.16,
    "claraadora": 73012.805
  },
  "authorDisplayNameMap": {
    "gabztcr": "CS2103T-F11-2 TAN ..RIEL",
    "shadowezz": "CS2103T-F11-2 CAO ..NJIE",
    "chrystalquek": "CS2103T-F11-2 CHRY..N QI",
    "MerlinLim": "CS2103T-F11-2 LIM ..RLIN",
    "claraadora": "CS2103T-F11-2 CLAR..DORA"
  }
}
