{
  "authorDailyContributionsMap": {
    "geoboom": [
      {
        "date": "2020-09-20",
        "commitResults": [
          {
            "hash": "3a4b487d6289a8bc3b600682f7506ecf0aba31fa",
            "messageTitle": "Update readme with our fancy title",
            "messageBody": "",
            "fileTypesAndContributionMap": {
              "other": {
                "insertions": 184,
                "deletions": 0
              },
              "docs": {
                "insertions": 3,
                "deletions": 0
              }
            }
          }
        ]
      },
      {
        "date": "2020-09-21",
        "commitResults": [
          {
            "hash": "33d503885edb1447b60adf79832bea25eb116d6f",
            "messageTitle": "Write the baseline UG based on UG pdf content",
            "messageBody": "",
            "fileTypesAndContributionMap": {
              "docs": {
                "insertions": 66,
                "deletions": 87
              }
            }
          }
        ]
      },
      {
        "date": "2020-10-08",
        "commitResults": [
          {
            "hash": "318c067115a4335a474037f9aaca1fe675ab39aa",
            "messageTitle": "Add GridPane and tile deck and entry horizontally",
            "messageBody": "",
            "fileTypesAndContributionMap": {
              "functional-code": {
                "insertions": 58,
                "deletions": 40
              },
              "other": {
                "insertions": 94,
                "deletions": 17
              }
            }
          }
        ]
      }
    ],
    "vigneshbhuvan-nus": [
      {
        "date": "2020-09-24",
        "commitResults": [
          {
            "hash": "0caf4c37b739b950a25fac43c04507d8a76b939c",
            "messageTitle": "Updated Developer Guide: Edited Target User Profile, Value Proposition, User Stories",
            "messageBody": "",
            "fileTypesAndContributionMap": {
              "docs": {
                "insertions": 35,
                "deletions": 11
              }
            }
          },
          {
            "hash": "b1b36f8bbae5006631a785fc4f45d5dc6d31cca5",
            "messageTitle": "Updated the names and details in AboutUS.md",
            "messageBody": "",
            "fileTypesAndContributionMap": {
              "docs": {
                "insertions": 17,
                "deletions": 16
              }
            }
          }
        ]
      },
      {
        "date": "2020-09-27",
        "commitResults": [
          {
            "hash": "a18618c83daface8857d900e7ef208d0917b0b45",
            "messageTitle": "Changed Photos",
            "messageBody": "",
            "fileTypesAndContributionMap": {
              "docs": {
                "insertions": 3,
                "deletions": 3
              }
            }
          },
          {
            "hash": "393d071a09391a8cf786de39268ee452b6ced03a",
            "messageTitle": "Changed the names of Pictures",
            "messageBody": "",
            "fileTypesAndContributionMap": {
              "docs": {
                "insertions": 3,
                "deletions": 3
              }
            }
          },
          {
            "hash": "605c81b4c56a0368edad9f0aef5cd46b63c765f6",
            "messageTitle": "Changed the names",
            "messageBody": "",
            "fileTypesAndContributionMap": {
              "docs": {
                "insertions": 2,
                "deletions": 2
              }
            }
          },
          {
            "hash": "9c2332a416289e60d45326c6ce5e76a38aee451a",
            "messageTitle": "Further changes for AboutMD",
            "messageBody": "",
            "fileTypesAndContributionMap": {
              "docs": {
                "insertions": 2,
                "deletions": 12
              }
            }
          }
        ]
      },
      {
        "date": "2020-10-03",
        "commitResults": [
          {
            "hash": "0f0eaa85d8f1c6f4b4747cb07da8c6dc58300185",
            "messageTitle": "Changed the Comments and String message of Clear Command",
            "messageBody": "",
            "fileTypesAndContributionMap": {
              "functional-code": {
                "insertions": 2,
                "deletions": 2
              }
            }
          },
          {
            "hash": "b107b7be447556a8b56e081689bac33c81e72253",
            "messageTitle": "Changed the HelpWindow message to show all possible commands and format",
            "messageBody": "",
            "fileTypesAndContributionMap": {
              "functional-code": {
                "insertions": 28,
                "deletions": 2
              }
            }
          },
          {
            "hash": "a4ae3b656090889949bc4840128ed7bd95f1c6e5",
            "messageTitle": "Removed whitespaces and appropriate indentation",
            "messageBody": "",
            "fileTypesAndContributionMap": {
              "functional-code": {
                "insertions": 18,
                "deletions": 18
              }
            }
          }
        ]
      },
      {
        "date": "2020-10-04",
        "commitResults": [
          {
            "hash": "c15cbc472e5b4f45120cf6ec5ad15d4590b4c8e5",
            "messageTitle": "Updated UG with respective command format",
            "messageBody": "",
            "fileTypesAndContributionMap": {
              "docs": {
                "insertions": 40,
                "deletions": 36
              }
            }
          }
        ]
      },
      {
        "date": "2020-10-08",
        "commitResults": [
          {
            "hash": "4f6701cd22c83c02756b37aa7820a64cf5500610",
            "messageTitle": "Created JsonAdaptedDeck + Changes in Deck related files",
            "messageBody": "",
            "fileTypesAndContributionMap": {
              "functional-code": {
                "insertions": 81,
                "deletions": 3
              }
            }
          },
          {
            "hash": "1d94057e8be5001f3d9ff1f41b06bf3ea3f99741",
            "messageTitle": "Update Storage Manager",
            "messageBody": "",
            "fileTypesAndContributionMap": {
              "functional-code": {
                "insertions": 0,
                "deletions": 1
              }
            }
          }
        ]
      },
      {
        "date": "2020-10-10",
        "commitResults": [
          {
            "hash": "2978cf605dc350b6d465e601e55ba43b370e971d",
            "messageTitle": "Changing AddressBook",
            "messageBody": "",
            "fileTypesAndContributionMap": {
              "functional-code": {
                "insertions": 29,
                "deletions": 17
              }
            }
          },
          {
            "hash": "f61d6f5962286b82dac71e3e9ffb03f28ba5d762",
            "messageTitle": "no message",
            "messageBody": "",
            "fileTypesAndContributionMap": {
              "functional-code": {
                "insertions": 29,
                "deletions": 32
              }
            }
          },
          {
            "hash": "8c83a2892f2ae4af743ba79cf4bd2fa6cbe834fd",
            "messageTitle": "Latest attempt of fixing UI Entries bug",
            "messageBody": "",
            "fileTypesAndContributionMap": {
              "functional-code": {
                "insertions": 44,
                "deletions": 32
              }
            }
          },
          {
            "hash": "68c6e5b10c37c069a450714bad84d0a1e5ef7f9c",
            "messageTitle": "Whitespace and indentation",
            "messageBody": "",
            "fileTypesAndContributionMap": {
              "functional-code": {
                "insertions": 28,
                "deletions": 32
              }
            }
          },
          {
            "hash": "f78254cb2b1a8b46fa8ae6dd8b104dddce262219",
            "messageTitle": "Whitespace and Indentation",
            "messageBody": "",
            "fileTypesAndContributionMap": {
              "functional-code": {
                "insertions": 0,
                "deletions": 8
              }
            }
          },
          {
            "hash": "5b9d0dd61a318f491215605441c2f80af1a5d42d",
            "messageTitle": "Removed unnecessary stuff",
            "messageBody": "",
            "fileTypesAndContributionMap": {
              "functional-code": {
                "insertions": 0,
                "deletions": 15
              }
            }
          }
        ]
      }
    ],
    "IlyaRin": [
      {
        "date": "2020-09-21",
        "commitResults": [
          {
            "hash": "cc8d03bb8396dbc30d46dce5a46792eab1384191",
            "messageTitle": "Remove Address.java",
            "messageBody": "",
            "fileTypesAndContributionMap": {
              "functional-code": {
                "insertions": 0,
                "deletions": 57
              }
            }
          },
          {
            "hash": "ea277ac5a80fa0c3724ab8db391f8640a3c8249d",
            "messageTitle": "Remove Address in code",
            "messageBody": "",
            "fileTypesAndContributionMap": {
              "functional-code": {
                "insertions": 10,
                "deletions": 73
              },
              "test-code": {
                "insertions": 34,
                "deletions": 169
              }
            }
          },
          {
            "hash": "2b99baab4f9cff012f7db6eeea378ade80f25003",
            "messageTitle": "Remove Address from json files",
            "messageBody": "",
            "fileTypesAndContributionMap": {
              "functional-code": {
                "insertions": 0,
                "deletions": 3
              }
            }
          }
        ]
      },
      {
        "date": "2020-09-23",
        "commitResults": [
          {
            "hash": "47c6d8df959ed54ce45a3cf7a9ad499f61fb6a6a",
            "messageTitle": "Update README",
            "messageBody": "",
            "fileTypesAndContributionMap": {
              "docs": {
                "insertions": 6,
                "deletions": 8
              }
            }
          },
          {
            "hash": "e26d77e97e81fc7506dada3958f55ed77f43e9dc",
            "messageTitle": "Fix whitespace",
            "messageBody": "",
            "fileTypesAndContributionMap": {
              "functional-code": {
                "insertions": 0,
                "deletions": 1
              },
              "docs": {
                "insertions": 3,
                "deletions": 4
              },
              "test-code": {
                "insertions": 0,
                "deletions": 1
              }
            }
          },
          {
            "hash": "d8236bd66695661b63622e61a1be6f50cecc4fee",
            "messageTitle": "Fix Checkstyle",
            "messageBody": "",
            "fileTypesAndContributionMap": {
              "test-code": {
                "insertions": 0,
                "deletions": 3
              }
            }
          },
          {
            "hash": "bb6dd0e6132bf6b7648aa89f2ba687ecbb19217e",
            "messageTitle": "Update developer guide non functional requirements",
            "messageBody": "",
            "fileTypesAndContributionMap": {
              "docs": {
                "insertions": 4,
                "deletions": 0
              }
            }
          }
        ]
      },
      {
        "date": "2020-09-25",
        "commitResults": [
          {
            "hash": "af2efca38f3635a68d5758936550319a6d1a2b50",
            "messageTitle": "Remove phone.java from person",
            "messageBody": "Remove relavant instances of phone from code\n",
            "fileTypesAndContributionMap": {
              "functional-code": {
                "insertions": 16,
                "deletions": 131
              },
              "test-code": {
                "insertions": 25,
                "deletions": 201
              }
            }
          },
          {
            "hash": "30fce8fcd811301a3b74e45b3a802c598ea22ecb",
            "messageTitle": "Remove Tag.java from Person",
            "messageBody": "Remove all relevant Tag from code\n",
            "fileTypesAndContributionMap": {
              "functional-code": {
                "insertions": 17,
                "deletions": 270
              },
              "test-code": {
                "insertions": 34,
                "deletions": 244
              }
            }
          },
          {
            "hash": "dc2c762d9b7715cb4ac6fea9e46aa2dd56447958",
            "messageTitle": "Rename Name.java to Word.java",
            "messageBody": "Change all instances of Name in other parts of the code to Word\nAlso rename Email.java to Translation.java\nChange all instance of Email in other parts of the code to Translation\n",
            "fileTypesAndContributionMap": {
              "functional-code": {
                "insertions": 51,
                "deletions": 51
              },
              "other": {
                "insertions": 10,
                "deletions": 10
              },
              "test-code": {
                "insertions": 139,
                "deletions": 139
              }
            }
          },
          {
            "hash": "91586b6456772fb5af648ca6e6c8e87c600ae615",
            "messageTitle": "Rename Person.java to Entry.java",
            "messageBody": "Change all occurences of Person in Code to Entry\n",
            "fileTypesAndContributionMap": {
              "functional-code": {
                "insertions": 100,
                "deletions": 100
              },
              "other": {
                "insertions": 10,
                "deletions": 10
              },
              "test-code": {
                "insertions": 90,
                "deletions": 90
              }
            }
          },
          {
            "hash": "f61f935ebd1328baa76b4ac74d53c1ee381f3af1",
            "messageTitle": "Fix whitespaces and checkstyle",
            "messageBody": "",
            "fileTypesAndContributionMap": {
              "functional-code": {
                "insertions": 6,
                "deletions": 5
              },
              "docs": {
                "insertions": 2,
                "deletions": 2
              },
              "test-code": {
                "insertions": 5,
                "deletions": 20
              }
            }
          },
          {
            "hash": "60fa7df0d66c15ef7ea31967ce717214bf0c5221",
            "messageTitle": "Remove prefix for address, tag and phone",
            "messageBody": "",
            "fileTypesAndContributionMap": {
              "functional-code": {
                "insertions": 34,
                "deletions": 60
              },
              "test-code": {
                "insertions": 39,
                "deletions": 86
              }
            }
          }
        ]
      },
      {
        "date": "2020-09-27",
        "commitResults": [
          {
            "hash": "dea624af072e230fb9f32a724b0715ef0f0d9586",
            "messageTitle": "Update Ui.png",
            "messageBody": "Change the validation regex previously for email to support a translation format.\nRename title from address app to word bank\n",
            "fileTypesAndContributionMap": {
              "functional-code": {
                "insertions": 5,
                "deletions": 21
              },
              "docs": {
                "insertions": 0,
                "deletions": 2
              }
            }
          },
          {
            "hash": "684a9cd9753790372b28709fd99e955aab1dca65",
            "messageTitle": "Fix tests",
            "messageBody": "",
            "fileTypesAndContributionMap": {
              "functional-code": {
                "insertions": 19,
                "deletions": 4
              }
            }
          }
        ]
      },
      {
        "date": "2020-09-28",
        "commitResults": [
          {
            "hash": "cafbd0f4cebfa8c1410d9a7ec61331f7d66fd347",
            "messageTitle": "Change the CI link to point at T09 project",
            "messageBody": "",
            "fileTypesAndContributionMap": {
              "docs": {
                "insertions": 1,
                "deletions": 1
              }
            }
          },
          {
            "hash": "fea2a1e22f674af518053777016fff515f01dfad",
            "messageTitle": "Rename functions, parameters and classes from person to entry",
            "messageBody": "",
            "fileTypesAndContributionMap": {
              "functional-code": {
                "insertions": 312,
                "deletions": 312
              },
              "other": {
                "insertions": 7,
                "deletions": 7
              },
              "test-code": {
                "insertions": 261,
                "deletions": 261
              }
            }
          },
          {
            "hash": "6e60d51be4d38c716281f7cc61be2d39cb8ff3d9",
            "messageTitle": "Rename functions in storage and logic",
            "messageBody": "",
            "fileTypesAndContributionMap": {
              "functional-code": {
                "insertions": 102,
                "deletions": 105
              },
              "other": {
                "insertions": 22,
                "deletions": 22
              },
              "test-code": {
                "insertions": 35,
                "deletions": 35
              }
            }
          },
          {
            "hash": "4d72bbeb07a1bdf32dc5df8856fc540985342a21",
            "messageTitle": "Rename remaining function, parameters and classes",
            "messageBody": "",
            "fileTypesAndContributionMap": {
              "functional-code": {
                "insertions": 57,
                "deletions": 57
              },
              "other": {
                "insertions": 36,
                "deletions": 36
              },
              "docs": {
                "insertions": 1,
                "deletions": 1
              },
              "test-code": {
                "insertions": 681,
                "deletions": 681
              }
            }
          }
        ]
      },
      {
        "date": "2020-10-01",
        "commitResults": [
          {
            "hash": "a3ff815115f5169aa69cc8f1d3564f31d6c8ac03",
            "messageTitle": "Accept input of different languages",
            "messageBody": "Change tests, where invalid translation is a blank input. Any other input is valid.\nChange json test files\n",
            "fileTypesAndContributionMap": {
              "functional-code": {
                "insertions": 3,
                "deletions": 17
              },
              "test-code": {
                "insertions": 3,
                "deletions": 22
              }
            }
          }
        ]
      },
      {
        "date": "2020-10-02",
        "commitResults": [
          {
            "hash": "8ddba6b9ed57d73ecec641dd86d1ec78bf26add8",
            "messageTitle": "Rename package person to entry",
            "messageBody": "",
            "fileTypesAndContributionMap": {
              "functional-code": {
                "insertions": 33,
                "deletions": 33
              },
              "other": {
                "insertions": 16,
                "deletions": 16
              },
              "docs": {
                "insertions": 2,
                "deletions": 2
              },
              "test-code": {
                "insertions": 33,
                "deletions": 33
              }
            }
          }
        ]
      },
      {
        "date": "2020-10-03",
        "commitResults": [
          {
            "hash": "6a6ca338c63a83d0ded3c9aefd5d47cb307344b4",
            "messageTitle": "Change data in json files",
            "messageBody": "",
            "fileTypesAndContributionMap": {
              "test-code": {
                "insertions": 2,
                "deletions": 2
              }
            }
          },
          {
            "hash": "e9e4c661cd8bec8a6d8d057426656631c64eae87",
            "messageTitle": "Change edit command error message",
            "messageBody": "",
            "fileTypesAndContributionMap": {
              "functional-code": {
                "insertions": 10,
                "deletions": 5
              }
            }
          }
        ]
      },
      {
        "date": "2020-10-05",
        "commitResults": [
          {
            "hash": "c4a7c67d879b6088f11be500e3b667ae2c199fe5",
            "messageTitle": "Create new deck class and deckList",
            "messageBody": "Separate entry and deck commands and lists\nAdd deck exceptions\n",
            "fileTypesAndContributionMap": {
              "functional-code": {
                "insertions": 328,
                "deletions": 39
              },
              "other": {
                "insertions": 46,
                "deletions": 28
              },
              "test-code": {
                "insertions": 59,
                "deletions": 52
              }
            }
          },
          {
            "hash": "b148becdca0d71d5750383eda1ed6a601f8f581b",
            "messageTitle": "Add NewDeckCommand.java",
            "messageBody": "Command Word: new\n",
            "fileTypesAndContributionMap": {
              "functional-code": {
                "insertions": 178,
                "deletions": 5
              },
              "other": {
                "insertions": 16,
                "deletions": 4
              },
              "test-code": {
                "insertions": 4,
                "deletions": 0
              }
            }
          },
          {
            "hash": "ae796e1812508f4a947142c696aa632467565a1d",
            "messageTitle": "Add RemoveDeckCommand.java",
            "messageBody": "Command Word: remove \u003cindex\u003e\n",
            "fileTypesAndContributionMap": {
              "functional-code": {
                "insertions": 123,
                "deletions": 0
              }
            }
          },
          {
            "hash": "03f1a78797cbefa324b43eb53d50972b455b7978",
            "messageTitle": "Fix checkstyle",
            "messageBody": "",
            "fileTypesAndContributionMap": {
              "functional-code": {
                "insertions": 0,
                "deletions": 1
              },
              "test-code": {
                "insertions": 41,
                "deletions": 4
              }
            }
          },
          {
            "hash": "100a5a2f36c472439028c80598a210efddbfb9d1",
            "messageTitle": "Change Deck.java equals method",
            "messageBody": "",
            "fileTypesAndContributionMap": {
              "functional-code": {
                "insertions": 3,
                "deletions": 10
              }
            }
          }
        ]
      },
      {
        "date": "2020-10-06",
        "commitResults": [
          {
            "hash": "2a62b00bbf090e4c72ef3525be7a43da2d48c955",
            "messageTitle": "Change typical entries in tests",
            "messageBody": "Change files which make use of the typical entries to pass test cases\n",
            "fileTypesAndContributionMap": {
              "other": {
                "insertions": 44,
                "deletions": 47
              },
              "test-code": {
                "insertions": 243,
                "deletions": 236
              }
            }
          },
          {
            "hash": "c48603a077d0ced6ab8f79482be767206df51b10",
            "messageTitle": "Add DeckTest.java",
            "messageBody": "Add together with DeckBuilder.java, TypicalDecks.java\n",
            "fileTypesAndContributionMap": {
              "test-code": {
                "insertions": 95,
                "deletions": 2
              }
            }
          },
          {
            "hash": "029e1859acd399efbbc2796ba1a83eb8e51ba8c4",
            "messageTitle": "Add tests in UniqueDeckListTest.java",
            "messageBody": "Add tests for DeckName.java in DeckNameTest.java\nFix bug in UniqueDeckList (Throw DuplicateDeckException instead of DuplicateEntryException)\nFix bug in Word.java (Accept special characters input)\n",
            "fileTypesAndContributionMap": {
              "functional-code": {
                "insertions": 18,
                "deletions": 21
              },
              "test-code": {
                "insertions": 199,
                "deletions": 7
              }
            }
          },
          {
            "hash": "9dd12f69b7c88ae01d61f3131948957dd5f3c475",
            "messageTitle": "Add tests for deck command parsers",
            "messageBody": "",
            "fileTypesAndContributionMap": {
              "other": {
                "insertions": 83,
                "deletions": 93
              },
              "test-code": {
                "insertions": 441,
                "deletions": 59
              }
            }
          }
        ]
      },
      {
        "date": "2020-10-07",
        "commitResults": [
          {
            "hash": "bd036d7fc33d5fea091aeae658ab7967e1d8e010",
            "messageTitle": "Add Select Deck Command",
            "messageBody": "",
            "fileTypesAndContributionMap": {
              "functional-code": {
                "insertions": 150,
                "deletions": 14
              }
            }
          },
          {
            "hash": "ec778d5883d8863b1f5d1869b574a00f97b94408",
            "messageTitle": "Replace entries with decks in UI",
            "messageBody": "",
            "fileTypesAndContributionMap": {
              "functional-code": {
                "insertions": 27,
                "deletions": 15
              }
            }
          },
          {
            "hash": "8bd0fd8306ed607082e8e33a6e4aa5a9e414db24",
            "messageTitle": "Embed entries in decks",
            "messageBody": "Deck needs to be selected before any entry level commands can be executed\n",
            "fileTypesAndContributionMap": {
              "functional-code": {
                "insertions": 52,
                "deletions": 16
              },
              "other": {
                "insertions": 2,
                "deletions": 4
              },
              "test-code": {
                "insertions": 3,
                "deletions": 3
              }
            }
          },
          {
            "hash": "1be05751c13eb857368f606e9f2787afe9e17127",
            "messageTitle": "Alter tests and fix checkstyle",
            "messageBody": "",
            "fileTypesAndContributionMap": {
              "functional-code": {
                "insertions": 15,
                "deletions": 17
              },
              "other": {
                "insertions": 1,
                "deletions": 2
              },
              "test-code": {
                "insertions": 138,
                "deletions": 368
              }
            }
          }
        ]
      }
    ],
    "gabrielsimbingyang": [
      {
        "date": "2020-09-23",
        "commitResults": [
          {
            "hash": "d2b6db5f856730dbee1b678ae1fbd86a2f9ee278",
            "messageTitle": "Test commit",
            "messageBody": "",
            "fileTypesAndContributionMap": {
              "functional-code": {
                "insertions": 1,
                "deletions": 1
              }
            }
          },
          {
            "hash": "c64e7fb29ca9d62fbe8a131aa79fe844685d3777",
            "messageTitle": "Test commit",
            "messageBody": "",
            "fileTypesAndContributionMap": {
              "functional-code": {
                "insertions": 1,
                "deletions": 1
              }
            }
          },
          {
            "hash": "34e3bd75c6092f984947685da637b990fde68e05",
            "messageTitle": "Add use cases to developer guide",
            "messageBody": "",
            "fileTypesAndContributionMap": {
              "docs": {
                "insertions": 81,
                "deletions": 7
              }
            }
          },
          {
            "hash": "bde5679510c3b856b6df478f11e3f9d329ea8d29",
            "messageTitle": "Test commit",
            "messageBody": "",
            "fileTypesAndContributionMap": {
              "functional-code": {
                "insertions": 1,
                "deletions": 1
              }
            }
          }
        ]
      },
      {
        "date": "2020-09-26",
        "commitResults": [
          {
            "hash": "97fcf03b02eef9e9607f5523e214cda3115ab80c",
            "messageTitle": "Update UserGuide.md",
            "messageBody": "",
            "fileTypesAndContributionMap": {
              "docs": {
                "insertions": 11,
                "deletions": 62
              }
            }
          },
          {
            "hash": "bbadb0c17bbe8c228e44ad006bf19cf85f86bb5d",
            "messageTitle": "Update UserGuide.md",
            "messageBody": "",
            "fileTypesAndContributionMap": {
              "docs": {
                "insertions": 2,
                "deletions": 4
              }
            }
          },
          {
            "hash": "4e07271f73c227f6f94af6e83e678e29a384d789",
            "messageTitle": "Update UserGuide.md",
            "messageBody": "remove helpMessage.png",
            "fileTypesAndContributionMap": {
              "docs": {
                "insertions": 0,
                "deletions": 1
              }
            }
          }
        ]
      },
      {
        "date": "2020-09-27",
        "commitResults": [
          {
            "hash": "2bcde7bf84b62027e73605fcf60d14c3e59ff505",
            "messageTitle": "Update AboutUs.md",
            "messageBody": "",
            "fileTypesAndContributionMap": {
              "docs": {
                "insertions": 1,
                "deletions": 6
              }
            }
          }
        ]
      },
      {
        "date": "2020-10-03",
        "commitResults": [
          {
            "hash": "6d71bdf325e759eeaf561f732c410e97605f35c0",
            "messageTitle": "Test commit",
            "messageBody": "",
            "fileTypesAndContributionMap": {
              "functional-code": {
                "insertions": 1,
                "deletions": 1
              }
            }
          },
          {
            "hash": "b43ca6c03c96c364f0d3a956941e966646241baf",
            "messageTitle": "Remove trailing whitespace",
            "messageBody": "",
            "fileTypesAndContributionMap": {
              "functional-code": {
                "insertions": 1,
                "deletions": 1
              }
            }
          }
        ]
      },
      {
        "date": "2020-10-04",
        "commitResults": [
          {
            "hash": "44893e7cb06f3180513f282005846410faf2e1a0",
            "messageTitle": "Edit DG to include new proposed features",
            "messageBody": "",
            "fileTypesAndContributionMap": {
              "docs": {
                "insertions": 38,
                "deletions": 2
              }
            }
          },
          {
            "hash": "34c9777a9d9a005b4d0e343f45e700c1561d0908",
            "messageTitle": "Edit DG after feedback from Melanie",
            "messageBody": "",
            "fileTypesAndContributionMap": {
              "docs": {
                "insertions": 2,
                "deletions": 2
              }
            }
          }
        ]
      },
      {
        "date": "2020-10-05",
        "commitResults": [
          {
            "hash": "1df7ed515c920165f6b46ec91af1c227d9eb7d13",
            "messageTitle": "Edit DG after feedback from Vignesh",
            "messageBody": "",
            "fileTypesAndContributionMap": {
              "docs": {
                "insertions": 5,
                "deletions": 0
              }
            }
          },
          {
            "hash": "442f58abe39b17bb87677a78ced0780db8cabae9",
            "messageTitle": "Import Jfoenix to build.gradle",
            "messageBody": "",
            "fileTypesAndContributionMap": {
              "other": {
                "insertions": 2,
                "deletions": 0
              }
            }
          }
        ]
      },
      {
        "date": "2020-10-06",
        "commitResults": [
          {
            "hash": "e97d063ec36e7f51249fde53da21ecf2c9f613ac",
            "messageTitle": "Add unformatted notes to DG",
            "messageBody": "",
            "fileTypesAndContributionMap": {
              "docs": {
                "insertions": 15,
                "deletions": 0
              }
            }
          },
          {
            "hash": "56cf015454183e1ddb2bbaa6aed281dd282843ed",
            "messageTitle": "Edit DG",
            "messageBody": "",
            "fileTypesAndContributionMap": {
              "docs": {
                "insertions": 1,
                "deletions": 1
              }
            }
          },
          {
            "hash": "59385bda5a6be0b09be19ac532c568b18828b818",
            "messageTitle": "Add skeleton code for deck selection in MainWindow.fxml",
            "messageBody": "",
            "fileTypesAndContributionMap": {
              "functional-code": {
                "insertions": 15,
                "deletions": 11
              },
              "docs": {
                "insertions": 3,
                "deletions": 2
              }
            }
          },
          {
            "hash": "5a110cc2423e281ef31eb368abb230e42c694f80",
            "messageTitle": "Add skeleton code for handleDeck in MainWindow.fxml",
            "messageBody": "",
            "fileTypesAndContributionMap": {
              "functional-code": {
                "insertions": 25,
                "deletions": 3
              }
            }
          },
          {
            "hash": "f395846fb11b8b5d7639e82353ceb8e0dc033dab",
            "messageTitle": "Resolve CI tests",
            "messageBody": "",
            "fileTypesAndContributionMap": {
              "functional-code": {
                "insertions": 0,
                "deletions": 3
              }
            }
          }
        ]
      },
      {
        "date": "2020-10-07",
        "commitResults": [
          {
            "hash": "433c474d63577bf27df9abc640c994ef643d0ba8",
            "messageTitle": "Edit DarkTheme.css with new theme colors",
            "messageBody": "",
            "fileTypesAndContributionMap": {
              "functional-code": {
                "insertions": 10,
                "deletions": 12
              }
            }
          },
          {
            "hash": "f8899a7711c1e22a7afdd3b288e3f9ea5bc93385",
            "messageTitle": "Add Leitner psuedocode to Leitner.txt",
            "messageBody": "",
            "fileTypesAndContributionMap": {
              "functional-code": {
                "insertions": 61,
                "deletions": 0
              }
            }
          },
          {
            "hash": "ac0ec7d7accf3be5c64caa5fd6210b7a6fc221e8",
            "messageTitle": "Split UI into two segments",
            "messageBody": "",
            "fileTypesAndContributionMap": {
              "functional-code": {
                "insertions": 76,
                "deletions": 0
              }
            }
          },
          {
            "hash": "49cc8cf2b6288505e2554fd775ac3452929d9aa2",
            "messageTitle": "Complete working prototype of entryList with stubs",
            "messageBody": "",
            "fileTypesAndContributionMap": {
              "functional-code": {
                "insertions": 94,
                "deletions": 20
              }
            }
          },
          {
            "hash": "154e2f9d7f0bf942b6917887d0ec0ac66e88cfd1",
            "messageTitle": "Refactor code",
            "messageBody": "",
            "fileTypesAndContributionMap": {
              "functional-code": {
                "insertions": 24,
                "deletions": 19
              }
            }
          },
          {
            "hash": "83c66b73a135e1f54301b35f238992bc731f8810",
            "messageTitle": "Reformat code",
            "messageBody": "",
            "fileTypesAndContributionMap": {
              "functional-code": {
                "insertions": 2,
                "deletions": 3
              }
            }
          }
        ]
      }
    ]
  },
  "authorFileTypeContributionMap": {
    "geoboom": {
      "docs": 20,
      "functional-code": 47,
      "test-code": 0,
      "other": 222
    },
    "vigneshbhuvan-nus": {
      "docs": 84,
      "functional-code": 183,
      "test-code": 0
    },
    "IlyaRin": {
      "docs": 13,
      "functional-code": 1304,
      "test-code": 1601
    },
    "gabrielsimbingyang": {
      "docs": 145,
      "functional-code": 240,
      "test-code": 0,
      "other": 2
    }
  },
  "authorContributionVariance": {
    "geoboom": 1670.0422,
    "vigneshbhuvan-nus": 1542.5232,
    "IlyaRin": 276233.25,
    "gabrielsimbingyang": 2061.9644
  },
  "authorDisplayNameMap": {
    "geoboom": "CS2103T-T09-4 LEE ..RGIE",
    "vigneshbhuvan-nus": "CS2103T-T09-4 BHUV..NESH",
    "IlyaRin": "CS2103T-T09-4 MELA.. SEE",
    "gabrielsimbingyang": "CS2103T-T09-4 SIM ..RIEL"
  }
}
