{
  "authorDailyContributionsMap": {
    "geoboom": [
      {
        "date": "2020-09-20",
        "commitResults": [
          {
            "hash": "3a4b487d6289a8bc3b600682f7506ecf0aba31fa",
            "messageTitle": "Update readme with our fancy title",
            "messageBody": "",
            "fileTypesAndContributionMap": {
              "other": {
                "insertions": 184,
                "deletions": 0
              },
              "docs": {
                "insertions": 3,
                "deletions": 0
              }
            }
          }
        ]
      },
      {
        "date": "2020-09-21",
        "commitResults": [
          {
            "hash": "33d503885edb1447b60adf79832bea25eb116d6f",
            "messageTitle": "Write the baseline UG based on UG pdf content",
            "messageBody": "",
            "fileTypesAndContributionMap": {
              "docs": {
                "insertions": 66,
                "deletions": 87
              }
            }
          }
        ]
      }
    ],
    "vigneshbhuvan-nus": [
      {
        "date": "2020-09-24",
        "commitResults": [
          {
            "hash": "0caf4c37b739b950a25fac43c04507d8a76b939c",
            "messageTitle": "Updated Developer Guide: Edited Target User Profile, Value Proposition, User Stories",
            "messageBody": "",
            "fileTypesAndContributionMap": {
              "docs": {
                "insertions": 35,
                "deletions": 11
              }
            }
          },
          {
            "hash": "b1b36f8bbae5006631a785fc4f45d5dc6d31cca5",
            "messageTitle": "Updated the names and details in AboutUS.md",
            "messageBody": "",
            "fileTypesAndContributionMap": {
              "docs": {
                "insertions": 17,
                "deletions": 16
              }
            }
          }
        ]
      },
      {
        "date": "2020-09-27",
        "commitResults": [
          {
            "hash": "a18618c83daface8857d900e7ef208d0917b0b45",
            "messageTitle": "Changed Photos",
            "messageBody": "",
            "fileTypesAndContributionMap": {
              "docs": {
                "insertions": 3,
                "deletions": 3
              }
            }
          },
          {
            "hash": "393d071a09391a8cf786de39268ee452b6ced03a",
            "messageTitle": "Changed the names of Pictures",
            "messageBody": "",
            "fileTypesAndContributionMap": {
              "docs": {
                "insertions": 3,
                "deletions": 3
              }
            }
          },
          {
            "hash": "605c81b4c56a0368edad9f0aef5cd46b63c765f6",
            "messageTitle": "Changed the names",
            "messageBody": "",
            "fileTypesAndContributionMap": {
              "docs": {
                "insertions": 2,
                "deletions": 2
              }
            }
          },
          {
            "hash": "9c2332a416289e60d45326c6ce5e76a38aee451a",
            "messageTitle": "Further changes for AboutMD",
            "messageBody": "",
            "fileTypesAndContributionMap": {
              "docs": {
                "insertions": 2,
                "deletions": 12
              }
            }
          }
        ]
      }
    ],
    "IlyaRin": [
      {
        "date": "2020-09-21",
        "commitResults": [
          {
            "hash": "cc8d03bb8396dbc30d46dce5a46792eab1384191",
            "messageTitle": "Remove Address.java",
            "messageBody": "",
            "fileTypesAndContributionMap": {
              "functional-code": {
                "insertions": 0,
                "deletions": 57
              }
            }
          },
          {
            "hash": "ea277ac5a80fa0c3724ab8db391f8640a3c8249d",
            "messageTitle": "Remove Address in code",
            "messageBody": "",
            "fileTypesAndContributionMap": {
              "functional-code": {
                "insertions": 10,
                "deletions": 73
              },
              "test-code": {
                "insertions": 34,
                "deletions": 169
              }
            }
          },
          {
            "hash": "2b99baab4f9cff012f7db6eeea378ade80f25003",
            "messageTitle": "Remove Address from json files",
            "messageBody": "",
            "fileTypesAndContributionMap": {
              "functional-code": {
                "insertions": 0,
                "deletions": 3
              }
            }
          }
        ]
      },
      {
        "date": "2020-09-23",
        "commitResults": [
          {
            "hash": "47c6d8df959ed54ce45a3cf7a9ad499f61fb6a6a",
            "messageTitle": "Update README",
            "messageBody": "",
            "fileTypesAndContributionMap": {
              "docs": {
                "insertions": 6,
                "deletions": 8
              }
            }
          },
          {
            "hash": "e26d77e97e81fc7506dada3958f55ed77f43e9dc",
            "messageTitle": "Fix whitespace",
            "messageBody": "",
            "fileTypesAndContributionMap": {
              "functional-code": {
                "insertions": 0,
                "deletions": 1
              },
              "docs": {
                "insertions": 3,
                "deletions": 4
              },
              "test-code": {
                "insertions": 0,
                "deletions": 1
              }
            }
          },
          {
            "hash": "d8236bd66695661b63622e61a1be6f50cecc4fee",
            "messageTitle": "Fix Checkstyle",
            "messageBody": "",
            "fileTypesAndContributionMap": {
              "test-code": {
                "insertions": 0,
                "deletions": 3
              }
            }
          },
          {
            "hash": "bb6dd0e6132bf6b7648aa89f2ba687ecbb19217e",
            "messageTitle": "Update developer guide non functional requirements",
            "messageBody": "",
            "fileTypesAndContributionMap": {
              "docs": {
                "insertions": 4,
                "deletions": 0
              }
            }
          }
        ]
      },
      {
        "date": "2020-09-25",
        "commitResults": [
          {
            "hash": "af2efca38f3635a68d5758936550319a6d1a2b50",
            "messageTitle": "Remove phone.java from person",
            "messageBody": "Remove relavant instances of phone from code\n",
            "fileTypesAndContributionMap": {
              "functional-code": {
                "insertions": 16,
                "deletions": 131
              },
              "test-code": {
                "insertions": 25,
                "deletions": 201
              }
            }
          },
          {
            "hash": "30fce8fcd811301a3b74e45b3a802c598ea22ecb",
            "messageTitle": "Remove Tag.java from Person",
            "messageBody": "Remove all relevant Tag from code\n",
            "fileTypesAndContributionMap": {
              "functional-code": {
                "insertions": 17,
                "deletions": 270
              },
              "test-code": {
                "insertions": 34,
                "deletions": 244
              }
            }
          },
          {
            "hash": "dc2c762d9b7715cb4ac6fea9e46aa2dd56447958",
            "messageTitle": "Rename Name.java to Word.java",
            "messageBody": "Change all instances of Name in other parts of the code to Word\nAlso rename Email.java to Translation.java\nChange all instance of Email in other parts of the code to Translation\n",
            "fileTypesAndContributionMap": {
              "functional-code": {
                "insertions": 51,
                "deletions": 51
              },
              "other": {
                "insertions": 10,
                "deletions": 10
              },
              "test-code": {
                "insertions": 139,
                "deletions": 139
              }
            }
          },
          {
            "hash": "91586b6456772fb5af648ca6e6c8e87c600ae615",
            "messageTitle": "Rename Person.java to Entry.java",
            "messageBody": "Change all occurences of Person in Code to Entry\n",
            "fileTypesAndContributionMap": {
              "functional-code": {
                "insertions": 100,
                "deletions": 100
              },
              "other": {
                "insertions": 10,
                "deletions": 10
              },
              "test-code": {
                "insertions": 90,
                "deletions": 90
              }
            }
          },
          {
            "hash": "f61f935ebd1328baa76b4ac74d53c1ee381f3af1",
            "messageTitle": "Fix whitespaces and checkstyle",
            "messageBody": "",
            "fileTypesAndContributionMap": {
              "functional-code": {
                "insertions": 6,
                "deletions": 5
              },
              "docs": {
                "insertions": 2,
                "deletions": 2
              },
              "test-code": {
                "insertions": 5,
                "deletions": 20
              }
            }
          },
          {
            "hash": "60fa7df0d66c15ef7ea31967ce717214bf0c5221",
            "messageTitle": "Remove prefix for address, tag and phone",
            "messageBody": "",
            "fileTypesAndContributionMap": {
              "functional-code": {
                "insertions": 34,
                "deletions": 60
              },
              "test-code": {
                "insertions": 39,
                "deletions": 86
              }
            }
          }
        ]
      },
      {
        "date": "2020-09-27",
        "commitResults": [
          {
            "hash": "dea624af072e230fb9f32a724b0715ef0f0d9586",
            "messageTitle": "Update Ui.png",
            "messageBody": "Change the validation regex previously for email to support a translation format.\nRename title from address app to word bank\n",
            "fileTypesAndContributionMap": {
              "functional-code": {
                "insertions": 5,
                "deletions": 21
              },
              "docs": {
                "insertions": 0,
                "deletions": 2
              }
            }
          },
          {
            "hash": "684a9cd9753790372b28709fd99e955aab1dca65",
            "messageTitle": "Fix tests",
            "messageBody": "",
            "fileTypesAndContributionMap": {
              "functional-code": {
                "insertions": 19,
                "deletions": 4
              }
            }
          }
        ]
      }
    ],
    "gabrielsimbingyang": [
      {
        "date": "2020-09-23",
        "commitResults": [
          {
            "hash": "d2b6db5f856730dbee1b678ae1fbd86a2f9ee278",
            "messageTitle": "Test commit",
            "messageBody": "",
            "fileTypesAndContributionMap": {
              "functional-code": {
                "insertions": 1,
                "deletions": 1
              }
            }
          },
          {
            "hash": "c64e7fb29ca9d62fbe8a131aa79fe844685d3777",
            "messageTitle": "Test commit",
            "messageBody": "",
            "fileTypesAndContributionMap": {
              "functional-code": {
                "insertions": 1,
                "deletions": 1
              }
            }
          },
          {
            "hash": "34e3bd75c6092f984947685da637b990fde68e05",
            "messageTitle": "Add use cases to developer guide",
            "messageBody": "",
            "fileTypesAndContributionMap": {
              "docs": {
                "insertions": 81,
                "deletions": 7
              }
            }
          }
        ]
      },
      {
        "date": "2020-09-26",
        "commitResults": [
          {
            "hash": "97fcf03b02eef9e9607f5523e214cda3115ab80c",
            "messageTitle": "Update UserGuide.md",
            "messageBody": "",
            "fileTypesAndContributionMap": {
              "docs": {
                "insertions": 11,
                "deletions": 62
              }
            }
          },
          {
            "hash": "bbadb0c17bbe8c228e44ad006bf19cf85f86bb5d",
            "messageTitle": "Update UserGuide.md",
            "messageBody": "",
            "fileTypesAndContributionMap": {
              "docs": {
                "insertions": 2,
                "deletions": 4
              }
            }
          },
          {
            "hash": "4e07271f73c227f6f94af6e83e678e29a384d789",
            "messageTitle": "Update UserGuide.md",
            "messageBody": "remove helpMessage.png",
            "fileTypesAndContributionMap": {
              "docs": {
                "insertions": 0,
                "deletions": 1
              }
            }
          }
        ]
      },
      {
        "date": "2020-09-27",
        "commitResults": [
          {
            "hash": "2bcde7bf84b62027e73605fcf60d14c3e59ff505",
            "messageTitle": "Update AboutUs.md",
            "messageBody": "",
            "fileTypesAndContributionMap": {
              "docs": {
                "insertions": 1,
                "deletions": 6
              }
            }
          }
        ]
      }
    ]
  },
  "authorFileTypeContributionMap": {
    "geoboom": {
      "docs": 48,
      "functional-code": 0,
      "test-code": 0,
      "other": 184
    },
    "vigneshbhuvan-nus": {
      "docs": 50,
      "functional-code": 0,
      "test-code": 0
    },
    "IlyaRin": {
      "docs": 10,
      "functional-code": 202,
      "test-code": 289
    },
    "gabrielsimbingyang": {
      "docs": 83,
      "functional-code": 1,
      "test-code": 0
    }
  },
  "authorContributionVariance": {
    "geoboom": 1240.2024,
    "vigneshbhuvan-nus": 152.82172,
    "IlyaRin": 88458.95,
    "gabrielsimbingyang": 315.57727
  },
  "authorDisplayNameMap": {
    "geoboom": "CS2103T-T09-4 LEE ..RGIE",
    "vigneshbhuvan-nus": "CS2103T-T09-4 BHUV..NESH",
    "IlyaRin": "CS2103T-T09-4 MELA.. SEE",
    "gabrielsimbingyang": "CS2103T-T09-4 SIM ..RIEL"
  }
}
