{
  "authorDailyContributionsMap": {
    "urieltan": [
      {
        "date": "2020-09-13",
        "commitResults": [
          {
            "hash": "36bc462aaf4c4452847d02cca5438166080c4d01",
            "messageTitle": "Update README.md",
            "messageBody": "",
            "fileTypesAndContributionMap": {
              "docs": {
                "insertions": 1,
                "deletions": 1
              }
            }
          }
        ]
      },
      {
        "date": "2020-09-20",
        "commitResults": [
          {
            "hash": "df69f5857de97c80d7d81bc6f33d6af5090c6f18",
            "messageTitle": "Update About Us",
            "messageBody": "",
            "fileTypesAndContributionMap": {
              "docs": {
                "insertions": 22,
                "deletions": 29
              }
            }
          }
        ]
      },
      {
        "date": "2020-09-24",
        "commitResults": [
          {
            "hash": "3a860ebddd0508bda28278a3f57bfc31297bf463",
            "messageTitle": "Add meeting link to user guide",
            "messageBody": "",
            "fileTypesAndContributionMap": {
              "docs": {
                "insertions": 11,
                "deletions": 0
              }
            }
          },
          {
            "hash": "d5793273e1be0a631072fef7732dbf56a1f6b004",
            "messageTitle": "Update UserGuide.md",
            "messageBody": "",
            "fileTypesAndContributionMap": {
              "docs": {
                "insertions": 1,
                "deletions": 1
              }
            }
          }
        ]
      },
      {
        "date": "2020-10-01",
        "commitResults": [
          {
            "hash": "4926a24a3c6f05d36a85c0b60e61ec56197e1cb3",
            "messageTitle": "Update DeveloperGuide.md",
            "messageBody": "",
            "fileTypesAndContributionMap": {
              "docs": {
                "insertions": 27,
                "deletions": 0
              }
            }
          }
        ]
      },
      {
        "date": "2020-10-08",
        "commitResults": [
          {
            "hash": "c8ff7015140596e4a976e8c27b920fe9bbd0628b",
            "messageTitle": "Add \u0027list all\u0027 to list command",
            "messageBody": "",
            "fileTypesAndContributionMap": {
              "functional-code": {
                "insertions": 45,
                "deletions": 1
              }
            }
          },
          {
            "hash": "5c607d7aa77c9720c0a79bb482718843fffaf81a",
            "messageTitle": "Fix checkstyle errors",
            "messageBody": "",
            "fileTypesAndContributionMap": {
              "functional-code": {
                "insertions": 2,
                "deletions": 8
              }
            }
          },
          {
            "hash": "ff1a997641335a1f330a37212b6bcfe64024f578",
            "messageTitle": "Fix checkstyle errors",
            "messageBody": "",
            "fileTypesAndContributionMap": {
              "functional-code": {
                "insertions": 7,
                "deletions": 7
              }
            }
          },
          {
            "hash": "9969a0664ff129cc6fd5726ba5ee67f12b3a248b",
            "messageTitle": "Fix checkstyle errors",
            "messageBody": "",
            "fileTypesAndContributionMap": {
              "functional-code": {
                "insertions": 1,
                "deletions": 2
              }
            }
          },
          {
            "hash": "50f891a33f94f8590c38f6fd3108d8ea1d763711",
            "messageTitle": "Edit test behaviour of list command",
            "messageBody": "",
            "fileTypesAndContributionMap": {
              "test-code": {
                "insertions": 6,
                "deletions": 1
              }
            }
          },
          {
            "hash": "3205ad5d0762bbad444545e7eafb640a36fa4853",
            "messageTitle": "Fix checkstyle errors",
            "messageBody": "",
            "fileTypesAndContributionMap": {
              "test-code": {
                "insertions": 1,
                "deletions": 1
              }
            }
          },
          {
            "hash": "804426e2d723e73a49ec9e5b436c63c74b9c34a4",
            "messageTitle": "Edit test behaviour of list command",
            "messageBody": "",
            "fileTypesAndContributionMap": {
              "test-code": {
                "insertions": 1,
                "deletions": 1
              }
            }
          }
        ]
      }
    ],
    "kevnw": [
      {
        "date": "2020-09-24",
        "commitResults": [
          {
            "hash": "78b47bba0787c5671f39b4c982b172792d4aa82e",
            "messageTitle": "Add collaborative link guide to User Guide",
            "messageBody": "",
            "fileTypesAndContributionMap": {
              "docs": {
                "insertions": 17,
                "deletions": 5
              }
            }
          },
          {
            "hash": "cb9d9c8cd87eafbd5b629ee92ec6b50a7ee34155",
            "messageTitle": "Fix trailing whitespace issue",
            "messageBody": "",
            "fileTypesAndContributionMap": {
              "docs": {
                "insertions": 9,
                "deletions": 9
              }
            }
          }
        ]
      },
      {
        "date": "2020-09-25",
        "commitResults": [
          {
            "hash": "eb50c9c97fc74af0b628a33c172e8bc9de3b8efd",
            "messageTitle": "Update index.md",
            "messageBody": "",
            "fileTypesAndContributionMap": {
              "docs": {
                "insertions": 17,
                "deletions": 11
              }
            }
          },
          {
            "hash": "61c2f324f1e228eb24de1838c4f1c7c18b0dbdca",
            "messageTitle": "Fix image not showing on index.md",
            "messageBody": "",
            "fileTypesAndContributionMap": {
              "docs": {
                "insertions": 1,
                "deletions": 1
              }
            }
          }
        ]
      },
      {
        "date": "2020-09-27",
        "commitResults": [
          {
            "hash": "180fb4ab4bc93f975d0ded07bb5fca92e309a07c",
            "messageTitle": "Change image type to PNG and fix AboutUs not showing image",
            "messageBody": "",
            "fileTypesAndContributionMap": {
              "docs": {
                "insertions": 5,
                "deletions": 5
              }
            }
          }
        ]
      },
      {
        "date": "2020-09-30",
        "commitResults": [
          {
            "hash": "c486b4c315f0f7f04f54f57c1e09c1c0beeaf558",
            "messageTitle": "Add user stories and use case for adding collaborative link",
            "messageBody": "",
            "fileTypesAndContributionMap": {
              "docs": {
                "insertions": 43,
                "deletions": 173
              }
            }
          }
        ]
      },
      {
        "date": "2020-10-05",
        "commitResults": [
          {
            "hash": "3b6c469d9c1e6073ae1119a42faa5a87361c0463",
            "messageTitle": "Refactor add and list command",
            "messageBody": "",
            "fileTypesAndContributionMap": {
              "functional-code": {
                "insertions": 534,
                "deletions": 172
              },
              "other": {
                "insertions": 49,
                "deletions": 45
              },
              "docs": {
                "insertions": 24,
                "deletions": 24
              },
              "test-code": {
                "insertions": 17,
                "deletions": 17
              }
            }
          },
          {
            "hash": "698dfb48b891565226a0654fd9a5bd4c91ef6994",
            "messageTitle": "Refactor delete command",
            "messageBody": "",
            "fileTypesAndContributionMap": {
              "functional-code": {
                "insertions": 12,
                "deletions": 5
              }
            }
          },
          {
            "hash": "2ecfe159599e51a48d22616dfd8aa111ffdf522e",
            "messageTitle": "Adhere to checkstyle",
            "messageBody": "",
            "fileTypesAndContributionMap": {
              "functional-code": {
                "insertions": 22,
                "deletions": 27
              },
              "test-code": {
                "insertions": 9,
                "deletions": 7
              }
            }
          },
          {
            "hash": "b399b7b4e98e07307aa33a0105d12fb9e5dc41d9",
            "messageTitle": "Fix trailing space",
            "messageBody": "",
            "fileTypesAndContributionMap": {
              "functional-code": {
                "insertions": 289,
                "deletions": 289
              }
            }
          },
          {
            "hash": "4bd2461ca868345b0ded91cb2f250d7ca91cce51",
            "messageTitle": "Fix trailing space in docs",
            "messageBody": "",
            "fileTypesAndContributionMap": {
              "functional-code": {
                "insertions": 47,
                "deletions": 47
              },
              "docs": {
                "insertions": 17,
                "deletions": 17
              }
            }
          },
          {
            "hash": "c95cb7e7a8d6fae472f627901250ea229603ff7d",
            "messageTitle": "Fix failing testcases",
            "messageBody": "",
            "fileTypesAndContributionMap": {
              "test-code": {
                "insertions": 31,
                "deletions": 30
              }
            }
          },
          {
            "hash": "55ce4a14d0d694ea45e163440fc7eae32dcce643",
            "messageTitle": "Refactor edit command",
            "messageBody": "",
            "fileTypesAndContributionMap": {
              "functional-code": {
                "insertions": 782,
                "deletions": 250
              },
              "other": {
                "insertions": 43,
                "deletions": 42
              },
              "test-code": {
                "insertions": 10,
                "deletions": 9
              }
            }
          },
          {
            "hash": "b7032ff219465bda8c96ae54729a4e5d39709275",
            "messageTitle": "Fix failing testcases",
            "messageBody": "",
            "fileTypesAndContributionMap": {
              "functional-code": {
                "insertions": 471,
                "deletions": 461
              },
              "test-code": {
                "insertions": 34,
                "deletions": 29
              }
            }
          },
          {
            "hash": "c4adc1c48cef6d77d2e9533d0dde39ef810f4473",
            "messageTitle": "Refactor find command",
            "messageBody": "",
            "fileTypesAndContributionMap": {
              "functional-code": {
                "insertions": 173,
                "deletions": 51
              },
              "other": {
                "insertions": 15,
                "deletions": 13
              },
              "test-code": {
                "insertions": 5,
                "deletions": 4
              }
            }
          },
          {
            "hash": "82c094837b24ee943224bbd190fdbf1dfcd3eac4",
            "messageTitle": "Fix trailing space",
            "messageBody": "",
            "fileTypesAndContributionMap": {
              "functional-code": {
                "insertions": 90,
                "deletions": 90
              }
            }
          }
        ]
      },
      {
        "date": "2020-10-11",
        "commitResults": [
          {
            "hash": "82c32483f35c75bedc08298d0e05f5fc8dadd22d",
            "messageTitle": "Edit User Guide to follow v1.2",
            "messageBody": "",
            "fileTypesAndContributionMap": {
              "docs": {
                "insertions": 129,
                "deletions": 69
              }
            }
          },
          {
            "hash": "c72aa7a0785ec9263216e2669b45ab82f974c768",
            "messageTitle": "Add list all command to User Guide",
            "messageBody": "",
            "fileTypesAndContributionMap": {
              "docs": {
                "insertions": 6,
                "deletions": 0
              }
            }
          }
        ]
      }
    ],
    "luciatirta": [
      {
        "date": "2020-09-27",
        "commitResults": [
          {
            "hash": "ebc566bd50d95dae855a7625e93e55a7413b1841",
            "messageTitle": "Add show tag feature in User Guide",
            "messageBody": "",
            "fileTypesAndContributionMap": {
              "docs": {
                "insertions": 14,
                "deletions": 0
              }
            }
          }
        ]
      },
      {
        "date": "2020-09-29",
        "commitResults": [
          {
            "hash": "010328d981135dd24a1acbd8a3f3393c595788a6",
            "messageTitle": "Edit introduction and command summary",
            "messageBody": "",
            "fileTypesAndContributionMap": {
              "docs": {
                "insertions": 30,
                "deletions": 25
              }
            }
          }
        ]
      },
      {
        "date": "2020-09-30",
        "commitResults": [
          {
            "hash": "f16435d37223fb3559610a7d01c1c4be8c7dd5f0",
            "messageTitle": "Add user stories and use case for search tag",
            "messageBody": "",
            "fileTypesAndContributionMap": {
              "docs": {
                "insertions": 24,
                "deletions": 0
              }
            }
          }
        ]
      },
      {
        "date": "2020-10-08",
        "commitResults": [
          {
            "hash": "9eae3e3d07627a0a1bca023cfa4197b47f70ac49",
            "messageTitle": "Add show tag command",
            "messageBody": "",
            "fileTypesAndContributionMap": {
              "functional-code": {
                "insertions": 119,
                "deletions": 0
              }
            }
          },
          {
            "hash": "98bdcdfbad37128425ee67ebc4a930ff4cb6fab9",
            "messageTitle": "Edit show tag user guide",
            "messageBody": "",
            "fileTypesAndContributionMap": {
              "docs": {
                "insertions": 4,
                "deletions": 4
              }
            }
          },
          {
            "hash": "eac5ed840895da2379870283a38959c590713d5f",
            "messageTitle": "Change logo and title",
            "messageBody": "",
            "fileTypesAndContributionMap": {
              "functional-code": {
                "insertions": 3,
                "deletions": 3
              },
              "test-code": {
                "insertions": 1,
                "deletions": 1
              }
            }
          }
        ]
      }
    ],
    "lerxcl": [
      {
        "date": "2020-09-21",
        "commitResults": [
          {
            "hash": "f5af1a7dee2aaaba205dc85421e12f6c076b0aea",
            "messageTitle": "Update README",
            "messageBody": "-Update the link of the GitHub Actions build status badge\n-Update content to match our project\n",
            "fileTypesAndContributionMap": {
              "docs": {
                "insertions": 22,
                "deletions": 11
              }
            }
          },
          {
            "hash": "2dbe7eedee608d211ee97539b375b2aa7940a410",
            "messageTitle": "Add newline at EOF and put \".\" at end of sentence",
            "messageBody": "",
            "fileTypesAndContributionMap": {
              "docs": {
                "insertions": 3,
                "deletions": 3
              }
            }
          }
        ]
      },
      {
        "date": "2020-09-24",
        "commitResults": [
          {
            "hash": "38cdb29976ec477871f07362d6e889fd090174a7",
            "messageTitle": "Add \"Due by/before\" filter feature in User Guide",
            "messageBody": "",
            "fileTypesAndContributionMap": {
              "docs": {
                "insertions": 20,
                "deletions": 0
              }
            }
          },
          {
            "hash": "d57ac62710711c8670f0b1492280b7ff8f25157c",
            "messageTitle": "Remove \u003c\u003e in User Guide to adhere to AB3 format",
            "messageBody": "",
            "fileTypesAndContributionMap": {
              "docs": {
                "insertions": 10,
                "deletions": 2
              }
            }
          },
          {
            "hash": "c7d419c6936b6cdfba182429f2539e212db48644",
            "messageTitle": "Add filter-related information into Developer Guide",
            "messageBody": "-Add 1 more Non-Functional Requirement\n",
            "fileTypesAndContributionMap": {
              "docs": {
                "insertions": 23,
                "deletions": 0
              }
            }
          },
          {
            "hash": "270724a2eee153df36cd4275d3f8a605697560ba",
            "messageTitle": "Add filter-related information into Developer Guide",
            "messageBody": "-Add 1 more Non-Functional Requirement\n",
            "fileTypesAndContributionMap": {
              "docs": {
                "insertions": 6,
                "deletions": 6
              }
            }
          }
        ]
      },
      {
        "date": "2020-09-29",
        "commitResults": [
          {
            "hash": "d7b093864deeb33395dc6c610e57a745f741776d",
            "messageTitle": "Attempt to fix Caleb\u0027s DP for not showing up in Team List",
            "messageBody": "",
            "fileTypesAndContributionMap": {
              "docs": {
                "insertions": 1,
                "deletions": 1
              }
            }
          }
        ]
      },
      {
        "date": "2020-10-08",
        "commitResults": [
          {
            "hash": "3f0bd41ca394081614a5ea27fed3c2960b8e8452",
            "messageTitle": "Add filter feature \"items due by...\" and \"items due before...\"",
            "messageBody": "Add:\n-DueBeforeCommand class\n-DueBeforeCommandParser class\n-DueBeforePredicate class\n-DueByCommand class\n-DueByCommandParser class\n-DueByPredicate class\n\nModify:\n-Event class\n-Model class\n-Task class\n-TaskList class\n-Todo class\n-UniqueTaskList class\n",
            "fileTypesAndContributionMap": {
              "functional-code": {
                "insertions": 210,
                "deletions": 7
              }
            }
          },
          {
            "hash": "9a38b7a34eeb5e0b3d243e688d7cf12f0c9075cd",
            "messageTitle": "Update User Guide and catch wrong date/time format",
            "messageBody": "-Change command of \"due by\" and \"due before\"\n",
            "fileTypesAndContributionMap": {
              "functional-code": {
                "insertions": 24,
                "deletions": 0
              },
              "docs": {
                "insertions": 11,
                "deletions": 11
              }
            }
          },
          {
            "hash": "b28542d0bccae8d439bee4e2698dd1f6f0d186a0",
            "messageTitle": "Add missing JavaDocs, correct checkstyle errors",
            "messageBody": "",
            "fileTypesAndContributionMap": {
              "functional-code": {
                "insertions": 48,
                "deletions": 16
              }
            }
          }
        ]
      },
      {
        "date": "2020-10-11",
        "commitResults": [
          {
            "hash": "e7d0b1b7c7ad3665155254f66814cfc4c10613d9",
            "messageTitle": "Add missing input date + time in MESSAGE_SUCCESS after the filter function is executed",
            "messageBody": "Create DuePredicate abstract class (reduce code duplication)\n-DueBeforePredicate and DueByPredicate extends it\n",
            "fileTypesAndContributionMap": {
              "functional-code": {
                "insertions": 46,
                "deletions": 50
              },
              "other": {
                "insertions": 10,
                "deletions": 6
              },
              "test-code": {
                "insertions": 8,
                "deletions": 0
              }
            }
          },
          {
            "hash": "afceba3a330d77b7c710d830fdc85e41017ee344",
            "messageTitle": "Fix checkstyle error in AddressBookParser",
            "messageBody": "",
            "fileTypesAndContributionMap": {
              "functional-code": {
                "insertions": 2,
                "deletions": 2
              }
            }
          }
        ]
      }
    ],
    "caleblyx": [
      {
        "date": "2020-09-24",
        "commitResults": [
          {
            "hash": "1a26f2c10ae3ea1fff7569a9b2ffc770cdf4f23b",
            "messageTitle": "Add To Do feature to User Guide",
            "messageBody": "",
            "fileTypesAndContributionMap": {
              "docs": {
                "insertions": 59,
                "deletions": 0
              }
            }
          }
        ]
      },
      {
        "date": "2020-09-28",
        "commitResults": [
          {
            "hash": "b25c652b33c46043a9fda85acac26c3998f55b71",
            "messageTitle": "add to do user stories and use cases",
            "messageBody": "",
            "fileTypesAndContributionMap": {
              "docs": {
                "insertions": 41,
                "deletions": 0
              }
            }
          },
          {
            "hash": "836edc65a7e6fc70b922ab54167a5a8ba7642479",
            "messageTitle": "edit extension of to do action use case",
            "messageBody": "",
            "fileTypesAndContributionMap": {
              "docs": {
                "insertions": 5,
                "deletions": 0
              }
            }
          }
        ]
      },
      {
        "date": "2020-10-06",
        "commitResults": [
          {
            "hash": "bc24090a01d645ff30cfb8d24db3445e1ba5df39",
            "messageTitle": "Add new model classes",
            "messageBody": "",
            "fileTypesAndContributionMap": {
              "functional-code": {
                "insertions": 371,
                "deletions": 0
              }
            }
          }
        ]
      },
      {
        "date": "2020-10-07",
        "commitResults": [
          {
            "hash": "841ea469fd262a237e9f70031e1a65b347eec708",
            "messageTitle": "Add event and todo commands",
            "messageBody": "",
            "fileTypesAndContributionMap": {
              "functional-code": {
                "insertions": 512,
                "deletions": 134
              },
              "test-code": {
                "insertions": 43,
                "deletions": 0
              }
            }
          },
          {
            "hash": "27ab492cebb4f88e228d132cdf962311441a7367",
            "messageTitle": "Update task functionality",
            "messageBody": "- Improved add, list, and delete commands.\n- Implement TaskList using observable list.\n- Update GUI to function for tasks.\n",
            "fileTypesAndContributionMap": {
              "functional-code": {
                "insertions": 326,
                "deletions": 132
              },
              "test-code": {
                "insertions": 2,
                "deletions": 12
              }
            }
          },
          {
            "hash": "5281dc2f1c2a8025c94ee2d90586020c93572c06",
            "messageTitle": "Optimise imports",
            "messageBody": "",
            "fileTypesAndContributionMap": {
              "functional-code": {
                "insertions": 0,
                "deletions": 2
              }
            }
          },
          {
            "hash": "a1042411bc92f289def5e7d98aad9f875954fac6",
            "messageTitle": "Update test files",
            "messageBody": "",
            "fileTypesAndContributionMap": {
              "test-code": {
                "insertions": 35,
                "deletions": 23
              }
            }
          },
          {
            "hash": "4939d367c102f250838fa02895d17ca4e9742d89",
            "messageTitle": "Update ModelManageTest.java",
            "messageBody": "",
            "fileTypesAndContributionMap": {
              "test-code": {
                "insertions": 5,
                "deletions": 6
              }
            }
          }
        ]
      }
    ]
  },
  "authorFileTypeContributionMap": {
    "urieltan": {
      "docs": 33,
      "functional-code": 37,
      "test-code": 6
    },
    "kevnw": {
      "docs": 196,
      "functional-code": 1355,
      "test-code": 191
    },
    "luciatirta": {
      "docs": 40,
      "functional-code": 122,
      "test-code": 1
    },
    "lerxcl": {
      "docs": 40,
      "functional-code": 260,
      "test-code": 8
    },
    "caleblyx": {
      "docs": 75,
      "functional-code": 1031,
      "test-code": 67
    }
  },
  "authorContributionVariance": {
    "urieltan": 169.9661,
    "kevnw": 308740.5,
    "luciatirta": 358.3206,
    "lerxcl": 2085.1306,
    "caleblyx": 27315.54
  },
  "authorDisplayNameMap": {
    "urieltan": "CS2103T-F12-4 TAN ..RIEL",
    "kevnw": "CS2103T-F12-4 KEVI..LIAM",
    "luciatirta": "CS2103T-F12-4 LUCI..AWAN",
    "lerxcl": "CS2103T-F12-4 CHUA.. LER",
    "caleblyx": "CS2103T-F12-4 LIN ..ALEB"
  }
}
