{
  "authorDailyContributionsMap": {
    "nottiffchan": [
      {
        "date": "2020-09-25",
        "commitResults": [
          {
            "hash": "63a7bf4f7d954cc850bc86a12cdddd48b9fa04f4",
            "messageTitle": "Add personal photo, update AboutUs.md",
            "messageBody": "",
            "fileTypesAndContributionMap": {
              "docs": {
                "insertions": 4,
                "deletions": 5
              }
            }
          }
        ]
      },
      {
        "date": "2020-09-28",
        "commitResults": [
          {
            "hash": "9200fa3f141d41be97627c05baad0e3892e62882",
            "messageTitle": "update README.md",
            "messageBody": "",
            "fileTypesAndContributionMap": {
              "docs": {
                "insertions": 16,
                "deletions": 4
              }
            }
          },
          {
            "hash": "00a00c6dc2b7963318df2bedb63173799b9fb2cf",
            "messageTitle": "update README.md to correct path to UG",
            "messageBody": "",
            "fileTypesAndContributionMap": {
              "docs": {
                "insertions": 1,
                "deletions": 1
              }
            }
          }
        ]
      },
      {
        "date": "2020-10-11",
        "commitResults": [
          {
            "hash": "766ec09caef9d95ebd1a4dac637878d69281306b",
            "messageTitle": "Improve styling of command line boxes, change icon to lion",
            "messageBody": "",
            "fileTypesAndContributionMap": {
              "functional-code": {
                "insertions": 16,
                "deletions": 19
              }
            }
          },
          {
            "hash": "80869326fc116d65d2dd23c0ff815d76b277a9ed",
            "messageTitle": "Ignore this no changes made",
            "messageBody": "",
            "fileTypesAndContributionMap": {
              "functional-code": {
                "insertions": 2,
                "deletions": 0
              }
            }
          },
          {
            "hash": "162bbbb37ca07e444a702c7da3c49f9d84ded7aa",
            "messageTitle": "Fix trailing whitespace issue",
            "messageBody": "",
            "fileTypesAndContributionMap": {
              "docs": {
                "insertions": 10,
                "deletions": 14
              }
            }
          },
          {
            "hash": "3768c30c9c8e65930a9c35fe7f6d422cc5479173",
            "messageTitle": "Remove more trailing whitespace in UG",
            "messageBody": "",
            "fileTypesAndContributionMap": {
              "docs": {
                "insertions": 4,
                "deletions": 4
              }
            }
          },
          {
            "hash": "aa14ad1fc7f8d1d4bb5762b1292787c6e7304920",
            "messageTitle": "Add newline to ResultDisplay.fxml EOF",
            "messageBody": "",
            "fileTypesAndContributionMap": {
              "functional-code": {
                "insertions": 1,
                "deletions": 1
              }
            }
          },
          {
            "hash": "3c01f920981023c3723c50a7bd2ad63e2f851e0d",
            "messageTitle": "[WIP] UI styling for v1.2 (#65)",
            "messageBody": "* Improve styling of command line boxes, change icon to lion\r\n* Remove more trailing whitespace in UG, add newline to ResultDisplay.fxml EOF",
            "fileTypesAndContributionMap": {
              "functional-code": {
                "insertions": 17,
                "deletions": 18
              },
              "docs": {
                "insertions": 4,
                "deletions": 4
              }
            }
          },
          {
            "hash": "80c16bd9b405309430289825c0740e62dbc0d83d",
            "messageTitle": "Merge with with upstream",
            "messageBody": "",
            "fileTypesAndContributionMap": {
              "functional-code": {
                "insertions": 0,
                "deletions": 2
              }
            }
          },
          {
            "hash": "5c50ec88611f3c2d21695df17703a5c06b525a02",
            "messageTitle": "Add Upcoming and Module tabs",
            "messageBody": "",
            "fileTypesAndContributionMap": {
              "functional-code": {
                "insertions": 12,
                "deletions": 14
              }
            }
          }
        ]
      },
      {
        "date": "2020-10-12",
        "commitResults": [
          {
            "hash": "9e543350eafcdf06a235dd77c8fbfdd38c3483c7",
            "messageTitle": "Refine UI further",
            "messageBody": "",
            "fileTypesAndContributionMap": {
              "functional-code": {
                "insertions": 52,
                "deletions": 51
              }
            }
          },
          {
            "hash": "581acfeb7b7a49b2c829f07e84709abec120a585",
            "messageTitle": "Add Task into UI, rename Location field in Task class to Address Renamed due to Location being a reserved keyword in JavaFX",
            "messageBody": "",
            "fileTypesAndContributionMap": {
              "functional-code": {
                "insertions": 223,
                "deletions": 37
              }
            }
          },
          {
            "hash": "56fe43f05e7be55d7be80b8d75aadd8bbe879a85",
            "messageTitle": "Clean up code to adhere to code quality",
            "messageBody": "",
            "fileTypesAndContributionMap": {
              "functional-code": {
                "insertions": 9,
                "deletions": 6
              }
            }
          },
          {
            "hash": "7bfb4d12a5a149dded979333cf9a955b8e3c1276",
            "messageTitle": "Restore menubar successfully",
            "messageBody": "",
            "fileTypesAndContributionMap": {
              "functional-code": {
                "insertions": 8,
                "deletions": 8
              }
            }
          }
        ]
      },
      {
        "date": "2020-10-13",
        "commitResults": [
          {
            "hash": "bfaa83d08ddd8be66f68d66be195eac55cb22d1d",
            "messageTitle": "Implement tab auto switch according to command entered",
            "messageBody": "",
            "fileTypesAndContributionMap": {
              "functional-code": {
                "insertions": 20,
                "deletions": 8
              }
            }
          },
          {
            "hash": "1d3c3d0eab28f114c9d5adeb13110e730e6e0e8d",
            "messageTitle": "Change changeTabOnCommandEntered method in MainWindow.java to use switch clause",
            "messageBody": "",
            "fileTypesAndContributionMap": {
              "functional-code": {
                "insertions": 13,
                "deletions": 6
              }
            }
          },
          {
            "hash": "f053ff4622ce5982730f62c1fc1184b91b203d69",
            "messageTitle": "Tweak to adhere to checkstyle",
            "messageBody": "",
            "fileTypesAndContributionMap": {
              "functional-code": {
                "insertions": 1,
                "deletions": 1
              }
            }
          },
          {
            "hash": "a48a836ba7a57e15f4955de52db2e3c5bd9af974",
            "messageTitle": "Tweak to adhere to checkstyle again",
            "messageBody": "",
            "fileTypesAndContributionMap": {
              "functional-code": {
                "insertions": 2,
                "deletions": 0
              }
            }
          }
        ]
      }
    ],
    "justweihong": [
      {
        "date": "2020-09-26",
        "commitResults": [
          {
            "hash": "cf3fcd0d9997b27cfc7ed1dcdf586ffb3977cee2",
            "messageTitle": "Add personal photo and update AboutUs.md",
            "messageBody": "",
            "fileTypesAndContributionMap": {
              "docs": {
                "insertions": 5,
                "deletions": 6
              }
            }
          }
        ]
      },
      {
        "date": "2020-10-10",
        "commitResults": [
          {
            "hash": "606901a0d3642d09e2cd82b5a89da55d1b52724c",
            "messageTitle": "initial commit for PR tracking",
            "messageBody": "",
            "fileTypesAndContributionMap": {
              "functional-code": {
                "insertions": 2,
                "deletions": 6
              }
            }
          },
          {
            "hash": "aa95fd463b99b84ba771e744f87f9b99896b3204",
            "messageTitle": "remove wildcare import for TrackIterParser",
            "messageBody": "",
            "fileTypesAndContributionMap": {
              "functional-code": {
                "insertions": 6,
                "deletions": 1
              }
            }
          }
        ]
      },
      {
        "date": "2020-10-11",
        "commitResults": [
          {
            "hash": "54b52a74f97cb203a15b10fdc21c35abbcd7da6c",
            "messageTitle": "adjust position of commandBox and rearrange contact panel and card",
            "messageBody": "",
            "fileTypesAndContributionMap": {
              "functional-code": {
                "insertions": 10,
                "deletions": 8
              },
              "other": {
                "insertions": 4,
                "deletions": 2
              },
              "docs": {
                "insertions": 2,
                "deletions": 1
              }
            }
          },
          {
            "hash": "60f35f2e11751939c82d9f88e7764b53f26855aa",
            "messageTitle": "configure panel layout and wrap it into single tab",
            "messageBody": "configure 2 by 2 grid to add 3 panel to support Module, Lesson and Task\npanels. panel content is still currently contact lists. this grid is\nwrapped into a single tab. This is to allow display module, lesson and\ntasks details in a single tab\n",
            "fileTypesAndContributionMap": {
              "functional-code": {
                "insertions": 83,
                "deletions": 22
              }
            }
          },
          {
            "hash": "4738be1c613de1904fdf1451004bbcdf60bb5df3",
            "messageTitle": "configure module details to UI",
            "messageBody": "",
            "fileTypesAndContributionMap": {
              "functional-code": {
                "insertions": 184,
                "deletions": 6
              }
            }
          },
          {
            "hash": "210093a79bc9a841fa3e5cb0dea85373044632f4",
            "messageTitle": "remove unused imports and extra whitespace for checkstyle",
            "messageBody": "",
            "fileTypesAndContributionMap": {
              "functional-code": {
                "insertions": 1,
                "deletions": 4
              }
            }
          }
        ]
      },
      {
        "date": "2020-10-12",
        "commitResults": [
          {
            "hash": "d18bb8247a19ef99864d97edc705242ceacf3c54",
            "messageTitle": "rename getLocation() to getAddress(0 for JsonAdaptedTask class",
            "messageBody": "",
            "fileTypesAndContributionMap": {
              "functional-code": {
                "insertions": 162,
                "deletions": 1
              }
            }
          },
          {
            "hash": "95b601fd2f3676511b02097984ce446a0b70f281",
            "messageTitle": "wire up Lesson with UI, change location field to address, add upcoming tab",
            "messageBody": "",
            "fileTypesAndContributionMap": {
              "functional-code": {
                "insertions": 106,
                "deletions": 84
              }
            }
          }
        ]
      }
    ],
    "nguyendqminh": [
      {
        "date": "2020-09-26",
        "commitResults": [
          {
            "hash": "1d62d3c8750278918a0edbc93a5c81123850f327",
            "messageTitle": "Add personal photo and update AboutUs.md",
            "messageBody": "",
            "fileTypesAndContributionMap": {
              "docs": {
                "insertions": 4,
                "deletions": 4
              }
            }
          }
        ]
      },
      {
        "date": "2020-09-29",
        "commitResults": [
          {
            "hash": "818f3dc0b89246fada1d1cb8a77047053b636675",
            "messageTitle": "Update user stories and use cases in DeveloperGuide.md",
            "messageBody": "",
            "fileTypesAndContributionMap": {
              "docs": {
                "insertions": 16,
                "deletions": 15
              }
            }
          },
          {
            "hash": "1d44d47e14b25f8d5a31c47aaa403d9831567655",
            "messageTitle": "Remove redundant lines in DeveloperGuide.md",
            "messageBody": "",
            "fileTypesAndContributionMap": {
              "docs": {
                "insertions": 1,
                "deletions": 5
              }
            }
          }
        ]
      },
      {
        "date": "2020-10-10",
        "commitResults": [
          {
            "hash": "3d3784e2fc9de6c0b4eebaad8bdda17d9d4c4721",
            "messageTitle": "Add implementations for lesson commands",
            "messageBody": "",
            "fileTypesAndContributionMap": {
              "functional-code": {
                "insertions": 488,
                "deletions": 4
              }
            }
          }
        ]
      },
      {
        "date": "2020-10-11",
        "commitResults": [
          {
            "hash": "21b65cad72c6fb83639c71d31aa35573cfbd2668",
            "messageTitle": "Fix command format according to the UG",
            "messageBody": "",
            "fileTypesAndContributionMap": {
              "functional-code": {
                "insertions": 16,
                "deletions": 10
              }
            }
          },
          {
            "hash": "4e473e17973ee907b59bd1d46f5b7638ddc9131c",
            "messageTitle": "Add parser for lesson-type commands",
            "messageBody": "",
            "fileTypesAndContributionMap": {
              "functional-code": {
                "insertions": 345,
                "deletions": 4
              }
            }
          },
          {
            "hash": "612b5f996ddd3ffe05cbc88d583f31fdd65714b4",
            "messageTitle": "Add newline at EOF for source codes",
            "messageBody": "",
            "fileTypesAndContributionMap": {
              "functional-code": {
                "insertions": 2,
                "deletions": 2
              }
            }
          },
          {
            "hash": "675babb2194b74d1ca0262465bc2734efc67a93b",
            "messageTitle": "Fix checkstyle errors",
            "messageBody": "",
            "fileTypesAndContributionMap": {
              "functional-code": {
                "insertions": 114,
                "deletions": 52
              },
              "test-code": {
                "insertions": 8,
                "deletions": 0
              }
            }
          },
          {
            "hash": "33060156cca182dcb37f6d9c997c722921d40d59",
            "messageTitle": "Add usage messages",
            "messageBody": "",
            "fileTypesAndContributionMap": {
              "functional-code": {
                "insertions": 47,
                "deletions": 10
              }
            }
          },
          {
            "hash": "bfccdb8db7889b282b6d9d82fd862ade9c0e0d21",
            "messageTitle": "Refactor code in lesson so that all date-related variables are now called \u0027date\u0027",
            "messageBody": "",
            "fileTypesAndContributionMap": {
              "functional-code": {
                "insertions": 46,
                "deletions": 47
              }
            }
          },
          {
            "hash": "66e6d7e843b6e4642514745310de6c61cbea9a48",
            "messageTitle": "Add examples for usage messages",
            "messageBody": "",
            "fileTypesAndContributionMap": {
              "functional-code": {
                "insertions": 25,
                "deletions": 5
              }
            }
          },
          {
            "hash": "6772413261a8f7a15ebf6416438743c06ef4582b",
            "messageTitle": "Fix lesson display method",
            "messageBody": "",
            "fileTypesAndContributionMap": {
              "functional-code": {
                "insertions": 1,
                "deletions": 1
              }
            }
          }
        ]
      },
      {
        "date": "2020-10-13",
        "commitResults": [
          {
            "hash": "43c1e0f235f29415780e2565be400c44ee824ea7",
            "messageTitle": "Fix bug in edit commands where weightage gets reset whenever unspecified",
            "messageBody": "",
            "fileTypesAndContributionMap": {
              "functional-code": {
                "insertions": 14,
                "deletions": 14
              }
            }
          }
        ]
      },
      {
        "date": "2020-10-24",
        "commitResults": [
          {
            "hash": "c52ab172c5087c9c5fef1c25bdb9a36898cc13e0",
            "messageTitle": "Remove fields address and weightage, rework field date in Lesson",
            "messageBody": "",
            "fileTypesAndContributionMap": {
              "functional-code": {
                "insertions": 171,
                "deletions": 123
              }
            }
          },
          {
            "hash": "2a1bc471baa010fc3359b009a8b9bd793d5b2ad0",
            "messageTitle": "Implement getDayUpcomingLessons and getModuleLessons",
            "messageBody": "",
            "fileTypesAndContributionMap": {
              "functional-code": {
                "insertions": 32,
                "deletions": 2
              }
            }
          },
          {
            "hash": "abae9cc7269a52f2b03f934fcb5f83efaffda843",
            "messageTitle": "Fix lesson commands to properly show lessons in chronological order",
            "messageBody": "",
            "fileTypesAndContributionMap": {
              "functional-code": {
                "insertions": 78,
                "deletions": 2
              },
              "test-code": {
                "insertions": 4,
                "deletions": 0
              }
            }
          },
          {
            "hash": "283c8e5361ae3ab68d22898cd55be098e17b603a",
            "messageTitle": "Change lesson delete and edit commands to work with indexes instead of module codes and types",
            "messageBody": "",
            "fileTypesAndContributionMap": {
              "functional-code": {
                "insertions": 63,
                "deletions": 83
              }
            }
          }
        ]
      },
      {
        "date": "2020-10-25",
        "commitResults": [
          {
            "hash": "36876682cfd2c45dda63ac581c4f029c21cd387c",
            "messageTitle": "Fix some display messages and add more exception handlings",
            "messageBody": "",
            "fileTypesAndContributionMap": {
              "functional-code": {
                "insertions": 7,
                "deletions": 6
              }
            }
          },
          {
            "hash": "f56f676b651cd549fe60fe479fb644c17c200d26",
            "messageTitle": "Add more relevant exception handlings",
            "messageBody": "",
            "fileTypesAndContributionMap": {
              "functional-code": {
                "insertions": 5,
                "deletions": 0
              }
            }
          },
          {
            "hash": "c341718f7af3a2313dfcb825114029bb5a2aacee",
            "messageTitle": "Make sure the lesson list is always sorted whenever requested by UI",
            "messageBody": "",
            "fileTypesAndContributionMap": {
              "functional-code": {
                "insertions": 1,
                "deletions": 0
              }
            }
          },
          {
            "hash": "d5f2faa59a9203605b2b30e457b1a0609ee5778f",
            "messageTitle": "Fix incorrect lesson parse exception handling",
            "messageBody": "",
            "fileTypesAndContributionMap": {
              "functional-code": {
                "insertions": 6,
                "deletions": 2
              }
            }
          }
        ]
      }
    ],
    "UncleGrandpa925": [
      {
        "date": "2020-09-12",
        "commitResults": [
          {
            "hash": "3dd42520783e1243c0a16bc3f3cecc892986c03d",
            "messageTitle": "Try changing README.md",
            "messageBody": "",
            "fileTypesAndContributionMap": {
              "docs": {
                "insertions": 0,
                "deletions": 6
              }
            }
          }
        ]
      },
      {
        "date": "2020-09-26",
        "commitResults": [
          {
            "hash": "bb350d33c233725e117724b3d9b4c684e65c1fa1",
            "messageTitle": "Partially update the DG to match the new project",
            "messageBody": "",
            "fileTypesAndContributionMap": {
              "docs": {
                "insertions": 9,
                "deletions": 255
              }
            }
          },
          {
            "hash": "93d1322397a516455ac5490dac9fc0c750414c1e",
            "messageTitle": "Add my personal information",
            "messageBody": "",
            "fileTypesAndContributionMap": {
              "docs": {
                "insertions": 4,
                "deletions": 6
              }
            }
          },
          {
            "hash": "5bf6314ce7ac18a26a692fdf2d430830bbd96497",
            "messageTitle": "Edit members\u0027 images name to conform with rules",
            "messageBody": "",
            "fileTypesAndContributionMap": {
              "docs": {
                "insertions": 3,
                "deletions": 3
              }
            }
          }
        ]
      },
      {
        "date": "2020-09-28",
        "commitResults": [
          {
            "hash": "2bfb7955917a4fd9215fa6fc385ddd58f01cb962",
            "messageTitle": "Fix CI \u0026 config.yml",
            "messageBody": "",
            "fileTypesAndContributionMap": {
              "docs": {
                "insertions": 1,
                "deletions": 1
              }
            }
          }
        ]
      },
      {
        "date": "2020-09-29",
        "commitResults": [
          {
            "hash": "3e405b3dd8f43f43fac7b30197c783a57a173e8c",
            "messageTitle": "Edit non-functional requirements",
            "messageBody": "",
            "fileTypesAndContributionMap": {
              "docs": {
                "insertions": 6,
                "deletions": 4
              }
            }
          },
          {
            "hash": "c1270bba5e9a18aa653bc6a9558fabb7053cd56a",
            "messageTitle": "Fix index \u0026 UserGuide to remove AddressBook leftover",
            "messageBody": "",
            "fileTypesAndContributionMap": {
              "docs": {
                "insertions": 7,
                "deletions": 53
              }
            }
          }
        ]
      },
      {
        "date": "2020-10-03",
        "commitResults": [
          {
            "hash": "8ffbba6035b825dce3bd09e15e3e9aaacc87379e",
            "messageTitle": "Temporarily disable checkstyle for faster development",
            "messageBody": "",
            "fileTypesAndContributionMap": {
              "other": {
                "insertions": 4,
                "deletions": 4
              }
            }
          },
          {
            "hash": "0f23516e65135838cc397673b18ce672a9e75c7f",
            "messageTitle": "rename person module to contact",
            "messageBody": "",
            "fileTypesAndContributionMap": {
              "functional-code": {
                "insertions": 39,
                "deletions": 39
              },
              "other": {
                "insertions": 20,
                "deletions": 20
              },
              "test-code": {
                "insertions": 45,
                "deletions": 45
              }
            }
          },
          {
            "hash": "f8f25651b523e5b49f8072b2869faf142fa3f071",
            "messageTitle": "Add core classes for Lesson, Module \u0026 Task",
            "messageBody": "",
            "fileTypesAndContributionMap": {
              "functional-code": {
                "insertions": 344,
                "deletions": 0
              }
            }
          },
          {
            "hash": "e3b46524f3125f663cb5affbd7cdf33977f32c5f",
            "messageTitle": "Implement Lesson\u0027s Location",
            "messageBody": "",
            "fileTypesAndContributionMap": {
              "functional-code": {
                "insertions": 27,
                "deletions": 1
              }
            }
          }
        ]
      },
      {
        "date": "2020-10-04",
        "commitResults": [
          {
            "hash": "8b0ff3efb10d6b236b026dc2154f3ca769ee68db",
            "messageTitle": "Implement Module class",
            "messageBody": "",
            "fileTypesAndContributionMap": {
              "functional-code": {
                "insertions": 145,
                "deletions": 73
              }
            }
          },
          {
            "hash": "22ef5908df79cf25f1f671efb66ec97082738c46",
            "messageTitle": "Implement Task class",
            "messageBody": "",
            "fileTypesAndContributionMap": {
              "functional-code": {
                "insertions": 108,
                "deletions": 81
              }
            }
          },
          {
            "hash": "1a8da9bffbfd854bc054e8aaaa3fb5726395a0dd",
            "messageTitle": "Refactor common classes in model to model.commons",
            "messageBody": "",
            "fileTypesAndContributionMap": {
              "functional-code": {
                "insertions": 26,
                "deletions": 103
              },
              "other": {
                "insertions": 2,
                "deletions": 2
              },
              "docs": {
                "insertions": 1,
                "deletions": 1
              },
              "test-code": {
                "insertions": 23,
                "deletions": 19
              }
            }
          },
          {
            "hash": "0952106224c4044cda2df796ecd6e86598c87fc1",
            "messageTitle": "Partly rename AddressBook class to TrackIter",
            "messageBody": "",
            "fileTypesAndContributionMap": {
              "functional-code": {
                "insertions": 56,
                "deletions": 52
              },
              "other": {
                "insertions": 46,
                "deletions": 45
              },
              "test-code": {
                "insertions": 40,
                "deletions": 40
              }
            }
          },
          {
            "hash": "10a8125a4c080804481702273f778905fd8366d0",
            "messageTitle": "Change Task class to use the common Address class",
            "messageBody": "",
            "fileTypesAndContributionMap": {
              "functional-code": {
                "insertions": 4,
                "deletions": 33
              }
            }
          },
          {
            "hash": "496ea6068a75a3ed753e10ca62bbba1ebe23b238",
            "messageTitle": "Change some of the Person leftovers to Contact",
            "messageBody": "",
            "fileTypesAndContributionMap": {
              "functional-code": {
                "insertions": 35,
                "deletions": 30
              },
              "test-code": {
                "insertions": 56,
                "deletions": 56
              }
            }
          },
          {
            "hash": "2b30cfc662c3828cc2b7a3e74fa01bf0508a6171",
            "messageTitle": "Rename more instances of AddressBook to TrackIter",
            "messageBody": "",
            "fileTypesAndContributionMap": {
              "functional-code": {
                "insertions": 58,
                "deletions": 57
              },
              "other": {
                "insertions": 1,
                "deletions": 1
              },
              "test-code": {
                "insertions": 40,
                "deletions": 40
              }
            }
          },
          {
            "hash": "ecf7b23d71b2cc4b3b701f83dc6758c2401112d1",
            "messageTitle": "Add module\u0027s methods to Model interface",
            "messageBody": "",
            "fileTypesAndContributionMap": {
              "functional-code": {
                "insertions": 54,
                "deletions": 7
              }
            }
          },
          {
            "hash": "7f4bd161abf0c140e4526930a85a9e9b033098dc",
            "messageTitle": "Write skeleton code for module-related methods in ModelManager",
            "messageBody": "",
            "fileTypesAndContributionMap": {
              "functional-code": {
                "insertions": 52,
                "deletions": 12
              }
            }
          },
          {
            "hash": "c2d92ac29264c8f1c3aa85ec98d5cf270baaf968",
            "messageTitle": "Implement module-related methods in ModelManager",
            "messageBody": "",
            "fileTypesAndContributionMap": {
              "functional-code": {
                "insertions": 252,
                "deletions": 20
              },
              "test-code": {
                "insertions": 39,
                "deletions": 1
              }
            }
          },
          {
            "hash": "aa8c5c16d2892a46797b05aba1fe2165ccd6558d",
            "messageTitle": "Delete lessons \u0026 tasks in Module to move them to Model",
            "messageBody": "",
            "fileTypesAndContributionMap": {
              "functional-code": {
                "insertions": 3,
                "deletions": 20
              }
            }
          },
          {
            "hash": "5dd4a27fea58199b4503c854b7767172eefeb68b",
            "messageTitle": "delete 1 redundant return javadocs",
            "messageBody": "",
            "fileTypesAndContributionMap": {
              "functional-code": {
                "insertions": 0,
                "deletions": 2
              }
            }
          },
          {
            "hash": "8adfefbf6c23e57ddccbb0f1fc0a6b0083d053ec",
            "messageTitle": "add throws Exception to 2 updateFilteredList in Model",
            "messageBody": "Add it because the code base\u0027s javadocs of these 2 methods included throws but no throws statement in the methods\u0027 signatures\n",
            "fileTypesAndContributionMap": {
              "functional-code": {
                "insertions": 4,
                "deletions": 4
              }
            }
          },
          {
            "hash": "e72ba1d094f791175e86080f1e74bb72c4f5d1c2",
            "messageTitle": "Integrate Task and its related method to Model",
            "messageBody": "",
            "fileTypesAndContributionMap": {
              "functional-code": {
                "insertions": 312,
                "deletions": 12
              },
              "test-code": {
                "insertions": 43,
                "deletions": 4
              }
            }
          },
          {
            "hash": "72e133e28736b0ff1ec8d89a20544419226419c3",
            "messageTitle": "Integrate Lesson to Model. Fix some bugs",
            "messageBody": "Apart from Integrating Lesson to Model, severals bugs were fixed. These bugs were caused by incomplete integration of new classes to the original code base\n",
            "fileTypesAndContributionMap": {
              "functional-code": {
                "insertions": 312,
                "deletions": 8
              },
              "test-code": {
                "insertions": 38,
                "deletions": 0
              }
            }
          },
          {
            "hash": "b723f14db61b0e4f51d83ee3c2adeff8ac6f28d8",
            "messageTitle": "Add a missing @Override",
            "messageBody": "",
            "fileTypesAndContributionMap": {
              "functional-code": {
                "insertions": 1,
                "deletions": 0
              }
            }
          },
          {
            "hash": "148ddf905c8856ece278f8d1ffc7ff57d07b3796",
            "messageTitle": "Re-enable checkstyle.Suppressed CommentIndentation warning",
            "messageBody": "CommentIndentation was suppressed since there hasn\u0027t been a way to config IntelliJ so that it conforms to that style\nWill enable it again when a fix is found\n",
            "fileTypesAndContributionMap": {
              "other": {
                "insertions": 4,
                "deletions": 4
              }
            }
          },
          {
            "hash": "fe7138a7683aba070b4c7f91ffd256537e0b8bb7",
            "messageTitle": "Run IntelliJ auto-format for the 1st time",
            "messageBody": "",
            "fileTypesAndContributionMap": {
              "functional-code": {
                "insertions": 459,
                "deletions": 420
              },
              "test-code": {
                "insertions": 131,
                "deletions": 124
              }
            }
          },
          {
            "hash": "be1f2411607ed8c1f49dc8a1a044f4f2374e5c81",
            "messageTitle": "Modify Task class to use commons\u0027s Name class",
            "messageBody": "Initally a seperate Name class was implemented for Task, but later it found to be redudant so now Task will use the same Name class as Contact or Module\n",
            "fileTypesAndContributionMap": {
              "functional-code": {
                "insertions": 2,
                "deletions": 51
              }
            }
          },
          {
            "hash": "cdbf2b854b1ea60a137bc846f2413be370a11d40",
            "messageTitle": "Clean up AB3 Person\u0027s leftovers",
            "messageBody": "",
            "fileTypesAndContributionMap": {
              "functional-code": {
                "insertions": 84,
                "deletions": 86
              },
              "other": {
                "insertions": 70,
                "deletions": 70
              },
              "docs": {
                "insertions": 2,
                "deletions": 2
              },
              "test-code": {
                "insertions": 161,
                "deletions": 160
              }
            }
          }
        ]
      },
      {
        "date": "2020-10-05",
        "commitResults": [
          {
            "hash": "aef41bdcbfb0168804c417788f957e5f4a7885dd",
            "messageTitle": "Further clean up Person\u0027s leftover",
            "messageBody": "In this commit:\n- all the JSON test files have been changed to use contacts instead of persons, which helps to fix the bug that has prevented renaming the persons variable in JSON storage class\n- clean up more Persons\u0027s leftover\n",
            "fileTypesAndContributionMap": {
              "functional-code": {
                "insertions": 21,
                "deletions": 21
              },
              "other": {
                "insertions": 10,
                "deletions": 10
              },
              "docs": {
                "insertions": 1,
                "deletions": 1
              },
              "test-code": {
                "insertions": 5,
                "deletions": 5
              }
            }
          },
          {
            "hash": "b510be84f067b8dd0441506e33624e90a0cc2abf",
            "messageTitle": "Rename class \u0026 methods containing AddressBook to TrackIter",
            "messageBody": "",
            "fileTypesAndContributionMap": {
              "functional-code": {
                "insertions": 4,
                "deletions": 4
              },
              "other": {
                "insertions": 6,
                "deletions": 6
              },
              "test-code": {
                "insertions": 3,
                "deletions": 3
              }
            }
          },
          {
            "hash": "2f12c03760d6c1e28842e902a64348e6b810bb27",
            "messageTitle": "Rename Person to Contact in View\u0027s xml files to fix the app\u0027s crash",
            "messageBody": "",
            "fileTypesAndContributionMap": {
              "functional-code": {
                "insertions": 9,
                "deletions": 9
              },
              "other": {
                "insertions": 1,
                "deletions": 1
              },
              "test-code": {
                "insertions": 7,
                "deletions": 7
              }
            }
          },
          {
            "hash": "a9a9ef6269960af0e1aef7713ad5a5697d61734b",
            "messageTitle": "Further clean up AddressBook\u0027s leftovers",
            "messageBody": "",
            "fileTypesAndContributionMap": {
              "functional-code": {
                "insertions": 7,
                "deletions": 7
              },
              "test-code": {
                "insertions": 5,
                "deletions": 5
              }
            }
          }
        ]
      },
      {
        "date": "2020-10-08",
        "commitResults": [
          {
            "hash": "368b78037a624ddfae3e2d120efa6eab5983b85e",
            "messageTitle": "Add the skeleton of 5 Module-related commands.",
            "messageBody": "In this commit:\n- Rename title in Module to name for a more unified variable name\n- Add a getModule method to Model to support the ViewModuleCommand\n- Add the skeleton of 5 Module-related commands\n",
            "fileTypesAndContributionMap": {
              "functional-code": {
                "insertions": 368,
                "deletions": 7
              },
              "test-code": {
                "insertions": 17,
                "deletions": 10
              }
            }
          }
        ]
      },
      {
        "date": "2020-10-10",
        "commitResults": [
          {
            "hash": "24fca3cb3636ac5ba5d62780f46f87b31def0d9f",
            "messageTitle": "Refactor Code class to model.commons for Lesson\u0027s use",
            "messageBody": "",
            "fileTypesAndContributionMap": {
              "functional-code": {
                "insertions": 14,
                "deletions": 4
              },
              "other": {
                "insertions": 1,
                "deletions": 1
              }
            }
          },
          {
            "hash": "0d8bdaff82965501d7b701b2fa9d831ece105dd4",
            "messageTitle": "Rename Module\u0027s gradeDist field to desc for more general use",
            "messageBody": "",
            "fileTypesAndContributionMap": {
              "functional-code": {
                "insertions": 23,
                "deletions": 23
              },
              "test-code": {
                "insertions": 1,
                "deletions": 1
              }
            }
          },
          {
            "hash": "b8aa417928a77e36d724e441a4e3408b0d85b769",
            "messageTitle": "Add AddModuleCommandParser",
            "messageBody": "",
            "fileTypesAndContributionMap": {
              "functional-code": {
                "insertions": 114,
                "deletions": 1
              }
            }
          },
          {
            "hash": "b77271a7cd75e2de101a3b5247ad8e57e99ab6c0",
            "messageTitle": "Add EditModuleCommandParser",
            "messageBody": "",
            "fileTypesAndContributionMap": {
              "functional-code": {
                "insertions": 65,
                "deletions": 3
              }
            }
          },
          {
            "hash": "bafa31642bf5c19da8919fda5ef829dc34967a9f",
            "messageTitle": "Add DeleteModuleCommandParser",
            "messageBody": "",
            "fileTypesAndContributionMap": {
              "functional-code": {
                "insertions": 36,
                "deletions": 2
              }
            }
          },
          {
            "hash": "3f8698b87bfcd0aa1badcf6663ee05769449d910",
            "messageTitle": "Add ViewModuleCommandParser and fix bugs ModuleParser\u0027s classes",
            "messageBody": "",
            "fileTypesAndContributionMap": {
              "functional-code": {
                "insertions": 62,
                "deletions": 15
              }
            }
          },
          {
            "hash": "9715bb7b4f2475290c105c58241e2ab2558714ae",
            "messageTitle": "Add support ListModuleCommand to TrackIterParser",
            "messageBody": "",
            "fileTypesAndContributionMap": {
              "functional-code": {
                "insertions": 4,
                "deletions": 3
              }
            }
          },
          {
            "hash": "ec58b75ade7e33a2bd53f9d0277ec9e1066a4fc4",
            "messageTitle": "Refactor Parser \u0026 Command\u0027s testcases into modules",
            "messageBody": "",
            "fileTypesAndContributionMap": {
              "other": {
                "insertions": 16,
                "deletions": 27
              },
              "test-code": {
                "insertions": 7,
                "deletions": 7
              }
            }
          },
          {
            "hash": "e9a4c7c4be6c8bfb2cd06685113c1c4dc6ab3636",
            "messageTitle": "Clean up AddressBook\u0027s leftover",
            "messageBody": "",
            "fileTypesAndContributionMap": {
              "functional-code": {
                "insertions": 5,
                "deletions": 5
              },
              "test-code": {
                "insertions": 22,
                "deletions": 22
              }
            }
          },
          {
            "hash": "9fd50117c36d804ea7d61b42aad038f65973a0ae",
            "messageTitle": "Modify Module code\u0027s validation to accept module with trailing letters",
            "messageBody": "",
            "fileTypesAndContributionMap": {
              "functional-code": {
                "insertions": 1,
                "deletions": 1
              }
            }
          },
          {
            "hash": "650a4ed6c3cbd78aece0f1baa7c6e5ad070d122e",
            "messageTitle": "Fix a bug in Module Code\u0027s regex and add some testcases for it",
            "messageBody": "",
            "fileTypesAndContributionMap": {
              "functional-code": {
                "insertions": 3,
                "deletions": 2
              },
              "test-code": {
                "insertions": 44,
                "deletions": 0
              }
            }
          },
          {
            "hash": "e936b55cd54e6a6b95d78f4ef84d3f089d35a580",
            "messageTitle": "Reformat code to pass checkstyle",
            "messageBody": "",
            "fileTypesAndContributionMap": {
              "functional-code": {
                "insertions": 2,
                "deletions": 2
              },
              "test-code": {
                "insertions": 3,
                "deletions": 6
              }
            }
          }
        ]
      },
      {
        "date": "2020-10-11",
        "commitResults": [
          {
            "hash": "7718ab2d94931934d0de20f5c4c74e8fa1ffce31",
            "messageTitle": "Fix a typo in UserGuide\u0027s command format",
            "messageBody": "",
            "fileTypesAndContributionMap": {
              "docs": {
                "insertions": 1,
                "deletions": 1
              }
            }
          },
          {
            "hash": "6fa8181cef814bd6c1a00863feb78098b7dff03a",
            "messageTitle": "Modify DeleteModuleCommand to use Module Code instead of Index",
            "messageBody": "It it more intuitive for users to delete a module by Code rather than Index\n",
            "fileTypesAndContributionMap": {
              "functional-code": {
                "insertions": 14,
                "deletions": 16
              }
            }
          },
          {
            "hash": "6d565e98010d7cc27490e3dcc4980218e11f8a60",
            "messageTitle": "Update MESSAGE_USAGE for Module \u0026 Contact",
            "messageBody": "",
            "fileTypesAndContributionMap": {
              "functional-code": {
                "insertions": 33,
                "deletions": 12
              }
            }
          },
          {
            "hash": "2e1f20dcf70f6f4e07f8ed3d5cdb78a60bc9bfbe",
            "messageTitle": "Modify EditModuleCommand to use Module Code instead of Index",
            "messageBody": "It it more intuitive for users to edit a module by Code rather than by Index\n",
            "fileTypesAndContributionMap": {
              "functional-code": {
                "insertions": 16,
                "deletions": 20
              }
            }
          },
          {
            "hash": "86526674249098f47105c4323e107901f356d545",
            "messageTitle": "Refactor Module\u0027s messages to use variables instead of fixed strings",
            "messageBody": "",
            "fileTypesAndContributionMap": {
              "functional-code": {
                "insertions": 16,
                "deletions": 11
              }
            }
          },
          {
            "hash": "91e9b509cba182ce4dd3dfcd2c29ac267fc7852b",
            "messageTitle": "Fix some errors in feedback messages and comments of Module",
            "messageBody": "",
            "fileTypesAndContributionMap": {
              "functional-code": {
                "insertions": 2,
                "deletions": 2
              }
            }
          }
        ]
      },
      {
        "date": "2020-10-12",
        "commitResults": [
          {
            "hash": "b4c2fca1c4528933613d524f021cbe3b256b8083",
            "messageTitle": "Fix a bug in DeleteCommand that doesn\u0027t accept valid module code",
            "messageBody": "",
            "fileTypesAndContributionMap": {
              "functional-code": {
                "insertions": 26,
                "deletions": 3
              },
              "test-code": {
                "insertions": 24,
                "deletions": 5
              }
            }
          },
          {
            "hash": "b3343a2801df843e2f13819d62a929143ab25836",
            "messageTitle": "Delete redundant conditions \u0026 add some testcases for ModuleCommands",
            "messageBody": "The delete conditions were leftover conditions of AddressBook3\n",
            "fileTypesAndContributionMap": {
              "functional-code": {
                "insertions": 2,
                "deletions": 4
              },
              "test-code": {
                "insertions": 30,
                "deletions": 0
              }
            }
          },
          {
            "hash": "70d32b50c2bb0d5aacf98c7d260dff836d62cdb5",
            "messageTitle": "Implement toString for Lesson and Module",
            "messageBody": "",
            "fileTypesAndContributionMap": {
              "functional-code": {
                "insertions": 20,
                "deletions": 6
              }
            }
          },
          {
            "hash": "08dea3b7a3f6121c70ba8ed053490527616363d7",
            "messageTitle": "Refactor Parse methods to more appropriate places",
            "messageBody": "",
            "fileTypesAndContributionMap": {
              "functional-code": {
                "insertions": 14,
                "deletions": 44
              }
            }
          },
          {
            "hash": "938ccdc3329e25467254f599784cfdf7c258ca6d",
            "messageTitle": "Rename all Address var to Location to avoid fxml reserved keywords",
            "messageBody": "",
            "fileTypesAndContributionMap": {
              "functional-code": {
                "insertions": 96,
                "deletions": 94
              },
              "test-code": {
                "insertions": 2,
                "deletions": 2
              }
            }
          }
        ]
      },
      {
        "date": "2020-10-13",
        "commitResults": [
          {
            "hash": "04bfc8a821a2949c8b6e05d19fbde81699586092",
            "messageTitle": "Fix 2 bugs in EditModuleCommand",
            "messageBody": "The bugs are:\n- It\u0027s possible to run the EditModuleCommand without providing any fields to edit\n- The app crashed when no module code is provided\n",
            "fileTypesAndContributionMap": {
              "functional-code": {
                "insertions": 6,
                "deletions": 6
              },
              "test-code": {
                "insertions": 28,
                "deletions": 0
              }
            }
          },
          {
            "hash": "54ff7ff13d7ae1f03cd2588b243ea78adcf4dc58",
            "messageTitle": "Fix a bug in EditLessonCommand",
            "messageBody": "The bug is:\n- It\u0027s possible to run the EditLessonCommand without providing any fields to edit\n",
            "fileTypesAndContributionMap": {
              "functional-code": {
                "insertions": 5,
                "deletions": 6
              },
              "test-code": {
                "insertions": 28,
                "deletions": 0
              }
            }
          },
          {
            "hash": "0203131c76a874ec66b7e360acde3f2d944822bf",
            "messageTitle": "Fix some small code style issues",
            "messageBody": "",
            "fileTypesAndContributionMap": {
              "test-code": {
                "insertions": 0,
                "deletions": 4
              }
            }
          },
          {
            "hash": "560f075a67a3cad575734e692edbd0327705540f",
            "messageTitle": "Add a message to an empty exception",
            "messageBody": "After discussion with team members, it\u0027s best to make all Exception comes with a non-empty message\n",
            "fileTypesAndContributionMap": {
              "functional-code": {
                "insertions": 1,
                "deletions": 1
              },
              "test-code": {
                "insertions": 0,
                "deletions": 4
              }
            }
          }
        ]
      },
      {
        "date": "2020-10-14",
        "commitResults": [
          {
            "hash": "5eebf84de31e1dfa66af27bf811ba65ad4fffc11",
            "messageTitle": "Refactor Contact-specific test util to ContactCommandTestUtil",
            "messageBody": "This is to prepare for the addition of testcases for newly added modules\n",
            "fileTypesAndContributionMap": {
              "test-code": {
                "insertions": 167,
                "deletions": 150
              }
            }
          }
        ]
      },
      {
        "date": "2020-10-15",
        "commitResults": [
          {
            "hash": "c667ecea88147877c8e081bb5fe16124f984bc6f",
            "messageTitle": "Rename the package name from seedu.address to trackitnus",
            "messageBody": "",
            "fileTypesAndContributionMap": {
              "other": {
                "insertions": 1434,
                "deletions": 1431
              },
              "docs": {
                "insertions": 3,
                "deletions": 751
              },
              "test-code": {
                "insertions": 461,
                "deletions": 413
              }
            }
          },
          {
            "hash": "12247cb0c2702234586f7040207391d0af354d45",
            "messageTitle": "Rename all AddressBook instances with TrackIter",
            "messageBody": "",
            "fileTypesAndContributionMap": {
              "functional-code": {
                "insertions": 33,
                "deletions": 33
              },
              "other": {
                "insertions": 1,
                "deletions": 1
              },
              "test-code": {
                "insertions": 42,
                "deletions": 42
              }
            }
          }
        ]
      },
      {
        "date": "2020-10-16",
        "commitResults": [
          {
            "hash": "66ed1ee8982ed7d540c0601843619257ab47b0cd",
            "messageTitle": "Rename all Person instances to Contact",
            "messageBody": "This is to clean up the AB3 Person class\u0027s leftover\n",
            "fileTypesAndContributionMap": {
              "functional-code": {
                "insertions": 34,
                "deletions": 33
              },
              "other": {
                "insertions": 26,
                "deletions": 26
              },
              "test-code": {
                "insertions": 241,
                "deletions": 241
              }
            }
          }
        ]
      },
      {
        "date": "2020-10-20",
        "commitResults": [
          {
            "hash": "1e747b9afb60f03481244e446038385e73c42d25",
            "messageTitle": "Fix the syntax of lesson\u0027s add command to be more user-friendly",
            "messageBody": "",
            "fileTypesAndContributionMap": {
              "docs": {
                "insertions": 5,
                "deletions": 5
              }
            }
          }
        ]
      },
      {
        "date": "2020-10-21",
        "commitResults": [
          {
            "hash": "412aad86e21cf95041f9cfb79f1933f5b92d433d",
            "messageTitle": "Enable assertion in gradle",
            "messageBody": "",
            "fileTypesAndContributionMap": {
              "other": {
                "insertions": 4,
                "deletions": 0
              }
            }
          }
        ]
      },
      {
        "date": "2020-10-23",
        "commitResults": [
          {
            "hash": "c6b5471a8b58e02d4403ed1e7727c263b77c948b",
            "messageTitle": "Remove desc from Module \u0026 fix invalid testcases",
            "messageBody": "",
            "fileTypesAndContributionMap": {
              "functional-code": {
                "insertions": 17,
                "deletions": 59
              },
              "test-code": {
                "insertions": 7,
                "deletions": 8
              }
            }
          },
          {
            "hash": "a42d89b19374d26d7444a411462b4ddde4678572",
            "messageTitle": "Add more tests for ModuleCommandParser",
            "messageBody": "",
            "fileTypesAndContributionMap": {
              "functional-code": {
                "insertions": 15,
                "deletions": 12
              },
              "test-code": {
                "insertions": 11,
                "deletions": 3
              }
            }
          },
          {
            "hash": "e7984965d4688e824ae31586b9a5973a6c00db7f",
            "messageTitle": "Delete the redundant fxml tag",
            "messageBody": "",
            "fileTypesAndContributionMap": {
              "functional-code": {
                "insertions": 0,
                "deletions": 2
              }
            }
          },
          {
            "hash": "05d7db9ef55700ce8b95a64c1397e68ac8899a7f",
            "messageTitle": "Add new v1.3 functions and their dummy implementation to Logic Interface",
            "messageBody": "",
            "fileTypesAndContributionMap": {
              "functional-code": {
                "insertions": 66,
                "deletions": 0
              }
            }
          },
          {
            "hash": "facd40d1024a607cb0b98ebb223434f10fdc8034",
            "messageTitle": "Refactor the test folder \u0026\u0026 Add some test utils for Module",
            "messageBody": "",
            "fileTypesAndContributionMap": {
              "other": {
                "insertions": 5,
                "deletions": 15
              },
              "test-code": {
                "insertions": 134,
                "deletions": 88
              }
            }
          },
          {
            "hash": "e08cc1fec0962be1e29e6111e954c7ba00a58113",
            "messageTitle": "Add some testing skeleton for Task \u0026 fix a bug in Task\u0027s constructor",
            "messageBody": "",
            "fileTypesAndContributionMap": {
              "functional-code": {
                "insertions": 3,
                "deletions": 3
              },
              "test-code": {
                "insertions": 43,
                "deletions": 1
              }
            }
          },
          {
            "hash": "23a65152fce82f6f0a59f4b09ba65afd3689c80a",
            "messageTitle": "Fix an outdated comment in Task\u0027s constructor",
            "messageBody": "",
            "fileTypesAndContributionMap": {
              "functional-code": {
                "insertions": 1,
                "deletions": 1
              }
            }
          }
        ]
      },
      {
        "date": "2020-10-24",
        "commitResults": [
          {
            "hash": "49511a9579bdf15b4bc7540a45df55f2e059dbce",
            "messageTitle": "Add AddModuleCommand testcases \u0026 fix a bug in Module",
            "messageBody": "",
            "fileTypesAndContributionMap": {
              "functional-code": {
                "insertions": 3,
                "deletions": 3
              },
              "other": {
                "insertions": 3,
                "deletions": 4
              },
              "test-code": {
                "insertions": 52,
                "deletions": 1
              }
            }
          },
          {
            "hash": "2ad9a24cd2623622b7119abe574e7d0c5d06d83c",
            "messageTitle": "Refactor test folder",
            "messageBody": "",
            "fileTypesAndContributionMap": {
              "other": {
                "insertions": 2,
                "deletions": 2
              },
              "test-code": {
                "insertions": 212,
                "deletions": 207
              }
            }
          },
          {
            "hash": "09226e76e8c98b50187912dd4e0a4c71ce4ca2f9",
            "messageTitle": "Add more testcases for Module \u0026 allow Name to have non-alphanumeric char",
            "messageBody": "",
            "fileTypesAndContributionMap": {
              "functional-code": {
                "insertions": 7,
                "deletions": 4
              },
              "test-code": {
                "insertions": 52,
                "deletions": 18
              }
            }
          }
        ]
      },
      {
        "date": "2020-10-25",
        "commitResults": [
          {
            "hash": "fa89a1ae23e2a876fbae8ae2b7f4a639ed4a69f9",
            "messageTitle": "Modify a message of Name\u0027s constraints",
            "messageBody": "",
            "fileTypesAndContributionMap": {
              "functional-code": {
                "insertions": 1,
                "deletions": 1
              }
            }
          }
        ]
      }
    ],
    "simonteozw": [
      {
        "date": "2020-09-24",
        "commitResults": [
          {
            "hash": "b40ecaa607c7409e60af8e196384f2ac1b88852e",
            "messageTitle": "Update User Guide",
            "messageBody": "",
            "fileTypesAndContributionMap": {
              "docs": {
                "insertions": 136,
                "deletions": 93
              }
            }
          }
        ]
      },
      {
        "date": "2020-09-25",
        "commitResults": [
          {
            "hash": "b523239767edb1f8033ca4fd8abcfe70172bfad3",
            "messageTitle": "Add personal photo and update AboutUs.md",
            "messageBody": "",
            "fileTypesAndContributionMap": {
              "docs": {
                "insertions": 6,
                "deletions": 6
              }
            }
          }
        ]
      },
      {
        "date": "2020-09-26",
        "commitResults": [
          {
            "hash": "56e2e08c626ca72602e2d774368136cebc73d293",
            "messageTitle": "Fix markdown formatting on User Guide",
            "messageBody": "",
            "fileTypesAndContributionMap": {
              "docs": {
                "insertions": 11,
                "deletions": 4
              }
            }
          }
        ]
      },
      {
        "date": "2020-10-02",
        "commitResults": [
          {
            "hash": "9ce227e1d17e0782959b433dd8380c65c3a885d0",
            "messageTitle": "Add functionality to support request type",
            "messageBody": "",
            "fileTypesAndContributionMap": {
              "functional-code": {
                "insertions": 35,
                "deletions": 19
              },
              "test-code": {
                "insertions": 13,
                "deletions": 12
              }
            }
          }
        ]
      },
      {
        "date": "2020-10-03",
        "commitResults": [
          {
            "hash": "7e3fe807a2d62722b6fa7a0f55b35c118f0cdb03",
            "messageTitle": "Rename Person file to Contact and refactor",
            "messageBody": "",
            "fileTypesAndContributionMap": {
              "functional-code": {
                "insertions": 207,
                "deletions": 204
              },
              "other": {
                "insertions": 32,
                "deletions": 32
              },
              "docs": {
                "insertions": 27,
                "deletions": 27
              },
              "test-code": {
                "insertions": 182,
                "deletions": 182
              }
            }
          }
        ]
      },
      {
        "date": "2020-10-04",
        "commitResults": [
          {
            "hash": "626dda424af3726a05c253010dd66e5f2182f19f",
            "messageTitle": "Refactor commands and command parsers into sub-directories",
            "messageBody": "",
            "fileTypesAndContributionMap": {
              "functional-code": {
                "insertions": 10,
                "deletions": 6
              },
              "other": {
                "insertions": 39,
                "deletions": 15
              },
              "test-code": {
                "insertions": 32,
                "deletions": 19
              }
            }
          }
        ]
      },
      {
        "date": "2020-10-05",
        "commitResults": [
          {
            "hash": "d13df699a320363a79a53a3d54651075c851645d",
            "messageTitle": "Rename AddCommand to AddContactCommand",
            "messageBody": "",
            "fileTypesAndContributionMap": {
              "functional-code": {
                "insertions": 10,
                "deletions": 10
              },
              "other": {
                "insertions": 32,
                "deletions": 32
              },
              "test-code": {
                "insertions": 8,
                "deletions": 12
              }
            }
          },
          {
            "hash": "fedd053fa6687c2a0cb4fce383e529c612bf7164",
            "messageTitle": "Rename ClearCommand to ClearContactCommand",
            "messageBody": "",
            "fileTypesAndContributionMap": {
              "functional-code": {
                "insertions": 3,
                "deletions": 3
              },
              "other": {
                "insertions": 5,
                "deletions": 5
              },
              "test-code": {
                "insertions": 4,
                "deletions": 4
              }
            }
          },
          {
            "hash": "319efd9f041099cb165059148de6ae9c01810351",
            "messageTitle": "Rename DeleteCommand to DeleteContactCommand",
            "messageBody": "",
            "fileTypesAndContributionMap": {
              "functional-code": {
                "insertions": 11,
                "deletions": 15
              },
              "other": {
                "insertions": 26,
                "deletions": 26
              },
              "test-code": {
                "insertions": 3,
                "deletions": 3
              }
            }
          },
          {
            "hash": "d0210b4d9cb6b51123b272566220d7e90448c76f",
            "messageTitle": "Rename EditCommand to EditContactCommand",
            "messageBody": "",
            "fileTypesAndContributionMap": {
              "functional-code": {
                "insertions": 11,
                "deletions": 11
              },
              "other": {
                "insertions": 48,
                "deletions": 48
              },
              "test-code": {
                "insertions": 9,
                "deletions": 9
              }
            }
          },
          {
            "hash": "99f608c8cbe50039feae0947fd23b51c99b952cc",
            "messageTitle": "Rename FindCommand to FindContactCommand",
            "messageBody": "",
            "fileTypesAndContributionMap": {
              "functional-code": {
                "insertions": 9,
                "deletions": 9
              },
              "other": {
                "insertions": 19,
                "deletions": 19
              },
              "test-code": {
                "insertions": 3,
                "deletions": 3
              }
            }
          },
          {
            "hash": "718c3d8b758d37480fdaaf04044bbaae36118bfc",
            "messageTitle": "Rename ListCommand to ListContactCommand",
            "messageBody": "",
            "fileTypesAndContributionMap": {
              "functional-code": {
                "insertions": 2,
                "deletions": 2
              },
              "other": {
                "insertions": 6,
                "deletions": 6
              },
              "test-code": {
                "insertions": 5,
                "deletions": 5
              }
            }
          },
          {
            "hash": "8a5a2b14ef787797cedce6c8c542a8142dbad8c2",
            "messageTitle": "Fix code styling",
            "messageBody": "",
            "fileTypesAndContributionMap": {
              "functional-code": {
                "insertions": 7,
                "deletions": 2
              },
              "test-code": {
                "insertions": 26,
                "deletions": 12
              }
            }
          },
          {
            "hash": "dc07adbc150f6628580be4f42b54b04ecc07b6a8",
            "messageTitle": "Rename AddCommandParser to AddContactCommandParser",
            "messageBody": "",
            "fileTypesAndContributionMap": {
              "functional-code": {
                "insertions": 2,
                "deletions": 2
              },
              "other": {
                "insertions": 1,
                "deletions": 1
              },
              "test-code": {
                "insertions": 2,
                "deletions": 2
              }
            }
          },
          {
            "hash": "04670ec2d2f34c3ceea669f28975ca25dff58453",
            "messageTitle": "Rename DeleteCommandParser to DeleteContactCommandParser",
            "messageBody": "",
            "fileTypesAndContributionMap": {
              "functional-code": {
                "insertions": 2,
                "deletions": 2
              },
              "other": {
                "insertions": 1,
                "deletions": 1
              },
              "test-code": {
                "insertions": 2,
                "deletions": 2
              }
            }
          },
          {
            "hash": "e4e97363d5fe22ceb9d35e273fbd044013992524",
            "messageTitle": "Rename EditCommandParser to EditContactCommandParser",
            "messageBody": "",
            "fileTypesAndContributionMap": {
              "functional-code": {
                "insertions": 2,
                "deletions": 2
              },
              "other": {
                "insertions": 1,
                "deletions": 1
              },
              "test-code": {
                "insertions": 2,
                "deletions": 2
              }
            }
          },
          {
            "hash": "2dfbbcdd0937004b6ca0ab05c49bab5c2abac21c",
            "messageTitle": "Rename FindCommandParser to FindContactCommandParser",
            "messageBody": "",
            "fileTypesAndContributionMap": {
              "functional-code": {
                "insertions": 2,
                "deletions": 2
              },
              "other": {
                "insertions": 1,
                "deletions": 1
              },
              "test-code": {
                "insertions": 2,
                "deletions": 2
              }
            }
          }
        ]
      },
      {
        "date": "2020-10-10",
        "commitResults": [
          {
            "hash": "3d65d25f169565587fae2d3ba62cede5d8a4192f",
            "messageTitle": "Update User Guide to reflect new syntax",
            "messageBody": "",
            "fileTypesAndContributionMap": {
              "docs": {
                "insertions": 22,
                "deletions": 22
              }
            }
          }
        ]
      },
      {
        "date": "2020-10-11",
        "commitResults": [
          {
            "hash": "245b526378be611cdce76ea76aee4e6266db903b",
            "messageTitle": "Set up Task command package structure",
            "messageBody": "",
            "fileTypesAndContributionMap": {
              "functional-code": {
                "insertions": 75,
                "deletions": 0
              }
            }
          },
          {
            "hash": "5297db67ac22c102353063f5934a98d50807261c",
            "messageTitle": "Implement AddTaskCommand",
            "messageBody": "",
            "fileTypesAndContributionMap": {
              "functional-code": {
                "insertions": 161,
                "deletions": 16
              }
            }
          },
          {
            "hash": "3d0ce061018783f3cc94f57418021f124c353670",
            "messageTitle": "Implete DeleteTaskCommand",
            "messageBody": "",
            "fileTypesAndContributionMap": {
              "functional-code": {
                "insertions": 88,
                "deletions": 1
              }
            }
          },
          {
            "hash": "028a78213cb0986e0a0f91508a41d80be3fb9a64",
            "messageTitle": "Implement EditTaskCommand",
            "messageBody": "",
            "fileTypesAndContributionMap": {
              "functional-code": {
                "insertions": 284,
                "deletions": 2
              }
            }
          },
          {
            "hash": "c308f78541837ffd8f2c8929249cff52538c73ba",
            "messageTitle": "Implement ListTaskCommand",
            "messageBody": "",
            "fileTypesAndContributionMap": {
              "functional-code": {
                "insertions": 27,
                "deletions": 1
              }
            }
          },
          {
            "hash": "d34afce8c4819b4a945d8cb617ada3b739deacc6",
            "messageTitle": "Implement ViewTaskCommand",
            "messageBody": "",
            "fileTypesAndContributionMap": {
              "functional-code": {
                "insertions": 110,
                "deletions": 1
              }
            }
          },
          {
            "hash": "f840916cf9c5476803d66cd4d588a0cafd6f5d29",
            "messageTitle": "Implement basic test case for AddTaskCommand",
            "messageBody": "",
            "fileTypesAndContributionMap": {
              "functional-code": {
                "insertions": 7,
                "deletions": 4
              },
              "test-code": {
                "insertions": 29,
                "deletions": 0
              }
            }
          },
          {
            "hash": "18381bdb1a36e1e5d0ca917594d9646b40b0c8d2",
            "messageTitle": "Refactor ViewTaskCommand to take in index instead of search keywords",
            "messageBody": "",
            "fileTypesAndContributionMap": {
              "functional-code": {
                "insertions": 29,
                "deletions": 24
              }
            }
          }
        ]
      },
      {
        "date": "2020-10-12",
        "commitResults": [
          {
            "hash": "da800f1bacc8ff5eb7da3ddc182ef72dec770c58",
            "messageTitle": "Add Task type to Command messages",
            "messageBody": "",
            "fileTypesAndContributionMap": {
              "functional-code": {
                "insertions": 3,
                "deletions": 3
              }
            }
          },
          {
            "hash": "e4a444474791a8c643a40007e870a37f052766ac",
            "messageTitle": "Add basic file structure and implement disc saving for tasks",
            "messageBody": "",
            "fileTypesAndContributionMap": {
              "functional-code": {
                "insertions": 154,
                "deletions": 2
              }
            }
          },
          {
            "hash": "6ef242c5674096a234e3140457beeee5cbb58c9a",
            "messageTitle": "Implement disc saving for modules",
            "messageBody": "",
            "fileTypesAndContributionMap": {
              "functional-code": {
                "insertions": 91,
                "deletions": 2
              }
            }
          },
          {
            "hash": "ee24432237f530157975492043cad5caf15181c5",
            "messageTitle": "Implement disc saving for lessons",
            "messageBody": "",
            "fileTypesAndContributionMap": {
              "functional-code": {
                "insertions": 124,
                "deletions": 3
              }
            }
          },
          {
            "hash": "eb4407f9f30d7d89b1194726844a80269e98c797",
            "messageTitle": "Fix checkstyle",
            "messageBody": "",
            "fileTypesAndContributionMap": {
              "functional-code": {
                "insertions": 0,
                "deletions": 23
              }
            }
          },
          {
            "hash": "6ff102b0b37e9593c131e1c6eeb891721f48b33c",
            "messageTitle": "Fix wrong exception message for lessons",
            "messageBody": "",
            "fileTypesAndContributionMap": {
              "functional-code": {
                "insertions": 1,
                "deletions": 1
              }
            }
          },
          {
            "hash": "657ab16a064a5efbf32328c6ba3931a2a474795e",
            "messageTitle": "Fix wrong error messages and checkstyle",
            "messageBody": "",
            "fileTypesAndContributionMap": {
              "functional-code": {
                "insertions": 5,
                "deletions": 7
              }
            }
          }
        ]
      },
      {
        "date": "2020-10-17",
        "commitResults": [
          {
            "hash": "9ae87e642cdb6db8c2c6f1954a8bd7af0e111e65",
            "messageTitle": "Write UG intro",
            "messageBody": "",
            "fileTypesAndContributionMap": {
              "docs": {
                "insertions": 19,
                "deletions": 8
              }
            }
          },
          {
            "hash": "83cec7c29b1b794c03eb33f07124d9a9e5e57cf8",
            "messageTitle": "Update quick start and about sections",
            "messageBody": "",
            "fileTypesAndContributionMap": {
              "docs": {
                "insertions": 38,
                "deletions": 22
              }
            }
          }
        ]
      },
      {
        "date": "2020-10-18",
        "commitResults": [
          {
            "hash": "59f11572f10d52dc15b49d0f072150670f7180f9",
            "messageTitle": "Update commands for module, lesson, task, contact",
            "messageBody": "",
            "fileTypesAndContributionMap": {
              "docs": {
                "insertions": 105,
                "deletions": 64
              }
            }
          },
          {
            "hash": "a74eecf5946df2a905ad89dacfeb1aa5faf5f281",
            "messageTitle": "Add command summary",
            "messageBody": "",
            "fileTypesAndContributionMap": {
              "docs": {
                "insertions": 61,
                "deletions": 2
              }
            }
          },
          {
            "hash": "a2dfca43d477c1714e1ad7b80abaef7ca16af12d",
            "messageTitle": "Fix styling errors",
            "messageBody": "",
            "fileTypesAndContributionMap": {
              "docs": {
                "insertions": 5,
                "deletions": 5
              }
            }
          }
        ]
      },
      {
        "date": "2020-10-19",
        "commitResults": [
          {
            "hash": "58b04bef0e622fda642990ace9b47006eda4da51",
            "messageTitle": "Simplify commands and parameters",
            "messageBody": "",
            "fileTypesAndContributionMap": {
              "docs": {
                "insertions": 53,
                "deletions": 96
              }
            }
          },
          {
            "hash": "1b58a20e0c4f4672668e7c6d74a1ba5f8c34917b",
            "messageTitle": "Add new explanations",
            "messageBody": "",
            "fileTypesAndContributionMap": {
              "docs": {
                "insertions": 81,
                "deletions": 54
              }
            }
          },
          {
            "hash": "a51e62a00e04121217c0349376f55d6b9cb1d7dc",
            "messageTitle": "Add images",
            "messageBody": "",
            "fileTypesAndContributionMap": {
              "docs": {
                "insertions": 17,
                "deletions": 11
              }
            }
          }
        ]
      },
      {
        "date": "2020-10-23",
        "commitResults": [
          {
            "hash": "cae68b4cd5ceed09ef4b470bf501693dd945af76",
            "messageTitle": "Remove weightage from Task",
            "messageBody": "",
            "fileTypesAndContributionMap": {
              "functional-code": {
                "insertions": 19,
                "deletions": 66
              },
              "test-code": {
                "insertions": 2,
                "deletions": 3
              }
            }
          },
          {
            "hash": "b3aeabe16bf902403784e3da28144ecf5125c747",
            "messageTitle": "Remove address field from task",
            "messageBody": "",
            "fileTypesAndContributionMap": {
              "functional-code": {
                "insertions": 11,
                "deletions": 55
              },
              "test-code": {
                "insertions": 2,
                "deletions": 3
              }
            }
          },
          {
            "hash": "82ded62f6059d341bf5acde8ab15e2d9a4d28bbb",
            "messageTitle": "Make remark field optional",
            "messageBody": "",
            "fileTypesAndContributionMap": {
              "functional-code": {
                "insertions": 31,
                "deletions": 22
              }
            }
          },
          {
            "hash": "c984d3c6b0ea0948f083d9a4ca5b61414e9b0424",
            "messageTitle": "Add optional Module field",
            "messageBody": "",
            "fileTypesAndContributionMap": {
              "functional-code": {
                "insertions": 78,
                "deletions": 13
              },
              "test-code": {
                "insertions": 24,
                "deletions": 1
              }
            }
          },
          {
            "hash": "94314ebc19d9e1d9d1ce91f432f17624320a0b42",
            "messageTitle": "Change info to view for ViewTaskCommand and remove ListTaskCommand",
            "messageBody": "",
            "fileTypesAndContributionMap": {
              "functional-code": {
                "insertions": 1,
                "deletions": 27
              }
            }
          },
          {
            "hash": "34ec2242c3344360b5463be035b9c8d72b0a5831",
            "messageTitle": "Fix checkstyle errors",
            "messageBody": "",
            "fileTypesAndContributionMap": {
              "functional-code": {
                "insertions": 8,
                "deletions": 11
              },
              "test-code": {
                "insertions": 0,
                "deletions": 1
              }
            }
          },
          {
            "hash": "2254c57dc6dd95cf4b0b4093088b23690d1610fb",
            "messageTitle": "Add isComplete boolean for tasks",
            "messageBody": "",
            "fileTypesAndContributionMap": {
              "functional-code": {
                "insertions": 35,
                "deletions": 2
              }
            }
          },
          {
            "hash": "52bea91b9c35fd9c6f3b0915c85bf14692afa6d2",
            "messageTitle": "Abstract out string validation for better readability",
            "messageBody": "",
            "fileTypesAndContributionMap": {
              "functional-code": {
                "insertions": 7,
                "deletions": 3
              }
            }
          },
          {
            "hash": "ffe44876b8532ebdd290eae0809878e7cdb38287",
            "messageTitle": "Remove Task Formatter and Task Message Constraints from JsonAdaptedLesson",
            "messageBody": "",
            "fileTypesAndContributionMap": {
              "functional-code": {
                "insertions": 20,
                "deletions": 21
              }
            }
          },
          {
            "hash": "20f2edaf6650eb9afc405b0f01ca7776c12e25c7",
            "messageTitle": "Refactor remark to be stored as empty string if no remarks available",
            "messageBody": "",
            "fileTypesAndContributionMap": {
              "functional-code": {
                "insertions": 12,
                "deletions": 12
              },
              "test-code": {
                "insertions": 2,
                "deletions": 2
              }
            }
          },
          {
            "hash": "8c31006c25618a5b3796c78ac4de946d65ec6911",
            "messageTitle": "Remove address field from contacts",
            "messageBody": "",
            "fileTypesAndContributionMap": {
              "functional-code": {
                "insertions": 11,
                "deletions": 68
              },
              "test-code": {
                "insertions": 41,
                "deletions": 129
              }
            }
          }
        ]
      },
      {
        "date": "2020-10-24",
        "commitResults": [
          {
            "hash": "ed058351a64a83e69abb811172d755cd38731195",
            "messageTitle": "Add Task Comparator",
            "messageBody": "",
            "fileTypesAndContributionMap": {
              "functional-code": {
                "insertions": 20,
                "deletions": 1
              },
              "test-code": {
                "insertions": 3,
                "deletions": 3
              }
            }
          },
          {
            "hash": "7c72f6e1a9f941caf4c96c9d03f3f6af30e337f2",
            "messageTitle": "Implement getModuleTasks and getDayUpcomingTasks",
            "messageBody": "",
            "fileTypesAndContributionMap": {
              "functional-code": {
                "insertions": 6,
                "deletions": 1
              },
              "test-code": {
                "insertions": 19,
                "deletions": 0
              }
            }
          },
          {
            "hash": "1c21ef826298bfc827a33d95b78852cf4e4afd64",
            "messageTitle": "Implement getUpcomingTasks",
            "messageBody": "",
            "fileTypesAndContributionMap": {
              "functional-code": {
                "insertions": 1,
                "deletions": 0
              }
            }
          },
          {
            "hash": "0efd4b36797a499a687edea7de04d9f2fbca0772",
            "messageTitle": "Implement getTaskIndex method",
            "messageBody": "",
            "fileTypesAndContributionMap": {
              "functional-code": {
                "insertions": 26,
                "deletions": 2
              },
              "test-code": {
                "insertions": 48,
                "deletions": 0
              }
            }
          }
        ]
      },
      {
        "date": "2020-10-25",
        "commitResults": [
          {
            "hash": "4dbc9c222317b0f57eb46d7f15c6a76ce9580687",
            "messageTitle": "Build better abstraction and refactor TaskComparator",
            "messageBody": "",
            "fileTypesAndContributionMap": {
              "functional-code": {
                "insertions": 31,
                "deletions": 26
              },
              "other": {
                "insertions": 1,
                "deletions": 1
              },
              "test-code": {
                "insertions": 48,
                "deletions": 43
              }
            }
          }
        ]
      }
    ]
  },
  "authorFileTypeContributionMap": {
    "nottiffchan": {
      "docs": 18,
      "functional-code": 201,
      "test-code": 0
    },
    "justweihong": {
      "docs": 4,
      "functional-code": 393,
      "test-code": 0
    },
    "nguyendqminh": {
      "docs": 15,
      "functional-code": 962,
      "test-code": 0
    },
    "UncleGrandpa925": {
      "docs": 42,
      "functional-code": 3084,
      "test-code": 1892,
      "other": 6
    },
    "simonteozw": {
      "docs": 258,
      "functional-code": 1107,
      "test-code": 281
    }
  },
  "authorContributionVariance": {
    "nottiffchan": 2374.441,
    "justweihong": 3082.9602,
    "nguyendqminh": 14355.129,
    "UncleGrandpa925": 543537.6,
    "simonteozw": 34132.652
  },
  "authorDisplayNameMap": {
    "nottiffchan": "CS2103T-W13-4 CHAN..FANY",
    "justweihong": "CS2103T-W13-4 NG W..HONG",
    "nguyendqminh": "CS2103T-W13-4 NGUY..MINH",
    "UncleGrandpa925": "CS2103T-W13-4 VUON..LONG",
    "simonteozw": "CS2103T-W13-4 TEO ..IMON"
  }
}
