{
  "authorDailyContributionsMap": {
    "ysr25": [
      {
        "date": "2020-09-25",
        "commitResults": [
          {
            "hash": "8c7661c136e6a48b3232e4e6df393788a982d83d",
            "messageTitle": "Update edit command in User Guide",
            "messageBody": "",
            "fileTypesAndContributionMap": {
              "docs": {
                "insertions": 8,
                "deletions": 9
              }
            }
          },
          {
            "hash": "260b15103907b350a300b371d6a62f9c45f5fe30",
            "messageTitle": "Update AboutUs and portfolio page",
            "messageBody": "",
            "fileTypesAndContributionMap": {
              "docs": {
                "insertions": 26,
                "deletions": 0
              }
            }
          }
        ]
      },
      {
        "date": "2020-09-26",
        "commitResults": [
          {
            "hash": "6527e720b481080aafc55d7a7f0aefd55e48dec2",
            "messageTitle": "Fix checkstyle",
            "messageBody": "",
            "fileTypesAndContributionMap": {
              "docs": {
                "insertions": 3,
                "deletions": 3
              }
            }
          },
          {
            "hash": "7339c099eb8082b91090ec62ba76d68f561b6c9a",
            "messageTitle": "Update responsibilities",
            "messageBody": "",
            "fileTypesAndContributionMap": {
              "docs": {
                "insertions": 1,
                "deletions": 1
              }
            }
          },
          {
            "hash": "76619f4984226a2ad01ca25fca5f557361b60ab4",
            "messageTitle": "Edit formatting, remove mention of addressbook",
            "messageBody": "",
            "fileTypesAndContributionMap": {
              "docs": {
                "insertions": 16,
                "deletions": 27
              }
            }
          },
          {
            "hash": "7da5c98a2282273ed7244eaee662668b9b6c9903",
            "messageTitle": "Follow correct syntax for toc",
            "messageBody": "",
            "fileTypesAndContributionMap": {
              "docs": {
                "insertions": 2,
                "deletions": 0
              }
            }
          },
          {
            "hash": "7bcbae745c048e12175b58a100cd760908dd7379",
            "messageTitle": "Edit formatting for use cases",
            "messageBody": "",
            "fileTypesAndContributionMap": {
              "docs": {
                "insertions": 31,
                "deletions": 23
              }
            }
          }
        ]
      },
      {
        "date": "2020-10-04",
        "commitResults": [
          {
            "hash": "4448efc150ad7f06f62100e4d70de2a794c2304d",
            "messageTitle": "Update readme CI banner and edit formatting",
            "messageBody": "",
            "fileTypesAndContributionMap": {
              "docs": {
                "insertions": 31,
                "deletions": 24
              }
            }
          }
        ]
      },
      {
        "date": "2020-10-05",
        "commitResults": [
          {
            "hash": "ed597be5a2e4b5053e659948cf14f77751c36730",
            "messageTitle": "Update readme CI banner",
            "messageBody": "",
            "fileTypesAndContributionMap": {
              "docs": {
                "insertions": 1,
                "deletions": 1
              }
            }
          },
          {
            "hash": "54bf345325f710a32f9a59901f34990156bbd7d2",
            "messageTitle": "Rename Person to Flashcard and AddressBook to Bagel",
            "messageBody": "",
            "fileTypesAndContributionMap": {
              "functional-code": {
                "insertions": 81,
                "deletions": 81
              },
              "test-code": {
                "insertions": 60,
                "deletions": 60
              }
            }
          }
        ]
      },
      {
        "date": "2020-10-08",
        "commitResults": [
          {
            "hash": "7f4dd8ed7f737ea9677cbba3b5de12794161b8ad",
            "messageTitle": "Rename AddressBook to Bagel",
            "messageBody": "",
            "fileTypesAndContributionMap": {
              "functional-code": {
                "insertions": 2,
                "deletions": 2
              },
              "test-code": {
                "insertions": 1,
                "deletions": 1
              }
            }
          }
        ]
      },
      {
        "date": "2020-10-10",
        "commitResults": [
          {
            "hash": "bb90f3bd9634773f60a8c397bbd0194b89debba8",
            "messageTitle": "Update files in src/test/data",
            "messageBody": "",
            "fileTypesAndContributionMap": {
              "functional-code": {
                "insertions": 1,
                "deletions": 1
              },
              "test-code": {
                "insertions": 1,
                "deletions": 1
              }
            }
          },
          {
            "hash": "ba66fb060b60213bb26107b815e2de8600ae0ea4",
            "messageTitle": "Reupload Ui.png and resolve merge conflicts",
            "messageBody": "",
            "fileTypesAndContributionMap": {
              "docs": {
                "insertions": 0,
                "deletions": 48
              }
            }
          },
          {
            "hash": "2eb517e4bd930504636d93fda1ce98494156c77d",
            "messageTitle": "Update EditCommand, EditCommandParser, and MainApp classes",
            "messageBody": "",
            "fileTypesAndContributionMap": {
              "functional-code": {
                "insertions": 93,
                "deletions": 131
              }
            }
          }
        ]
      },
      {
        "date": "2020-10-11",
        "commitResults": [
          {
            "hash": "c540e49d15a545a6e25fcf8110be3f46a70bd229",
            "messageTitle": "Change tests related to Edit command and update names of some other variables",
            "messageBody": "",
            "fileTypesAndContributionMap": {
              "functional-code": {
                "insertions": 24,
                "deletions": 22
              },
              "test-code": {
                "insertions": 316,
                "deletions": 694
              }
            }
          }
        ]
      },
      {
        "date": "2020-10-12",
        "commitResults": [
          {
            "hash": "2bfe6fbbc92b1b36ef009725eef5016e49e881e7",
            "messageTitle": "Re-add commits that disappeared during the merge",
            "messageBody": "",
            "fileTypesAndContributionMap": {
              "docs": {
                "insertions": 32,
                "deletions": 26
              }
            }
          },
          {
            "hash": "87d664fee9e4ea745b37d80b7fe23876b5f55b6c",
            "messageTitle": "Fix checkstyle",
            "messageBody": "",
            "fileTypesAndContributionMap": {
              "docs": {
                "insertions": 1,
                "deletions": 1
              }
            }
          }
        ]
      },
      {
        "date": "2020-10-13",
        "commitResults": [
          {
            "hash": "be0655bd6e8f7661251f1aa9f252564dc2df7790",
            "messageTitle": "Fix regex for Title and Description",
            "messageBody": "",
            "fileTypesAndContributionMap": {
              "functional-code": {
                "insertions": 5,
                "deletions": 7
              }
            }
          },
          {
            "hash": "d4f7bccdec5d01155d9a25e5c28f254d1f982f60",
            "messageTitle": "Fix checkstyle",
            "messageBody": "",
            "fileTypesAndContributionMap": {
              "functional-code": {
                "insertions": 23,
                "deletions": 21
              }
            }
          },
          {
            "hash": "c8748319e029f2e04ef9d6fa8eb29988741990ce",
            "messageTitle": "Fix checkstyle",
            "messageBody": "",
            "fileTypesAndContributionMap": {
              "test-code": {
                "insertions": 1,
                "deletions": 1
              }
            }
          }
        ]
      }
    ],
    "rgabelarde": [
      {
        "date": "2020-09-12",
        "commitResults": [
          {
            "hash": "dd1b051f600db1c9a73514d3f3e6e0de481a5da7",
            "messageTitle": "Arbitrary commit for team PR",
            "messageBody": "",
            "fileTypesAndContributionMap": {
              "functional-code": {
                "insertions": 1,
                "deletions": 0
              }
            }
          }
        ]
      },
      {
        "date": "2020-09-26",
        "commitResults": [
          {
            "hash": "3945eb4ad4b715fe50f1c44345b32fea27478081",
            "messageTitle": "Update AboutUs and UserGuide",
            "messageBody": "",
            "fileTypesAndContributionMap": {
              "docs": {
                "insertions": 92,
                "deletions": 129
              }
            }
          },
          {
            "hash": "e5f21e79116b57850f5602719d502fb358e05892",
            "messageTitle": "Fix CI errors (attempt)",
            "messageBody": "",
            "fileTypesAndContributionMap": {
              "docs": {
                "insertions": 7,
                "deletions": 13
              }
            }
          },
          {
            "hash": "7abaaf620ab41b633a75c7fa263a1cede0fc452d",
            "messageTitle": "Fix CI errors (attempt 2)",
            "messageBody": "",
            "fileTypesAndContributionMap": {
              "docs": {
                "insertions": 1,
                "deletions": 2
              }
            }
          },
          {
            "hash": "f86af97c25dd9317970522099ba280cdd30ace95",
            "messageTitle": "Fix CI error",
            "messageBody": "",
            "fileTypesAndContributionMap": {
              "functional-code": {
                "insertions": 0,
                "deletions": 1
              }
            }
          },
          {
            "hash": "a12cc7ec2ab1389b5400d791e024c7664650d970",
            "messageTitle": "Fix CI error (due to checkstyle)",
            "messageBody": "",
            "fileTypesAndContributionMap": {
              "functional-code": {
                "insertions": 1,
                "deletions": 1
              },
              "docs": {
                "insertions": 5,
                "deletions": 5
              }
            }
          },
          {
            "hash": "c76b68dacd3845f08696fa25ea2cbc6969dba4df",
            "messageTitle": "Fix CI error (due to checkstyle)",
            "messageBody": "",
            "fileTypesAndContributionMap": {
              "functional-code": {
                "insertions": 1,
                "deletions": 1
              },
              "docs": {
                "insertions": 3,
                "deletions": 2
              }
            }
          },
          {
            "hash": "fa673780849f0cc55cc026dc57036b8e0c3208da",
            "messageTitle": "Fix CI error (due to checkstyle)",
            "messageBody": "",
            "fileTypesAndContributionMap": {
              "docs": {
                "insertions": 0,
                "deletions": 1
              }
            }
          },
          {
            "hash": "11c4d8acab170c9f095cd313d07fef52ff6d640d",
            "messageTitle": "Add Project Scope (Target user profile \u0026 Value Proposition) and Use cases to DG",
            "messageBody": "",
            "fileTypesAndContributionMap": {
              "docs": {
                "insertions": 78,
                "deletions": 15
              }
            }
          }
        ]
      },
      {
        "date": "2020-10-06",
        "commitResults": [
          {
            "hash": "bcf6128ca3f14e7dc035b0aa8ab88f0b13b68ec9",
            "messageTitle": "Fix Checkstyle",
            "messageBody": "",
            "fileTypesAndContributionMap": {
              "docs": {
                "insertions": 1,
                "deletions": 1
              }
            }
          },
          {
            "hash": "655ea5dac0c06b5ee2c09f2b5c924ffbaf687a70",
            "messageTitle": "fix checkstyle for team",
            "messageBody": "",
            "fileTypesAndContributionMap": {
              "docs": {
                "insertions": 0,
                "deletions": 1
              }
            }
          }
        ]
      },
      {
        "date": "2020-10-09",
        "commitResults": [
          {
            "hash": "9abf55adc88ae4dcb04a8e9cc2a4ae89d2d6d2f6",
            "messageTitle": "change ui folder from person to flashcard",
            "messageBody": "",
            "fileTypesAndContributionMap": {
              "functional-code": {
                "insertions": 81,
                "deletions": 81
              },
              "other": {
                "insertions": 17,
                "deletions": 23
              }
            }
          }
        ]
      },
      {
        "date": "2020-10-11",
        "commitResults": [
          {
            "hash": "d2b27af86b4b9bf6e3ab581fc16a34a82948e190",
            "messageTitle": "Change BagelParser from AddressBookParser, delete clear, find and help command and commandparser files",
            "messageBody": "",
            "fileTypesAndContributionMap": {
              "functional-code": {
                "insertions": 4,
                "deletions": 122
              },
              "other": {
                "insertions": 26,
                "deletions": 64
              },
              "test-code": {
                "insertions": 40,
                "deletions": 230
              }
            }
          },
          {
            "hash": "62ec5ed6d611a73200e72869c5e150cf96eef921",
            "messageTitle": "resolve conflicts in Logic and Logic Manager",
            "messageBody": "",
            "fileTypesAndContributionMap": {
              "functional-code": {
                "insertions": 17,
                "deletions": 15
              }
            }
          },
          {
            "hash": "05d19d04b07c4e3e7f06879891118bf9505f2a2e",
            "messageTitle": "add add command for flashcard",
            "messageBody": "",
            "fileTypesAndContributionMap": {
              "functional-code": {
                "insertions": 81,
                "deletions": 124
              }
            }
          },
          {
            "hash": "5f5e1813cd19d06c9a35f73482ed2b11b4b7ce7c",
            "messageTitle": "Resolve checkstyle errors",
            "messageBody": "",
            "fileTypesAndContributionMap": {
              "functional-code": {
                "insertions": 1,
                "deletions": 2
              },
              "docs": {
                "insertions": 22,
                "deletions": 22
              }
            }
          },
          {
            "hash": "03c288a37e14b8e6e4e1f05542373b6d08d80624",
            "messageTitle": "Fix add command tests",
            "messageBody": "",
            "fileTypesAndContributionMap": {
              "test-code": {
                "insertions": 37,
                "deletions": 49
              }
            }
          },
          {
            "hash": "e6f4c6fee097d9a390eff34b57ba35b8edd7ab81",
            "messageTitle": "Add delete command, edit delete command tests",
            "messageBody": "",
            "fileTypesAndContributionMap": {
              "functional-code": {
                "insertions": 9,
                "deletions": 9
              },
              "test-code": {
                "insertions": 64,
                "deletions": 94
              }
            }
          },
          {
            "hash": "556da03b6121c377f9bc5823dcd8e5a9e1e0aca4",
            "messageTitle": "Fix MainApp naming",
            "messageBody": "",
            "fileTypesAndContributionMap": {
              "functional-code": {
                "insertions": 9,
                "deletions": 7
              }
            }
          }
        ]
      },
      {
        "date": "2020-10-13",
        "commitResults": [
          {
            "hash": "ee40b021a5891e18206b6d18321606c9c65e6113",
            "messageTitle": "Change AddCommandParserTest",
            "messageBody": "",
            "fileTypesAndContributionMap": {
              "test-code": {
                "insertions": 29,
                "deletions": 93
              }
            }
          },
          {
            "hash": "6b463ac0330acd4ec7280c9cb93b23c59ac429e1",
            "messageTitle": "Fix import with *",
            "messageBody": "",
            "fileTypesAndContributionMap": {
              "test-code": {
                "insertions": 11,
                "deletions": 2
              }
            }
          },
          {
            "hash": "6f4d0d9af14e2b186c4b346db0793deffcce2cd1",
            "messageTitle": "Fix checkstyle",
            "messageBody": "",
            "fileTypesAndContributionMap": {
              "functional-code": {
                "insertions": 9,
                "deletions": 9
              },
              "test-code": {
                "insertions": 9,
                "deletions": 8
              }
            }
          }
        ]
      }
    ],
    "yuki-cell": [
      {
        "date": "2020-09-27",
        "commitResults": [
          {
            "hash": "13f203946a080091d34930099576c54c8d0290de",
            "messageTitle": "commit Update AboutUs and UserGuide",
            "messageBody": "",
            "fileTypesAndContributionMap": {
              "docs": {
                "insertions": 31,
                "deletions": 0
              }
            }
          },
          {
            "hash": "3172178470b5995c6105659690de9a371cc0bf36",
            "messageTitle": "update AboutUs and UserGuide",
            "messageBody": "",
            "fileTypesAndContributionMap": {
              "docs": {
                "insertions": 3,
                "deletions": 2
              }
            }
          },
          {
            "hash": "f9b1d606da5383541777e200e3d01187d3426d45",
            "messageTitle": "update AboutUs and UserGuide",
            "messageBody": "",
            "fileTypesAndContributionMap": {
              "docs": {
                "insertions": 1,
                "deletions": 1
              }
            }
          }
        ]
      },
      {
        "date": "2020-10-06",
        "commitResults": [
          {
            "hash": "43ad8b6caadf90b194242a26bdd72faa65a1fc9b",
            "messageTitle": "tutorial-addig-command",
            "messageBody": "",
            "fileTypesAndContributionMap": {
              "functional-code": {
                "insertions": 1,
                "deletions": 0
              }
            }
          }
        ]
      },
      {
        "date": "2020-10-10",
        "commitResults": [
          {
            "hash": "faa3ad2ef8090857b3d1c0423cf31e14c1f357ba",
            "messageTitle": "Rename Person and AddressBook in Storage",
            "messageBody": "",
            "fileTypesAndContributionMap": {
              "functional-code": {
                "insertions": 55,
                "deletions": 55
              },
              "other": {
                "insertions": 37,
                "deletions": 37
              },
              "test-code": {
                "insertions": 25,
                "deletions": 25
              }
            }
          },
          {
            "hash": "c0acfba3e787e77b4c515f51aa8a907badf1a58a",
            "messageTitle": "Rename Person and AddressBook in Storage",
            "messageBody": "",
            "fileTypesAndContributionMap": {
              "functional-code": {
                "insertions": 0,
                "deletions": 1
              }
            }
          },
          {
            "hash": "28605a564d1ead2c453fb29546579d3297374757",
            "messageTitle": "Rename Person and AddressBook in Storage",
            "messageBody": "",
            "fileTypesAndContributionMap": {
              "other": {
                "insertions": 22,
                "deletions": 22
              },
              "test-code": {
                "insertions": 110,
                "deletions": 114
              }
            }
          }
        ]
      },
      {
        "date": "2020-10-13",
        "commitResults": [
          {
            "hash": "457c6811d9b16efd32f04295724f7112951a0375",
            "messageTitle": "Add flip command",
            "messageBody": "",
            "fileTypesAndContributionMap": {
              "functional-code": {
                "insertions": 73,
                "deletions": 36
              },
              "other": {
                "insertions": 6,
                "deletions": 4
              }
            }
          },
          {
            "hash": "5d7259bd463facaebe81839658e49412c15da229",
            "messageTitle": "Add Test for flip command(not implemented yet)",
            "messageBody": "",
            "fileTypesAndContributionMap": {
              "test-code": {
                "insertions": 71,
                "deletions": 2
              }
            }
          },
          {
            "hash": "73ba41b00d974c6cef63bf5e764f701aae1f3974",
            "messageTitle": "commit merge",
            "messageBody": "",
            "fileTypesAndContributionMap": {
              "functional-code": {
                "insertions": 1,
                "deletions": 0
              },
              "test-code": {
                "insertions": 3,
                "deletions": 3
              }
            }
          },
          {
            "hash": "dbd9b2ae7a379c1d5e37b69da4896ffa35d83b01",
            "messageTitle": "fix flip command",
            "messageBody": "",
            "fileTypesAndContributionMap": {
              "functional-code": {
                "insertions": 1,
                "deletions": 2
              }
            }
          },
          {
            "hash": "3321f93ccc89b371c59b47474b39dacf2546890e",
            "messageTitle": "add flip command",
            "messageBody": "",
            "fileTypesAndContributionMap": {
              "functional-code": {
                "insertions": 16,
                "deletions": 8
              },
              "test-code": {
                "insertions": 21,
                "deletions": 28
              }
            }
          },
          {
            "hash": "ef4c3431f2af76a5d918c3b741123318f8b9ed26",
            "messageTitle": "edit flip command",
            "messageBody": "",
            "fileTypesAndContributionMap": {
              "functional-code": {
                "insertions": 1,
                "deletions": 1
              }
            }
          }
        ]
      }
    ],
    "jacetjy": [
      {
        "date": "2020-09-25",
        "commitResults": [
          {
            "hash": "2e739370b36505a36bff1f2080b43a09c033b746",
            "messageTitle": "Update AboutUs and UserGuide",
            "messageBody": "",
            "fileTypesAndContributionMap": {
              "docs": {
                "insertions": 35,
                "deletions": 8
              }
            }
          },
          {
            "hash": "ae1b5e09bd1f88d94c876f229eccc9fbf0408b03",
            "messageTitle": "Remove arbitrary commit",
            "messageBody": "",
            "fileTypesAndContributionMap": {
              "functional-code": {
                "insertions": 0,
                "deletions": 1
              }
            }
          }
        ]
      },
      {
        "date": "2020-09-27",
        "commitResults": [
          {
            "hash": "2d78fe2d57b7ac2c38ae61db710aff2fb1f9e10b",
            "messageTitle": "Update README and fix checkstyle",
            "messageBody": "",
            "fileTypesAndContributionMap": {
              "docs": {
                "insertions": 28,
                "deletions": 31
              }
            }
          },
          {
            "hash": "c9546b27c465197c204dc5116f7f488b90036ca8",
            "messageTitle": "Fix checkstyle",
            "messageBody": "",
            "fileTypesAndContributionMap": {
              "docs": {
                "insertions": 1,
                "deletions": 1
              }
            }
          }
        ]
      },
      {
        "date": "2020-10-07",
        "commitResults": [
          {
            "hash": "ba58da8acf1c8a3c18697064c34ae5db0ba0086e",
            "messageTitle": "Change Util folder and other files to Flashcard related classes",
            "messageBody": "",
            "fileTypesAndContributionMap": {
              "functional-code": {
                "insertions": 248,
                "deletions": 245
              },
              "test-code": {
                "insertions": 520,
                "deletions": 578
              }
            }
          }
        ]
      },
      {
        "date": "2020-10-13",
        "commitResults": [
          {
            "hash": "04b965d225015b6bcf68738dcb38eb863d32e26b",
            "messageTitle": "Add \"list\" command and update RepoSense link in portfolio",
            "messageBody": "",
            "fileTypesAndContributionMap": {
              "functional-code": {
                "insertions": 2,
                "deletions": 2
              },
              "docs": {
                "insertions": 1,
                "deletions": 1
              }
            }
          },
          {
            "hash": "d2a932069357cd0d0c42fc71f11b7aa8057f6a77",
            "messageTitle": "Update ListCommandTest and LogicManagerTest",
            "messageBody": "",
            "fileTypesAndContributionMap": {
              "test-code": {
                "insertions": 14,
                "deletions": 14
              }
            }
          },
          {
            "hash": "d642b5cb624ba416dd927e7a96b50688d2f9fe3d",
            "messageTitle": "Checkstyle for main classes",
            "messageBody": "",
            "fileTypesAndContributionMap": {
              "functional-code": {
                "insertions": 88,
                "deletions": 84
              }
            }
          },
          {
            "hash": "0b572729aa6f5febe82412fff41681d1296a45c4",
            "messageTitle": "Fix regex in Description and Title",
            "messageBody": "",
            "fileTypesAndContributionMap": {
              "functional-code": {
                "insertions": 10,
                "deletions": 9
              },
              "test-code": {
                "insertions": 2,
                "deletions": 2
              }
            }
          }
        ]
      },
      {
        "date": "2020-10-14",
        "commitResults": [
          {
            "hash": "14a995d58abd450471c709a11a58a094e654cd14",
            "messageTitle": "Fix checkstyle",
            "messageBody": "",
            "fileTypesAndContributionMap": {
              "functional-code": {
                "insertions": 1,
                "deletions": 5
              },
              "test-code": {
                "insertions": 86,
                "deletions": 106
              }
            }
          }
        ]
      }
    ],
    "liuyxxy": [
      {
        "date": "2020-09-26",
        "commitResults": [
          {
            "hash": "da97f1a9664e52ef60bf720aa28ec19da86d96fb",
            "messageTitle": "Edit UG and AboutUs",
            "messageBody": "",
            "fileTypesAndContributionMap": {
              "docs": {
                "insertions": 17,
                "deletions": 0
              }
            }
          },
          {
            "hash": "961d8dac316623f54da8cc124c8f5a0045f0383b",
            "messageTitle": "Remove trailing whitespace",
            "messageBody": "",
            "fileTypesAndContributionMap": {
              "docs": {
                "insertions": 1,
                "deletions": 1
              }
            }
          },
          {
            "hash": "3f0abc2cda5eb62181fb131634873234e0de3492",
            "messageTitle": "Edit checkstyle error",
            "messageBody": "",
            "fileTypesAndContributionMap": {
              "functional-code": {
                "insertions": 4,
                "deletions": 1
              }
            }
          },
          {
            "hash": "44e60ee4ae430557fa0263d228cfd350cc5484a5",
            "messageTitle": "Add responsibilities",
            "messageBody": "",
            "fileTypesAndContributionMap": {
              "docs": {
                "insertions": 1,
                "deletions": 0
              }
            }
          },
          {
            "hash": "d0996df6e66784e52065749d67e493f4ef0251f5",
            "messageTitle": "Make edits",
            "messageBody": "",
            "fileTypesAndContributionMap": {
              "docs": {
                "insertions": 0,
                "deletions": 10
              }
            }
          },
          {
            "hash": "ecfea3f6793797c327ea1b1bbaa36483cc1f9bc1",
            "messageTitle": "Make edits to UG",
            "messageBody": "",
            "fileTypesAndContributionMap": {
              "docs": {
                "insertions": 4,
                "deletions": 48
              }
            }
          },
          {
            "hash": "58ea708112de77d049b47ea95b8d4e431a57bb5f",
            "messageTitle": "Add NFR",
            "messageBody": "",
            "fileTypesAndContributionMap": {
              "docs": {
                "insertions": 10,
                "deletions": 5
              }
            }
          },
          {
            "hash": "bdbd4023b3748ace2bdca505e4a681b125bb3ce0",
            "messageTitle": "Merge and edit DG",
            "messageBody": "",
            "fileTypesAndContributionMap": {
              "docs": {
                "insertions": 10,
                "deletions": 13
              }
            }
          }
        ]
      },
      {
        "date": "2020-10-10",
        "commitResults": [
          {
            "hash": "cf50b1f09f763a008cabf1da3c01880afa335250",
            "messageTitle": "Edit flashcard folder and test folder",
            "messageBody": "",
            "fileTypesAndContributionMap": {
              "functional-code": {
                "insertions": 501,
                "deletions": 647
              },
              "other": {
                "insertions": 3,
                "deletions": 6
              },
              "docs": {
                "insertions": 38,
                "deletions": 38
              },
              "test-code": {
                "insertions": 532,
                "deletions": 661
              }
            }
          },
          {
            "hash": "3aecede0ba10cc5ebe16485ae328f8496052d397",
            "messageTitle": "Revert \"Merge pull request #4 from AY2021S1-CS2103T-W13-2/master\"",
            "messageBody": "This reverts commit 1de0fe3be640626ceba4e15827bb916467bd8ad5, reversing\nchanges made to bdbd4023b3748ace2bdca505e4a681b125bb3ce0.\n",
            "fileTypesAndContributionMap": {
              "docs": {
                "insertions": 58,
                "deletions": 79
              }
            }
          },
          {
            "hash": "fbc308a5f441088f711f08079eabea5929bd09b1",
            "messageTitle": "Fix more merge conflicts",
            "messageBody": "",
            "fileTypesAndContributionMap": {
              "functional-code": {
                "insertions": 34,
                "deletions": 113
              }
            }
          },
          {
            "hash": "45ea5d6ed33b8a5a1c640c7f999d7a77f3100991",
            "messageTitle": "Edit test files",
            "messageBody": "",
            "fileTypesAndContributionMap": {
              "test-code": {
                "insertions": 10,
                "deletions": 717
              }
            }
          },
          {
            "hash": "5aba1bbe231448ab36265c9fe8cbfa367324808c",
            "messageTitle": "Update README.md",
            "messageBody": "fixed merge conflicts",
            "fileTypesAndContributionMap": {
              "docs": {
                "insertions": 1,
                "deletions": 13
              }
            }
          }
        ]
      },
      {
        "date": "2020-10-13",
        "commitResults": [
          {
            "hash": "0f50c08cc7d0e46433c6209df080bb64d4779a84",
            "messageTitle": "Added view command related files and tests",
            "messageBody": "",
            "fileTypesAndContributionMap": {
              "functional-code": {
                "insertions": 97,
                "deletions": 7
              },
              "test-code": {
                "insertions": 123,
                "deletions": 0
              }
            }
          },
          {
            "hash": "4777fe8b004d892257731d887a53c739be8011a5",
            "messageTitle": "Merge pr from flip",
            "messageBody": "",
            "fileTypesAndContributionMap": {
              "functional-code": {
                "insertions": 0,
                "deletions": 1
              }
            }
          },
          {
            "hash": "f441ea203b1a2c6d41b44341bfc91ee2ec1c29da",
            "messageTitle": "Edit error for view command",
            "messageBody": "",
            "fileTypesAndContributionMap": {
              "functional-code": {
                "insertions": 6,
                "deletions": 7
              }
            }
          },
          {
            "hash": "3cedf27a4ffb281f344b4b3a08b49a5b0d752dc6",
            "messageTitle": "Remove duplicate switch case",
            "messageBody": "",
            "fileTypesAndContributionMap": {
              "functional-code": {
                "insertions": 0,
                "deletions": 3
              }
            }
          },
          {
            "hash": "2fdb91f06a9dd42c4e26575e8ce571f2f6b88039",
            "messageTitle": "Made minor naming edits",
            "messageBody": "",
            "fileTypesAndContributionMap": {
              "functional-code": {
                "insertions": 8,
                "deletions": 5
              }
            }
          }
        ]
      }
    ]
  },
  "authorFileTypeContributionMap": {
    "ysr25": {
      "docs": 73,
      "functional-code": 207,
      "test-code": 369
    },
    "rgabelarde": {
      "docs": 109,
      "functional-code": 178,
      "test-code": 166
    },
    "yuki-cell": {
      "docs": 16,
      "functional-code": 123,
      "test-code": 164
    },
    "jacetjy": {
      "docs": 36,
      "functional-code": 293,
      "test-code": 465
    },
    "liuyxxy": {
      "docs": 74,
      "functional-code": 544,
      "test-code": 515
    }
  },
  "authorContributionVariance": {
    "ysr25": 19907.652,
    "rgabelarde": 20080.062,
    "yuki-cell": 5167.166,
    "jacetjy": 41223.992,
    "liuyxxy": 189582.4
  },
  "authorDisplayNameMap": {
    "ysr25": "CS2103T-W13-2 YONG..RONG",
    "rgabelarde": "CS2103T-W13-2 RACH..ARDE",
    "yuki-cell": "CS2103T-W13-2 YUKI..ZUKI",
    "jacetjy": "CS2103T-W13-2 TAN ..JACE",
    "liuyxxy": "CS2103T-W13-2 LIU ..YUXI"
  }
}
