{
  "authorDailyContributionsMap": {
    "ysr25": [
      {
        "date": "2020-09-25",
        "commitResults": [
          {
            "hash": "8c7661c136e6a48b3232e4e6df393788a982d83d",
            "messageTitle": "Update edit command in User Guide",
            "messageBody": "",
            "fileTypesAndContributionMap": {
              "docs": {
                "insertions": 8,
                "deletions": 9
              }
            }
          },
          {
            "hash": "260b15103907b350a300b371d6a62f9c45f5fe30",
            "messageTitle": "Update AboutUs and portfolio page",
            "messageBody": "",
            "fileTypesAndContributionMap": {
              "docs": {
                "insertions": 26,
                "deletions": 0
              }
            }
          }
        ]
      },
      {
        "date": "2020-09-26",
        "commitResults": [
          {
            "hash": "6527e720b481080aafc55d7a7f0aefd55e48dec2",
            "messageTitle": "Fix checkstyle",
            "messageBody": "",
            "fileTypesAndContributionMap": {
              "docs": {
                "insertions": 3,
                "deletions": 3
              }
            }
          },
          {
            "hash": "7339c099eb8082b91090ec62ba76d68f561b6c9a",
            "messageTitle": "Update responsibilities",
            "messageBody": "",
            "fileTypesAndContributionMap": {
              "docs": {
                "insertions": 1,
                "deletions": 1
              }
            }
          },
          {
            "hash": "76619f4984226a2ad01ca25fca5f557361b60ab4",
            "messageTitle": "Edit formatting, remove mention of addressbook",
            "messageBody": "",
            "fileTypesAndContributionMap": {
              "docs": {
                "insertions": 16,
                "deletions": 27
              }
            }
          },
          {
            "hash": "7da5c98a2282273ed7244eaee662668b9b6c9903",
            "messageTitle": "Follow correct syntax for toc",
            "messageBody": "",
            "fileTypesAndContributionMap": {
              "docs": {
                "insertions": 2,
                "deletions": 0
              }
            }
          },
          {
            "hash": "7bcbae745c048e12175b58a100cd760908dd7379",
            "messageTitle": "Edit formatting for use cases",
            "messageBody": "",
            "fileTypesAndContributionMap": {
              "docs": {
                "insertions": 31,
                "deletions": 23
              }
            }
          }
        ]
      },
      {
        "date": "2020-10-04",
        "commitResults": [
          {
            "hash": "4448efc150ad7f06f62100e4d70de2a794c2304d",
            "messageTitle": "Update readme CI banner and edit formatting",
            "messageBody": "",
            "fileTypesAndContributionMap": {
              "docs": {
                "insertions": 31,
                "deletions": 24
              }
            }
          }
        ]
      },
      {
        "date": "2020-10-05",
        "commitResults": [
          {
            "hash": "ed597be5a2e4b5053e659948cf14f77751c36730",
            "messageTitle": "Update readme CI banner",
            "messageBody": "",
            "fileTypesAndContributionMap": {
              "docs": {
                "insertions": 1,
                "deletions": 1
              }
            }
          },
          {
            "hash": "54bf345325f710a32f9a59901f34990156bbd7d2",
            "messageTitle": "Rename Person to Flashcard and AddressBook to Bagel",
            "messageBody": "",
            "fileTypesAndContributionMap": {
              "functional-code": {
                "insertions": 81,
                "deletions": 81
              },
              "test-code": {
                "insertions": 60,
                "deletions": 60
              }
            }
          }
        ]
      },
      {
        "date": "2020-10-08",
        "commitResults": [
          {
            "hash": "7f4dd8ed7f737ea9677cbba3b5de12794161b8ad",
            "messageTitle": "Rename AddressBook to Bagel",
            "messageBody": "",
            "fileTypesAndContributionMap": {
              "functional-code": {
                "insertions": 2,
                "deletions": 2
              },
              "test-code": {
                "insertions": 1,
                "deletions": 1
              }
            }
          }
        ]
      },
      {
        "date": "2020-10-10",
        "commitResults": [
          {
            "hash": "bb90f3bd9634773f60a8c397bbd0194b89debba8",
            "messageTitle": "Update files in src/test/data",
            "messageBody": "",
            "fileTypesAndContributionMap": {
              "functional-code": {
                "insertions": 1,
                "deletions": 1
              },
              "test-code": {
                "insertions": 1,
                "deletions": 1
              }
            }
          }
        ]
      }
    ],
    "rgabelarde": [
      {
        "date": "2020-09-12",
        "commitResults": [
          {
            "hash": "dd1b051f600db1c9a73514d3f3e6e0de481a5da7",
            "messageTitle": "Arbitrary commit for team PR",
            "messageBody": "",
            "fileTypesAndContributionMap": {
              "functional-code": {
                "insertions": 1,
                "deletions": 0
              }
            }
          }
        ]
      },
      {
        "date": "2020-09-26",
        "commitResults": [
          {
            "hash": "3945eb4ad4b715fe50f1c44345b32fea27478081",
            "messageTitle": "Update AboutUs and UserGuide",
            "messageBody": "",
            "fileTypesAndContributionMap": {
              "docs": {
                "insertions": 92,
                "deletions": 129
              }
            }
          },
          {
            "hash": "e5f21e79116b57850f5602719d502fb358e05892",
            "messageTitle": "Fix CI errors (attempt)",
            "messageBody": "",
            "fileTypesAndContributionMap": {
              "docs": {
                "insertions": 7,
                "deletions": 13
              }
            }
          },
          {
            "hash": "7abaaf620ab41b633a75c7fa263a1cede0fc452d",
            "messageTitle": "Fix CI errors (attempt 2)",
            "messageBody": "",
            "fileTypesAndContributionMap": {
              "docs": {
                "insertions": 1,
                "deletions": 2
              }
            }
          },
          {
            "hash": "f86af97c25dd9317970522099ba280cdd30ace95",
            "messageTitle": "Fix CI error",
            "messageBody": "",
            "fileTypesAndContributionMap": {
              "functional-code": {
                "insertions": 0,
                "deletions": 1
              }
            }
          },
          {
            "hash": "a12cc7ec2ab1389b5400d791e024c7664650d970",
            "messageTitle": "Fix CI error (due to checkstyle)",
            "messageBody": "",
            "fileTypesAndContributionMap": {
              "functional-code": {
                "insertions": 1,
                "deletions": 1
              },
              "docs": {
                "insertions": 5,
                "deletions": 5
              }
            }
          },
          {
            "hash": "c76b68dacd3845f08696fa25ea2cbc6969dba4df",
            "messageTitle": "Fix CI error (due to checkstyle)",
            "messageBody": "",
            "fileTypesAndContributionMap": {
              "functional-code": {
                "insertions": 1,
                "deletions": 1
              },
              "docs": {
                "insertions": 3,
                "deletions": 2
              }
            }
          },
          {
            "hash": "fa673780849f0cc55cc026dc57036b8e0c3208da",
            "messageTitle": "Fix CI error (due to checkstyle)",
            "messageBody": "",
            "fileTypesAndContributionMap": {
              "docs": {
                "insertions": 0,
                "deletions": 1
              }
            }
          },
          {
            "hash": "11c4d8acab170c9f095cd313d07fef52ff6d640d",
            "messageTitle": "Add Project Scope (Target user profile \u0026 Value Proposition) and Use cases to DG",
            "messageBody": "",
            "fileTypesAndContributionMap": {
              "docs": {
                "insertions": 78,
                "deletions": 15
              }
            }
          }
        ]
      },
      {
        "date": "2020-10-06",
        "commitResults": [
          {
            "hash": "bcf6128ca3f14e7dc035b0aa8ab88f0b13b68ec9",
            "messageTitle": "Fix Checkstyle",
            "messageBody": "",
            "fileTypesAndContributionMap": {
              "docs": {
                "insertions": 1,
                "deletions": 1
              }
            }
          },
          {
            "hash": "655ea5dac0c06b5ee2c09f2b5c924ffbaf687a70",
            "messageTitle": "fix checkstyle for team",
            "messageBody": "",
            "fileTypesAndContributionMap": {
              "docs": {
                "insertions": 0,
                "deletions": 1
              }
            }
          }
        ]
      },
      {
        "date": "2020-10-09",
        "commitResults": [
          {
            "hash": "9abf55adc88ae4dcb04a8e9cc2a4ae89d2d6d2f6",
            "messageTitle": "change ui folder from person to flashcard",
            "messageBody": "",
            "fileTypesAndContributionMap": {
              "functional-code": {
                "insertions": 81,
                "deletions": 81
              },
              "other": {
                "insertions": 17,
                "deletions": 23
              }
            }
          }
        ]
      }
    ],
    "yuki-cell": [
      {
        "date": "2020-09-27",
        "commitResults": [
          {
            "hash": "13f203946a080091d34930099576c54c8d0290de",
            "messageTitle": "commit Update AboutUs and UserGuide",
            "messageBody": "",
            "fileTypesAndContributionMap": {
              "docs": {
                "insertions": 31,
                "deletions": 0
              }
            }
          },
          {
            "hash": "3172178470b5995c6105659690de9a371cc0bf36",
            "messageTitle": "update AboutUs and UserGuide",
            "messageBody": "",
            "fileTypesAndContributionMap": {
              "docs": {
                "insertions": 3,
                "deletions": 2
              }
            }
          },
          {
            "hash": "f9b1d606da5383541777e200e3d01187d3426d45",
            "messageTitle": "update AboutUs and UserGuide",
            "messageBody": "",
            "fileTypesAndContributionMap": {
              "docs": {
                "insertions": 1,
                "deletions": 1
              }
            }
          }
        ]
      },
      {
        "date": "2020-10-10",
        "commitResults": [
          {
            "hash": "faa3ad2ef8090857b3d1c0423cf31e14c1f357ba",
            "messageTitle": "Rename Person and AddressBook in Storage",
            "messageBody": "",
            "fileTypesAndContributionMap": {
              "functional-code": {
                "insertions": 55,
                "deletions": 55
              },
              "other": {
                "insertions": 37,
                "deletions": 37
              },
              "test-code": {
                "insertions": 25,
                "deletions": 25
              }
            }
          },
          {
            "hash": "c0acfba3e787e77b4c515f51aa8a907badf1a58a",
            "messageTitle": "Rename Person and AddressBook in Storage",
            "messageBody": "",
            "fileTypesAndContributionMap": {
              "functional-code": {
                "insertions": 0,
                "deletions": 1
              }
            }
          },
          {
            "hash": "28605a564d1ead2c453fb29546579d3297374757",
            "messageTitle": "Rename Person and AddressBook in Storage",
            "messageBody": "",
            "fileTypesAndContributionMap": {
              "other": {
                "insertions": 22,
                "deletions": 22
              },
              "test-code": {
                "insertions": 110,
                "deletions": 114
              }
            }
          }
        ]
      }
    ],
    "jacetjy": [
      {
        "date": "2020-09-25",
        "commitResults": [
          {
            "hash": "2e739370b36505a36bff1f2080b43a09c033b746",
            "messageTitle": "Update AboutUs and UserGuide",
            "messageBody": "",
            "fileTypesAndContributionMap": {
              "docs": {
                "insertions": 35,
                "deletions": 8
              }
            }
          },
          {
            "hash": "ae1b5e09bd1f88d94c876f229eccc9fbf0408b03",
            "messageTitle": "Remove arbitrary commit",
            "messageBody": "",
            "fileTypesAndContributionMap": {
              "functional-code": {
                "insertions": 0,
                "deletions": 1
              }
            }
          }
        ]
      },
      {
        "date": "2020-09-27",
        "commitResults": [
          {
            "hash": "2d78fe2d57b7ac2c38ae61db710aff2fb1f9e10b",
            "messageTitle": "Update README and fix checkstyle",
            "messageBody": "",
            "fileTypesAndContributionMap": {
              "docs": {
                "insertions": 28,
                "deletions": 31
              }
            }
          },
          {
            "hash": "c9546b27c465197c204dc5116f7f488b90036ca8",
            "messageTitle": "Fix checkstyle",
            "messageBody": "",
            "fileTypesAndContributionMap": {
              "docs": {
                "insertions": 1,
                "deletions": 1
              }
            }
          }
        ]
      },
      {
        "date": "2020-10-07",
        "commitResults": [
          {
            "hash": "ba58da8acf1c8a3c18697064c34ae5db0ba0086e",
            "messageTitle": "Change Util folder and other files to Flashcard related classes",
            "messageBody": "",
            "fileTypesAndContributionMap": {
              "functional-code": {
                "insertions": 248,
                "deletions": 245
              },
              "test-code": {
                "insertions": 520,
                "deletions": 578
              }
            }
          }
        ]
      }
    ],
    "liuyxxy": [
      {
        "date": "2020-09-26",
        "commitResults": [
          {
            "hash": "da97f1a9664e52ef60bf720aa28ec19da86d96fb",
            "messageTitle": "Edit UG and AboutUs",
            "messageBody": "",
            "fileTypesAndContributionMap": {
              "docs": {
                "insertions": 17,
                "deletions": 0
              }
            }
          },
          {
            "hash": "961d8dac316623f54da8cc124c8f5a0045f0383b",
            "messageTitle": "Remove trailing whitespace",
            "messageBody": "",
            "fileTypesAndContributionMap": {
              "docs": {
                "insertions": 1,
                "deletions": 1
              }
            }
          },
          {
            "hash": "3f0abc2cda5eb62181fb131634873234e0de3492",
            "messageTitle": "Edit checkstyle error",
            "messageBody": "",
            "fileTypesAndContributionMap": {
              "functional-code": {
                "insertions": 4,
                "deletions": 1
              }
            }
          },
          {
            "hash": "44e60ee4ae430557fa0263d228cfd350cc5484a5",
            "messageTitle": "Add responsibilities",
            "messageBody": "",
            "fileTypesAndContributionMap": {
              "docs": {
                "insertions": 1,
                "deletions": 0
              }
            }
          },
          {
            "hash": "d0996df6e66784e52065749d67e493f4ef0251f5",
            "messageTitle": "Make edits",
            "messageBody": "",
            "fileTypesAndContributionMap": {
              "docs": {
                "insertions": 0,
                "deletions": 10
              }
            }
          },
          {
            "hash": "ecfea3f6793797c327ea1b1bbaa36483cc1f9bc1",
            "messageTitle": "Make edits to UG",
            "messageBody": "",
            "fileTypesAndContributionMap": {
              "docs": {
                "insertions": 4,
                "deletions": 48
              }
            }
          },
          {
            "hash": "58ea708112de77d049b47ea95b8d4e431a57bb5f",
            "messageTitle": "Add NFR",
            "messageBody": "",
            "fileTypesAndContributionMap": {
              "docs": {
                "insertions": 10,
                "deletions": 5
              }
            }
          },
          {
            "hash": "bdbd4023b3748ace2bdca505e4a681b125bb3ce0",
            "messageTitle": "Merge and edit DG",
            "messageBody": "",
            "fileTypesAndContributionMap": {
              "docs": {
                "insertions": 10,
                "deletions": 13
              }
            }
          }
        ]
      },
      {
        "date": "2020-10-10",
        "commitResults": [
          {
            "hash": "cf50b1f09f763a008cabf1da3c01880afa335250",
            "messageTitle": "Edit flashcard folder and test folder",
            "messageBody": "",
            "fileTypesAndContributionMap": {
              "functional-code": {
                "insertions": 501,
                "deletions": 647
              },
              "other": {
                "insertions": 3,
                "deletions": 6
              },
              "docs": {
                "insertions": 38,
                "deletions": 38
              },
              "test-code": {
                "insertions": 532,
                "deletions": 661
              }
            }
          },
          {
            "hash": "3aecede0ba10cc5ebe16485ae328f8496052d397",
            "messageTitle": "Revert \"Merge pull request #4 from AY2021S1-CS2103T-W13-2/master\"",
            "messageBody": "This reverts commit 1de0fe3be640626ceba4e15827bb916467bd8ad5, reversing\nchanges made to bdbd4023b3748ace2bdca505e4a681b125bb3ce0.\n",
            "fileTypesAndContributionMap": {
              "docs": {
                "insertions": 58,
                "deletions": 79
              }
            }
          },
          {
            "hash": "fbc308a5f441088f711f08079eabea5929bd09b1",
            "messageTitle": "Fix more merge conflicts",
            "messageBody": "",
            "fileTypesAndContributionMap": {
              "functional-code": {
                "insertions": 34,
                "deletions": 113
              }
            }
          },
          {
            "hash": "45ea5d6ed33b8a5a1c640c7f999d7a77f3100991",
            "messageTitle": "Edit test files",
            "messageBody": "",
            "fileTypesAndContributionMap": {
              "test-code": {
                "insertions": 10,
                "deletions": 717
              }
            }
          },
          {
            "hash": "5aba1bbe231448ab36265c9fe8cbfa367324808c",
            "messageTitle": "Update README.md",
            "messageBody": "fixed merge conflicts",
            "fileTypesAndContributionMap": {
              "docs": {
                "insertions": 1,
                "deletions": 13
              }
            }
          }
        ]
      }
    ]
  },
  "authorFileTypeContributionMap": {
    "ysr25": {
      "docs": 51,
      "functional-code": 82,
      "test-code": 62
    },
    "rgabelarde": {
      "docs": 132,
      "functional-code": 66,
      "test-code": 0
    },
    "yuki-cell": {
      "docs": 16,
      "functional-code": 78,
      "test-code": 142
    },
    "jacetjy": {
      "docs": 36,
      "functional-code": 246,
      "test-code": 492
    },
    "liuyxxy": {
      "docs": 120,
      "functional-code": 489,
      "test-code": 561
    }
  },
  "authorContributionVariance": {
    "ysr25": 1598.9288,
    "rgabelarde": 2818.8552,
    "yuki-cell": 4300.1167,
    "jacetjy": 42885.25,
    "liuyxxy": 201802.52
  },
  "authorDisplayNameMap": {
    "ysr25": "CS2103T-W13-2 YONG..RONG",
    "rgabelarde": "CS2103T-W13-2 RACH..ARDE",
    "yuki-cell": "CS2103T-W13-2 YUKI..ZUKI",
    "jacetjy": "CS2103T-W13-2 TAN ..JACE",
    "liuyxxy": "CS2103T-W13-2 LIU ..YUXI"
  }
}
