{
  "authorDailyContributionsMap": {
    "wengfaing": [],
    "xnoobftw": [
      {
        "date": "2020-09-16",
        "commitResults": [
          {
            "hash": "d13b84be9e995c8c98bbb74df518032c9d2dfdc6",
            "messageTitle": "Remove email Change Address to Supplier Change Phone to Quantity",
            "messageBody": "",
            "fileTypesAndContributionMap": {
              "functional-code": {
                "insertions": 114,
                "deletions": 256
              },
              "other": {
                "insertions": 15,
                "deletions": 15
              },
              "test-code": {
                "insertions": 94,
                "deletions": 695
              }
            }
          },
          {
            "hash": "e211daabe4dde319e9d61e40a6d2e3772a07bd65",
            "messageTitle": "Change \"person\" equals method",
            "messageBody": "",
            "fileTypesAndContributionMap": {
              "functional-code": {
                "insertions": 4,
                "deletions": 3
              }
            }
          },
          {
            "hash": "793ccdc13476f7c568ca13883dd94a85cb5f20fa",
            "messageTitle": "Refactor person to item",
            "messageBody": "",
            "fileTypesAndContributionMap": {
              "functional-code": {
                "insertions": 190,
                "deletions": 203
              },
              "other": {
                "insertions": 65,
                "deletions": 65
              },
              "docs": {
                "insertions": 65,
                "deletions": 65
              },
              "test-code": {
                "insertions": 234,
                "deletions": 234
              }
            }
          },
          {
            "hash": "19ffa40c0bf3079db81c552458ecf6bf5b2ac485",
            "messageTitle": "Refactor junit tests to item",
            "messageBody": "",
            "fileTypesAndContributionMap": {
              "other": {
                "insertions": 24,
                "deletions": 25
              },
              "test-code": {
                "insertions": 365,
                "deletions": 412
              }
            }
          },
          {
            "hash": "834a5a7ec2a3a3611c65ca58f04fea4313b4e892",
            "messageTitle": "Change duplicateitemexcpetion error message",
            "messageBody": "",
            "fileTypesAndContributionMap": {
              "functional-code": {
                "insertions": 1,
                "deletions": 1
              },
              "test-code": {
                "insertions": 1,
                "deletions": 1
              }
            }
          },
          {
            "hash": "abb98b6ff53efdec63a742e3eca9f1bdafbddf39",
            "messageTitle": "Rename phone related variables to item related ones",
            "messageBody": "",
            "fileTypesAndContributionMap": {
              "functional-code": {
                "insertions": 22,
                "deletions": 18
              }
            }
          },
          {
            "hash": "942dd24fcfaf9f95a7fb54a6c94b00f498157773",
            "messageTitle": "Comment failed testcases",
            "messageBody": "",
            "fileTypesAndContributionMap": {
              "test-code": {
                "insertions": 14,
                "deletions": 0
              }
            }
          },
          {
            "hash": "0b76d6538a65a2ff7aee505eef56017f22938725",
            "messageTitle": "Add back persons testcase",
            "messageBody": "",
            "fileTypesAndContributionMap": {
              "test-code": {
                "insertions": 525,
                "deletions": 0
              }
            }
          },
          {
            "hash": "5b9812a299f58f8814135dc7497bf2bb3c55cdae",
            "messageTitle": "Checkstyle",
            "messageBody": "",
            "fileTypesAndContributionMap": {
              "functional-code": {
                "insertions": 28,
                "deletions": 13
              },
              "test-code": {
                "insertions": 44,
                "deletions": 51
              }
            }
          }
        ]
      },
      {
        "date": "2020-09-19",
        "commitResults": [
          {
            "hash": "8ab04dafb5a3b8bef928be4af67dc12e547d741f",
            "messageTitle": "Refactor AddCommand to add on to existing item if there\u0027s a duplicate",
            "messageBody": "Refactor Name and Supplier to have it\u0027s String capatalized\n",
            "fileTypesAndContributionMap": {
              "functional-code": {
                "insertions": 82,
                "deletions": 22
              },
              "test-code": {
                "insertions": 14,
                "deletions": 11
              }
            }
          },
          {
            "hash": "72984d2b791c2f73444c55b5c79584086e2a495b",
            "messageTitle": "Refactor Message variable name",
            "messageBody": "",
            "fileTypesAndContributionMap": {
              "functional-code": {
                "insertions": 3,
                "deletions": 4
              }
            }
          }
        ]
      },
      {
        "date": "2020-09-20",
        "commitResults": [
          {
            "hash": "4babf422dd743050b2e5606d4a059754b0ae476d",
            "messageTitle": "Update javadocs, comments and static variables with person to item",
            "messageBody": "",
            "fileTypesAndContributionMap": {
              "functional-code": {
                "insertions": 78,
                "deletions": 79
              },
              "other": {
                "insertions": 40,
                "deletions": 40
              },
              "docs": {
                "insertions": 1,
                "deletions": 1
              },
              "test-code": {
                "insertions": 114,
                "deletions": 115
              }
            }
          },
          {
            "hash": "10f38d9605000c68f8513726e6910aa88c54dc9f",
            "messageTitle": "Update checkstyle",
            "messageBody": "",
            "fileTypesAndContributionMap": {
              "test-code": {
                "insertions": 16,
                "deletions": 16
              }
            }
          },
          {
            "hash": "955170de90249eada8cf0c770cf23f467fe6dbe6",
            "messageTitle": "Update test to remove unnecessary tests",
            "messageBody": "",
            "fileTypesAndContributionMap": {
              "test-code": {
                "insertions": 1,
                "deletions": 2
              }
            }
          },
          {
            "hash": "e93a9c71b03654aca12194d1925685712deba334",
            "messageTitle": "Update checkstyle",
            "messageBody": "",
            "fileTypesAndContributionMap": {
              "test-code": {
                "insertions": 0,
                "deletions": 7
              }
            }
          }
        ]
      },
      {
        "date": "2020-09-26",
        "commitResults": [
          {
            "hash": "c23b0074cd87d8f0d2ff21f4de8b92dab4f8b42d",
            "messageTitle": "Add my part in AboutUs.md",
            "messageBody": "",
            "fileTypesAndContributionMap": {
              "docs": {
                "insertions": 36,
                "deletions": 43
              }
            }
          },
          {
            "hash": "5d7579fb2aa2b9a837d84d34a8b2b1d322c04922",
            "messageTitle": "Fix name in AboutUs.md",
            "messageBody": "",
            "fileTypesAndContributionMap": {
              "docs": {
                "insertions": 1,
                "deletions": 1
              }
            }
          },
          {
            "hash": "6cb2a76ebc7345598ef9967da821abae6ad46a8f",
            "messageTitle": "Update UG\u0027s add and find feature as allocated",
            "messageBody": "",
            "fileTypesAndContributionMap": {
              "docs": {
                "insertions": 17,
                "deletions": 18
              }
            }
          },
          {
            "hash": "4b29772705d876434696195c6270ab954874a9aa",
            "messageTitle": "Update Target user profile, value proposition and user stories DG",
            "messageBody": "",
            "fileTypesAndContributionMap": {
              "docs": {
                "insertions": 26,
                "deletions": 11
              }
            }
          },
          {
            "hash": "a60fd8e5d09909f853aa3c2d337a9397fc83d8be",
            "messageTitle": "Add new line at EOF AboutUs",
            "messageBody": "",
            "fileTypesAndContributionMap": {
              "docs": {
                "insertions": 1,
                "deletions": 1
              }
            }
          },
          {
            "hash": "06098fb097ef50e4bf91b9b44fec362b0c76e069",
            "messageTitle": "Add back template to AboutUs.md, Add more points to DG",
            "messageBody": "",
            "fileTypesAndContributionMap": {
              "docs": {
                "insertions": 44,
                "deletions": 1
              }
            }
          }
        ]
      }
    ],
    "Wincenttjoi": [
      {
        "date": "2020-09-08",
        "commitResults": [
          {
            "hash": "6414bb38c106f9cb3fdbe2d0af784c091275381c",
            "messageTitle": "Initial commit to make upstream PR",
            "messageBody": "",
            "fileTypesAndContributionMap": {
              "functional-code": {
                "insertions": 1,
                "deletions": 1
              }
            }
          }
        ]
      },
      {
        "date": "2020-09-17",
        "commitResults": [
          {
            "hash": "3d7a56453975fc8dc6f7347e5765216898765e2d",
            "messageTitle": "Change layout of mainwindow and add submit button",
            "messageBody": "",
            "fileTypesAndContributionMap": {
              "functional-code": {
                "insertions": 41,
                "deletions": 16
              }
            }
          },
          {
            "hash": "2f6c618ea2ab97a134083c55cbe1e20ad2711fe6",
            "messageTitle": "Remove irrelevant imports and set resizable window to false",
            "messageBody": "",
            "fileTypesAndContributionMap": {
              "functional-code": {
                "insertions": 2,
                "deletions": 6
              }
            }
          },
          {
            "hash": "ae826ffeda8666d51eac4697b633823d1c83c49a",
            "messageTitle": "Edit test",
            "messageBody": "",
            "fileTypesAndContributionMap": {
              "test-code": {
                "insertions": 13,
                "deletions": 13
              }
            }
          },
          {
            "hash": "70e9a87bcb23f19812a2b6c1606f2c9df3601426",
            "messageTitle": "Change valid files test cases",
            "messageBody": "",
            "fileTypesAndContributionMap": {
              "test-code": {
                "insertions": 15,
                "deletions": 16
              }
            }
          },
          {
            "hash": "758a497176017968936b60c2cc7dc40b1f825789",
            "messageTitle": "Set title to oneshelf",
            "messageBody": "",
            "fileTypesAndContributionMap": {
              "functional-code": {
                "insertions": 2,
                "deletions": 0
              }
            }
          }
        ]
      },
      {
        "date": "2020-09-26",
        "commitResults": [
          {
            "hash": "34c88b70b3ccecd95421dba8bac21ec01dfc1426",
            "messageTitle": "Change back to 600x740 size",
            "messageBody": "",
            "fileTypesAndContributionMap": {
              "functional-code": {
                "insertions": 7,
                "deletions": 7
              }
            }
          },
          {
            "hash": "3cf94fb9a7ada0d97f3d5c1e0fd3b06e6ad68987",
            "messageTitle": "Change ui back to original window size",
            "messageBody": "",
            "fileTypesAndContributionMap": {
              "functional-code": {
                "insertions": 24,
                "deletions": 20
              }
            }
          },
          {
            "hash": "fbdeb3185f115c2158df2e07ba336cc9a42b3b26",
            "messageTitle": "Make width to 1080",
            "messageBody": "",
            "fileTypesAndContributionMap": {
              "functional-code": {
                "insertions": 3,
                "deletions": 3
              }
            }
          },
          {
            "hash": "d9a53d3e39528559089b5fe060f01a991ae5dce5",
            "messageTitle": "Update CI status to our repo link",
            "messageBody": "",
            "fileTypesAndContributionMap": {
              "docs": {
                "insertions": 1,
                "deletions": 1
              }
            }
          },
          {
            "hash": "24b8ac41cf7d48461a3a3063ba1a8a33961aaf09",
            "messageTitle": "Acknowledge original source of code",
            "messageBody": "",
            "fileTypesAndContributionMap": {
              "docs": {
                "insertions": 2,
                "deletions": 1
              }
            }
          },
          {
            "hash": "6b2d56b91fe844c33401db6bf5bc852f8a374a8b",
            "messageTitle": "Link Readme to User and Developer Guide md",
            "messageBody": "",
            "fileTypesAndContributionMap": {
              "docs": {
                "insertions": 14,
                "deletions": 5
              }
            }
          },
          {
            "hash": "d8b8002d0f1bf056b6148542cc0760b3db511b2c",
            "messageTitle": "Update About Us page wincenttjoi",
            "messageBody": "",
            "fileTypesAndContributionMap": {
              "docs": {
                "insertions": 51,
                "deletions": 9
              }
            }
          },
          {
            "hash": "4ed13829eb49855c003cf3911acd1d2894fef404",
            "messageTitle": "Add reposense link",
            "messageBody": "",
            "fileTypesAndContributionMap": {
              "docs": {
                "insertions": 3,
                "deletions": 7
              }
            }
          },
          {
            "hash": "5f7985a3cbc54b5cc6db320f9f0ccac570e4723a",
            "messageTitle": "Change documentation, minor personal edits:",
            "messageBody": "",
            "fileTypesAndContributionMap": {
              "docs": {
                "insertions": 26,
                "deletions": 70
              }
            }
          },
          {
            "hash": "1253276e39aaf5c5fb1c9f09b1320fd012de34f1",
            "messageTitle": "Change UG of clear and edit",
            "messageBody": "",
            "fileTypesAndContributionMap": {
              "docs": {
                "insertions": 10,
                "deletions": 10
              }
            }
          }
        ]
      }
    ],
    "halcon-blanco": [],
    "zeranium97": [
      {
        "date": "2020-09-19",
        "commitResults": [
          {
            "hash": "644ba0c404f3a0e0b6889b2613fca914b46f70a2",
            "messageTitle": "Change VALIDATION_REGEX",
            "messageBody": "",
            "fileTypesAndContributionMap": {
              "functional-code": {
                "insertions": 8,
                "deletions": 8
              }
            }
          },
          {
            "hash": "818353bc5bffc6b9aa2fe513bad70da6861d93fc",
            "messageTitle": "Remove Supplier as mandatory",
            "messageBody": "",
            "fileTypesAndContributionMap": {
              "functional-code": {
                "insertions": 9,
                "deletions": 9
              }
            }
          },
          {
            "hash": "5a6633535b69e092352345e6549593a2e34f56bb",
            "messageTitle": "update tests",
            "messageBody": "",
            "fileTypesAndContributionMap": {
              "test-code": {
                "insertions": 8,
                "deletions": 12
              }
            }
          },
          {
            "hash": "87721dfc4880d769bbeed5b2d2d5dee32444b1aa",
            "messageTitle": "update checkstyle",
            "messageBody": "",
            "fileTypesAndContributionMap": {
              "test-code": {
                "insertions": 0,
                "deletions": 1
              }
            }
          }
        ]
      },
      {
        "date": "2020-09-21",
        "commitResults": [
          {
            "hash": "949d60806331a4a3028ecaf290b81695c76af08d",
            "messageTitle": "Refactor junit test to item",
            "messageBody": "",
            "fileTypesAndContributionMap": {
              "functional-code": {
                "insertions": 1,
                "deletions": 2
              },
              "test-code": {
                "insertions": 143,
                "deletions": 98
              }
            }
          },
          {
            "hash": "f8125db3d661829ae8d8e8145dd7407b163aef39",
            "messageTitle": "edited supplier field test data",
            "messageBody": "",
            "fileTypesAndContributionMap": {
              "test-code": {
                "insertions": 14,
                "deletions": 14
              }
            }
          },
          {
            "hash": "cf271dfc2e2127df0c5bb1e0f549bbae522e4fe6",
            "messageTitle": "refractor item model junit test to item",
            "messageBody": "",
            "fileTypesAndContributionMap": {
              "functional-code": {
                "insertions": 4,
                "deletions": 1
              },
              "test-code": {
                "insertions": 255,
                "deletions": 314
              }
            }
          },
          {
            "hash": "d25c14c3d1d71471cb79f1471d8c322a8b11345c",
            "messageTitle": "Refactor and rename from address to InventoryBook",
            "messageBody": "",
            "fileTypesAndContributionMap": {
              "functional-code": {
                "insertions": 262,
                "deletions": 261
              },
              "other": {
                "insertions": 53,
                "deletions": 53
              },
              "test-code": {
                "insertions": 293,
                "deletions": 296
              }
            }
          }
        ]
      }
    ]
  },
  "authorFileTypeContributionMap": {
    "wengfaing": {
      "docs": 0,
      "functional-code": 0,
      "test-code": 0
    },
    "xnoobftw": {
      "docs": 138,
      "functional-code": 485,
      "test-code": 679
    },
    "Wincenttjoi": {
      "docs": 68,
      "functional-code": 35,
      "test-code": 1
    },
    "halcon-blanco": {
      "docs": 0,
      "functional-code": 0,
      "test-code": 0
    },
    "zeranium97": {
      "docs": 0,
      "functional-code": 315,
      "test-code": 685
    }
  },
  "authorContributionVariance": {
    "wengfaing": 0.0,
    "xnoobftw": 334770.1,
    "Wincenttjoi": 1973.1735,
    "halcon-blanco": 0.0,
    "zeranium97": 94569.81
  },
  "authorDisplayNameMap": {
    "wengfaing": "CS2103T-T12-1 NG W.. FAI",
    "xnoobftw": "CS2103T-T12-1 CHOO..G YU",
    "Wincenttjoi": "CS2103T-T12-1 WINC..TJOI",
    "halcon-blanco": "CS2103T-T12-1 SAAD..IDER",
    "zeranium97": "CS2103T-T12-1 LAW ..OBBY"
  }
}
