{
  "authorDailyContributionsMap": {
    "boundtotheearth": [
      {
        "date": "2020-09-23",
        "commitResults": [
          {
            "hash": "c2765925e3231a152252b79ba0e90e032c2cb8f9",
            "messageTitle": "Add Start and Stop Timer Command",
            "messageBody": "Implemented Start and stop Timer commands, with\nthe associated classes, and UI elements\n",
            "fileTypesAndContributionMap": {
              "functional-code": {
                "insertions": 641,
                "deletions": 1
              }
            }
          },
          {
            "hash": "8fdbc2550463809a8be7ba1d0c0783fb140e0ec7",
            "messageTitle": "Add Save/Load for Timers",
            "messageBody": "",
            "fileTypesAndContributionMap": {
              "functional-code": {
                "insertions": 12,
                "deletions": 0
              },
              "other": {
                "insertions": 0,
                "deletions": 0
              }
            }
          },
          {
            "hash": "9c6d4da78a989f8a29a38f6ef37c0aa597d7e5f2",
            "messageTitle": "Add Tests for Timer Commands",
            "messageBody": "",
            "fileTypesAndContributionMap": {
              "functional-code": {
                "insertions": 322,
                "deletions": 96
              },
              "test-code": {
                "insertions": 693,
                "deletions": 5
              }
            }
          },
          {
            "hash": "cc752c93d355a59cd55eca388a638e9b416bbd39",
            "messageTitle": "Fix Undeterministic Tests",
            "messageBody": "",
            "fileTypesAndContributionMap": {
              "functional-code": {
                "insertions": 1,
                "deletions": 2
              },
              "test-code": {
                "insertions": 2,
                "deletions": 4
              }
            }
          },
          {
            "hash": "1bb026d5c2ab47570294ad1fd2b6fb6e34f7ec26",
            "messageTitle": "Fix Checkstyle Errors",
            "messageBody": "",
            "fileTypesAndContributionMap": {
              "test-code": {
                "insertions": 0,
                "deletions": 4
              }
            }
          }
        ]
      },
      {
        "date": "2020-09-24",
        "commitResults": [
          {
            "hash": "0c00f40365557bf6ba2043524f30ffe905fb9557",
            "messageTitle": "Fix Code Quality Issues",
            "messageBody": "",
            "fileTypesAndContributionMap": {
              "functional-code": {
                "insertions": 16,
                "deletions": 7
              }
            }
          },
          {
            "hash": "26d1898d0ca110c108ea938d631f4994a0a55917",
            "messageTitle": "Fix Timer Issues",
            "messageBody": "",
            "fileTypesAndContributionMap": {
              "test-code": {
                "insertions": 6,
                "deletions": 4
              }
            }
          }
        ]
      },
      {
        "date": "2020-09-29",
        "commitResults": [
          {
            "hash": "362609a55e5eeff0c4db543a6d373122d3cd2f19",
            "messageTitle": "Add support for timer persistance",
            "messageBody": "",
            "fileTypesAndContributionMap": {
              "functional-code": {
                "insertions": 302,
                "deletions": 78
              },
              "test-code": {
                "insertions": 309,
                "deletions": 113
              }
            }
          },
          {
            "hash": "3c89f82ac974c8e1acef3db784078cff5c96106f",
            "messageTitle": "Fix Tests",
            "messageBody": "",
            "fileTypesAndContributionMap": {
              "test-code": {
                "insertions": 0,
                "deletions": 11
              }
            }
          },
          {
            "hash": "1045cbe73a4b941c7591a58627145d76dc449298",
            "messageTitle": "Fix Checkstyle Issues",
            "messageBody": "",
            "fileTypesAndContributionMap": {
              "test-code": {
                "insertions": 2,
                "deletions": 3
              }
            }
          }
        ]
      },
      {
        "date": "2020-09-30",
        "commitResults": [
          {
            "hash": "4a776940b6de9948d413ff3203b7e8fd14910975",
            "messageTitle": "Fix Coding Standard Violations",
            "messageBody": "",
            "fileTypesAndContributionMap": {
              "functional-code": {
                "insertions": 16,
                "deletions": 6
              },
              "test-code": {
                "insertions": 1,
                "deletions": 0
              }
            }
          },
          {
            "hash": "acbc4fb36718c8f2542e31ea592f4b233e7a493d",
            "messageTitle": "Update DG, UG, AboutMe",
            "messageBody": "",
            "fileTypesAndContributionMap": {
              "docs": {
                "insertions": 44,
                "deletions": 1
              }
            }
          },
          {
            "hash": "b4ccbff6c47c4a3a05426f2943d11b244988f401",
            "messageTitle": "Fix AB3 References",
            "messageBody": "",
            "fileTypesAndContributionMap": {
              "docs": {
                "insertions": 1,
                "deletions": 1
              }
            }
          },
          {
            "hash": "90663eca322fe373a611b1d879a56ebbfa2e421c",
            "messageTitle": "Fix Formatting Issues",
            "messageBody": "",
            "fileTypesAndContributionMap": {
              "docs": {
                "insertions": 6,
                "deletions": 14
              }
            }
          }
        ]
      },
      {
        "date": "2020-10-09",
        "commitResults": [
          {
            "hash": "f3e49fb3906a149404d82ba2cde364d154bda982",
            "messageTitle": "Implement Statistics Logic.",
            "messageBody": "",
            "fileTypesAndContributionMap": {
              "functional-code": {
                "insertions": 461,
                "deletions": 1
              },
              "test-code": {
                "insertions": 250,
                "deletions": 4
              }
            }
          }
        ]
      },
      {
        "date": "2020-10-11",
        "commitResults": [
          {
            "hash": "4958617ced34acfb08fb78cb2036cceb4abb6ad7",
            "messageTitle": "Fix UI Updating Bug",
            "messageBody": "",
            "fileTypesAndContributionMap": {
              "functional-code": {
                "insertions": 36,
                "deletions": 20
              },
              "test-code": {
                "insertions": 2,
                "deletions": 2
              }
            }
          },
          {
            "hash": "99314495f9f4d0f266a06740a37575d6c7a54d89",
            "messageTitle": "Fix Tests",
            "messageBody": "",
            "fileTypesAndContributionMap": {
              "functional-code": {
                "insertions": 0,
                "deletions": 4
              },
              "test-code": {
                "insertions": 23,
                "deletions": 0
              }
            }
          }
        ]
      },
      {
        "date": "2020-10-12",
        "commitResults": [
          {
            "hash": "97e894288dc86f842549ddebb52533bd374a994d",
            "messageTitle": "Integrate Stats Logic with UI",
            "messageBody": "",
            "fileTypesAndContributionMap": {
              "functional-code": {
                "insertions": 33,
                "deletions": 180
              },
              "other": {
                "insertions": 40,
                "deletions": 34
              },
              "test-code": {
                "insertions": 2,
                "deletions": 2
              }
            }
          },
          {
            "hash": "c33b86e665ca28ea6b1af5dc3de340985e78c270",
            "messageTitle": "Update JavaDocs",
            "messageBody": "",
            "fileTypesAndContributionMap": {
              "functional-code": {
                "insertions": 2,
                "deletions": 2
              }
            }
          },
          {
            "hash": "f236b19fa533b974dbee75ae882f6d187ceb23a1",
            "messageTitle": "Fix Issue #50",
            "messageBody": "Statistics data did not update dynamically when data was changed.\n",
            "fileTypesAndContributionMap": {
              "functional-code": {
                "insertions": 2,
                "deletions": 3
              }
            }
          }
        ]
      },
      {
        "date": "2020-10-14",
        "commitResults": [
          {
            "hash": "3028911e01bb2824a1975bc0bc5663a7753f5e29",
            "messageTitle": "Fix Stats Data Persistence Bug",
            "messageBody": "",
            "fileTypesAndContributionMap": {
              "functional-code": {
                "insertions": 5,
                "deletions": 1
              }
            }
          }
        ]
      },
      {
        "date": "2020-10-18",
        "commitResults": [
          {
            "hash": "4ed9e41f1261f35cf5a7db94bc709b2df80ee0ab",
            "messageTitle": "Add Active Timer Display",
            "messageBody": "",
            "fileTypesAndContributionMap": {
              "functional-code": {
                "insertions": 219,
                "deletions": 0
              }
            }
          },
          {
            "hash": "191513a401543d424eae83a7c8b68b3018486ae7",
            "messageTitle": "Update Tests",
            "messageBody": "",
            "fileTypesAndContributionMap": {
              "functional-code": {
                "insertions": 5,
                "deletions": 4
              },
              "test-code": {
                "insertions": 32,
                "deletions": 2
              }
            }
          },
          {
            "hash": "0dcf2afc862e34804257e82366662e4a1d82d99a",
            "messageTitle": "Fix Checkstyle Issues",
            "messageBody": "",
            "fileTypesAndContributionMap": {
              "functional-code": {
                "insertions": 0,
                "deletions": 4
              }
            }
          }
        ]
      }
    ],
    "pr4aveen": [
      {
        "date": "2020-09-11",
        "commitResults": [
          {
            "hash": "e259c6e540f9e9021e93fdb30912ac7820b136fb",
            "messageTitle": "Update README.md",
            "messageBody": "",
            "fileTypesAndContributionMap": {
              "docs": {
                "insertions": 1,
                "deletions": 1
              }
            }
          }
        ]
      },
      {
        "date": "2020-09-22",
        "commitResults": [
          {
            "hash": "15e9e7819339fe6d84cd90b5b122e109fac66215",
            "messageTitle": "Rename person to project (#07)",
            "messageBody": "Existing code uses Person to represent an entry.\n\nThis is inconsistent with the theme of the project, which uses Project\nto represent an single entry.\n\nLet\u0027s replace all instances of Person to Project.\n",
            "fileTypesAndContributionMap": {
              "functional-code": {
                "insertions": 412,
                "deletions": 410
              },
              "other": {
                "insertions": 179,
                "deletions": 179
              },
              "docs": {
                "insertions": 66,
                "deletions": 66
              },
              "test-code": {
                "insertions": 697,
                "deletions": 696
              }
            }
          },
          {
            "hash": "6a50dd6901edcea900803b50faa4665187101fe8",
            "messageTitle": "Remove address model (#08)",
            "messageBody": "Project currently takes in address as a parameter for each project.\n\nThis is not relevant to the project at this stage.\n\nLet\u0027s remove the address model.\n",
            "fileTypesAndContributionMap": {
              "functional-code": {
                "insertions": 11,
                "deletions": 143
              },
              "test-code": {
                "insertions": 56,
                "deletions": 212
              }
            }
          },
          {
            "hash": "16d6bddfc700b561c3116611908ec8f5aa759166",
            "messageTitle": "Remove email model (#08)",
            "messageBody": "Project currently takes in email as a parameter for each project.\n\nThis is not relevant to the theme of the project at this stage.\n\nLet\u0027s remove the email model.\n",
            "fileTypesAndContributionMap": {
              "functional-code": {
                "insertions": 18,
                "deletions": 155
              },
              "test-code": {
                "insertions": 75,
                "deletions": 270
              }
            }
          },
          {
            "hash": "8843d3d8b42f34a49ac44119c018b2559ded050c",
            "messageTitle": "Remove phone model (#08)",
            "messageBody": "Project currently takes in phone number as a parameter for each project.\n\nThis is not relevant to the theme of the project at this stage.\n\nLet\u0027s remove the phone model.\n",
            "fileTypesAndContributionMap": {
              "functional-code": {
                "insertions": 20,
                "deletions": 149
              },
              "test-code": {
                "insertions": 76,
                "deletions": 235
              }
            }
          }
        ]
      },
      {
        "date": "2020-10-02",
        "commitResults": [
          {
            "hash": "a264b31e8d0771e7217865b0d126068c7e7016d2",
            "messageTitle": "Update README.md",
            "messageBody": "",
            "fileTypesAndContributionMap": {
              "docs": {
                "insertions": 2,
                "deletions": 2
              }
            }
          }
        ]
      },
      {
        "date": "2020-10-09",
        "commitResults": [
          {
            "hash": "42ee9253b9215da279669209ebd1074cbbc9d4b1",
            "messageTitle": "Upgrade find command",
            "messageBody": "Find command does a simple search to check whether the name fully\nmatches the name of a project in the project book.\n\nThis limits the flexibility that the user has when conducting searches.\n\nLet\u0027s:\n * Upgrade the find command to allow for partial name matches\n * Allow users to specify whether any or all keywords need to match\n before an entry is returned\n * Implement support for predicate chaining in anticipation for more\n complicated searches in the future\n",
            "fileTypesAndContributionMap": {
              "functional-code": {
                "insertions": 121,
                "deletions": 18
              }
            }
          },
          {
            "hash": "285a017f96852736d0f8cfa9fba50fabf072dd88",
            "messageTitle": "Implement find by description and tag",
            "messageBody": "Find command is currently limited to searching for projects based on\nname only.\n\nThis limits the flexibility that the user has when conducting searches.\n\nLet\u0027s:\n * Upgrade the find command to allow for partial description matches\n * Upgrade the find command to allow for full tag matches\n",
            "fileTypesAndContributionMap": {
              "functional-code": {
                "insertions": 140,
                "deletions": 1
              }
            }
          },
          {
            "hash": "b4c72d2037c1b8df9d7951777cead9e1f8a86bf4",
            "messageTitle": "Refactor repeated code",
            "messageBody": "",
            "fileTypesAndContributionMap": {
              "functional-code": {
                "insertions": 20,
                "deletions": 27
              }
            }
          }
        ]
      },
      {
        "date": "2020-10-10",
        "commitResults": [
          {
            "hash": "ae45a068d26dfb206085e2734754d67709952d09",
            "messageTitle": "Add additional tests for find command",
            "messageBody": "",
            "fileTypesAndContributionMap": {
              "functional-code": {
                "insertions": 13,
                "deletions": 6
              },
              "test-code": {
                "insertions": 482,
                "deletions": 48
              }
            }
          },
          {
            "hash": "87a55dd35e0c0106fe22e309b833c81e13f84c63",
            "messageTitle": "Update user guide to include find command",
            "messageBody": "",
            "fileTypesAndContributionMap": {
              "docs": {
                "insertions": 43,
                "deletions": 2
              }
            }
          }
        ]
      },
      {
        "date": "2020-10-12",
        "commitResults": [
          {
            "hash": "c84b6508cc803a36fe50395c754540fbe4fbe656",
            "messageTitle": "Fix coding standard errors",
            "messageBody": "",
            "fileTypesAndContributionMap": {
              "functional-code": {
                "insertions": 61,
                "deletions": 59
              },
              "other": {
                "insertions": 141,
                "deletions": 91
              },
              "test-code": {
                "insertions": 33,
                "deletions": 24
              }
            }
          }
        ]
      },
      {
        "date": "2020-10-14",
        "commitResults": [
          {
            "hash": "129a79501dfc1a2b248c078d8b2f81d39de41191",
            "messageTitle": "Modify find command implementation",
            "messageBody": "",
            "fileTypesAndContributionMap": {
              "functional-code": {
                "insertions": 2,
                "deletions": 0
              }
            }
          },
          {
            "hash": "69cf57f6cc7379374bc4d5baf4b4d46a711c5c0c",
            "messageTitle": "Include code coverage in README.md",
            "messageBody": "",
            "fileTypesAndContributionMap": {
              "docs": {
                "insertions": 1,
                "deletions": 0
              }
            }
          },
          {
            "hash": "70ad493c62e0654d4fe9f08a3b43b04b80469741",
            "messageTitle": "Fix checkstyle errors",
            "messageBody": "",
            "fileTypesAndContributionMap": {
              "functional-code": {
                "insertions": 94,
                "deletions": 71
              },
              "docs": {
                "insertions": 1,
                "deletions": 0
              },
              "test-code": {
                "insertions": 87,
                "deletions": 81
              }
            }
          },
          {
            "hash": "9da3d1e8f4dbba06c110c603277dbc6d58f2ba77",
            "messageTitle": "Improve code coverage",
            "messageBody": "",
            "fileTypesAndContributionMap": {
              "test-code": {
                "insertions": 43,
                "deletions": 6
              }
            }
          },
          {
            "hash": "391a2f810fe47817bfbd2407f8e1039808144976",
            "messageTitle": "Modify find predicate tests",
            "messageBody": "",
            "fileTypesAndContributionMap": {
              "functional-code": {
                "insertions": 6,
                "deletions": 6
              }
            }
          }
        ]
      }
    ],
    "claracheong4": [
      {
        "date": "2020-09-22",
        "commitResults": [
          {
            "hash": "a14ed774f61b3b69a58d5fa0b4c5c81fb8887aa4",
            "messageTitle": "Rename addressbook to momentum",
            "messageBody": "Rename address directory to momentum, AddressBook class to ProjectBook, and other related classes\n",
            "fileTypesAndContributionMap": {
              "functional-code": {
                "insertions": 158,
                "deletions": 157
              },
              "other": {
                "insertions": 928,
                "deletions": 927
              },
              "test-code": {
                "insertions": 328,
                "deletions": 328
              }
            }
          },
          {
            "hash": "8fa8e471d3ae799c2e7314c40a9d608d9dc13915",
            "messageTitle": "Update User Guide",
            "messageBody": "",
            "fileTypesAndContributionMap": {
              "docs": {
                "insertions": 93,
                "deletions": 73
              }
            }
          },
          {
            "hash": "63b8fd3aabbedcc20a62b2236bbb0293150b8cab",
            "messageTitle": "Fix whitespace errors",
            "messageBody": "",
            "fileTypesAndContributionMap": {
              "docs": {
                "insertions": 2,
                "deletions": 2
              }
            }
          },
          {
            "hash": "b7a988ce9e2ed57ae06385089076ef32ceb20087",
            "messageTitle": "Update Developer guide",
            "messageBody": "Update user stories, use cases, and glossary\n",
            "fileTypesAndContributionMap": {
              "docs": {
                "insertions": 54,
                "deletions": 46
              }
            }
          }
        ]
      },
      {
        "date": "2020-09-23",
        "commitResults": [
          {
            "hash": "ef45c6a23b2d32ecc2479ea9b0988ced5ea376dd",
            "messageTitle": "Update documentation",
            "messageBody": "Rename address to momentum, and addressBook to projectBook\n",
            "fileTypesAndContributionMap": {
              "docs": {
                "insertions": 46,
                "deletions": 46
              }
            }
          },
          {
            "hash": "72bd1d78abda233a3f53a000c2961e69b0e28736",
            "messageTitle": "Change whitespace formatting for CommandTestUtil",
            "messageBody": "",
            "fileTypesAndContributionMap": {
              "test-code": {
                "insertions": 2,
                "deletions": 2
              }
            }
          },
          {
            "hash": "a829e4fd82b4f2cb1c53f1518249312576cabb45",
            "messageTitle": "Rename ab to projectBook",
            "messageBody": "",
            "fileTypesAndContributionMap": {
              "test-code": {
                "insertions": 5,
                "deletions": 5
              }
            }
          }
        ]
      },
      {
        "date": "2020-09-30",
        "commitResults": [
          {
            "hash": "e6bc537311fe8a2e7d7d6c439aefcdd51ce83ea7",
            "messageTitle": "Update User Guide",
            "messageBody": "Remove duplicated explanation\n",
            "fileTypesAndContributionMap": {
              "docs": {
                "insertions": 0,
                "deletions": 3
              }
            }
          },
          {
            "hash": "c8235ba5c3d2678b7c4d0476adbd6a2fe9a7979b",
            "messageTitle": "Remove Timer from User Guide",
            "messageBody": "",
            "fileTypesAndContributionMap": {
              "docs": {
                "insertions": 0,
                "deletions": 33
              }
            }
          }
        ]
      },
      {
        "date": "2020-10-05",
        "commitResults": [
          {
            "hash": "870157b64a8115e3f76b62e4815bf42b1b43e794",
            "messageTitle": "Add created date to project",
            "messageBody": "Rename Time to DateTime\nRename DurationUtil to DateTimeUtil\n",
            "fileTypesAndContributionMap": {
              "functional-code": {
                "insertions": 364,
                "deletions": 206
              },
              "test-code": {
                "insertions": 213,
                "deletions": 100
              }
            }
          },
          {
            "hash": "f33ad376262fa4b2c1bd72e6a663f712a27c06ba",
            "messageTitle": "Change command word for add command to match user guide",
            "messageBody": "",
            "fileTypesAndContributionMap": {
              "functional-code": {
                "insertions": 1,
                "deletions": 1
              }
            }
          },
          {
            "hash": "bb5d66724534bd4005d27c28b73223e5a1ee8d16",
            "messageTitle": "Add deadline to project",
            "messageBody": "",
            "fileTypesAndContributionMap": {
              "functional-code": {
                "insertions": 400,
                "deletions": 28
              },
              "test-code": {
                "insertions": 426,
                "deletions": 43
              }
            }
          },
          {
            "hash": "9e6c68131f8d426c1684a9fd570a7faff6f09ae3",
            "messageTitle": "Update ParserUtil.java",
            "messageBody": "Enable delete with empty date or time\n",
            "fileTypesAndContributionMap": {
              "functional-code": {
                "insertions": 2,
                "deletions": 2
              }
            }
          },
          {
            "hash": "b49145dd64d5521153236c9df65ea6040195f47d",
            "messageTitle": "Add documentation for created date and deadline",
            "messageBody": "",
            "fileTypesAndContributionMap": {
              "docs": {
                "insertions": 23,
                "deletions": 27
              }
            }
          }
        ]
      },
      {
        "date": "2020-10-08",
        "commitResults": [
          {
            "hash": "dabfa7799d9b55bbdb1be9922c6892f5a59dcba7",
            "messageTitle": "Add an Instance interface",
            "messageBody": "DateTime, Date and Time implements Instance\n",
            "fileTypesAndContributionMap": {
              "functional-code": {
                "insertions": 77,
                "deletions": 47
              },
              "test-code": {
                "insertions": 34,
                "deletions": 34
              }
            }
          },
          {
            "hash": "58f2c8fdc192f56712b667be46a30f584f8ad011",
            "messageTitle": "Update JsonSerializableProjectBookTest.java",
            "messageBody": "",
            "fileTypesAndContributionMap": {
              "test-code": {
                "insertions": 0,
                "deletions": 9
              }
            }
          }
        ]
      },
      {
        "date": "2020-10-19",
        "commitResults": [
          {
            "hash": "65f91abfc0f1fae2b7acfc89b10da4d0320c08b0",
            "messageTitle": "Add check that deadline has to be after or on created date",
            "messageBody": "Add extra tests and an extra method to validate this for deadline class\nModify the created dates in typical projects and related usages\n",
            "fileTypesAndContributionMap": {
              "functional-code": {
                "insertions": 98,
                "deletions": 26
              },
              "test-code": {
                "insertions": 149,
                "deletions": 101
              }
            }
          },
          {
            "hash": "7b150da3dfe4f93df6f2d6f80a1688ef72f1f2cc",
            "messageTitle": "Update User Guide for deadline",
            "messageBody": "",
            "fileTypesAndContributionMap": {
              "docs": {
                "insertions": 7,
                "deletions": 0
              }
            }
          },
          {
            "hash": "634c491138f59cafa62f1827d3be25a4829b11ca",
            "messageTitle": "Update UniqueProjectListTest.java",
            "messageBody": "",
            "fileTypesAndContributionMap": {
              "test-code": {
                "insertions": 1,
                "deletions": 11
              }
            }
          },
          {
            "hash": "3c51bc8710af6e78665b001f520548a343ef20ff",
            "messageTitle": "Update EditCommand.java",
            "messageBody": "Change condition for deadline check\n",
            "fileTypesAndContributionMap": {
              "functional-code": {
                "insertions": 2,
                "deletions": 1
              }
            }
          },
          {
            "hash": "1f0dbfeba489dd1748191fdc14393ae162ee0bfe",
            "messageTitle": "Fix checkstyle issues",
            "messageBody": "",
            "fileTypesAndContributionMap": {
              "functional-code": {
                "insertions": 1,
                "deletions": 1
              }
            }
          }
        ]
      },
      {
        "date": "2020-10-20",
        "commitResults": [
          {
            "hash": "a2811caeb28c0db94f34eb717b0f0eb2cf167aa2",
            "messageTitle": "Update usages related to isBeforeCreatedDate",
            "messageBody": "",
            "fileTypesAndContributionMap": {
              "functional-code": {
                "insertions": 8,
                "deletions": 9
              }
            }
          },
          {
            "hash": "fc07c7e7a2ab4d5312a7abe0c16f2cdf00377376",
            "messageTitle": "Change default min date to LocalDate.EPOCH",
            "messageBody": "",
            "fileTypesAndContributionMap": {
              "functional-code": {
                "insertions": 5,
                "deletions": 5
              }
            }
          }
        ]
      }
    ],
    "kkangs0226": [
      {
        "date": "2020-09-28",
        "commitResults": [
          {
            "hash": "b9b0aceb011c76935378ee9791ea3a210f8ae501",
            "messageTitle": "Add Description field to Project",
            "messageBody": "Description is another field that can be added to Project, which\nhas not been implemented yet.\n\nAdding description would allow users to add more information\nto their projects.\n\nLet\u0027s\n* add Description class to project\n* add DescriptionTest to project\n* make changes to other related files to include Description class\n",
            "fileTypesAndContributionMap": {
              "functional-code": {
                "insertions": 132,
                "deletions": 15
              },
              "test-code": {
                "insertions": 169,
                "deletions": 66
              }
            }
          }
        ]
      },
      {
        "date": "2020-09-29",
        "commitResults": [
          {
            "hash": "a1fd5665a4954245008024f4aecc7c50dcca02eb",
            "messageTitle": "Fix coding standard violations and remove redundant method",
            "messageBody": "getAddCommandDescriptionValue method in the ArgumentMultimap class\ncan be removed by editing the parse method in the AddCommandParser\nclass instead.\n\nRemoving the method and fixing codign standards would make the\ncode cleaner.\n\nLet\u0027s\n* remove redundant method\n* fix coding standard violations\n",
            "fileTypesAndContributionMap": {
              "functional-code": {
                "insertions": 11,
                "deletions": 17
              }
            }
          }
        ]
      },
      {
        "date": "2020-10-01",
        "commitResults": [
          {
            "hash": "8380bb610568c0abd9b84e171b409c6c2a15fc6f",
            "messageTitle": "Update UG and AboutMe",
            "messageBody": "Picture on AboutMe is not appropriate and User Guide has not been\nupdated for Description.\n\nLet\u0027s\n* update User Guide and AboutMe\n",
            "fileTypesAndContributionMap": {
              "docs": {
                "insertions": 9,
                "deletions": 4
              }
            }
          },
          {
            "hash": "e1bf84d6b540a715f2a2fca1aba1fb4150fb7f34",
            "messageTitle": "Add back deleted comment to User Guide",
            "messageBody": "User guide has missing comment becasue it has been accidentally\nremoved.\n\nLet\u0027s add back deleted comment.\n",
            "fileTypesAndContributionMap": {
              "docs": {
                "insertions": 4,
                "deletions": 0
              }
            }
          }
        ]
      },
      {
        "date": "2020-10-14",
        "commitResults": [
          {
            "hash": "0188ca2ec6b1ffa0ef46c72320a7367c22a9a70d",
            "messageTitle": "Add Sort feature",
            "messageBody": "List of projects displayed cannot be sorted in a specified order.\n\nAdding sort feature will make application more user friendly as it\ncan display projects in orders required by users.\n\nLet\u0027s\n* add SortCommand and SortCommandParser\n* add other relevant Comparators for sorting\n* make necessary changes to existing files\n* add tests for SortCommand, SortCommandParser and Comparators\n",
            "fileTypesAndContributionMap": {
              "functional-code": {
                "insertions": 426,
                "deletions": 0
              },
              "test-code": {
                "insertions": 671,
                "deletions": 0
              }
            }
          },
          {
            "hash": "d633164440c943e04b616fe8fbdc23418f6658a8",
            "messageTitle": "Update User Guide",
            "messageBody": "User Guide does not have a section for sort command.\n\nUpdating user guide to include sort instructions would improve\nuser guide.\n\nLet\u0027s update user guide to include sort instructions.\n",
            "fileTypesAndContributionMap": {
              "docs": {
                "insertions": 92,
                "deletions": 1
              }
            }
          },
          {
            "hash": "65c26f94cdadc5227b63523c7934acd2bb5716b7",
            "messageTitle": "Fix accidental change in User Guide",
            "messageBody": "Accidentally removed a character from User Guide.\n\nLet\u0027s fix the change.\n",
            "fileTypesAndContributionMap": {
              "docs": {
                "insertions": 1,
                "deletions": 1
              }
            }
          },
          {
            "hash": "a1f812b12006d3c422578d2a05771e9c954fa0d9",
            "messageTitle": "Implement compareTo methods in model classes and update code to resolve comments",
            "messageBody": "Name, Deadline, Date, DateTime, Time classes can inherit from\nComparable interface to make them comparable.\nSome long methods can be abstracted further and more static\nvariables can be declared to make code more readable.\n\nLet\u0027s\n* implement compareTo methods in these classes\n* update code to make it more readable\n",
            "fileTypesAndContributionMap": {
              "functional-code": {
                "insertions": 187,
                "deletions": 84
              },
              "test-code": {
                "insertions": 102,
                "deletions": 66
              }
            }
          },
          {
            "hash": "3bcbfb9f75f46ed0312b6f8de93541f2c6ea03b1",
            "messageTitle": "Update import order for ProjectBookParserTest",
            "messageBody": "Wrong import order causes checkstyle error.\n\nLet\u0027s update import order.\n",
            "fileTypesAndContributionMap": {
              "test-code": {
                "insertions": 1,
                "deletions": 1
              }
            }
          }
        ]
      },
      {
        "date": "2020-10-15",
        "commitResults": [
          {
            "hash": "f141cbca74bbd764208d8337fb978d77503ff9db",
            "messageTitle": "Update SortCommandParserTest",
            "messageBody": "Test for parsing empty arguments fails on Windows.\n\nLet\u0027s update SortCommandParserTest.\n",
            "fileTypesAndContributionMap": {
              "test-code": {
                "insertions": 1,
                "deletions": 1
              }
            }
          },
          {
            "hash": "1ad2501a11b696ccc51b756e0c93b5f9af7cb3d2",
            "messageTitle": "Second update to SortCommandParserTest",
            "messageBody": "Test for parsing empty arguments fails on Windows.\n\nLet\u0027s update SortCommandParserTest.\n",
            "fileTypesAndContributionMap": {
              "test-code": {
                "insertions": 3,
                "deletions": 1
              }
            }
          },
          {
            "hash": "27371b3e4d7e07d14049ad89e0d9969ede969171",
            "messageTitle": "Add tests for compareTo methods for model classes",
            "messageBody": "compareTo methods have not been tested.\n\nAdd tests to increase test code coverage.\n\nLet\u0027s add tests for compareTo methods.\n",
            "fileTypesAndContributionMap": {
              "test-code": {
                "insertions": 101,
                "deletions": 1
              }
            }
          },
          {
            "hash": "374674379194a2f1ae9c8f093732dec9a14670e7",
            "messageTitle": "Update SortCommandParser",
            "messageBody": "SortCommandParser should throw an exception when there is a non\nempty preamble.\nCurrent SortCommandParser does not throw an exception when there\nis a non empty preamble with only sort type or sort order specified.\n\nLet\u0027s update SortCommandParser.\n",
            "fileTypesAndContributionMap": {
              "functional-code": {
                "insertions": 6,
                "deletions": 4
              },
              "docs": {
                "insertions": 2,
                "deletions": 0
              },
              "test-code": {
                "insertions": 21,
                "deletions": 2
              }
            }
          },
          {
            "hash": "cd3e4eb7b0c7479b29a0ec24a1f6ab88164869fc",
            "messageTitle": "Fix javadoc for SortCommandParserTest",
            "messageBody": "",
            "fileTypesAndContributionMap": {
              "test-code": {
                "insertions": 1,
                "deletions": 1
              }
            }
          }
        ]
      }
    ],
    "khoodehui": [
      {
        "date": "2020-09-30",
        "commitResults": [
          {
            "hash": "b20ba793e03afee84e3bf646e12ec33551cdbbbf",
            "messageTitle": "Update about us and readme",
            "messageBody": "",
            "fileTypesAndContributionMap": {
              "docs": {
                "insertions": 37,
                "deletions": 40
              }
            }
          },
          {
            "hash": "30ba2b60916371a8c24b1ca596d9757b2f9de071",
            "messageTitle": "Correct project name in website index",
            "messageBody": "",
            "fileTypesAndContributionMap": {
              "docs": {
                "insertions": 1,
                "deletions": 1
              }
            }
          },
          {
            "hash": "c1a6da5d7a909bc87584c99114a2fa95a57695ff",
            "messageTitle": "Change content on website index",
            "messageBody": "",
            "fileTypesAndContributionMap": {
              "docs": {
                "insertions": 2,
                "deletions": 1
              }
            }
          }
        ]
      },
      {
        "date": "2020-10-11",
        "commitResults": [
          {
            "hash": "635e9e27a7d3daf4136de1bd3cebaaf2de290a76",
            "messageTitle": "Implement layout of application",
            "messageBody": "",
            "fileTypesAndContributionMap": {
              "functional-code": {
                "insertions": 484,
                "deletions": 132
              }
            }
          },
          {
            "hash": "f83714f0705e5b7ac5446ed6a0b69296db446c12",
            "messageTitle": "Minor adjustment to layout and info",
            "messageBody": "",
            "fileTypesAndContributionMap": {
              "functional-code": {
                "insertions": 26,
                "deletions": 9
              }
            }
          },
          {
            "hash": "31e8f9a47cd9d34af49012c27c663981c86848c4",
            "messageTitle": "Add greeting message",
            "messageBody": "",
            "fileTypesAndContributionMap": {
              "functional-code": {
                "insertions": 2,
                "deletions": 3
              }
            }
          }
        ]
      },
      {
        "date": "2020-10-12",
        "commitResults": [
          {
            "hash": "d83e5b172713864b502042f6befd2b04f4f9ec4d",
            "messageTitle": "Modify methods for better OOP",
            "messageBody": "",
            "fileTypesAndContributionMap": {
              "functional-code": {
                "insertions": 28,
                "deletions": 35
              }
            }
          },
          {
            "hash": "43c8996fab7420ab91f679523af46d3a294d2d89",
            "messageTitle": "Fix bugs",
            "messageBody": "",
            "fileTypesAndContributionMap": {
              "test-code": {
                "insertions": 11,
                "deletions": 1
              }
            }
          }
        ]
      },
      {
        "date": "2020-10-14",
        "commitResults": [
          {
            "hash": "e8de1db7cf58a1cfb4e17825d55db842ce098919",
            "messageTitle": "Style GUI",
            "messageBody": "",
            "fileTypesAndContributionMap": {
              "functional-code": {
                "insertions": 81,
                "deletions": 113
              }
            }
          }
        ]
      }
    ]
  },
  "authorFileTypeContributionMap": {
    "boundtotheearth": {
      "docs": 27,
      "functional-code": 1555,
      "test-code": 1086
    },
    "pr4aveen": {
      "docs": 86,
      "functional-code": 661,
      "test-code": 1112
    },
    "claracheong4": {
      "docs": 167,
      "functional-code": 1406,
      "test-code": 1408,
      "other": 2
    },
    "kkangs0226": {
      "docs": 88,
      "functional-code": 634,
      "test-code": 916
    },
    "khoodehui": {
      "docs": 35,
      "functional-code": 419,
      "test-code": 11
    }
  },
  "authorContributionVariance": {
    "boundtotheearth": 63107.824,
    "pr4aveen": 254357.03,
    "claracheong4": 186623.17,
    "kkangs0226": 40635.45,
    "khoodehui": 6844.2437
  },
  "authorDisplayNameMap": {
    "boundtotheearth": "CS2103T-T10-1 FARR.. HAO",
    "pr4aveen": "CS2103T-T10-1 BALA..VEEN",
    "claracheong4": "CS2103T-T10-1 CHEO..LARA",
    "kkangs0226": "CS2103T-T10-1 KANG.. MIN",
    "khoodehui": "CS2103T-T10-1 KHOO.. HUI"
  }
}
