{
  "authorDailyContributionsMap": {
    "shaokiat": [
      {
        "date": "2020-09-25",
        "commitResults": [
          {
            "hash": "0a503ea6e830b23a706198085c5bb8f9ae7dbdbf",
            "messageTitle": "Add feature details for list and delete",
            "messageBody": "",
            "fileTypesAndContributionMap": {
              "docs": {
                "insertions": 28,
                "deletions": 5
              }
            }
          },
          {
            "hash": "568bd840b26067115cd8f17461936166b5221a22",
            "messageTitle": "Update format of images for feature details",
            "messageBody": "",
            "fileTypesAndContributionMap": {
              "docs": {
                "insertions": 7,
                "deletions": 7
              }
            }
          }
        ]
      },
      {
        "date": "2020-10-01",
        "commitResults": [
          {
            "hash": "0c41c331b2a9476e6f449922ccbf9baae2d94539",
            "messageTitle": "Test branch-refractor-model",
            "messageBody": "",
            "fileTypesAndContributionMap": {
              "functional-code": {
                "insertions": 1,
                "deletions": 0
              }
            }
          }
        ]
      },
      {
        "date": "2020-10-02",
        "commitResults": [
          {
            "hash": "e32b8bc6b68c1e9a2b07d82032494743705fe101",
            "messageTitle": "Refractor AddressBook class into GradPad class and its respective test classes.",
            "messageBody": "",
            "fileTypesAndContributionMap": {
              "functional-code": {
                "insertions": 138,
                "deletions": 138
              },
              "test-code": {
                "insertions": 115,
                "deletions": 107
              }
            }
          },
          {
            "hash": "1bf0266225546d721468a7dd78c6fea35ed8b413",
            "messageTitle": "Refactor Model from AddresBook to GradPad",
            "messageBody": "",
            "fileTypesAndContributionMap": {
              "functional-code": {
                "insertions": 52,
                "deletions": 52
              },
              "test-code": {
                "insertions": 60,
                "deletions": 60
              }
            }
          },
          {
            "hash": "12a14690af22deeaf54499fa698c8045de984a22",
            "messageTitle": "Refactor AddressBookBuilder to GradPadBuilder Refactor ModelManager and ModelManagerTest from AddressBook to Gradpad and ModelManagerTest",
            "messageBody": "",
            "fileTypesAndContributionMap": {
              "functional-code": {
                "insertions": 52,
                "deletions": 52
              },
              "test-code": {
                "insertions": 75,
                "deletions": 76
              }
            }
          }
        ]
      },
      {
        "date": "2020-10-03",
        "commitResults": [
          {
            "hash": "3699ef60693cd62d4f9c9ac70cb3b9af64566cb5",
            "messageTitle": "Change test cases for GradPadTest, ModelManagerTest from ALICE to CS2103T and pass all test cases",
            "messageBody": "",
            "fileTypesAndContributionMap": {
              "functional-code": {
                "insertions": 4,
                "deletions": 4
              },
              "test-code": {
                "insertions": 29,
                "deletions": 26
              }
            }
          },
          {
            "hash": "ad525048dd383f3acc3aadcfc8f522e60fc98c50",
            "messageTitle": "Resolve comments given by team mate",
            "messageBody": "",
            "fileTypesAndContributionMap": {
              "functional-code": {
                "insertions": 3,
                "deletions": 3
              },
              "test-code": {
                "insertions": 4,
                "deletions": 4
              }
            }
          },
          {
            "hash": "0c18b2c86c62e6270176a911d398b486fbdf7f68",
            "messageTitle": "Resolve comments by Siaw Sam with regards to GradPadTest and ModelManagerTest.",
            "messageBody": "",
            "fileTypesAndContributionMap": {
              "test-code": {
                "insertions": 5,
                "deletions": 6
              }
            }
          }
        ]
      },
      {
        "date": "2020-10-04",
        "commitResults": [
          {
            "hash": "2e79390763253761a193d6b71b550a5c44c2d8fc",
            "messageTitle": "Refactor AddressBook to GradPad, ReadOnlyAddressBook to ReadOnlyGradPad in logic, model and storage",
            "messageBody": "",
            "fileTypesAndContributionMap": {
              "functional-code": {
                "insertions": 61,
                "deletions": 63
              },
              "other": {
                "insertions": 19,
                "deletions": 19
              },
              "test-code": {
                "insertions": 21,
                "deletions": 21
              }
            }
          }
        ]
      }
    ],
    "silvernitro": [
      {
        "date": "2020-09-14",
        "commitResults": [
          {
            "hash": "e253fd29e982f1c877fbe28200434316d389b1da",
            "messageTitle": "Update README.md",
            "messageBody": "To create initial PR",
            "fileTypesAndContributionMap": {
              "docs": {
                "insertions": 1,
                "deletions": 1
              }
            }
          }
        ]
      },
      {
        "date": "2020-09-23",
        "commitResults": [
          {
            "hash": "d447ebbf4bbfe5d9fc8997a7359b63b4f99f92b8",
            "messageTitle": "Update AboutUs.md",
            "messageBody": "",
            "fileTypesAndContributionMap": {
              "docs": {
                "insertions": 2,
                "deletions": 1
              }
            }
          }
        ]
      },
      {
        "date": "2020-09-24",
        "commitResults": [
          {
            "hash": "19f62dbc3a6ab50b75e604acc5a1190344c65971",
            "messageTitle": "Update build status badge",
            "messageBody": "",
            "fileTypesAndContributionMap": {
              "docs": {
                "insertions": 1,
                "deletions": 1
              }
            }
          },
          {
            "hash": "015cd985843a0d50467bbf2185148dd99aaa45b1",
            "messageTitle": "Update project README.md",
            "messageBody": "",
            "fileTypesAndContributionMap": {
              "docs": {
                "insertions": 54,
                "deletions": 10
              }
            }
          },
          {
            "hash": "4a72d282190fd0e89dc9f1155d326c70d7fd7272",
            "messageTitle": "Fix README markdown headers",
            "messageBody": "",
            "fileTypesAndContributionMap": {
              "docs": {
                "insertions": 15,
                "deletions": 15
              }
            }
          }
        ]
      },
      {
        "date": "2020-09-25",
        "commitResults": [
          {
            "hash": "0c58e509583ae1ff83866e9f8f0ccc42470050c9",
            "messageTitle": "Update feature list in UG",
            "messageBody": "",
            "fileTypesAndContributionMap": {
              "docs": {
                "insertions": 40,
                "deletions": 9
              }
            }
          },
          {
            "hash": "8349117f6d01bd4bf9787a7e99af0b3c47be8cbf",
            "messageTitle": "Add command summary to UG",
            "messageBody": "",
            "fileTypesAndContributionMap": {
              "docs": {
                "insertions": 5,
                "deletions": 5
              }
            }
          },
          {
            "hash": "5b151534aca0147580c0632f019ea04a9f6805a6",
            "messageTitle": "Fix minor nits in UG after preview check",
            "messageBody": "",
            "fileTypesAndContributionMap": {
              "docs": {
                "insertions": 2,
                "deletions": 2
              }
            }
          }
        ]
      },
      {
        "date": "2020-09-27",
        "commitResults": [
          {
            "hash": "c66c293b50e5c3dad1bcbbe7eb62c2d3ec706b14",
            "messageTitle": "Update index.md",
            "messageBody": "",
            "fileTypesAndContributionMap": {
              "docs": {
                "insertions": 6,
                "deletions": 6
              }
            }
          }
        ]
      },
      {
        "date": "2020-09-28",
        "commitResults": [
          {
            "hash": "a9212b1b55cee8bf7f4f240e8d9e6234b80d7523",
            "messageTitle": "Refactor Person.Phone class to ModularCredits class",
            "messageBody": "",
            "fileTypesAndContributionMap": {
              "functional-code": {
                "insertions": 51,
                "deletions": 0
              }
            }
          },
          {
            "hash": "83f27aa0e909b7b2e090e4a5849ae1dd3e0abdc0",
            "messageTitle": "Add tests for ModularCredits class",
            "messageBody": "",
            "fileTypesAndContributionMap": {
              "test-code": {
                "insertions": 39,
                "deletions": 0
              }
            }
          },
          {
            "hash": "04c84ebae324e0aa3d59dc7ef36994860edeb653",
            "messageTitle": "Refactor Person.Name class to ModuleCode class, including new regex validation",
            "messageBody": "",
            "fileTypesAndContributionMap": {
              "functional-code": {
                "insertions": 60,
                "deletions": 0
              }
            }
          },
          {
            "hash": "04cfe5888a58e10a2a2b1021763f5c088f7441f8",
            "messageTitle": "Add tests for ModuleCode class",
            "messageBody": "",
            "fileTypesAndContributionMap": {
              "test-code": {
                "insertions": 45,
                "deletions": 40
              }
            }
          }
        ]
      },
      {
        "date": "2020-09-29",
        "commitResults": [
          {
            "hash": "c3c6de53e035a18f1d39765d72ed208d9e783cca",
            "messageTitle": "Refactor Person class to Module class",
            "messageBody": "",
            "fileTypesAndContributionMap": {
              "functional-code": {
                "insertions": 102,
                "deletions": 0
              }
            }
          },
          {
            "hash": "c601fed92633075a762ece136077c4d83db4a355",
            "messageTitle": "Refactor TypicalPersons class to TypicalModules",
            "messageBody": "",
            "fileTypesAndContributionMap": {
              "test-code": {
                "insertions": 69,
                "deletions": 76
              }
            }
          },
          {
            "hash": "0ec097105bcb928b1857f2952f041063e0fabe51",
            "messageTitle": "Add Module field templates to CommandTestUtil class",
            "messageBody": "",
            "fileTypesAndContributionMap": {
              "test-code": {
                "insertions": 4,
                "deletions": 0
              }
            }
          },
          {
            "hash": "f3f1941b72f83daedc835673e370fd10e1b6da3f",
            "messageTitle": "Refactor SampleDataUtil class to generate sample Modules instead of Persons",
            "messageBody": "",
            "fileTypesAndContributionMap": {
              "functional-code": {
                "insertions": 19,
                "deletions": 27
              }
            }
          },
          {
            "hash": "4180f6ba706c48e5f6b48c49fbbf0db66a93682a",
            "messageTitle": "Refactor PersonBuilder class to ModuleBuilder",
            "messageBody": "",
            "fileTypesAndContributionMap": {
              "test-code": {
                "insertions": 70,
                "deletions": 0
              }
            }
          },
          {
            "hash": "fd3529c3f12e110b345d209fe7a371c28b37885b",
            "messageTitle": "Add tests for new Module class",
            "messageBody": "",
            "fileTypesAndContributionMap": {
              "test-code": {
                "insertions": 80,
                "deletions": 0
              }
            }
          },
          {
            "hash": "0621872748e2cfe382776bc1cf1af0c7a3dcbb47",
            "messageTitle": "Refactor UniquePersonList class to UniqueModuleList",
            "messageBody": "",
            "fileTypesAndContributionMap": {
              "functional-code": {
                "insertions": 136,
                "deletions": 0
              }
            }
          },
          {
            "hash": "077f20a4245cba018d1f53cceac55709862a3f9c",
            "messageTitle": "Refactor DuplicatePersonException to DuplicateModuleException",
            "messageBody": "",
            "fileTypesAndContributionMap": {
              "functional-code": {
                "insertions": 11,
                "deletions": 11
              }
            }
          },
          {
            "hash": "e59d9de927046246432591a77a3862dec4fcf3cd",
            "messageTitle": "Refactor PersonNotFoundException class to ModuleNotFoundException",
            "messageBody": "",
            "fileTypesAndContributionMap": {
              "functional-code": {
                "insertions": 6,
                "deletions": 6
              }
            }
          },
          {
            "hash": "9c5b1111f05dd746be015826de42542b95dcdf57",
            "messageTitle": "Add tests for UniqueModuleList",
            "messageBody": "",
            "fileTypesAndContributionMap": {
              "test-code": {
                "insertions": 168,
                "deletions": 170
              }
            }
          },
          {
            "hash": "b96c1ef9373ee23c6a4d216913f9b5f9e2779bd9",
            "messageTitle": "Refactor NameContainsKeywordsPredicate class to ModuleCodeContainsKeywordsPredicate",
            "messageBody": "",
            "fileTypesAndContributionMap": {
              "functional-code": {
                "insertions": 31,
                "deletions": 0
              }
            }
          },
          {
            "hash": "16e8af358f66b76de514cd689e2ba11c48dbce95",
            "messageTitle": "Add tests for ModuleCodeContainsKeywordsPredicateTest",
            "messageBody": "",
            "fileTypesAndContributionMap": {
              "test-code": {
                "insertions": 72,
                "deletions": 75
              }
            }
          },
          {
            "hash": "a8c70a633a9500ba7e7f80728d8e191b50fa0ba4",
            "messageTitle": "Code cleanup: delete all unused Person related field classes, their tests, and deprecated test utils",
            "messageBody": "",
            "fileTypesAndContributionMap": {
              "functional-code": {
                "insertions": 0,
                "deletions": 524
              },
              "test-code": {
                "insertions": 0,
                "deletions": 328
              }
            }
          }
        ]
      }
    ],
    "mhdsyfq": [
      {
        "date": "2020-09-26",
        "commitResults": [
          {
            "hash": "ca46d5dbb13abd6396b3d3524e8b75f5e24755b3",
            "messageTitle": "add Help \u0026 Add feature details and edit Delete feature\u0027s format",
            "messageBody": "",
            "fileTypesAndContributionMap": {
              "docs": {
                "insertions": 25,
                "deletions": 1
              }
            }
          },
          {
            "hash": "d35168225f3e56d5736d4a525193f27e40ccf54b",
            "messageTitle": "add Non-Functional Requirements \u0026 Glossary",
            "messageBody": "",
            "fileTypesAndContributionMap": {
              "docs": {
                "insertions": 13,
                "deletions": 3
              }
            }
          }
        ]
      },
      {
        "date": "2020-10-10",
        "commitResults": [
          {
            "hash": "8216771334738ee3522e3bd410066f3375eca911",
            "messageTitle": "changed file paths from addressbook.json to gradpad.json",
            "messageBody": "",
            "fileTypesAndContributionMap": {
              "test-code": {
                "insertions": 1,
                "deletions": 1
              }
            }
          },
          {
            "hash": "43f621d990541ca29ec6fbfe335a62df071d0b41",
            "messageTitle": "changed jar file name",
            "messageBody": "",
            "fileTypesAndContributionMap": {
              "other": {
                "insertions": 1,
                "deletions": 1
              }
            }
          },
          {
            "hash": "a5bd7f21498272a4a2ca241976b4295dc70f5437",
            "messageTitle": "renamed fxml files and changed label/listview IDs",
            "messageBody": "",
            "fileTypesAndContributionMap": {
              "other": {
                "insertions": 3,
                "deletions": 5
              }
            }
          },
          {
            "hash": "68e89cbbf3d47a672edce250b0b969a23b0ce11a",
            "messageTitle": "change names, standardize names and resolve checkstyle issues",
            "messageBody": "",
            "fileTypesAndContributionMap": {
              "functional-code": {
                "insertions": 69,
                "deletions": 60
              },
              "test-code": {
                "insertions": 14,
                "deletions": 14
              }
            }
          },
          {
            "hash": "53cf300eda3a01da95d5dd7b250f7147ff7920c0",
            "messageTitle": "change url to GradPad\u0027s user guide URL",
            "messageBody": "",
            "fileTypesAndContributionMap": {
              "functional-code": {
                "insertions": 1,
                "deletions": 1
              }
            }
          },
          {
            "hash": "0df317e24ffdaabf338c10d8d48fbfd18a76c40b",
            "messageTitle": "resolve checkstyle issues for test files",
            "messageBody": "",
            "fileTypesAndContributionMap": {
              "test-code": {
                "insertions": 50,
                "deletions": 43
              }
            }
          }
        ]
      }
    ],
    "yan-soon": [
      {
        "date": "2020-09-23",
        "commitResults": [
          {
            "hash": "15761380031145d4c67e178391271888e1408578",
            "messageTitle": "add AboutUs Page",
            "messageBody": "",
            "fileTypesAndContributionMap": {
              "docs": {
                "insertions": 23,
                "deletions": 33
              }
            }
          }
        ]
      },
      {
        "date": "2020-09-25",
        "commitResults": [
          {
            "hash": "51e94cc7fb4fb5a61b11d868f08473367265b48f",
            "messageTitle": "add partial user guide",
            "messageBody": "",
            "fileTypesAndContributionMap": {
              "docs": {
                "insertions": 17,
                "deletions": 78
              }
            }
          },
          {
            "hash": "9a3f2a7d45db92478d0eadac09b02633cff83be4",
            "messageTitle": "add partial devguide",
            "messageBody": "",
            "fileTypesAndContributionMap": {
              "docs": {
                "insertions": 70,
                "deletions": 19
              }
            }
          }
        ]
      },
      {
        "date": "2020-09-26",
        "commitResults": [
          {
            "hash": "f233b0a6c469fe7ea8bac8600d00d5cbdd4455a7",
            "messageTitle": "edit add module use case",
            "messageBody": "",
            "fileTypesAndContributionMap": {
              "docs": {
                "insertions": 0,
                "deletions": 4
              }
            }
          }
        ]
      },
      {
        "date": "2020-10-05",
        "commitResults": [
          {
            "hash": "6ec72206652669660823652b3123864e2c6ba0dd",
            "messageTitle": "Refactor Command and Parser Packages",
            "messageBody": "",
            "fileTypesAndContributionMap": {
              "functional-code": {
                "insertions": 178,
                "deletions": 288
              }
            }
          },
          {
            "hash": "d380d6485ba523a5cbd0f5e15cd58a3aba088748",
            "messageTitle": "refactor command and parser test classes",
            "messageBody": "",
            "fileTypesAndContributionMap": {
              "functional-code": {
                "insertions": 1,
                "deletions": 1
              },
              "other": {
                "insertions": 7,
                "deletions": 8
              },
              "test-code": {
                "insertions": 398,
                "deletions": 493
              }
            }
          },
          {
            "hash": "866fe560a4acbb2d6314a385eae61ae22ec6066c",
            "messageTitle": "fix testing bugs for commands and parser packages",
            "messageBody": "",
            "fileTypesAndContributionMap": {
              "functional-code": {
                "insertions": 9,
                "deletions": 9
              },
              "other": {
                "insertions": 27,
                "deletions": 33
              },
              "test-code": {
                "insertions": 246,
                "deletions": 388
              }
            }
          }
        ]
      },
      {
        "date": "2020-10-06",
        "commitResults": [
          {
            "hash": "266b45775e3a2c404d2c54d936ebc6c74da2b1be",
            "messageTitle": "refactored storage and add tests",
            "messageBody": "",
            "fileTypesAndContributionMap": {
              "functional-code": {
                "insertions": 54,
                "deletions": 54
              },
              "other": {
                "insertions": 27,
                "deletions": 27
              },
              "test-code": {
                "insertions": 62,
                "deletions": 62
              }
            }
          },
          {
            "hash": "b73c7ecd3bb78c8dba73b1afa28ff789d9c359f8",
            "messageTitle": "fix spelling errors",
            "messageBody": "",
            "fileTypesAndContributionMap": {
              "other": {
                "insertions": 1,
                "deletions": 1
              }
            }
          }
        ]
      },
      {
        "date": "2020-10-07",
        "commitResults": [
          {
            "hash": "de4288cc0c174241a528a81df48c407d8a6eb472",
            "messageTitle": "fix spelling error and bugs according to PR comments",
            "messageBody": "",
            "fileTypesAndContributionMap": {
              "functional-code": {
                "insertions": 25,
                "deletions": 26
              },
              "other": {
                "insertions": 5,
                "deletions": 6
              },
              "test-code": {
                "insertions": 25,
                "deletions": 25
              }
            }
          }
        ]
      }
    ]
  },
  "authorFileTypeContributionMap": {
    "shaokiat": {
      "docs": 15,
      "functional-code": 257,
      "test-code": 246
    },
    "silvernitro": {
      "docs": 104,
      "functional-code": 401,
      "test-code": 511
    },
    "mhdsyfq": {
      "docs": 28,
      "functional-code": 68,
      "test-code": 59,
      "other": 1
    },
    "yan-soon": {
      "docs": 97,
      "functional-code": 286,
      "test-code": 653
    }
  },
  "authorContributionVariance": {
    "shaokiat": 16830.934,
    "silvernitro": 67410.555,
    "mhdsyfq": 1204.2344,
    "yan-soon": 75093.0
  },
  "authorDisplayNameMap": {
    "shaokiat": "CS2103T-T09-1 LIM ..KIAT",
    "silvernitro": "CS2103T-T09-1 LAU .. SAM",
    "mhdsyfq": "CS2103T-T09-1 MUHA..ABAS",
    "yan-soon": "CS2103T-T09-1 SOON.. YAN"
  }
}
