{
  "authorDailyContributionsMap": {
    "TianYong-Goh": [
      {
        "date": "2020-09-22",
        "commitResults": [
          {
            "hash": "7094a26d33d9aaca5f3539d3c80c6debfe5a3afa",
            "messageTitle": "Update userguide",
            "messageBody": "",
            "fileTypesAndContributionMap": {
              "docs": {
                "insertions": 98,
                "deletions": 85
              }
            }
          },
          {
            "hash": "eef5fa3b658db3af16a969e4ab99f87130dd2396",
            "messageTitle": "Update AboutUs",
            "messageBody": "",
            "fileTypesAndContributionMap": {
              "docs": {
                "insertions": 4,
                "deletions": 5
              }
            }
          }
        ]
      },
      {
        "date": "2020-09-24",
        "commitResults": [
          {
            "hash": "abe3221a3566747c0e08dce386efcdd30d07a233",
            "messageTitle": "Change find Command to searchR Command",
            "messageBody": "",
            "fileTypesAndContributionMap": {
              "functional-code": {
                "insertions": 24,
                "deletions": 4
              },
              "test-code": {
                "insertions": 3,
                "deletions": 2
              }
            }
          },
          {
            "hash": "2288857b19c5e6c10631bb66cdfb646dc1b77dad",
            "messageTitle": "Refactor Name and Update UserGuide",
            "messageBody": "",
            "fileTypesAndContributionMap": {
              "functional-code": {
                "insertions": 3,
                "deletions": 3
              },
              "other": {
                "insertions": 24,
                "deletions": 24
              },
              "docs": {
                "insertions": 10,
                "deletions": 6
              },
              "test-code": {
                "insertions": 5,
                "deletions": 5
              }
            }
          },
          {
            "hash": "fa9c47aed0b4e3e4bf9c53ab2a8aec50691336d7",
            "messageTitle": "Update Checkstyle",
            "messageBody": "",
            "fileTypesAndContributionMap": {
              "functional-code": {
                "insertions": 1,
                "deletions": 1
              },
              "test-code": {
                "insertions": 3,
                "deletions": 2
              }
            }
          },
          {
            "hash": "cf48a009bedbccb0826078d70e1155ec5d006608",
            "messageTitle": "Resolve wishfulShrinkingParserTest",
            "messageBody": "",
            "fileTypesAndContributionMap": {
              "test-code": {
                "insertions": 2,
                "deletions": 1
              }
            }
          },
          {
            "hash": "97063c7e79df76a4a590cbb293d02c7d81f602bd",
            "messageTitle": "Resolve Checkstyle",
            "messageBody": "",
            "fileTypesAndContributionMap": {
              "test-code": {
                "insertions": 2,
                "deletions": 1
              }
            }
          }
        ]
      },
      {
        "date": "2020-09-25",
        "commitResults": [
          {
            "hash": "65e9ee84d51e0b725e7efc2700078431327e23f6",
            "messageTitle": "Change SearchR Conditions",
            "messageBody": "",
            "fileTypesAndContributionMap": {
              "functional-code": {
                "insertions": 1,
                "deletions": 6
              },
              "docs": {
                "insertions": 0,
                "deletions": 2
              },
              "test-code": {
                "insertions": 1,
                "deletions": 2
              }
            }
          }
        ]
      },
      {
        "date": "2020-09-28",
        "commitResults": [
          {
            "hash": "70a1044ba6b17929cd8dd81583df13efcd31c7b3",
            "messageTitle": "Add Eat Recipe Command",
            "messageBody": "",
            "fileTypesAndContributionMap": {
              "functional-code": {
                "insertions": 334,
                "deletions": 2
              },
              "test-code": {
                "insertions": 293,
                "deletions": 4
              }
            }
          },
          {
            "hash": "dde17b59ae0677d55cdc80bb41a61cf3b7477258",
            "messageTitle": "Update UserGuide",
            "messageBody": "",
            "fileTypesAndContributionMap": {
              "docs": {
                "insertions": 15,
                "deletions": 1
              }
            }
          }
        ]
      },
      {
        "date": "2020-09-29",
        "commitResults": [
          {
            "hash": "0b9db23ecad81a9f1be5fbed76979a366aa4c790",
            "messageTitle": "Change addressBook to wishfulShrinking",
            "messageBody": "",
            "fileTypesAndContributionMap": {
              "functional-code": {
                "insertions": 113,
                "deletions": 110
              },
              "other": {
                "insertions": 1,
                "deletions": 1
              },
              "docs": {
                "insertions": 1,
                "deletions": 1
              },
              "test-code": {
                "insertions": 51,
                "deletions": 51
              }
            }
          }
        ]
      },
      {
        "date": "2020-10-05",
        "commitResults": [
          {
            "hash": "efaca81d3d8d53275ff4a2b0d7e4d5946efbc576",
            "messageTitle": "Add Calories field to Recipe",
            "messageBody": "",
            "fileTypesAndContributionMap": {
              "functional-code": {
                "insertions": 133,
                "deletions": 34
              },
              "test-code": {
                "insertions": 103,
                "deletions": 57
              }
            }
          },
          {
            "hash": "96c6a374297801c7e9fb16c7271f9bd9cfb22ec4",
            "messageTitle": "Add withCalories",
            "messageBody": "",
            "fileTypesAndContributionMap": {
              "test-code": {
                "insertions": 10,
                "deletions": 5
              }
            }
          },
          {
            "hash": "8993588c2999b335a09299fb71ec13cd16c0381b",
            "messageTitle": "Update checkstyle",
            "messageBody": "",
            "fileTypesAndContributionMap": {
              "test-code": {
                "insertions": 1,
                "deletions": 0
              }
            }
          }
        ]
      }
    ],
    "daongochieu2810": [
      {
        "date": "2020-09-12",
        "commitResults": [
          {
            "hash": "d7f7eb9255d19e7279d31767115d5de0b853246e",
            "messageTitle": "Update README.md",
            "messageBody": "",
            "fileTypesAndContributionMap": {
              "docs": {
                "insertions": 1,
                "deletions": 1
              }
            }
          }
        ]
      },
      {
        "date": "2020-09-13",
        "commitResults": [
          {
            "hash": "da51501a44f5305a50e3b7d9e6ba256be04f357e",
            "messageTitle": "Add recipe command",
            "messageBody": "",
            "fileTypesAndContributionMap": {
              "functional-code": {
                "insertions": 368,
                "deletions": 274
              },
              "other": {
                "insertions": 63,
                "deletions": 63
              },
              "docs": {
                "insertions": 65,
                "deletions": 65
              },
              "test-code": {
                "insertions": 163,
                "deletions": 169
              }
            }
          }
        ]
      },
      {
        "date": "2020-09-19",
        "commitResults": [
          {
            "hash": "0830f21c2c5cc714492e8015fa9aaafe3fa55016",
            "messageTitle": "Recover code",
            "messageBody": "",
            "fileTypesAndContributionMap": {
              "functional-code": {
                "insertions": 274,
                "deletions": 368
              },
              "other": {
                "insertions": 63,
                "deletions": 63
              },
              "docs": {
                "insertions": 65,
                "deletions": 65
              },
              "test-code": {
                "insertions": 169,
                "deletions": 163
              }
            }
          },
          {
            "hash": "798e48c9d2e5fa639ce01b1c9209d4b0b8b48bc4",
            "messageTitle": "Updates for v1.1",
            "messageBody": "",
            "fileTypesAndContributionMap": {
              "docs": {
                "insertions": 12,
                "deletions": 11
              }
            }
          }
        ]
      },
      {
        "date": "2020-09-23",
        "commitResults": [
          {
            "hash": "19f79acf79885ff3399cb5cb2323cb544dc77d24",
            "messageTitle": "Refactor Person -\u003e Recipe",
            "messageBody": "",
            "fileTypesAndContributionMap": {
              "functional-code": {
                "insertions": 771,
                "deletions": 771
              },
              "other": {
                "insertions": 211,
                "deletions": 211
              },
              "docs": {
                "insertions": 151,
                "deletions": 151
              },
              "test-code": {
                "insertions": 989,
                "deletions": 989
              }
            }
          },
          {
            "hash": "0c298af6bd4e3b6d2e3d8f79f5996ca82a249838",
            "messageTitle": "Mass refactoring and AddRecipeCommand",
            "messageBody": "",
            "fileTypesAndContributionMap": {
              "functional-code": {
                "insertions": 173,
                "deletions": 262
              },
              "other": {
                "insertions": 85,
                "deletions": 84
              },
              "docs": {
                "insertions": 4,
                "deletions": 4
              },
              "test-code": {
                "insertions": 167,
                "deletions": 215
              }
            }
          },
          {
            "hash": "6d767e403802de38277d8014be58d4f964db9a24",
            "messageTitle": "Minor fixes",
            "messageBody": "",
            "fileTypesAndContributionMap": {
              "functional-code": {
                "insertions": 3,
                "deletions": 0
              },
              "test-code": {
                "insertions": 202,
                "deletions": 256
              }
            }
          }
        ]
      },
      {
        "date": "2020-09-24",
        "commitResults": [
          {
            "hash": "01743759885b425aa23e6e42028991e857617e80",
            "messageTitle": "Fix checkStyle errors",
            "messageBody": "",
            "fileTypesAndContributionMap": {
              "functional-code": {
                "insertions": 77,
                "deletions": 60
              },
              "test-code": {
                "insertions": 197,
                "deletions": 164
              }
            }
          }
        ]
      },
      {
        "date": "2020-09-25",
        "commitResults": [
          {
            "hash": "596c6f9ea420289cfaf4d82d23d58a09dea26b3c",
            "messageTitle": "Fix ingredient regex",
            "messageBody": "",
            "fileTypesAndContributionMap": {
              "functional-code": {
                "insertions": 1,
                "deletions": 1
              }
            }
          },
          {
            "hash": "1c5b059650415f0d15d7980774d11e0534a10dcc",
            "messageTitle": "Fix IngredientString validation",
            "messageBody": "",
            "fileTypesAndContributionMap": {
              "functional-code": {
                "insertions": 1,
                "deletions": 0
              },
              "test-code": {
                "insertions": 1,
                "deletions": 2
              }
            }
          }
        ]
      },
      {
        "date": "2020-09-28",
        "commitResults": [
          {
            "hash": "77228dc66d3503d05da5947779a5f36a1614a3db",
            "messageTitle": "Update help command",
            "messageBody": "",
            "fileTypesAndContributionMap": {
              "functional-code": {
                "insertions": 1,
                "deletions": 1
              }
            }
          }
        ]
      },
      {
        "date": "2020-10-03",
        "commitResults": [
          {
            "hash": "07b86b9dbdf04295a587c46465ccd29c543d7b76",
            "messageTitle": "Update UI",
            "messageBody": "",
            "fileTypesAndContributionMap": {
              "functional-code": {
                "insertions": 213,
                "deletions": 17
              },
              "test-code": {
                "insertions": 1,
                "deletions": 1
              }
            }
          },
          {
            "hash": "164b885d2850b2d4c7955b8867f7e61d02df318f",
            "messageTitle": "Update UI",
            "messageBody": "",
            "fileTypesAndContributionMap": {
              "functional-code": {
                "insertions": 0,
                "deletions": 183
              }
            }
          }
        ]
      },
      {
        "date": "2020-10-04",
        "commitResults": [
          {
            "hash": "7c429535c0654ff51e427d8adb1cfcf6ce4afad2",
            "messageTitle": "Change ingredient string to ingredients array list",
            "messageBody": "",
            "fileTypesAndContributionMap": {
              "functional-code": {
                "insertions": 34,
                "deletions": 69
              },
              "test-code": {
                "insertions": 10,
                "deletions": 6
              }
            }
          },
          {
            "hash": "f8cbb823d50173278221b3bde59c8e0003ea9f94",
            "messageTitle": "Fix tests",
            "messageBody": "",
            "fileTypesAndContributionMap": {
              "functional-code": {
                "insertions": 19,
                "deletions": 9
              },
              "test-code": {
                "insertions": 38,
                "deletions": 52
              }
            }
          },
          {
            "hash": "a05427d43c6bae2af87f48e0220163c1031b287b",
            "messageTitle": "Fix CI",
            "messageBody": "",
            "fileTypesAndContributionMap": {
              "functional-code": {
                "insertions": 7,
                "deletions": 7
              },
              "test-code": {
                "insertions": 2,
                "deletions": 6
              }
            }
          }
        ]
      },
      {
        "date": "2020-10-05",
        "commitResults": [
          {
            "hash": "d3cc3aef6c71ab4023c17f1f419838216e0b4834",
            "messageTitle": "Remove IngredientString class",
            "messageBody": "",
            "fileTypesAndContributionMap": {
              "functional-code": {
                "insertions": 34,
                "deletions": 79
              },
              "test-code": {
                "insertions": 23,
                "deletions": 21
              }
            }
          },
          {
            "hash": "e3f1991b99645bd61278ea55427505d2643293cb",
            "messageTitle": "Fix CI",
            "messageBody": "",
            "fileTypesAndContributionMap": {
              "test-code": {
                "insertions": 0,
                "deletions": 2
              }
            }
          }
        ]
      }
    ],
    "jiaqi20": [
      {
        "date": "2020-09-22",
        "commitResults": [
          {
            "hash": "e48665cdf878c0fc88bcb1e61e1db26e81c18591",
            "messageTitle": "Update AboutMe and DG",
            "messageBody": "",
            "fileTypesAndContributionMap": {
              "docs": {
                "insertions": 9,
                "deletions": 6
              }
            }
          },
          {
            "hash": "a9bd2c1b258b7ae598d8798b1b800d4cbb1522ec",
            "messageTitle": "Update DG",
            "messageBody": "",
            "fileTypesAndContributionMap": {
              "docs": {
                "insertions": 4,
                "deletions": 5
              }
            }
          }
        ]
      },
      {
        "date": "2020-09-23",
        "commitResults": [
          {
            "hash": "6ac162d527bc85cf871dc709e5ce734517297ec1",
            "messageTitle": "Update DeveloperGuide",
            "messageBody": "",
            "fileTypesAndContributionMap": {
              "docs": {
                "insertions": 2,
                "deletions": 2
              }
            }
          }
        ]
      },
      {
        "date": "2020-09-26",
        "commitResults": [
          {
            "hash": "d119018e763ff057fdba26aad67c9b49d03841e0",
            "messageTitle": "Initial commit",
            "messageBody": "",
            "fileTypesAndContributionMap": {
              "functional-code": {
                "insertions": 5,
                "deletions": 4
              },
              "other": {
                "insertions": 30,
                "deletions": 30
              },
              "test-code": {
                "insertions": 4,
                "deletions": 4
              }
            }
          },
          {
            "hash": "0c86f99067e9532f8444681bf88b5387fa71958b",
            "messageTitle": "Update AboutUs",
            "messageBody": "",
            "fileTypesAndContributionMap": {
              "docs": {
                "insertions": 3,
                "deletions": 3
              }
            }
          },
          {
            "hash": "9a5366210ae50dd9613954ac593d6b50521f7ee3",
            "messageTitle": "Add DeleteRecipeCommand",
            "messageBody": "",
            "fileTypesAndContributionMap": {
              "functional-code": {
                "insertions": 14,
                "deletions": 12
              },
              "test-code": {
                "insertions": 3,
                "deletions": 2
              }
            }
          },
          {
            "hash": "7f013940e2b397868e2bd4c30dd5703d4f0b95cd",
            "messageTitle": "Add ListRecipesCommand",
            "messageBody": "",
            "fileTypesAndContributionMap": {
              "functional-code": {
                "insertions": 4,
                "deletions": 4
              },
              "other": {
                "insertions": 27,
                "deletions": 6
              },
              "test-code": {
                "insertions": 10,
                "deletions": 8
              }
            }
          }
        ]
      },
      {
        "date": "2020-09-27",
        "commitResults": [
          {
            "hash": "76a8f1aa49320aa2b59001180fbffacdb33c18a3",
            "messageTitle": "Update DeleteRecipeCommand",
            "messageBody": "",
            "fileTypesAndContributionMap": {
              "functional-code": {
                "insertions": 5,
                "deletions": 9
              },
              "test-code": {
                "insertions": 5,
                "deletions": 4
              }
            }
          }
        ]
      },
      {
        "date": "2020-10-08",
        "commitResults": [
          {
            "hash": "67a43c9c07db449e6bd6890f590b490896ab4708",
            "messageTitle": "Add instruction, recipeImage field to Recipe",
            "messageBody": "",
            "fileTypesAndContributionMap": {
              "functional-code": {
                "insertions": 99,
                "deletions": 9
              }
            }
          },
          {
            "hash": "b1186198e8b32d4b3dbff0d985a97e33a73cae8a",
            "messageTitle": "Update AddRecipeCommand",
            "messageBody": "",
            "fileTypesAndContributionMap": {
              "functional-code": {
                "insertions": 33,
                "deletions": 12
              }
            }
          },
          {
            "hash": "e994b84236930cbfecff32bb5ce672566e9e2e82",
            "messageTitle": "Checkstyle",
            "messageBody": "",
            "fileTypesAndContributionMap": {
              "functional-code": {
                "insertions": 17,
                "deletions": 13
              }
            }
          },
          {
            "hash": "94271e94ffc769bc1b65dfbcf045cea943653ae4",
            "messageTitle": "Update tests",
            "messageBody": "",
            "fileTypesAndContributionMap": {
              "test-code": {
                "insertions": 89,
                "deletions": 26
              }
            }
          },
          {
            "hash": "f48fa76bd2c8d5ad1f293eb756877a781629eaa3",
            "messageTitle": "Update Checkstyle",
            "messageBody": "",
            "fileTypesAndContributionMap": {
              "functional-code": {
                "insertions": 2,
                "deletions": 2
              }
            }
          }
        ]
      }
    ],
    "oliviajohansen": [
      {
        "date": "2020-09-21",
        "commitResults": [
          {
            "hash": "0410e60a6023d3095f74d02ead42a4e02e91fae8",
            "messageTitle": "Update README",
            "messageBody": "",
            "fileTypesAndContributionMap": {
              "docs": {
                "insertions": 15,
                "deletions": 11
              }
            }
          },
          {
            "hash": "97dbe806593a7b1ec7fd4ad0361a53f6f546bfa1",
            "messageTitle": "Update AboutUs",
            "messageBody": "",
            "fileTypesAndContributionMap": {
              "docs": {
                "insertions": 4,
                "deletions": 4
              }
            }
          },
          {
            "hash": "f6b5c06eeea50af60d45b772a9d5a85f515778d3",
            "messageTitle": "Update DeveloperGuide",
            "messageBody": "",
            "fileTypesAndContributionMap": {
              "docs": {
                "insertions": 38,
                "deletions": 10
              }
            }
          }
        ]
      },
      {
        "date": "2020-09-22",
        "commitResults": [
          {
            "hash": "866f00bcf90009f5d9c547cbebad26ba073d7020",
            "messageTitle": "Update DG",
            "messageBody": "",
            "fileTypesAndContributionMap": {
              "docs": {
                "insertions": 11,
                "deletions": 11
              }
            }
          }
        ]
      },
      {
        "date": "2020-09-25",
        "commitResults": [
          {
            "hash": "7e28837e249b799d6d6baf474ea94f5cda1b2e2a",
            "messageTitle": "Update README.md",
            "messageBody": "",
            "fileTypesAndContributionMap": {
              "docs": {
                "insertions": 0,
                "deletions": 12
              }
            }
          }
        ]
      },
      {
        "date": "2020-09-26",
        "commitResults": [
          {
            "hash": "5b5272505a877c4073c83fa0be6bb4337198d59f",
            "messageTitle": "Add DeleteIngredient command",
            "messageBody": "",
            "fileTypesAndContributionMap": {
              "functional-code": {
                "insertions": 90,
                "deletions": 2
              }
            }
          }
        ]
      },
      {
        "date": "2020-09-27",
        "commitResults": [
          {
            "hash": "94c74f320c4ba6e053d781ac3fe8dd970136ba1d",
            "messageTitle": "Add DeleteIngredientCommand",
            "messageBody": "",
            "fileTypesAndContributionMap": {
              "functional-code": {
                "insertions": 37,
                "deletions": 7
              },
              "test-code": {
                "insertions": 162,
                "deletions": 0
              }
            }
          },
          {
            "hash": "0759a3f4cbb22798972b1ac6e637ef05ff91044e",
            "messageTitle": "Remove trailing whitespaces",
            "messageBody": "",
            "fileTypesAndContributionMap": {
              "functional-code": {
                "insertions": 3,
                "deletions": 3
              }
            }
          },
          {
            "hash": "79fb71965c14036a14bc6c91a62e5097f31c88b7",
            "messageTitle": "Checkstyle",
            "messageBody": "",
            "fileTypesAndContributionMap": {
              "functional-code": {
                "insertions": 2,
                "deletions": 2
              }
            }
          },
          {
            "hash": "36c282a4c9d4decbcf272188b08f31adc69bb5d0",
            "messageTitle": "Remove trailing whitespace",
            "messageBody": "",
            "fileTypesAndContributionMap": {
              "functional-code": {
                "insertions": 1,
                "deletions": 1
              }
            }
          },
          {
            "hash": "b2a26b14b4f534fc461f7dfea07b9999dd5f9ecb",
            "messageTitle": "Checkstyle",
            "messageBody": "",
            "fileTypesAndContributionMap": {
              "test-code": {
                "insertions": 9,
                "deletions": 8
              }
            }
          },
          {
            "hash": "6135b944353e043ee0dff3205ebf6bb4159382fd",
            "messageTitle": "Add ListIngredientsCommand",
            "messageBody": "",
            "fileTypesAndContributionMap": {
              "functional-code": {
                "insertions": 35,
                "deletions": 0
              },
              "test-code": {
                "insertions": 61,
                "deletions": 0
              }
            }
          },
          {
            "hash": "daad0b63e8654a1d361cfe9f91b43c6f849961f8",
            "messageTitle": "Add ListIngredientsCommand",
            "messageBody": "",
            "fileTypesAndContributionMap": {
              "test-code": {
                "insertions": 1,
                "deletions": 1
              }
            }
          },
          {
            "hash": "98801fd6267c8deb15921b9f07be3181e60f043d",
            "messageTitle": "Minor change",
            "messageBody": "",
            "fileTypesAndContributionMap": {
              "functional-code": {
                "insertions": 1,
                "deletions": 1
              }
            }
          },
          {
            "hash": "31dcbc0991d44260a5868a719bce33609598f199",
            "messageTitle": "v1.1 Rename image filetype",
            "messageBody": "",
            "fileTypesAndContributionMap": {
              "docs": {
                "insertions": 1,
                "deletions": 1
              }
            }
          },
          {
            "hash": "b7d351902e6536a8c472b5a9ef2b2f305cfa6f64",
            "messageTitle": "Remove trailing whitespaces",
            "messageBody": "",
            "fileTypesAndContributionMap": {
              "functional-code": {
                "insertions": 1,
                "deletions": 1
              }
            }
          },
          {
            "hash": "fe1fa9cdb4c995935c170ac784a7b16dd15370e0",
            "messageTitle": "Checkstyle",
            "messageBody": "",
            "fileTypesAndContributionMap": {
              "functional-code": {
                "insertions": 5,
                "deletions": 5
              },
              "test-code": {
                "insertions": 9,
                "deletions": 9
              }
            }
          },
          {
            "hash": "566a62dc3b187caac79bb510df5549406aa0028c",
            "messageTitle": "Change list ingredients command to fridge",
            "messageBody": "",
            "fileTypesAndContributionMap": {
              "functional-code": {
                "insertions": 1,
                "deletions": 1
              }
            }
          }
        ]
      }
    ],
    "caitlinjee": [
      {
        "date": "2020-09-19",
        "commitResults": [
          {
            "hash": "f28f1f7e4cc849f88ce9029731aaac8bb6779e8b",
            "messageTitle": "Add use cases to developer guide",
            "messageBody": "",
            "fileTypesAndContributionMap": {
              "docs": {
                "insertions": 115,
                "deletions": 8
              }
            }
          },
          {
            "hash": "b9cae868e000245785624e2a356586cd82a32f75",
            "messageTitle": "Fix typos",
            "messageBody": "",
            "fileTypesAndContributionMap": {
              "docs": {
                "insertions": 3,
                "deletions": 3
              }
            }
          },
          {
            "hash": "09dd5625ce91f94c027e3bf34c1ecd283ffd670e",
            "messageTitle": "Update AboutUs",
            "messageBody": "",
            "fileTypesAndContributionMap": {
              "docs": {
                "insertions": 7,
                "deletions": 7
              }
            }
          },
          {
            "hash": "0ec1703a685cd673ba94f561350ed9fcb9363cd3",
            "messageTitle": "Update AboutUs",
            "messageBody": "",
            "fileTypesAndContributionMap": {
              "docs": {
                "insertions": 9,
                "deletions": 10
              }
            }
          },
          {
            "hash": "91435784276ae076a88340e04250de45778f807e",
            "messageTitle": "Update developer guide",
            "messageBody": "",
            "fileTypesAndContributionMap": {
              "docs": {
                "insertions": 10,
                "deletions": 10
              }
            }
          },
          {
            "hash": "593a4e1a74c5585a85de396d402b2ef484a0aaed",
            "messageTitle": "Update DeveloperGuide.md",
            "messageBody": "",
            "fileTypesAndContributionMap": {
              "docs": {
                "insertions": 9,
                "deletions": 9
              }
            }
          }
        ]
      },
      {
        "date": "2020-09-23",
        "commitResults": [
          {
            "hash": "e3a9c6d3606e81c1ff872dd92e9f2dfb47675eba",
            "messageTitle": "Update index.md",
            "messageBody": "",
            "fileTypesAndContributionMap": {
              "docs": {
                "insertions": 6,
                "deletions": 6
              }
            }
          }
        ]
      },
      {
        "date": "2020-09-26",
        "commitResults": [
          {
            "hash": "a0260ad7ec20ce857575f59c53d96a49cd8d3d5a",
            "messageTitle": "Add AddIngredient command",
            "messageBody": "",
            "fileTypesAndContributionMap": {
              "functional-code": {
                "insertions": 531,
                "deletions": 2
              },
              "test-code": {
                "insertions": 501,
                "deletions": 2
              }
            }
          },
          {
            "hash": "731b108acb0e0a0770f9242d2f7e7b456413c910",
            "messageTitle": "Fix checkStyle errors",
            "messageBody": "",
            "fileTypesAndContributionMap": {
              "test-code": {
                "insertions": 0,
                "deletions": 10
              }
            }
          },
          {
            "hash": "4e01e35e41f0e40bef1e475de13619dfe38cca08",
            "messageTitle": "Fix checkStyle errors",
            "messageBody": "",
            "fileTypesAndContributionMap": {
              "functional-code": {
                "insertions": 1,
                "deletions": 5
              }
            }
          }
        ]
      },
      {
        "date": "2020-09-27",
        "commitResults": [
          {
            "hash": "d9ce9782cc9fc7c6ecb4d6bd9c6e0ba563a6a0bd",
            "messageTitle": "Add SearchIngredient command",
            "messageBody": "",
            "fileTypesAndContributionMap": {
              "functional-code": {
                "insertions": 132,
                "deletions": 0
              },
              "test-code": {
                "insertions": 209,
                "deletions": 0
              }
            }
          }
        ]
      },
      {
        "date": "2020-10-04",
        "commitResults": [
          {
            "hash": "8e21f4bafef35681b3b6bc98fd8fc922b92e0fde",
            "messageTitle": "Add DeleteConsumption command",
            "messageBody": "",
            "fileTypesAndContributionMap": {
              "functional-code": {
                "insertions": 218,
                "deletions": 3
              },
              "test-code": {
                "insertions": 214,
                "deletions": 0
              }
            }
          }
        ]
      }
    ]
  },
  "authorFileTypeContributionMap": {
    "TianYong-Goh": {
      "docs": 94,
      "functional-code": 631,
      "test-code": 460,
      "other": 1
    },
    "daongochieu2810": {
      "docs": 136,
      "functional-code": 984,
      "test-code": 1263
    },
    "jiaqi20": {
      "docs": 15,
      "functional-code": 166,
      "test-code": 140
    },
    "oliviajohansen": {
      "docs": 55,
      "functional-code": 129,
      "test-code": 222
    },
    "caitlinjee": {
      "docs": 120,
      "functional-code": 849,
      "test-code": 905
    }
  },
  "authorContributionVariance": {
    "TianYong-Goh": 11630.356,
    "daongochieu2810": 615263.3,
    "jiaqi20": 2094.8816,
    "oliviajohansen": 2607.7102,
    "caitlinjee": 24607.844
  },
  "authorDisplayNameMap": {
    "TianYong-Goh": "CS2103T-W10-2 GOH ..YONG",
    "daongochieu2810": "CS2103T-W10-2 DAO ..HIEU",
    "jiaqi20": "CS2103T-W10-2 TAN ..A QI",
    "oliviajohansen": "CS2103T-W10-2 OLIV..NSEN",
    "caitlinjee": "CS2103T-W10-2 CAIT..N-YI"
  }
}
