{
  "authorDailyContributionsMap": {
    "TianYong-Goh": [
      {
        "date": "2020-09-22",
        "commitResults": [
          {
            "hash": "7094a26d33d9aaca5f3539d3c80c6debfe5a3afa",
            "messageTitle": "Update userguide",
            "messageBody": "",
            "fileTypesAndContributionMap": {
              "docs": {
                "insertions": 98,
                "deletions": 85
              }
            }
          },
          {
            "hash": "eef5fa3b658db3af16a969e4ab99f87130dd2396",
            "messageTitle": "Update AboutUs",
            "messageBody": "",
            "fileTypesAndContributionMap": {
              "docs": {
                "insertions": 4,
                "deletions": 5
              }
            }
          }
        ]
      },
      {
        "date": "2020-09-24",
        "commitResults": [
          {
            "hash": "abe3221a3566747c0e08dce386efcdd30d07a233",
            "messageTitle": "Change find Command to searchR Command",
            "messageBody": "",
            "fileTypesAndContributionMap": {
              "functional-code": {
                "insertions": 24,
                "deletions": 4
              },
              "test-code": {
                "insertions": 3,
                "deletions": 2
              }
            }
          },
          {
            "hash": "2288857b19c5e6c10631bb66cdfb646dc1b77dad",
            "messageTitle": "Refactor Name and Update UserGuide",
            "messageBody": "",
            "fileTypesAndContributionMap": {
              "functional-code": {
                "insertions": 3,
                "deletions": 3
              },
              "other": {
                "insertions": 24,
                "deletions": 24
              },
              "docs": {
                "insertions": 10,
                "deletions": 6
              },
              "test-code": {
                "insertions": 5,
                "deletions": 5
              }
            }
          },
          {
            "hash": "fa9c47aed0b4e3e4bf9c53ab2a8aec50691336d7",
            "messageTitle": "Update Checkstyle",
            "messageBody": "",
            "fileTypesAndContributionMap": {
              "functional-code": {
                "insertions": 1,
                "deletions": 1
              },
              "test-code": {
                "insertions": 3,
                "deletions": 2
              }
            }
          },
          {
            "hash": "cf48a009bedbccb0826078d70e1155ec5d006608",
            "messageTitle": "Resolve wishfulShrinkingParserTest",
            "messageBody": "",
            "fileTypesAndContributionMap": {
              "test-code": {
                "insertions": 2,
                "deletions": 1
              }
            }
          },
          {
            "hash": "97063c7e79df76a4a590cbb293d02c7d81f602bd",
            "messageTitle": "Resolve Checkstyle",
            "messageBody": "",
            "fileTypesAndContributionMap": {
              "test-code": {
                "insertions": 2,
                "deletions": 1
              }
            }
          }
        ]
      },
      {
        "date": "2020-09-25",
        "commitResults": [
          {
            "hash": "65e9ee84d51e0b725e7efc2700078431327e23f6",
            "messageTitle": "Change SearchR Conditions",
            "messageBody": "",
            "fileTypesAndContributionMap": {
              "functional-code": {
                "insertions": 1,
                "deletions": 6
              },
              "docs": {
                "insertions": 0,
                "deletions": 2
              },
              "test-code": {
                "insertions": 1,
                "deletions": 2
              }
            }
          }
        ]
      },
      {
        "date": "2020-09-28",
        "commitResults": [
          {
            "hash": "70a1044ba6b17929cd8dd81583df13efcd31c7b3",
            "messageTitle": "Add Eat Recipe Command",
            "messageBody": "",
            "fileTypesAndContributionMap": {
              "functional-code": {
                "insertions": 334,
                "deletions": 2
              },
              "test-code": {
                "insertions": 293,
                "deletions": 4
              }
            }
          },
          {
            "hash": "dde17b59ae0677d55cdc80bb41a61cf3b7477258",
            "messageTitle": "Update UserGuide",
            "messageBody": "",
            "fileTypesAndContributionMap": {
              "docs": {
                "insertions": 15,
                "deletions": 1
              }
            }
          }
        ]
      },
      {
        "date": "2020-09-29",
        "commitResults": [
          {
            "hash": "0b9db23ecad81a9f1be5fbed76979a366aa4c790",
            "messageTitle": "Change addressBook to wishfulShrinking",
            "messageBody": "",
            "fileTypesAndContributionMap": {
              "functional-code": {
                "insertions": 113,
                "deletions": 110
              },
              "other": {
                "insertions": 1,
                "deletions": 1
              },
              "docs": {
                "insertions": 1,
                "deletions": 1
              },
              "test-code": {
                "insertions": 51,
                "deletions": 51
              }
            }
          }
        ]
      },
      {
        "date": "2020-10-05",
        "commitResults": [
          {
            "hash": "efaca81d3d8d53275ff4a2b0d7e4d5946efbc576",
            "messageTitle": "Add Calories field to Recipe",
            "messageBody": "",
            "fileTypesAndContributionMap": {
              "functional-code": {
                "insertions": 133,
                "deletions": 34
              },
              "test-code": {
                "insertions": 103,
                "deletions": 57
              }
            }
          },
          {
            "hash": "96c6a374297801c7e9fb16c7271f9bd9cfb22ec4",
            "messageTitle": "Add withCalories",
            "messageBody": "",
            "fileTypesAndContributionMap": {
              "test-code": {
                "insertions": 10,
                "deletions": 5
              }
            }
          },
          {
            "hash": "8993588c2999b335a09299fb71ec13cd16c0381b",
            "messageTitle": "Update checkstyle",
            "messageBody": "",
            "fileTypesAndContributionMap": {
              "test-code": {
                "insertions": 1,
                "deletions": 0
              }
            }
          }
        ]
      },
      {
        "date": "2020-10-07",
        "commitResults": [
          {
            "hash": "76215ee2b20297e7b53a38167befef67b91a2f25",
            "messageTitle": "Add List Consumption Command",
            "messageBody": "",
            "fileTypesAndContributionMap": {
              "functional-code": {
                "insertions": 42,
                "deletions": 8
              },
              "test-code": {
                "insertions": 202,
                "deletions": 31
              }
            }
          }
        ]
      },
      {
        "date": "2020-10-08",
        "commitResults": [
          {
            "hash": "acaf888ace74ae76c6994d3d8e9e5ed1c6c2383b",
            "messageTitle": "Update checkstyle",
            "messageBody": "",
            "fileTypesAndContributionMap": {
              "test-code": {
                "insertions": 1,
                "deletions": 0
              }
            }
          }
        ]
      },
      {
        "date": "2020-10-10",
        "commitResults": [
          {
            "hash": "4ec75158cf24b32d17ad205229fdc8cb3bc4a78a",
            "messageTitle": "Make Correction while Merging",
            "messageBody": "",
            "fileTypesAndContributionMap": {
              "functional-code": {
                "insertions": 1,
                "deletions": 1
              },
              "test-code": {
                "insertions": 4,
                "deletions": 2
              }
            }
          },
          {
            "hash": "56540cb53557fb6665a45525344a5bd945baa4aa",
            "messageTitle": "Show total calories",
            "messageBody": "",
            "fileTypesAndContributionMap": {
              "functional-code": {
                "insertions": 4,
                "deletions": 0
              }
            }
          },
          {
            "hash": "c2d26c7987cdcf3e88fba63fecb43794d76e33bd",
            "messageTitle": "Remove Email and Address Class",
            "messageBody": "",
            "fileTypesAndContributionMap": {
              "functional-code": {
                "insertions": 15,
                "deletions": 184
              },
              "docs": {
                "insertions": 1,
                "deletions": 5
              },
              "test-code": {
                "insertions": 62,
                "deletions": 314
              }
            }
          }
        ]
      },
      {
        "date": "2020-10-11",
        "commitResults": [
          {
            "hash": "4302120e2bf064ba7d98b005e8e04f1047d24dcb",
            "messageTitle": "Resolve one test",
            "messageBody": "",
            "fileTypesAndContributionMap": {
              "functional-code": {
                "insertions": 0,
                "deletions": 1
              },
              "test-code": {
                "insertions": 16,
                "deletions": 7
              }
            }
          },
          {
            "hash": "47a1473788c63e0236024cc801a300f0670a6b17",
            "messageTitle": "Add Consumption UI",
            "messageBody": "",
            "fileTypesAndContributionMap": {
              "functional-code": {
                "insertions": 215,
                "deletions": 16
              },
              "test-code": {
                "insertions": 21,
                "deletions": 7
              }
            }
          },
          {
            "hash": "6f8af771690338f4d2f882ef8f994e28f9eda3ae",
            "messageTitle": "Solve CI",
            "messageBody": "",
            "fileTypesAndContributionMap": {
              "functional-code": {
                "insertions": 1,
                "deletions": 1
              }
            }
          }
        ]
      },
      {
        "date": "2020-10-14",
        "commitResults": [
          {
            "hash": "9a05ff31e3e014fc89909c0804a2102c3d779aec",
            "messageTitle": "Update UI Image",
            "messageBody": "",
            "fileTypesAndContributionMap": {
              "functional-code": {
                "insertions": 48,
                "deletions": 48
              },
              "other": {
                "insertions": 0,
                "deletions": 0
              }
            }
          },
          {
            "hash": "b204b7ddd6f47868a3839c9d1230856183bf0e97",
            "messageTitle": "Sove CI",
            "messageBody": "",
            "fileTypesAndContributionMap": {
              "functional-code": {
                "insertions": 1,
                "deletions": 0
              }
            }
          }
        ]
      },
      {
        "date": "2020-10-16",
        "commitResults": [
          {
            "hash": "da94fa53ebdaef889b469f2446f08757909c1770",
            "messageTitle": "Update test data",
            "messageBody": "",
            "fileTypesAndContributionMap": {
              "functional-code": {
                "insertions": 16,
                "deletions": 4
              },
              "test-code": {
                "insertions": 616,
                "deletions": 469
              }
            }
          },
          {
            "hash": "3e13851cd353149b76b27ff1322e706bbaaa0726",
            "messageTitle": "Update Test",
            "messageBody": "",
            "fileTypesAndContributionMap": {
              "functional-code": {
                "insertions": 13,
                "deletions": 19
              },
              "test-code": {
                "insertions": 133,
                "deletions": 118
              }
            }
          }
        ]
      },
      {
        "date": "2020-10-18",
        "commitResults": [
          {
            "hash": "ff1042864299b068fb062c62f17df9bdea1adefe",
            "messageTitle": "Add and Update Search Test",
            "messageBody": "",
            "fileTypesAndContributionMap": {
              "functional-code": {
                "insertions": 6,
                "deletions": 2
              },
              "test-code": {
                "insertions": 362,
                "deletions": 28
              }
            }
          },
          {
            "hash": "9077ed8e53c964f8d153c87bcd98d0cd3fc3a145",
            "messageTitle": "Add Recommend Test",
            "messageBody": "",
            "fileTypesAndContributionMap": {
              "functional-code": {
                "insertions": 10,
                "deletions": 3
              },
              "test-code": {
                "insertions": 138,
                "deletions": 0
              }
            }
          }
        ]
      },
      {
        "date": "2020-10-19",
        "commitResults": [
          {
            "hash": "704100652a300d32577a8eb8c647d7db6a0c84b4",
            "messageTitle": "Update DG",
            "messageBody": "",
            "fileTypesAndContributionMap": {
              "docs": {
                "insertions": 66,
                "deletions": 1
              }
            }
          },
          {
            "hash": "0f22e85712610a4e8a95e3edab90daf9146a2111",
            "messageTitle": "Update UG",
            "messageBody": "",
            "fileTypesAndContributionMap": {
              "docs": {
                "insertions": 28,
                "deletions": 8
              }
            }
          }
        ]
      },
      {
        "date": "2020-10-20",
        "commitResults": [
          {
            "hash": "a4d089e9576bd85a32dddf4205c0b7d1c54f2e5b",
            "messageTitle": "Change UG and Add Assertion",
            "messageBody": "",
            "fileTypesAndContributionMap": {
              "functional-code": {
                "insertions": 3,
                "deletions": 1
              },
              "docs": {
                "insertions": 8,
                "deletions": 8
              }
            }
          },
          {
            "hash": "412d4619d9ae26e380a4d7dffa11469c52f213ac",
            "messageTitle": "Correct Assertion",
            "messageBody": "",
            "fileTypesAndContributionMap": {
              "functional-code": {
                "insertions": 1,
                "deletions": 1
              }
            }
          },
          {
            "hash": "4a85c7ea1c911bf8216e269fb7bc7b819f1ac0a8",
            "messageTitle": "Update UG(ListRecipeCommand) and DG(ListConsumptionCommand)",
            "messageBody": "",
            "fileTypesAndContributionMap": {
              "docs": {
                "insertions": 32,
                "deletions": 3
              }
            }
          },
          {
            "hash": "8582de0edc676509f189181b1253c73a8412b7ae",
            "messageTitle": "Solve CI",
            "messageBody": "",
            "fileTypesAndContributionMap": {
              "docs": {
                "insertions": 1,
                "deletions": 1
              }
            }
          }
        ]
      },
      {
        "date": "2020-10-21",
        "commitResults": [
          {
            "hash": "95d157bb04c2b0098fdf1a0de9c84be3aa47d8d5",
            "messageTitle": "Update DG(SearchIngredient, listConsumption, eatRecipe) and UG(addRecipe Example)",
            "messageBody": "",
            "fileTypesAndContributionMap": {
              "docs": {
                "insertions": 101,
                "deletions": 6
              }
            }
          },
          {
            "hash": "d242264ba3c801138dc3c497db88325dbad43cad",
            "messageTitle": "Add Note to the SearchIngredient Sequence Diagram",
            "messageBody": "",
            "fileTypesAndContributionMap": {
              "docs": {
                "insertions": 4,
                "deletions": 0
              }
            }
          }
        ]
      }
    ],
    "daongochieu2810": [
      {
        "date": "2020-09-12",
        "commitResults": [
          {
            "hash": "d7f7eb9255d19e7279d31767115d5de0b853246e",
            "messageTitle": "Update README.md",
            "messageBody": "",
            "fileTypesAndContributionMap": {
              "docs": {
                "insertions": 1,
                "deletions": 1
              }
            }
          }
        ]
      },
      {
        "date": "2020-09-13",
        "commitResults": [
          {
            "hash": "da51501a44f5305a50e3b7d9e6ba256be04f357e",
            "messageTitle": "Add recipe command",
            "messageBody": "",
            "fileTypesAndContributionMap": {
              "functional-code": {
                "insertions": 368,
                "deletions": 274
              },
              "other": {
                "insertions": 63,
                "deletions": 63
              },
              "docs": {
                "insertions": 65,
                "deletions": 65
              },
              "test-code": {
                "insertions": 163,
                "deletions": 169
              }
            }
          }
        ]
      },
      {
        "date": "2020-09-19",
        "commitResults": [
          {
            "hash": "0830f21c2c5cc714492e8015fa9aaafe3fa55016",
            "messageTitle": "Recover code",
            "messageBody": "",
            "fileTypesAndContributionMap": {
              "functional-code": {
                "insertions": 274,
                "deletions": 368
              },
              "other": {
                "insertions": 63,
                "deletions": 63
              },
              "docs": {
                "insertions": 65,
                "deletions": 65
              },
              "test-code": {
                "insertions": 169,
                "deletions": 163
              }
            }
          },
          {
            "hash": "798e48c9d2e5fa639ce01b1c9209d4b0b8b48bc4",
            "messageTitle": "Updates for v1.1",
            "messageBody": "",
            "fileTypesAndContributionMap": {
              "docs": {
                "insertions": 12,
                "deletions": 11
              }
            }
          }
        ]
      },
      {
        "date": "2020-09-23",
        "commitResults": [
          {
            "hash": "19f79acf79885ff3399cb5cb2323cb544dc77d24",
            "messageTitle": "Refactor Person -\u003e Recipe",
            "messageBody": "",
            "fileTypesAndContributionMap": {
              "functional-code": {
                "insertions": 771,
                "deletions": 771
              },
              "other": {
                "insertions": 211,
                "deletions": 211
              },
              "docs": {
                "insertions": 151,
                "deletions": 151
              },
              "test-code": {
                "insertions": 989,
                "deletions": 989
              }
            }
          },
          {
            "hash": "0c298af6bd4e3b6d2e3d8f79f5996ca82a249838",
            "messageTitle": "Mass refactoring and AddRecipeCommand",
            "messageBody": "",
            "fileTypesAndContributionMap": {
              "functional-code": {
                "insertions": 173,
                "deletions": 262
              },
              "other": {
                "insertions": 85,
                "deletions": 84
              },
              "docs": {
                "insertions": 4,
                "deletions": 4
              },
              "test-code": {
                "insertions": 167,
                "deletions": 215
              }
            }
          },
          {
            "hash": "6d767e403802de38277d8014be58d4f964db9a24",
            "messageTitle": "Minor fixes",
            "messageBody": "",
            "fileTypesAndContributionMap": {
              "functional-code": {
                "insertions": 3,
                "deletions": 0
              },
              "test-code": {
                "insertions": 202,
                "deletions": 256
              }
            }
          }
        ]
      },
      {
        "date": "2020-09-24",
        "commitResults": [
          {
            "hash": "01743759885b425aa23e6e42028991e857617e80",
            "messageTitle": "Fix checkStyle errors",
            "messageBody": "",
            "fileTypesAndContributionMap": {
              "functional-code": {
                "insertions": 77,
                "deletions": 60
              },
              "test-code": {
                "insertions": 197,
                "deletions": 164
              }
            }
          }
        ]
      },
      {
        "date": "2020-09-25",
        "commitResults": [
          {
            "hash": "596c6f9ea420289cfaf4d82d23d58a09dea26b3c",
            "messageTitle": "Fix ingredient regex",
            "messageBody": "",
            "fileTypesAndContributionMap": {
              "functional-code": {
                "insertions": 1,
                "deletions": 1
              }
            }
          },
          {
            "hash": "1c5b059650415f0d15d7980774d11e0534a10dcc",
            "messageTitle": "Fix IngredientString validation",
            "messageBody": "",
            "fileTypesAndContributionMap": {
              "functional-code": {
                "insertions": 1,
                "deletions": 0
              },
              "test-code": {
                "insertions": 1,
                "deletions": 2
              }
            }
          }
        ]
      },
      {
        "date": "2020-09-28",
        "commitResults": [
          {
            "hash": "77228dc66d3503d05da5947779a5f36a1614a3db",
            "messageTitle": "Update help command",
            "messageBody": "",
            "fileTypesAndContributionMap": {
              "functional-code": {
                "insertions": 1,
                "deletions": 1
              }
            }
          }
        ]
      },
      {
        "date": "2020-10-03",
        "commitResults": [
          {
            "hash": "07b86b9dbdf04295a587c46465ccd29c543d7b76",
            "messageTitle": "Update UI",
            "messageBody": "",
            "fileTypesAndContributionMap": {
              "functional-code": {
                "insertions": 213,
                "deletions": 17
              },
              "test-code": {
                "insertions": 1,
                "deletions": 1
              }
            }
          },
          {
            "hash": "164b885d2850b2d4c7955b8867f7e61d02df318f",
            "messageTitle": "Update UI",
            "messageBody": "",
            "fileTypesAndContributionMap": {
              "functional-code": {
                "insertions": 0,
                "deletions": 183
              }
            }
          }
        ]
      },
      {
        "date": "2020-10-04",
        "commitResults": [
          {
            "hash": "7c429535c0654ff51e427d8adb1cfcf6ce4afad2",
            "messageTitle": "Change ingredient string to ingredients array list",
            "messageBody": "",
            "fileTypesAndContributionMap": {
              "functional-code": {
                "insertions": 34,
                "deletions": 69
              },
              "test-code": {
                "insertions": 10,
                "deletions": 6
              }
            }
          },
          {
            "hash": "f8cbb823d50173278221b3bde59c8e0003ea9f94",
            "messageTitle": "Fix tests",
            "messageBody": "",
            "fileTypesAndContributionMap": {
              "functional-code": {
                "insertions": 19,
                "deletions": 9
              },
              "test-code": {
                "insertions": 38,
                "deletions": 52
              }
            }
          },
          {
            "hash": "a05427d43c6bae2af87f48e0220163c1031b287b",
            "messageTitle": "Fix CI",
            "messageBody": "",
            "fileTypesAndContributionMap": {
              "functional-code": {
                "insertions": 7,
                "deletions": 7
              },
              "test-code": {
                "insertions": 2,
                "deletions": 6
              }
            }
          }
        ]
      },
      {
        "date": "2020-10-05",
        "commitResults": [
          {
            "hash": "d3cc3aef6c71ab4023c17f1f419838216e0b4834",
            "messageTitle": "Remove IngredientString class",
            "messageBody": "",
            "fileTypesAndContributionMap": {
              "functional-code": {
                "insertions": 34,
                "deletions": 79
              },
              "test-code": {
                "insertions": 23,
                "deletions": 21
              }
            }
          },
          {
            "hash": "e3f1991b99645bd61278ea55427505d2643293cb",
            "messageTitle": "Fix CI",
            "messageBody": "",
            "fileTypesAndContributionMap": {
              "test-code": {
                "insertions": 0,
                "deletions": 2
              }
            }
          }
        ]
      },
      {
        "date": "2020-10-10",
        "commitResults": [
          {
            "hash": "d2819b13e49a8680646f987dcd4b171d6d9d53e8",
            "messageTitle": "Add GUI changes based on commands",
            "messageBody": "",
            "fileTypesAndContributionMap": {
              "functional-code": {
                "insertions": 207,
                "deletions": 13
              },
              "test-code": {
                "insertions": 12,
                "deletions": 7
              }
            }
          }
        ]
      },
      {
        "date": "2020-10-12",
        "commitResults": [
          {
            "hash": "72aab16bc5398916a0741dda0cf8b270ce66c2d4",
            "messageTitle": "Minor fixes",
            "messageBody": "",
            "fileTypesAndContributionMap": {
              "functional-code": {
                "insertions": 22,
                "deletions": 44
              },
              "other": {
                "insertions": 5,
                "deletions": 0
              }
            }
          },
          {
            "hash": "e50d174fcc04dde792a06b190edf02810a6252d3",
            "messageTitle": "Add responsive UI",
            "messageBody": "",
            "fileTypesAndContributionMap": {
              "functional-code": {
                "insertions": 54,
                "deletions": 16
              }
            }
          },
          {
            "hash": "9bc91fe86caed146b0b83fa84ec109122fb74f15",
            "messageTitle": "Fix styles",
            "messageBody": "",
            "fileTypesAndContributionMap": {
              "functional-code": {
                "insertions": 4,
                "deletions": 2
              }
            }
          }
        ]
      },
      {
        "date": "2020-10-16",
        "commitResults": [
          {
            "hash": "6abe17fb3762030bfb1986d8ecfd76f4f3ab4183",
            "messageTitle": "Update UI and AddRecipeCommand diagrams",
            "messageBody": "",
            "fileTypesAndContributionMap": {
              "docs": {
                "insertions": 8,
                "deletions": 72
              }
            }
          },
          {
            "hash": "1f1f076f8fc13da5e14150a673b70b7a357756f6",
            "messageTitle": "Update overall UI",
            "messageBody": "",
            "fileTypesAndContributionMap": {
              "functional-code": {
                "insertions": 48,
                "deletions": 40
              }
            }
          }
        ]
      },
      {
        "date": "2020-10-17",
        "commitResults": [
          {
            "hash": "7e59e66a961290965e7d6498aa1885d535b4ebaf",
            "messageTitle": "Add responsive left panel",
            "messageBody": "",
            "fileTypesAndContributionMap": {
              "functional-code": {
                "insertions": 19,
                "deletions": 2
              }
            }
          },
          {
            "hash": "a3905ca6ed39515de00eebc3002f0426ec3b0a26",
            "messageTitle": "Remove top bar",
            "messageBody": "",
            "fileTypesAndContributionMap": {
              "functional-code": {
                "insertions": 0,
                "deletions": 18
              }
            }
          }
        ]
      },
      {
        "date": "2020-10-21",
        "commitResults": [
          {
            "hash": "6358dcfd83bb80f738d882f4d1218e563577c86b",
            "messageTitle": "Update DG",
            "messageBody": "",
            "fileTypesAndContributionMap": {
              "docs": {
                "insertions": 92,
                "deletions": 0
              }
            }
          },
          {
            "hash": "528d35402be387a2d3d8228f1a4beec3df37aff0",
            "messageTitle": "Minor fixes",
            "messageBody": "",
            "fileTypesAndContributionMap": {
              "functional-code": {
                "insertions": 0,
                "deletions": 1
              }
            }
          },
          {
            "hash": "438e827cb99c51c6eef73f1dc8516a372f3031b8",
            "messageTitle": "Update DG",
            "messageBody": "",
            "fileTypesAndContributionMap": {
              "docs": {
                "insertions": 7,
                "deletions": 736
              }
            }
          },
          {
            "hash": "06a51c8b93ca64cec30428b9d67d86cd00616434",
            "messageTitle": "Remove trailing spaces",
            "messageBody": "",
            "fileTypesAndContributionMap": {
              "docs": {
                "insertions": 0,
                "deletions": 1
              }
            }
          },
          {
            "hash": "b26cc34ae0d259c8f77a88da48ad58cf239c3b51",
            "messageTitle": "Change as requested",
            "messageBody": "",
            "fileTypesAndContributionMap": {
              "docs": {
                "insertions": 14,
                "deletions": 27
              }
            }
          },
          {
            "hash": "3bd59b1e67426eb58b6bfaafde0b8a6434782341",
            "messageTitle": "DG final release",
            "messageBody": "",
            "fileTypesAndContributionMap": {
              "docs": {
                "insertions": 94,
                "deletions": 226
              }
            }
          }
        ]
      }
    ],
    "jiaqi20": [
      {
        "date": "2020-09-22",
        "commitResults": [
          {
            "hash": "e48665cdf878c0fc88bcb1e61e1db26e81c18591",
            "messageTitle": "Update AboutMe and DG",
            "messageBody": "",
            "fileTypesAndContributionMap": {
              "docs": {
                "insertions": 9,
                "deletions": 6
              }
            }
          },
          {
            "hash": "a9bd2c1b258b7ae598d8798b1b800d4cbb1522ec",
            "messageTitle": "Update DG",
            "messageBody": "",
            "fileTypesAndContributionMap": {
              "docs": {
                "insertions": 4,
                "deletions": 5
              }
            }
          }
        ]
      },
      {
        "date": "2020-09-23",
        "commitResults": [
          {
            "hash": "6ac162d527bc85cf871dc709e5ce734517297ec1",
            "messageTitle": "Update DeveloperGuide",
            "messageBody": "",
            "fileTypesAndContributionMap": {
              "docs": {
                "insertions": 2,
                "deletions": 2
              }
            }
          }
        ]
      },
      {
        "date": "2020-09-26",
        "commitResults": [
          {
            "hash": "d119018e763ff057fdba26aad67c9b49d03841e0",
            "messageTitle": "Initial commit",
            "messageBody": "",
            "fileTypesAndContributionMap": {
              "functional-code": {
                "insertions": 5,
                "deletions": 4
              },
              "other": {
                "insertions": 30,
                "deletions": 30
              },
              "test-code": {
                "insertions": 4,
                "deletions": 4
              }
            }
          },
          {
            "hash": "0c86f99067e9532f8444681bf88b5387fa71958b",
            "messageTitle": "Update AboutUs",
            "messageBody": "",
            "fileTypesAndContributionMap": {
              "docs": {
                "insertions": 3,
                "deletions": 3
              }
            }
          },
          {
            "hash": "9a5366210ae50dd9613954ac593d6b50521f7ee3",
            "messageTitle": "Add DeleteRecipeCommand",
            "messageBody": "",
            "fileTypesAndContributionMap": {
              "functional-code": {
                "insertions": 14,
                "deletions": 12
              },
              "test-code": {
                "insertions": 3,
                "deletions": 2
              }
            }
          },
          {
            "hash": "7f013940e2b397868e2bd4c30dd5703d4f0b95cd",
            "messageTitle": "Add ListRecipesCommand",
            "messageBody": "",
            "fileTypesAndContributionMap": {
              "functional-code": {
                "insertions": 4,
                "deletions": 4
              },
              "other": {
                "insertions": 27,
                "deletions": 6
              },
              "test-code": {
                "insertions": 10,
                "deletions": 8
              }
            }
          }
        ]
      },
      {
        "date": "2020-09-27",
        "commitResults": [
          {
            "hash": "76a8f1aa49320aa2b59001180fbffacdb33c18a3",
            "messageTitle": "Update DeleteRecipeCommand",
            "messageBody": "",
            "fileTypesAndContributionMap": {
              "functional-code": {
                "insertions": 5,
                "deletions": 9
              },
              "test-code": {
                "insertions": 5,
                "deletions": 4
              }
            }
          }
        ]
      },
      {
        "date": "2020-10-08",
        "commitResults": [
          {
            "hash": "67a43c9c07db449e6bd6890f590b490896ab4708",
            "messageTitle": "Add instruction, recipeImage field to Recipe",
            "messageBody": "",
            "fileTypesAndContributionMap": {
              "functional-code": {
                "insertions": 99,
                "deletions": 9
              }
            }
          },
          {
            "hash": "b1186198e8b32d4b3dbff0d985a97e33a73cae8a",
            "messageTitle": "Update AddRecipeCommand",
            "messageBody": "",
            "fileTypesAndContributionMap": {
              "functional-code": {
                "insertions": 33,
                "deletions": 12
              }
            }
          },
          {
            "hash": "e994b84236930cbfecff32bb5ce672566e9e2e82",
            "messageTitle": "Checkstyle",
            "messageBody": "",
            "fileTypesAndContributionMap": {
              "functional-code": {
                "insertions": 17,
                "deletions": 13
              }
            }
          },
          {
            "hash": "94271e94ffc769bc1b65dfbcf045cea943653ae4",
            "messageTitle": "Update tests",
            "messageBody": "",
            "fileTypesAndContributionMap": {
              "test-code": {
                "insertions": 89,
                "deletions": 26
              }
            }
          },
          {
            "hash": "f48fa76bd2c8d5ad1f293eb756877a781629eaa3",
            "messageTitle": "Update Checkstyle",
            "messageBody": "",
            "fileTypesAndContributionMap": {
              "functional-code": {
                "insertions": 2,
                "deletions": 2
              }
            }
          }
        ]
      },
      {
        "date": "2020-10-20",
        "commitResults": [
          {
            "hash": "3f300c3b59fb40d8ac4f71cd6a0c885735f5de87",
            "messageTitle": "Recipe image",
            "messageBody": "",
            "fileTypesAndContributionMap": {
              "functional-code": {
                "insertions": 48,
                "deletions": 11
              },
              "test-code": {
                "insertions": 5,
                "deletions": 3
              }
            }
          },
          {
            "hash": "2222676ccadc5c0b8f307846bfe3fa3773e5c4be",
            "messageTitle": "Add default image",
            "messageBody": "",
            "fileTypesAndContributionMap": {
              "functional-code": {
                "insertions": 17,
                "deletions": 13
              }
            }
          },
          {
            "hash": "6bc5c7d248e8b11cb0cdd5fb239781addec0e6ad",
            "messageTitle": "Update checkstyle",
            "messageBody": "",
            "fileTypesAndContributionMap": {
              "functional-code": {
                "insertions": 3,
                "deletions": 8
              }
            }
          },
          {
            "hash": "2a3d060c721f8799a3825f638f9ea59f55d215bc",
            "messageTitle": "Update tests",
            "messageBody": "",
            "fileTypesAndContributionMap": {
              "test-code": {
                "insertions": 2,
                "deletions": 2
              }
            }
          },
          {
            "hash": "31515ff1521c0862b5f700b265c28472ac18edd6",
            "messageTitle": "Update default",
            "messageBody": "",
            "fileTypesAndContributionMap": {
              "functional-code": {
                "insertions": 2,
                "deletions": 2
              }
            }
          },
          {
            "hash": "5f49ac235e47a527399e3f4444188d3e8638b125",
            "messageTitle": "Add assertions",
            "messageBody": "",
            "fileTypesAndContributionMap": {
              "functional-code": {
                "insertions": 3,
                "deletions": 0
              }
            }
          },
          {
            "hash": "026a3fbf4c5aa37d416895b886326804e17be00a",
            "messageTitle": "Update DG",
            "messageBody": "",
            "fileTypesAndContributionMap": {
              "docs": {
                "insertions": 57,
                "deletions": 0
              }
            }
          },
          {
            "hash": "5426e377822d5511a858c41dbf3442e913987321",
            "messageTitle": "Add Logging",
            "messageBody": "",
            "fileTypesAndContributionMap": {
              "functional-code": {
                "insertions": 6,
                "deletions": 0
              }
            }
          },
          {
            "hash": "1f8f40c160951a732b14544315896ef2fe83863c",
            "messageTitle": "Update filename",
            "messageBody": "",
            "fileTypesAndContributionMap": {
              "docs": {
                "insertions": 1,
                "deletions": 1
              }
            }
          },
          {
            "hash": "a580a619a36b77e01b5afcdae61010944f1da00d",
            "messageTitle": "Update logging",
            "messageBody": "",
            "fileTypesAndContributionMap": {
              "functional-code": {
                "insertions": 1,
                "deletions": 1
              }
            }
          }
        ]
      },
      {
        "date": "2020-10-21",
        "commitResults": [
          {
            "hash": "66e3514ab7448ad3f9d1404cb8fcc2fcad78711c",
            "messageTitle": "Update DG and UG",
            "messageBody": "",
            "fileTypesAndContributionMap": {
              "docs": {
                "insertions": 35,
                "deletions": 30
              }
            }
          }
        ]
      }
    ],
    "oliviajohansen": [
      {
        "date": "2020-09-21",
        "commitResults": [
          {
            "hash": "0410e60a6023d3095f74d02ead42a4e02e91fae8",
            "messageTitle": "Update README",
            "messageBody": "",
            "fileTypesAndContributionMap": {
              "docs": {
                "insertions": 15,
                "deletions": 11
              }
            }
          },
          {
            "hash": "97dbe806593a7b1ec7fd4ad0361a53f6f546bfa1",
            "messageTitle": "Update AboutUs",
            "messageBody": "",
            "fileTypesAndContributionMap": {
              "docs": {
                "insertions": 4,
                "deletions": 4
              }
            }
          },
          {
            "hash": "f6b5c06eeea50af60d45b772a9d5a85f515778d3",
            "messageTitle": "Update DeveloperGuide",
            "messageBody": "",
            "fileTypesAndContributionMap": {
              "docs": {
                "insertions": 38,
                "deletions": 10
              }
            }
          }
        ]
      },
      {
        "date": "2020-09-22",
        "commitResults": [
          {
            "hash": "866f00bcf90009f5d9c547cbebad26ba073d7020",
            "messageTitle": "Update DG",
            "messageBody": "",
            "fileTypesAndContributionMap": {
              "docs": {
                "insertions": 11,
                "deletions": 11
              }
            }
          }
        ]
      },
      {
        "date": "2020-09-25",
        "commitResults": [
          {
            "hash": "7e28837e249b799d6d6baf474ea94f5cda1b2e2a",
            "messageTitle": "Update README.md",
            "messageBody": "",
            "fileTypesAndContributionMap": {
              "docs": {
                "insertions": 0,
                "deletions": 12
              }
            }
          }
        ]
      },
      {
        "date": "2020-09-26",
        "commitResults": [
          {
            "hash": "5b5272505a877c4073c83fa0be6bb4337198d59f",
            "messageTitle": "Add DeleteIngredient command",
            "messageBody": "",
            "fileTypesAndContributionMap": {
              "functional-code": {
                "insertions": 90,
                "deletions": 2
              }
            }
          }
        ]
      },
      {
        "date": "2020-09-27",
        "commitResults": [
          {
            "hash": "94c74f320c4ba6e053d781ac3fe8dd970136ba1d",
            "messageTitle": "Add DeleteIngredientCommand",
            "messageBody": "",
            "fileTypesAndContributionMap": {
              "functional-code": {
                "insertions": 37,
                "deletions": 7
              },
              "test-code": {
                "insertions": 162,
                "deletions": 0
              }
            }
          },
          {
            "hash": "0759a3f4cbb22798972b1ac6e637ef05ff91044e",
            "messageTitle": "Remove trailing whitespaces",
            "messageBody": "",
            "fileTypesAndContributionMap": {
              "functional-code": {
                "insertions": 3,
                "deletions": 3
              }
            }
          },
          {
            "hash": "79fb71965c14036a14bc6c91a62e5097f31c88b7",
            "messageTitle": "Checkstyle",
            "messageBody": "",
            "fileTypesAndContributionMap": {
              "functional-code": {
                "insertions": 2,
                "deletions": 2
              }
            }
          },
          {
            "hash": "36c282a4c9d4decbcf272188b08f31adc69bb5d0",
            "messageTitle": "Remove trailing whitespace",
            "messageBody": "",
            "fileTypesAndContributionMap": {
              "functional-code": {
                "insertions": 1,
                "deletions": 1
              }
            }
          },
          {
            "hash": "b2a26b14b4f534fc461f7dfea07b9999dd5f9ecb",
            "messageTitle": "Checkstyle",
            "messageBody": "",
            "fileTypesAndContributionMap": {
              "test-code": {
                "insertions": 9,
                "deletions": 8
              }
            }
          },
          {
            "hash": "6135b944353e043ee0dff3205ebf6bb4159382fd",
            "messageTitle": "Add ListIngredientsCommand",
            "messageBody": "",
            "fileTypesAndContributionMap": {
              "functional-code": {
                "insertions": 35,
                "deletions": 0
              },
              "test-code": {
                "insertions": 61,
                "deletions": 0
              }
            }
          },
          {
            "hash": "daad0b63e8654a1d361cfe9f91b43c6f849961f8",
            "messageTitle": "Add ListIngredientsCommand",
            "messageBody": "",
            "fileTypesAndContributionMap": {
              "test-code": {
                "insertions": 1,
                "deletions": 1
              }
            }
          },
          {
            "hash": "98801fd6267c8deb15921b9f07be3181e60f043d",
            "messageTitle": "Minor change",
            "messageBody": "",
            "fileTypesAndContributionMap": {
              "functional-code": {
                "insertions": 1,
                "deletions": 1
              }
            }
          },
          {
            "hash": "31dcbc0991d44260a5868a719bce33609598f199",
            "messageTitle": "v1.1 Rename image filetype",
            "messageBody": "",
            "fileTypesAndContributionMap": {
              "docs": {
                "insertions": 1,
                "deletions": 1
              }
            }
          },
          {
            "hash": "b7d351902e6536a8c472b5a9ef2b2f305cfa6f64",
            "messageTitle": "Remove trailing whitespaces",
            "messageBody": "",
            "fileTypesAndContributionMap": {
              "functional-code": {
                "insertions": 1,
                "deletions": 1
              }
            }
          },
          {
            "hash": "fe1fa9cdb4c995935c170ac784a7b16dd15370e0",
            "messageTitle": "Checkstyle",
            "messageBody": "",
            "fileTypesAndContributionMap": {
              "functional-code": {
                "insertions": 5,
                "deletions": 5
              },
              "test-code": {
                "insertions": 9,
                "deletions": 9
              }
            }
          },
          {
            "hash": "566a62dc3b187caac79bb510df5549406aa0028c",
            "messageTitle": "Change list ingredients command to fridge",
            "messageBody": "",
            "fileTypesAndContributionMap": {
              "functional-code": {
                "insertions": 1,
                "deletions": 1
              }
            }
          }
        ]
      },
      {
        "date": "2020-10-08",
        "commitResults": [
          {
            "hash": "b1e2157df92f432b9957eedeb8ef1780c66bb38f",
            "messageTitle": "Add quantity field to Ingredient, modify relevant commands",
            "messageBody": "",
            "fileTypesAndContributionMap": {
              "functional-code": {
                "insertions": 157,
                "deletions": 67
              },
              "test-code": {
                "insertions": 172,
                "deletions": 49
              }
            }
          },
          {
            "hash": "60e5999eded22690e5422bdade0a5aa1ccd69b71",
            "messageTitle": "Remove whitespaces",
            "messageBody": "",
            "fileTypesAndContributionMap": {
              "functional-code": {
                "insertions": 9,
                "deletions": 9
              },
              "test-code": {
                "insertions": 6,
                "deletions": 6
              }
            }
          },
          {
            "hash": "fc4537b11677bb3b01651ca1ea6a2add64d9d6ce",
            "messageTitle": "Remove whitespaces",
            "messageBody": "",
            "fileTypesAndContributionMap": {
              "test-code": {
                "insertions": 1,
                "deletions": 1
              }
            }
          },
          {
            "hash": "079710614dee144b1f31ac7fe202bab6627dc303",
            "messageTitle": "Checkstyle",
            "messageBody": "",
            "fileTypesAndContributionMap": {
              "functional-code": {
                "insertions": 39,
                "deletions": 33
              },
              "test-code": {
                "insertions": 22,
                "deletions": 21
              }
            }
          }
        ]
      },
      {
        "date": "2020-10-10",
        "commitResults": [
          {
            "hash": "0e9b0b874e460ca58a0b320e34fe5b91896ea643",
            "messageTitle": "Update SampleDataUtil.java",
            "messageBody": "Remove extra bracket",
            "fileTypesAndContributionMap": {
              "functional-code": {
                "insertions": 1,
                "deletions": 1
              }
            }
          },
          {
            "hash": "e73c8d419553a5b45259bb8f5108d63a36f0e78d",
            "messageTitle": "Resolve merge conflict",
            "messageBody": "",
            "fileTypesAndContributionMap": {
              "test-code": {
                "insertions": 14,
                "deletions": 12
              }
            }
          },
          {
            "hash": "26720e639bc5fac575d9ca5d3d7638dbe1ea3061",
            "messageTitle": "Checkstyle",
            "messageBody": "",
            "fileTypesAndContributionMap": {
              "test-code": {
                "insertions": 16,
                "deletions": 18
              }
            }
          },
          {
            "hash": "200a7f3ec0f42849c20db721cf8a2b31b5e808dc",
            "messageTitle": "Update from merge conflicts",
            "messageBody": "",
            "fileTypesAndContributionMap": {
              "test-code": {
                "insertions": 3,
                "deletions": 1
              }
            }
          },
          {
            "hash": "ee6c32db81c92a6d7ba84b5ffc5447437d2e325a",
            "messageTitle": "Fix checkstyle",
            "messageBody": "",
            "fileTypesAndContributionMap": {
              "test-code": {
                "insertions": 14,
                "deletions": 7
              }
            }
          }
        ]
      },
      {
        "date": "2020-10-12",
        "commitResults": [
          {
            "hash": "b3232dafe213091da4ba70db7b17d9d2289b70cb",
            "messageTitle": "Add sample recipes",
            "messageBody": "",
            "fileTypesAndContributionMap": {
              "functional-code": {
                "insertions": 206,
                "deletions": 26
              }
            }
          },
          {
            "hash": "0c9572952d8fb177a2c427e8c51fd0bca3f606c8",
            "messageTitle": "Remove trailing whitespaces",
            "messageBody": "",
            "fileTypesAndContributionMap": {
              "functional-code": {
                "insertions": 93,
                "deletions": 93
              }
            }
          },
          {
            "hash": "8985c4fc385120458508fe0c44ee4ae1f76a7f12",
            "messageTitle": "Add fallback sample recipe data",
            "messageBody": "",
            "fileTypesAndContributionMap": {
              "functional-code": {
                "insertions": 24,
                "deletions": 1
              }
            }
          },
          {
            "hash": "459ee0b526a67bfe6ad1dfe440971720dacad99b",
            "messageTitle": "Checkstyle",
            "messageBody": "",
            "fileTypesAndContributionMap": {
              "functional-code": {
                "insertions": 5,
                "deletions": 5
              }
            }
          },
          {
            "hash": "7e9e363e82f97e819d4ade6bb78d8e506d36f7d8",
            "messageTitle": "Download sample recipe images",
            "messageBody": "",
            "fileTypesAndContributionMap": {
              "functional-code": {
                "insertions": 12,
                "deletions": 12
              }
            }
          }
        ]
      },
      {
        "date": "2020-10-16",
        "commitResults": [
          {
            "hash": "fe21ffcec36227d31103e9e730d3329daafc6412",
            "messageTitle": "EditRecipeCommand",
            "messageBody": "",
            "fileTypesAndContributionMap": {
              "functional-code": {
                "insertions": 147,
                "deletions": 11
              }
            }
          }
        ]
      },
      {
        "date": "2020-10-17",
        "commitResults": [
          {
            "hash": "3967729bed8d464fba11aa8b0007b595a874d0e8",
            "messageTitle": "EditRecipeCommand and EditIngredientCommand",
            "messageBody": "",
            "fileTypesAndContributionMap": {
              "functional-code": {
                "insertions": 438,
                "deletions": 64
              },
              "other": {
                "insertions": 84,
                "deletions": 60
              },
              "test-code": {
                "insertions": 26,
                "deletions": 16
              }
            }
          }
        ]
      },
      {
        "date": "2020-10-18",
        "commitResults": [
          {
            "hash": "d0eee1b9246d540d4ef2ccca89e003aff5163c22",
            "messageTitle": "Implement EditRecipeCommand, EditIngredientCommand and tests",
            "messageBody": "",
            "fileTypesAndContributionMap": {
              "functional-code": {
                "insertions": 54,
                "deletions": 33
              },
              "test-code": {
                "insertions": 986,
                "deletions": 144
              }
            }
          },
          {
            "hash": "9f1286b475234e63d58ab7eb8916fb949e849210",
            "messageTitle": "Checkstyle",
            "messageBody": "",
            "fileTypesAndContributionMap": {
              "functional-code": {
                "insertions": 56,
                "deletions": 43
              },
              "test-code": {
                "insertions": 266,
                "deletions": 222
              }
            }
          },
          {
            "hash": "5d95d13650cd76472708d2a9db2e3c5182f0de98",
            "messageTitle": "Address reviews",
            "messageBody": "",
            "fileTypesAndContributionMap": {
              "functional-code": {
                "insertions": 1,
                "deletions": 1
              }
            }
          }
        ]
      },
      {
        "date": "2020-10-21",
        "commitResults": [
          {
            "hash": "ecaadb2305d024b72998b72cf4f000ffa86e3467",
            "messageTitle": "Fix recipeImage and editRecipeCommand",
            "messageBody": "",
            "fileTypesAndContributionMap": {
              "functional-code": {
                "insertions": 6,
                "deletions": 4
              }
            }
          },
          {
            "hash": "5c4ed11a8036cd68616ef4bd95f3c43d7f79de87",
            "messageTitle": "Update DG ListIngredientsCommand",
            "messageBody": "",
            "fileTypesAndContributionMap": {
              "docs": {
                "insertions": 30,
                "deletions": 0
              }
            }
          },
          {
            "hash": "6fd4d7f4226decaff1e3f316662c53f5e0c6e38b",
            "messageTitle": "Minor change",
            "messageBody": "",
            "fileTypesAndContributionMap": {
              "docs": {
                "insertions": 4,
                "deletions": 6
              }
            }
          },
          {
            "hash": "e24436a241d6a23e02236b122424f11430806cc7",
            "messageTitle": "Minor change",
            "messageBody": "",
            "fileTypesAndContributionMap": {
              "docs": {
                "insertions": 4,
                "deletions": 4
              }
            }
          },
          {
            "hash": "e5355f8d432e7aa340c02c577fc429433f92af90",
            "messageTitle": "Minor change",
            "messageBody": "",
            "fileTypesAndContributionMap": {
              "docs": {
                "insertions": 1,
                "deletions": 1
              }
            }
          }
        ]
      }
    ],
    "caitlinjee": [
      {
        "date": "2020-09-19",
        "commitResults": [
          {
            "hash": "f28f1f7e4cc849f88ce9029731aaac8bb6779e8b",
            "messageTitle": "Add use cases to developer guide",
            "messageBody": "",
            "fileTypesAndContributionMap": {
              "docs": {
                "insertions": 115,
                "deletions": 8
              }
            }
          },
          {
            "hash": "b9cae868e000245785624e2a356586cd82a32f75",
            "messageTitle": "Fix typos",
            "messageBody": "",
            "fileTypesAndContributionMap": {
              "docs": {
                "insertions": 3,
                "deletions": 3
              }
            }
          },
          {
            "hash": "09dd5625ce91f94c027e3bf34c1ecd283ffd670e",
            "messageTitle": "Update AboutUs",
            "messageBody": "",
            "fileTypesAndContributionMap": {
              "docs": {
                "insertions": 7,
                "deletions": 7
              }
            }
          },
          {
            "hash": "0ec1703a685cd673ba94f561350ed9fcb9363cd3",
            "messageTitle": "Update AboutUs",
            "messageBody": "",
            "fileTypesAndContributionMap": {
              "docs": {
                "insertions": 9,
                "deletions": 10
              }
            }
          },
          {
            "hash": "91435784276ae076a88340e04250de45778f807e",
            "messageTitle": "Update developer guide",
            "messageBody": "",
            "fileTypesAndContributionMap": {
              "docs": {
                "insertions": 10,
                "deletions": 10
              }
            }
          },
          {
            "hash": "593a4e1a74c5585a85de396d402b2ef484a0aaed",
            "messageTitle": "Update DeveloperGuide.md",
            "messageBody": "",
            "fileTypesAndContributionMap": {
              "docs": {
                "insertions": 9,
                "deletions": 9
              }
            }
          }
        ]
      },
      {
        "date": "2020-09-23",
        "commitResults": [
          {
            "hash": "e3a9c6d3606e81c1ff872dd92e9f2dfb47675eba",
            "messageTitle": "Update index.md",
            "messageBody": "",
            "fileTypesAndContributionMap": {
              "docs": {
                "insertions": 6,
                "deletions": 6
              }
            }
          }
        ]
      },
      {
        "date": "2020-09-26",
        "commitResults": [
          {
            "hash": "a0260ad7ec20ce857575f59c53d96a49cd8d3d5a",
            "messageTitle": "Add AddIngredient command",
            "messageBody": "",
            "fileTypesAndContributionMap": {
              "functional-code": {
                "insertions": 531,
                "deletions": 2
              },
              "test-code": {
                "insertions": 501,
                "deletions": 2
              }
            }
          },
          {
            "hash": "731b108acb0e0a0770f9242d2f7e7b456413c910",
            "messageTitle": "Fix checkStyle errors",
            "messageBody": "",
            "fileTypesAndContributionMap": {
              "test-code": {
                "insertions": 0,
                "deletions": 10
              }
            }
          },
          {
            "hash": "4e01e35e41f0e40bef1e475de13619dfe38cca08",
            "messageTitle": "Fix checkStyle errors",
            "messageBody": "",
            "fileTypesAndContributionMap": {
              "functional-code": {
                "insertions": 1,
                "deletions": 5
              }
            }
          }
        ]
      },
      {
        "date": "2020-09-27",
        "commitResults": [
          {
            "hash": "d9ce9782cc9fc7c6ecb4d6bd9c6e0ba563a6a0bd",
            "messageTitle": "Add SearchIngredient command",
            "messageBody": "",
            "fileTypesAndContributionMap": {
              "functional-code": {
                "insertions": 132,
                "deletions": 0
              },
              "test-code": {
                "insertions": 209,
                "deletions": 0
              }
            }
          }
        ]
      },
      {
        "date": "2020-10-04",
        "commitResults": [
          {
            "hash": "8e21f4bafef35681b3b6bc98fd8fc922b92e0fde",
            "messageTitle": "Add DeleteConsumption command",
            "messageBody": "",
            "fileTypesAndContributionMap": {
              "functional-code": {
                "insertions": 218,
                "deletions": 3
              },
              "test-code": {
                "insertions": 214,
                "deletions": 0
              }
            }
          }
        ]
      },
      {
        "date": "2020-10-10",
        "commitResults": [
          {
            "hash": "99f8dda6a584aac132d8bdc774175eb079010d75",
            "messageTitle": "Add tags",
            "messageBody": "",
            "fileTypesAndContributionMap": {
              "functional-code": {
                "insertions": 137,
                "deletions": 31
              }
            }
          },
          {
            "hash": "fc7fe0f1c8f73d66fa9dd14e68714e7d67451560",
            "messageTitle": "Add tests for tags",
            "messageBody": "",
            "fileTypesAndContributionMap": {
              "functional-code": {
                "insertions": 8,
                "deletions": 10
              },
              "test-code": {
                "insertions": 114,
                "deletions": 42
              }
            }
          },
          {
            "hash": "e67496c409503890b7b407c837e885015f8e7bbb",
            "messageTitle": "Fix checkstyle",
            "messageBody": "",
            "fileTypesAndContributionMap": {
              "functional-code": {
                "insertions": 1,
                "deletions": 3
              }
            }
          },
          {
            "hash": "8f397d2e2676ad2cdd8a7abf8d4969f27746f090",
            "messageTitle": "Update unit tests",
            "messageBody": "",
            "fileTypesAndContributionMap": {
              "test-code": {
                "insertions": 146,
                "deletions": 190
              }
            }
          },
          {
            "hash": "9fa91ef1b73955d94dc453c492f71ce5bbaf2bac",
            "messageTitle": "Fix checkstyle",
            "messageBody": "",
            "fileTypesAndContributionMap": {
              "test-code": {
                "insertions": 0,
                "deletions": 1
              }
            }
          }
        ]
      },
      {
        "date": "2020-10-11",
        "commitResults": [
          {
            "hash": "f33b10b2c937addfe7a531097a306bf9c10f7745",
            "messageTitle": "Fix checkstyle",
            "messageBody": "",
            "fileTypesAndContributionMap": {
              "test-code": {
                "insertions": 5,
                "deletions": 5
              }
            }
          }
        ]
      },
      {
        "date": "2020-10-14",
        "commitResults": [
          {
            "hash": "0935554f7f7b59e16c8a7b0bd39661af3e49a1a9",
            "messageTitle": "Add SearchByTag and SearchByIngredient",
            "messageBody": "",
            "fileTypesAndContributionMap": {
              "functional-code": {
                "insertions": 142,
                "deletions": 13
              }
            }
          }
        ]
      },
      {
        "date": "2020-10-16",
        "commitResults": [
          {
            "hash": "9e2a16750f5e672f5df50f4929ff433eb683d4bd",
            "messageTitle": "Add RecommendCommand",
            "messageBody": "",
            "fileTypesAndContributionMap": {
              "functional-code": {
                "insertions": 113,
                "deletions": 6
              }
            }
          },
          {
            "hash": "4abc10765643932c4c8d52a8d007faefddef3287",
            "messageTitle": "Improve code quality",
            "messageBody": "",
            "fileTypesAndContributionMap": {
              "functional-code": {
                "insertions": 5,
                "deletions": 6
              }
            }
          },
          {
            "hash": "8df6f33eb6b50f16a65ab2e068e2e916f9153631",
            "messageTitle": "Update user guide",
            "messageBody": "",
            "fileTypesAndContributionMap": {
              "docs": {
                "insertions": 50,
                "deletions": 14
              }
            }
          },
          {
            "hash": "57fb4d4359dcacd5b8ac8a943d960ab18f1680e5",
            "messageTitle": "Update user guide",
            "messageBody": "",
            "fileTypesAndContributionMap": {
              "docs": {
                "insertions": 1,
                "deletions": 1
              }
            }
          },
          {
            "hash": "7cb5b09529786685cfcf41c51b1272215bcb87ec",
            "messageTitle": "Update user guide",
            "messageBody": "",
            "fileTypesAndContributionMap": {
              "docs": {
                "insertions": 3,
                "deletions": 3
              }
            }
          }
        ]
      },
      {
        "date": "2020-10-18",
        "commitResults": [
          {
            "hash": "430eda8368c2089182fbf9c1876c535220b898a1",
            "messageTitle": "Add assertions and logging",
            "messageBody": "",
            "fileTypesAndContributionMap": {
              "functional-code": {
                "insertions": 12,
                "deletions": 0
              },
              "other": {
                "insertions": 4,
                "deletions": 0
              }
            }
          }
        ]
      },
      {
        "date": "2020-10-20",
        "commitResults": [
          {
            "hash": "a2a1fcb46e74075b3a5e57af10e6aec83369e609",
            "messageTitle": "Update developer guide",
            "messageBody": "",
            "fileTypesAndContributionMap": {
              "docs": {
                "insertions": 131,
                "deletions": 0
              }
            }
          },
          {
            "hash": "9eb4dd607dd1437dbc0af491b7da0762ac28881e",
            "messageTitle": "Add changes according to comments",
            "messageBody": "",
            "fileTypesAndContributionMap": {
              "docs": {
                "insertions": 2,
                "deletions": 2
              }
            }
          }
        ]
      },
      {
        "date": "2020-10-21",
        "commitResults": [
          {
            "hash": "b7a11355f0734e267362f2dcc4a32f8a35660cda",
            "messageTitle": "Update dg (addingredient, recommend, searchrecipe)",
            "messageBody": "",
            "fileTypesAndContributionMap": {
              "docs": {
                "insertions": 19,
                "deletions": 28
              }
            }
          }
        ]
      }
    ]
  },
  "authorFileTypeContributionMap": {
    "TianYong-Goh": {
      "docs": 149,
      "functional-code": 880,
      "test-code": 1769,
      "other": 1
    },
    "daongochieu2810": {
      "docs": 209,
      "functional-code": 1175,
      "test-code": 889,
      "other": 5
    },
    "jiaqi20": {
      "docs": 73,
      "functional-code": 200,
      "test-code": 98
    },
    "oliviajohansen": {
      "docs": 79,
      "functional-code": 1066,
      "test-code": 1401
    },
    "caitlinjee": {
      "docs": 273,
      "functional-code": 1215,
      "test-code": 966,
      "other": 4
    }
  },
  "authorContributionVariance": {
    "TianYong-Goh": 44880.945,
    "daongochieu2810": 518299.72,
    "jiaqi20": 2207.6125,
    "oliviajohansen": 61083.117,
    "caitlinjee": 26779.447
  },
  "authorDisplayNameMap": {
    "TianYong-Goh": "CS2103T-W10-2 GOH ..YONG",
    "daongochieu2810": "CS2103T-W10-2 DAO ..HIEU",
    "jiaqi20": "CS2103T-W10-2 TAN ..A QI",
    "oliviajohansen": "CS2103T-W10-2 OLIV..NSEN",
    "caitlinjee": "CS2103T-W10-2 CAIT..N-YI"
  }
}
