{
  "authorDailyContributionsMap": {
    "ijavierja": [
      {
        "date": "2020-09-28",
        "commitResults": [
          {
            "hash": "9db6d64e40453a605347248837ca8a3c1687fda2",
            "messageTitle": "Update User Guide to match our one",
            "messageBody": "",
            "tags": [
              "v1.1_UG"
            ],
            "fileTypesAndContributionMap": {
              "docs": {
                "insertions": 17,
                "deletions": 116
              }
            }
          }
        ]
      },
      {
        "date": "2020-09-29",
        "commitResults": [
          {
            "hash": "08f33e594e6c30f7f9cbde1a9024e2f173b0e281",
            "messageTitle": "Add profile picture and Edit AboutUs to include my profile link",
            "messageBody": "",
            "fileTypesAndContributionMap": {
              "docs": {
                "insertions": 2,
                "deletions": 2
              }
            }
          },
          {
            "hash": "530b83570134fa4face00c8863ff56705354c48f",
            "messageTitle": "Edit UserGuide",
            "messageBody": "",
            "fileTypesAndContributionMap": {
              "docs": {
                "insertions": 4,
                "deletions": 4
              }
            }
          }
        ]
      },
      {
        "date": "2020-09-30",
        "commitResults": [
          {
            "hash": "00c22deda6aad549515ed34c134e1ad4b45fe4ff",
            "messageTitle": "Update UserGuide",
            "messageBody": "",
            "fileTypesAndContributionMap": {
              "docs": {
                "insertions": 23,
                "deletions": 7
              }
            }
          },
          {
            "hash": "7d1bae8c8782ca1c90b7a3339e0cb764ba874a72",
            "messageTitle": "Update user guide",
            "messageBody": "",
            "fileTypesAndContributionMap": {
              "docs": {
                "insertions": 3,
                "deletions": 3
              }
            }
          },
          {
            "hash": "a70d5c39292365e42102ab7ace5589a15e86db27",
            "messageTitle": "Edit User guide",
            "messageBody": "",
            "fileTypesAndContributionMap": {
              "docs": {
                "insertions": 3,
                "deletions": 3
              }
            }
          }
        ]
      },
      {
        "date": "2020-10-07",
        "commitResults": [
          {
            "hash": "e33cfb51127ff0786f9e122f887b240c38bdb4f7",
            "messageTitle": "removed find and edit from switch statement in clientlistparser and remove tests in clientlistparsertest involving these keywords",
            "messageBody": "",
            "fileTypesAndContributionMap": {
              "functional-code": {
                "insertions": 0,
                "deletions": 6
              },
              "test-code": {
                "insertions": 0,
                "deletions": 17
              }
            }
          }
        ]
      },
      {
        "date": "2020-10-12",
        "commitResults": [
          {
            "hash": "e77517b5458553781d4d42f876f4291ac9527cc8",
            "messageTitle": "Edit tag package to clientsource",
            "messageBody": "",
            "fileTypesAndContributionMap": {
              "functional-code": {
                "insertions": 15,
                "deletions": 15
              },
              "other": {
                "insertions": 5,
                "deletions": 5
              },
              "test-code": {
                "insertions": 10,
                "deletions": 10
              }
            }
          },
          {
            "hash": "f54c88ea774cc322388f5c17223f5134dab313f8",
            "messageTitle": "change tag to clientsource",
            "messageBody": "",
            "fileTypesAndContributionMap": {
              "functional-code": {
                "insertions": 162,
                "deletions": 162
              },
              "test-code": {
                "insertions": 172,
                "deletions": 172
              }
            }
          },
          {
            "hash": "d066c0e81191580ca1c9a87be09bc57c668c5535",
            "messageTitle": "Changed valid syntax for clientsource. Need to update tests as they are failing",
            "messageBody": "",
            "fileTypesAndContributionMap": {
              "functional-code": {
                "insertions": 2,
                "deletions": 2
              },
              "other": {
                "insertions": 0,
                "deletions": 0
              },
              "test-code": {
                "insertions": 3,
                "deletions": 3
              }
            }
          }
        ]
      }
    ],
    "Joven-Heng": [
      {
        "date": "2020-09-12",
        "commitResults": [
          {
            "hash": "256bc8b7a5188c9195a4a3a03312861865859214",
            "messageTitle": "test commmit",
            "messageBody": "",
            "fileTypesAndContributionMap": {
              "docs": {
                "insertions": 2,
                "deletions": 0
              }
            }
          }
        ]
      },
      {
        "date": "2020-09-14",
        "commitResults": [
          {
            "hash": "0152f59724e96be5ffe36c15caaad3f53be12d79",
            "messageTitle": "Update README.md",
            "messageBody": "",
            "fileTypesAndContributionMap": {
              "docs": {
                "insertions": 1,
                "deletions": 1
              }
            }
          }
        ]
      },
      {
        "date": "2020-09-18",
        "commitResults": [
          {
            "hash": "d786b955c8386efae0c20ca197b7f897aba9a866",
            "messageTitle": "Update README.md",
            "messageBody": "To pass CI test",
            "fileTypesAndContributionMap": {
              "docs": {
                "insertions": 1,
                "deletions": 1
              }
            }
          }
        ]
      },
      {
        "date": "2020-09-23",
        "commitResults": [
          {
            "hash": "a25edc3a0b79e2c1c288071ef7c57f4dc4c41572",
            "messageTitle": "Update ReadMe file",
            "messageBody": "Let\u0027s\nInclude credits for SE and CS2103 Teaching Team\nInclude future goals for this project\n",
            "fileTypesAndContributionMap": {
              "docs": {
                "insertions": 17,
                "deletions": 9
              }
            }
          }
        ]
      },
      {
        "date": "2020-09-24",
        "commitResults": [
          {
            "hash": "c0f4fad8484fdc006bb5bc756df9fed51345a1bd",
            "messageTitle": "Update Readme",
            "messageBody": "Let\u0027s\nInclude website\n",
            "fileTypesAndContributionMap": {
              "docs": {
                "insertions": 3,
                "deletions": 3
              }
            }
          }
        ]
      },
      {
        "date": "2020-09-25",
        "commitResults": [
          {
            "hash": "a8772bc7420bc6c3c83fcbad06a056cdae6dfaad",
            "messageTitle": "Update Joven AboutUS and roles for each user.",
            "messageBody": "",
            "fileTypesAndContributionMap": {
              "docs": {
                "insertions": 14,
                "deletions": 34
              }
            }
          }
        ]
      },
      {
        "date": "2020-09-29",
        "commitResults": [
          {
            "hash": "643191d4c8560cb221d2721102af663268a2640d",
            "messageTitle": "Update AboutUS.md",
            "messageBody": "Let\u0027s\nInclude homepage webpage link\n",
            "fileTypesAndContributionMap": {
              "docs": {
                "insertions": 10,
                "deletions": 3
              }
            }
          },
          {
            "hash": "58e88bb46c82fa0a0a902e2a9d836df568a22d3f",
            "messageTitle": "Update README",
            "messageBody": "Let\u0027s\nInclude UI pic\nUpdate CI website link\nFix spacing consistency issues\n",
            "fileTypesAndContributionMap": {
              "docs": {
                "insertions": 5,
                "deletions": 5
              }
            }
          },
          {
            "hash": "40903895de5053e8a1e8128dfb10be7268be4aac",
            "messageTitle": "Revert \"Update README\"",
            "messageBody": "This reverts commit 58e88bb46c82fa0a0a902e2a9d836df568a22d3f.\n",
            "fileTypesAndContributionMap": {
              "docs": {
                "insertions": 5,
                "deletions": 5
              }
            }
          },
          {
            "hash": "2a19918570a92599976cea46b478da42876fd9d2",
            "messageTitle": "Revert \"Revert \"Update README\"\"",
            "messageBody": "This reverts commit 40903895de5053e8a1e8128dfb10be7268be4aac.\n",
            "fileTypesAndContributionMap": {
              "docs": {
                "insertions": 5,
                "deletions": 5
              }
            }
          },
          {
            "hash": "1ebed353d0d5c33c5ffbcd87d9f2b6dec44188b4",
            "messageTitle": "Change name of product",
            "messageBody": "",
            "fileTypesAndContributionMap": {
              "docs": {
                "insertions": 2,
                "deletions": 2
              }
            }
          }
        ]
      },
      {
        "date": "2020-10-01",
        "commitResults": [
          {
            "hash": "f96342a87152ffddf1df00354e83e563e2bee9c6",
            "messageTitle": "Change addressbook usages to clientlist",
            "messageBody": "Let\u0027s\nChange all instances of addressbook to clientlist in src and\npref.json\nChange all instances of address book to client list in src and\npref.json\n(non-case sensitive)\n\nLeft out changes in github Addressbook changes and old addressbook\nlogs\n",
            "fileTypesAndContributionMap": {
              "functional-code": {
                "insertions": 198,
                "deletions": 198
              },
              "other": {
                "insertions": 81,
                "deletions": 81
              },
              "test-code": {
                "insertions": 246,
                "deletions": 246
              }
            }
          }
        ]
      },
      {
        "date": "2020-10-04",
        "commitResults": [
          {
            "hash": "f2245a6a3f483acd7240be148f6adca674e60da0",
            "messageTitle": "Change address-book to client-list",
            "messageBody": "",
            "fileTypesAndContributionMap": {
              "functional-code": {
                "insertions": 1,
                "deletions": 1
              }
            }
          }
        ]
      },
      {
        "date": "2020-10-10",
        "commitResults": [
          {
            "hash": "22379728ba4f315eff38e22cc8efc01070852f14",
            "messageTitle": "Create Note Field",
            "messageBody": "",
            "fileTypesAndContributionMap": {
              "functional-code": {
                "insertions": 154,
                "deletions": 28
              },
              "test-code": {
                "insertions": 155,
                "deletions": 49
              }
            }
          }
        ]
      },
      {
        "date": "2020-10-11",
        "commitResults": [
          {
            "hash": "9a13e2c1799e7e049550e7c383c9fab48876c5d7",
            "messageTitle": "Change note command to o/",
            "messageBody": "",
            "fileTypesAndContributionMap": {
              "functional-code": {
                "insertions": 1,
                "deletions": 1
              }
            }
          }
        ]
      },
      {
        "date": "2020-10-12",
        "commitResults": [
          {
            "hash": "9adbca6a208becabc5b8f5c6297d1900a2504946",
            "messageTitle": "Update based on WeiJie and Javier suggestion",
            "messageBody": "",
            "fileTypesAndContributionMap": {
              "functional-code": {
                "insertions": 20,
                "deletions": 16
              },
              "other": {
                "insertions": 0,
                "deletions": 0
              },
              "test-code": {
                "insertions": 3,
                "deletions": 5
              }
            }
          },
          {
            "hash": "ab4c3518eb01036b79709b839fdaf3cec0fa9251",
            "messageTitle": "Fix Checkstyle",
            "messageBody": "",
            "fileTypesAndContributionMap": {
              "functional-code": {
                "insertions": 7,
                "deletions": 7
              }
            }
          },
          {
            "hash": "20e34c558426ceb394d57d820b21cb6840e8d40e",
            "messageTitle": "Push draft branch with minimal changes",
            "messageBody": "",
            "fileTypesAndContributionMap": {
              "docs": {
                "insertions": 1,
                "deletions": 0
              }
            }
          }
        ]
      },
      {
        "date": "2020-10-13",
        "commitResults": [
          {
            "hash": "10afb8db55eda6a978dbc60e1eb4e19271ccda26",
            "messageTitle": "Change userguide to reflect change from Source to ClientSource",
            "messageBody": "",
            "fileTypesAndContributionMap": {
              "docs": {
                "insertions": 5,
                "deletions": 5
              }
            }
          }
        ]
      },
      {
        "date": "2020-10-19",
        "commitResults": [
          {
            "hash": "1d79cfd85a71fecfce7846feff472eef56d9754b",
            "messageTitle": "Update DeveloperGuide.md",
            "messageBody": "",
            "fileTypesAndContributionMap": {
              "docs": {
                "insertions": 60,
                "deletions": 1
              }
            }
          },
          {
            "hash": "ec688dc606619d934e9174989c302b7ea7c7258b",
            "messageTitle": "Update DeveloperGuide.md",
            "messageBody": "",
            "fileTypesAndContributionMap": {
              "docs": {
                "insertions": 2,
                "deletions": 0
              }
            }
          }
        ]
      },
      {
        "date": "2020-10-22",
        "commitResults": [
          {
            "hash": "fed987ca69b1670915bd68bf70adebea9da9fc3c",
            "messageTitle": "Update DeveloperGuide.md",
            "messageBody": "",
            "fileTypesAndContributionMap": {
              "docs": {
                "insertions": 17,
                "deletions": 38
              }
            }
          }
        ]
      },
      {
        "date": "2020-10-24",
        "commitResults": [
          {
            "hash": "b123912befa12996f0107a82246a684eaeaa872c",
            "messageTitle": "Done Priority Feature",
            "messageBody": "",
            "fileTypesAndContributionMap": {
              "functional-code": {
                "insertions": 207,
                "deletions": 20
              },
              "test-code": {
                "insertions": 240,
                "deletions": 56
              }
            }
          },
          {
            "hash": "9b5306b61ba2fa3eaaa6a244e78168c1cd43f0d2",
            "messageTitle": "Fix according to WeiJie\u0027s suggestions",
            "messageBody": "Lets:\nRemove null checks for priority\nChange necessary comments and javadocs\n",
            "fileTypesAndContributionMap": {
              "functional-code": {
                "insertions": 8,
                "deletions": 19
              },
              "test-code": {
                "insertions": 1,
                "deletions": 1
              }
            }
          }
        ]
      },
      {
        "date": "2020-10-25",
        "commitResults": [
          {
            "hash": "19a4f019fdaa480412ad620f07fe83ed58624202",
            "messageTitle": "Updated UI for Priority",
            "messageBody": "",
            "fileTypesAndContributionMap": {
              "functional-code": {
                "insertions": 78,
                "deletions": 5
              }
            }
          },
          {
            "hash": "ddee579821516e19b4d5df488fd26c19e4469af8",
            "messageTitle": "Change javafx version to 8",
            "messageBody": "",
            "fileTypesAndContributionMap": {
              "functional-code": {
                "insertions": 1,
                "deletions": 1
              }
            }
          },
          {
            "hash": "904bdff956523e82ed1c922a3ca0ac66587e629c",
            "messageTitle": "Minor javadoc edit",
            "messageBody": "",
            "fileTypesAndContributionMap": {
              "functional-code": {
                "insertions": 1,
                "deletions": 1
              }
            }
          }
        ]
      }
    ],
    "WeiJie96": [
      {
        "date": "2020-09-25",
        "commitResults": [
          {
            "hash": "3e1ec2b2e5678cb4b9df2f188c944f37783fa3b4",
            "messageTitle": "Update DG for v1.2",
            "messageBody": "",
            "fileTypesAndContributionMap": {
              "docs": {
                "insertions": 77,
                "deletions": 261
              }
            }
          }
        ]
      },
      {
        "date": "2020-09-27",
        "commitResults": [
          {
            "hash": "fd234f02670c506b9cbf5a40475a560f156250e0",
            "messageTitle": "Update dg to include more steps and extensions for delete client use case",
            "messageBody": "",
            "fileTypesAndContributionMap": {
              "docs": {
                "insertions": 16,
                "deletions": 10
              }
            }
          }
        ]
      },
      {
        "date": "2020-09-29",
        "commitResults": [
          {
            "hash": "c6a25c22b199691dc09222402c14c293b6466dec",
            "messageTitle": "Dummy commit",
            "messageBody": "",
            "fileTypesAndContributionMap": {
              "docs": {
                "insertions": 1,
                "deletions": 0
              }
            }
          }
        ]
      },
      {
        "date": "2020-09-30",
        "commitResults": [
          {
            "hash": "784589d33f7af40949b97eb1a20220315d9fa23a",
            "messageTitle": "Update AboutUs to wei jie\u0027s profile Remove dummy johndoe\u0027s picture",
            "messageBody": "",
            "fileTypesAndContributionMap": {
              "docs": {
                "insertions": 7,
                "deletions": 9
              }
            }
          }
        ]
      },
      {
        "date": "2020-10-11",
        "commitResults": [
          {
            "hash": "3caf54cf7cc8057c435782d562a752f5e159e5b0",
            "messageTitle": "Make phone optional Let\u0027s update the parser and model first, and update the UI later",
            "messageBody": "",
            "fileTypesAndContributionMap": {
              "functional-code": {
                "insertions": 61,
                "deletions": 40
              }
            }
          }
        ]
      },
      {
        "date": "2020-10-12",
        "commitResults": [
          {
            "hash": "12bb982601ead0938045cf33be13f036f26fabf2",
            "messageTitle": "Make address, phone, emaill optional",
            "messageBody": "Fields are compulsory, but insurance agents may not get the info\nall the time.\n\nLet\u0027s make them optional by using null,\nand save them as null in the JSON storage,\nand not display the field if it is not present\n",
            "fileTypesAndContributionMap": {
              "functional-code": {
                "insertions": 153,
                "deletions": 88
              },
              "test-code": {
                "insertions": 132,
                "deletions": 41
              }
            }
          },
          {
            "hash": "e15068691c0701ccc807de727665af594bf14fd8",
            "messageTitle": "Update UG URL to I4I\u0027s UG URL",
            "messageBody": "",
            "fileTypesAndContributionMap": {
              "functional-code": {
                "insertions": 1,
                "deletions": 1
              }
            }
          },
          {
            "hash": "43b356d88e9978df4173c5cc524e63f630a602e7",
            "messageTitle": "Fix typo * Change explaning to explaining",
            "messageBody": "",
            "fileTypesAndContributionMap": {
              "docs": {
                "insertions": 4,
                "deletions": 2
              }
            }
          },
          {
            "hash": "1b2f8556584a22216be9735e18ad0e3e4e877ab0",
            "messageTitle": "Fix DG formatting by adjusting indentation",
            "messageBody": "",
            "fileTypesAndContributionMap": {
              "docs": {
                "insertions": 1,
                "deletions": 1
              }
            }
          },
          {
            "hash": "0555244fd35e81cb185d0ed1bced964ad935726b",
            "messageTitle": "Add back Unused Imports checking in Checkstyle",
            "messageBody": "Remove unused imports to pass checkstyle\n",
            "fileTypesAndContributionMap": {
              "functional-code": {
                "insertions": 0,
                "deletions": 2
              },
              "test-code": {
                "insertions": 0,
                "deletions": 9
              }
            }
          },
          {
            "hash": "74712b4a0b567fb5de9df50c59f17c8c55d3121f",
            "messageTitle": "Edit minor string formatting for add command message",
            "messageBody": "",
            "fileTypesAndContributionMap": {
              "functional-code": {
                "insertions": 1,
                "deletions": 1
              }
            }
          },
          {
            "hash": "7ee76fc45e77f405f2345a74abc9dda953c21599",
            "messageTitle": "Update index.md to match our project",
            "messageBody": "",
            "fileTypesAndContributionMap": {
              "docs": {
                "insertions": 9,
                "deletions": 8
              }
            }
          }
        ]
      },
      {
        "date": "2020-10-13",
        "commitResults": [
          {
            "hash": "d1951966ed3ea7e4d20be43689bb575c0ef4fba2",
            "messageTitle": "Dummy commit",
            "messageBody": "",
            "fileTypesAndContributionMap": {
              "docs": {
                "insertions": 1,
                "deletions": 0
              }
            }
          },
          {
            "hash": "cea52f3593a8e76684cc5fb8514dd0561c31ec5c",
            "messageTitle": "Make note an optional field",
            "messageBody": "Note is compulsory, but the user may not want to add notes.\n\nLet\u0027s make note optional by using null, and add in tests to\nensure that it works.\nStore the field as null in the JSON storage.\nDo not display the field if note is not present.\n",
            "fileTypesAndContributionMap": {
              "functional-code": {
                "insertions": 30,
                "deletions": 13
              },
              "test-code": {
                "insertions": 48,
                "deletions": 10
              }
            }
          },
          {
            "hash": "11faba8e4243067cad4600634aa72d8ee00ce57c",
            "messageTitle": "Remove exit and clear commands",
            "messageBody": "",
            "fileTypesAndContributionMap": {
              "functional-code": {
                "insertions": 0,
                "deletions": 6
              },
              "test-code": {
                "insertions": 0,
                "deletions": 12
              }
            }
          },
          {
            "hash": "e9c511e0cdb7b74d16f0ac58ea07cce8f2b6264b",
            "messageTitle": "Add back unused imports checkstyle Maintain checkstyle",
            "messageBody": "",
            "fileTypesAndContributionMap": {
              "functional-code": {
                "insertions": 0,
                "deletions": 2
              },
              "test-code": {
                "insertions": 0,
                "deletions": 2
              }
            }
          },
          {
            "hash": "296a7424debd8fe70cd21f97e3527f34b96f4599",
            "messageTitle": "Add in help image",
            "messageBody": "",
            "fileTypesAndContributionMap": {
              "docs": {
                "insertions": 1,
                "deletions": 1
              }
            }
          },
          {
            "hash": "a318a5437d307d82ab7c2d2273040a489286c04b",
            "messageTitle": "Fix new line bug",
            "messageBody": "",
            "fileTypesAndContributionMap": {
              "docs": {
                "insertions": 1,
                "deletions": 0
              }
            }
          },
          {
            "hash": "a68a1fc88d09f0e131181a19cf5d073bc56610dc",
            "messageTitle": "Add help use case and user story",
            "messageBody": "",
            "fileTypesAndContributionMap": {
              "docs": {
                "insertions": 19,
                "deletions": 1
              }
            }
          },
          {
            "hash": "e66da8d5b4661488cf9eedd408deba5f671db1e5",
            "messageTitle": "Change minimum number of character of client source to 1",
            "messageBody": "",
            "fileTypesAndContributionMap": {
              "functional-code": {
                "insertions": 3,
                "deletions": 2
              }
            }
          },
          {
            "hash": "30a1ffc6351da0f35e07b1e7e2c2a0dccf0e494f",
            "messageTitle": "Add space in add command error message",
            "messageBody": "",
            "fileTypesAndContributionMap": {
              "functional-code": {
                "insertions": 1,
                "deletions": 1
              }
            }
          },
          {
            "hash": "7c275121cf363f2b74fd50a65edb90dc4813b11d",
            "messageTitle": "Fix checkstyle for \"+\" in string",
            "messageBody": "",
            "fileTypesAndContributionMap": {
              "functional-code": {
                "insertions": 2,
                "deletions": 2
              }
            }
          },
          {
            "hash": "25ff888e2038ecd008c21bf3fdf9172e924dec0c",
            "messageTitle": "Change example client source to a more suitable one",
            "messageBody": "",
            "fileTypesAndContributionMap": {
              "functional-code": {
                "insertions": 1,
                "deletions": 1
              }
            }
          },
          {
            "hash": "b03523fa5e4003fe706286b7ae6118254adb757c",
            "messageTitle": "Change client source error message to more intuitive",
            "messageBody": "",
            "fileTypesAndContributionMap": {
              "functional-code": {
                "insertions": 3,
                "deletions": 2
              }
            }
          },
          {
            "hash": "d5475d9aaf4d50e1d1c60487700b11674f202eee",
            "messageTitle": "Change NFR from require Java 11 or above to just Java 11",
            "messageBody": "",
            "fileTypesAndContributionMap": {
              "docs": {
                "insertions": 1,
                "deletions": 1
              }
            }
          }
        ]
      },
      {
        "date": "2020-10-23",
        "commitResults": [
          {
            "hash": "5705cbfde6d3de4a0b3a11047b4b2889ce3fc0b5",
            "messageTitle": "Update DG for proposed archive implementation",
            "messageBody": "",
            "fileTypesAndContributionMap": {
              "docs": {
                "insertions": 78,
                "deletions": 2
              }
            }
          },
          {
            "hash": "ea2bc9d9f2bdd76358173ad4f5c57ce1419fc0fb",
            "messageTitle": "Fix bugs in dg",
            "messageBody": "",
            "fileTypesAndContributionMap": {
              "docs": {
                "insertions": 10,
                "deletions": 7
              }
            }
          }
        ]
      },
      {
        "date": "2020-10-24",
        "commitResults": [
          {
            "hash": "5fd5c25f8f4ca8005b6da8b8aa1092551d455031",
            "messageTitle": "Add isArchive field in Person class Update json files to include all fields",
            "messageBody": "",
            "fileTypesAndContributionMap": {
              "functional-code": {
                "insertions": 39,
                "deletions": 7
              },
              "test-code": {
                "insertions": 26,
                "deletions": 12
              }
            }
          },
          {
            "hash": "5d25e721608fd24c82109480ee1d4a6fc9ff9ae7",
            "messageTitle": "Add set and get archive mode in Model API Add box for archive mode on UI",
            "messageBody": "",
            "fileTypesAndContributionMap": {
              "functional-code": {
                "insertions": 77,
                "deletions": 0
              }
            }
          },
          {
            "hash": "fd40815ded0f67ffd0f7b616125ce7b023d8340b",
            "messageTitle": "Fix test and checkstyle",
            "messageBody": "",
            "fileTypesAndContributionMap": {
              "functional-code": {
                "insertions": 0,
                "deletions": 1
              },
              "test-code": {
                "insertions": 10,
                "deletions": 0
              }
            }
          },
          {
            "hash": "b2bce6d92dcdee11ffec25253d031722310828f0",
            "messageTitle": "Update javadoc from tag to client source",
            "messageBody": "",
            "fileTypesAndContributionMap": {
              "functional-code": {
                "insertions": 4,
                "deletions": 3
              }
            }
          },
          {
            "hash": "643d66aad344796cfcbc42f97b688ac48a780ca7",
            "messageTitle": "Enable assertions in gradle",
            "messageBody": "",
            "fileTypesAndContributionMap": {
              "other": {
                "insertions": 4,
                "deletions": 0
              }
            }
          }
        ]
      },
      {
        "date": "2020-10-25",
        "commitResults": [
          {
            "hash": "3e9d70920b20b52442284934311ce96856b0b022",
            "messageTitle": "Add in non-null assertion for converting Person to JsonAdaptedPerson",
            "messageBody": "",
            "fileTypesAndContributionMap": {
              "functional-code": {
                "insertions": 8,
                "deletions": 0
              }
            }
          }
        ]
      }
    ]
  },
  "authorFileTypeContributionMap": {
    "ijavierja": {
      "docs": 19,
      "functional-code": 128,
      "test-code": 95
    },
    "Joven-Heng": {
      "docs": 59,
      "functional-code": 610,
      "test-code": 579
    },
    "WeiJie96": {
      "docs": 157,
      "functional-code": 271,
      "test-code": 208,
      "other": 4
    }
  },
  "authorContributionVariance": {
    "ijavierja": 7567.9272,
    "Joven-Heng": 20558.23,
    "WeiJie96": 5148.491
  },
  "authorDisplayNameMap": {
    "ijavierja": "CS2103-T16-2 JAVI..LONG",
    "Joven-Heng": "CS2103-T16-2 HENG..OVEN",
    "WeiJie96": "CS2103-T16-2 FONG.. JIE"
  }
}
