{
  "authorDailyContributionsMap": {
    "Criss-Wang": [
      {
        "date": "2020-09-11",
        "commitResults": [
          {
            "hash": "9a56eb5063c8f0c0fc415110debe0a04ac244248",
            "messageTitle": "Update UserGuide.md",
            "messageBody": "",
            "fileTypesAndContributionMap": {
              "docs": {
                "insertions": 1,
                "deletions": 0
              }
            }
          }
        ]
      },
      {
        "date": "2020-09-12",
        "commitResults": [
          {
            "hash": "9c79d98d54072e18c6d32d70ed9c13eb3688dab6",
            "messageTitle": "Remove Address, Test failed",
            "messageBody": "",
            "fileTypesAndContributionMap": {
              "functional-code": {
                "insertions": 9,
                "deletions": 132
              },
              "test-code": {
                "insertions": 30,
                "deletions": 132
              }
            }
          },
          {
            "hash": "22949a35676d7e86b544ad320209cf893fc56503",
            "messageTitle": "Further debug",
            "messageBody": "",
            "fileTypesAndContributionMap": {
              "functional-code": {
                "insertions": 3,
                "deletions": 11
              },
              "test-code": {
                "insertions": 22,
                "deletions": 57
              }
            }
          },
          {
            "hash": "678349f81574f063cb1a1e7330655e1efb88cc12",
            "messageTitle": "Add remark command",
            "messageBody": "",
            "fileTypesAndContributionMap": {
              "functional-code": {
                "insertions": 35,
                "deletions": 0
              },
              "test-code": {
                "insertions": 31,
                "deletions": 1
              }
            }
          },
          {
            "hash": "4216597fce33a78bce83bb4ac16ea8a50e2805d5",
            "messageTitle": "Fix data parsing issue in removing field and move on the add remark",
            "messageBody": "",
            "fileTypesAndContributionMap": {
              "functional-code": {
                "insertions": 65,
                "deletions": 3
              }
            }
          }
        ]
      },
      {
        "date": "2020-09-21",
        "commitResults": [
          {
            "hash": "1d2a2c07a76cf84ee822de801da39986517d5514",
            "messageTitle": "Update Wang Zhenlin\u0027s AboutUs.md content",
            "messageBody": "",
            "fileTypesAndContributionMap": {
              "docs": {
                "insertions": 11,
                "deletions": 6
              }
            }
          },
          {
            "hash": "8464dd8599af8a1704a0ac8ec356384633e76393",
            "messageTitle": "Fix merge conflict on pulling",
            "messageBody": "",
            "fileTypesAndContributionMap": {
              "docs": {
                "insertions": 5,
                "deletions": 1
              }
            }
          },
          {
            "hash": "0c37390b7c2b8c18b5c12c03648bb7b909744b8b",
            "messageTitle": "Merge commit \u00278464dd8599af8a1704a0ac8ec356384633e76393\u0027",
            "messageBody": "# Conflicts:\n#\tdocs/team/wangZhenlin.md\n",
            "fileTypesAndContributionMap": {
              "functional-code": {
                "insertions": 57,
                "deletions": 0
              },
              "test-code": {
                "insertions": 36,
                "deletions": 0
              }
            }
          },
          {
            "hash": "408f3fa3025ac5274481ff81479427bfc79c7303",
            "messageTitle": "Reset all changes in master",
            "messageBody": "",
            "fileTypesAndContributionMap": {
              "functional-code": {
                "insertions": 86,
                "deletions": 17
              },
              "docs": {
                "insertions": 7,
                "deletions": 9
              },
              "test-code": {
                "insertions": 152,
                "deletions": 57
              }
            }
          },
          {
            "hash": "7bb34fce5dd54cd39489f6d2b625647c1cb839c5",
            "messageTitle": "Update Wang Zhenlin AboutUs.md",
            "messageBody": "",
            "fileTypesAndContributionMap": {
              "docs": {
                "insertions": 8,
                "deletions": 6
              }
            }
          },
          {
            "hash": "3059bfcec3545f0cd09d96479f47f76ae1aa180e",
            "messageTitle": "Fix merge request bug",
            "messageBody": "",
            "fileTypesAndContributionMap": {
              "functional-code": {
                "insertions": 0,
                "deletions": 27
              },
              "docs": {
                "insertions": 1,
                "deletions": 1
              },
              "test-code": {
                "insertions": 0,
                "deletions": 24
              }
            }
          },
          {
            "hash": "aaa9b0cac947f5b245c040389de13831c6fea8f1",
            "messageTitle": "Remove remarkCommand",
            "messageBody": "",
            "fileTypesAndContributionMap": {
              "functional-code": {
                "insertions": 0,
                "deletions": 65
              }
            }
          },
          {
            "hash": "9c40c1a0087c0c83c3d1e38c1050e1eb24ad485e",
            "messageTitle": "Update team",
            "messageBody": "",
            "fileTypesAndContributionMap": {
              "docs": {
                "insertions": 2,
                "deletions": 0
              }
            }
          },
          {
            "hash": "36cab9dacb3e16dd94f9dcc0a793b816353bb4d9",
            "messageTitle": "Update README.md",
            "messageBody": "",
            "fileTypesAndContributionMap": {
              "docs": {
                "insertions": 8,
                "deletions": 8
              }
            }
          },
          {
            "hash": "fda1b15569f54f3e5c399ee0970f00cd705bc1e4",
            "messageTitle": "Edit READEME.md, configure site-wide setting and update UserGuide",
            "messageBody": "",
            "fileTypesAndContributionMap": {
              "docs": {
                "insertions": 18,
                "deletions": 14
              }
            }
          }
        ]
      },
      {
        "date": "2020-09-25",
        "commitResults": [
          {
            "hash": "db00d345e66d4a1af55f2c3a395f035a4b240b84",
            "messageTitle": "Update AboutUs, UserGuide and personal description",
            "messageBody": "",
            "fileTypesAndContributionMap": {
              "docs": {
                "insertions": 56,
                "deletions": 8
              }
            }
          },
          {
            "hash": "397e8ab532ade983785a44917bd5c950cf159f21",
            "messageTitle": "Update for pull request",
            "messageBody": "",
            "fileTypesAndContributionMap": {
              "docs": {
                "insertions": 8,
                "deletions": 7
              }
            }
          },
          {
            "hash": "babfac9c0c582222987f2ec6b880c936c701e12f",
            "messageTitle": "Update codecov link",
            "messageBody": "",
            "fileTypesAndContributionMap": {
              "docs": {
                "insertions": 1,
                "deletions": 1
              }
            }
          },
          {
            "hash": "cdf85f7dcfd950d2de2fd43d98265991dc1b1c08",
            "messageTitle": "Fix naming for CLI-nic in index.md",
            "messageBody": "",
            "fileTypesAndContributionMap": {
              "docs": {
                "insertions": 2,
                "deletions": 2
              }
            }
          },
          {
            "hash": "f28c6b24d84ed8c35ee4ae9645c3cd15bbc5a797",
            "messageTitle": "Update CI and codecov badge",
            "messageBody": "",
            "fileTypesAndContributionMap": {
              "docs": {
                "insertions": 2,
                "deletions": 2
              }
            }
          },
          {
            "hash": "49bd83f430607c369513eb0f2781923901915399",
            "messageTitle": "Update missing badge link",
            "messageBody": "",
            "fileTypesAndContributionMap": {
              "docs": {
                "insertions": 1,
                "deletions": 1
              }
            }
          },
          {
            "hash": "611939a4cefb6b0bf340071e691f353789aea585",
            "messageTitle": "Fix badge bug",
            "messageBody": "",
            "fileTypesAndContributionMap": {
              "docs": {
                "insertions": 2,
                "deletions": 2
              }
            }
          },
          {
            "hash": "90f2e8b372d63d1ded21317a761614b789f1ff93",
            "messageTitle": "Revert \"Fix badge bug\"",
            "messageBody": "This reverts commit 611939a4cefb6b0bf340071e691f353789aea585.\n",
            "fileTypesAndContributionMap": {
              "docs": {
                "insertions": 2,
                "deletions": 2
              }
            }
          },
          {
            "hash": "8ca8055c3c723973a666c9e71b1fc7c284666cbb",
            "messageTitle": "Finish detached head",
            "messageBody": "",
            "fileTypesAndContributionMap": {
              "docs": {
                "insertions": 19,
                "deletions": 13
              }
            }
          },
          {
            "hash": "dcef927795f92ac2d6e7f78e1ffa972f2051059c",
            "messageTitle": "Update UserGuide badge link",
            "messageBody": "",
            "fileTypesAndContributionMap": {
              "docs": {
                "insertions": 1,
                "deletions": 1
              }
            }
          },
          {
            "hash": "371af541a5693870ada36b8c1b48818d067d39c8",
            "messageTitle": "Update wangZhenlin.md",
            "messageBody": "",
            "fileTypesAndContributionMap": {
              "docs": {
                "insertions": 1,
                "deletions": 1
              }
            }
          },
          {
            "hash": "fa73242fa8b510a2f169a66da11b6d6454d897b1",
            "messageTitle": "Sync with upstream",
            "messageBody": "",
            "fileTypesAndContributionMap": {
              "docs": {
                "insertions": 17,
                "deletions": 21
              }
            }
          },
          {
            "hash": "b48e4bd9cd514dda96c38b583e5a313916187012",
            "messageTitle": "Fix trailing whitespace",
            "messageBody": "",
            "fileTypesAndContributionMap": {
              "docs": {
                "insertions": 10,
                "deletions": 11
              }
            }
          },
          {
            "hash": "af45d4ebd1c0a55b1ce7c77bad1b33fa1a552051",
            "messageTitle": "Review UserGuide",
            "messageBody": "",
            "fileTypesAndContributionMap": {
              "docs": {
                "insertions": 6,
                "deletions": 8
              }
            }
          }
        ]
      },
      {
        "date": "2020-09-26",
        "commitResults": [
          {
            "hash": "695b8bccba438eea8e58ed2073dd4dc9a12d92df",
            "messageTitle": "Complete DG and Ui",
            "messageBody": "",
            "fileTypesAndContributionMap": {
              "docs": {
                "insertions": 349,
                "deletions": 128
              }
            }
          },
          {
            "hash": "072c33c27a7a220b41424bdf4db854822dfef2a9",
            "messageTitle": "Update job contribution",
            "messageBody": "",
            "fileTypesAndContributionMap": {
              "docs": {
                "insertions": 1,
                "deletions": 0
              }
            }
          }
        ]
      },
      {
        "date": "2020-10-06",
        "commitResults": [
          {
            "hash": "0acb81e5de937b8e47c545c37a9dcc3700b43005",
            "messageTitle": "Create Warehouse package and classes",
            "messageBody": "Implement warehouse classes. Currently using attributes classes from\nPerson package in Warehouse.\n",
            "fileTypesAndContributionMap": {
              "functional-code": {
                "insertions": 214,
                "deletions": 0
              }
            }
          },
          {
            "hash": "24f890e2dea3434aaf4e5f7bc637a45c8ae34889",
            "messageTitle": "Update Test for warehouse",
            "messageBody": "Sample WarehouseBuilder would require the help of ProductBuilder,\nwhich is to be implemented later.\n",
            "fileTypesAndContributionMap": {
              "functional-code": {
                "insertions": 164,
                "deletions": 2
              },
              "test-code": {
                "insertions": 240,
                "deletions": 1
              }
            }
          },
          {
            "hash": "4139f57d34ac2b0c428132e1752fa04900034997",
            "messageTitle": "Fix styling issue for pull request",
            "messageBody": "",
            "fileTypesAndContributionMap": {
              "docs": {
                "insertions": 6,
                "deletions": 6
              },
              "test-code": {
                "insertions": 1,
                "deletions": 1
              }
            }
          },
          {
            "hash": "e2aa1052b6610507e4824c08c955285fadefa9bb",
            "messageTitle": "Fix other styling issues",
            "messageBody": "",
            "fileTypesAndContributionMap": {
              "test-code": {
                "insertions": 21,
                "deletions": 21
              }
            }
          }
        ]
      },
      {
        "date": "2020-10-08",
        "commitResults": [
          {
            "hash": "709cd5054575c83cf4cab758c51307783565b5ab",
            "messageTitle": "Reconstruct the file structure and add warehouse-related classes",
            "messageBody": "",
            "fileTypesAndContributionMap": {
              "functional-code": {
                "insertions": 82,
                "deletions": 98
              },
              "other": {
                "insertions": 97,
                "deletions": 56
              },
              "docs": {
                "insertions": 7,
                "deletions": 7
              },
              "test-code": {
                "insertions": 133,
                "deletions": 48
              }
            }
          },
          {
            "hash": "a0e71df5dc260173925a2e251f76f8ba3f10a7ca",
            "messageTitle": "Update warehouse-related utility and test classes",
            "messageBody": "The logic of the app needs to include warehouses.\nThe addressbook needs to store the warehouse cases.\n\nLet\u0027s make the following changes:\n- add getFilteredWarehouseList() and corresponding test.\n- TODO: fix the execute_storageThrowsIoException test.\n- TODO: include warehouse in command classes.\n",
            "fileTypesAndContributionMap": {
              "functional-code": {
                "insertions": 244,
                "deletions": 16
              },
              "docs": {
                "insertions": 9,
                "deletions": 9
              },
              "test-code": {
                "insertions": 307,
                "deletions": 11
              }
            }
          },
          {
            "hash": "0bbcf9f55e091be26dadd1bc1be3260b1242970e",
            "messageTitle": "More test case modifications",
            "messageBody": "",
            "fileTypesAndContributionMap": {
              "functional-code": {
                "insertions": 227,
                "deletions": 19
              },
              "other": {
                "insertions": 10,
                "deletions": 16
              },
              "test-code": {
                "insertions": 590,
                "deletions": 60
              }
            }
          },
          {
            "hash": "85a21c575cdef5406bbdc7c4ff92a5f97a73041b",
            "messageTitle": "Update remaining classes with warehouse integration",
            "messageBody": "",
            "fileTypesAndContributionMap": {
              "functional-code": {
                "insertions": 192,
                "deletions": 8
              },
              "test-code": {
                "insertions": 113,
                "deletions": 22
              }
            }
          },
          {
            "hash": "f7547d2a3d1acc503886fd79e4b614bc4e55e54d",
            "messageTitle": "Merge with refactored package naming and clean up code",
            "messageBody": "",
            "fileTypesAndContributionMap": {
              "functional-code": {
                "insertions": 125,
                "deletions": 886
              },
              "test-code": {
                "insertions": 321,
                "deletions": 1237
              }
            }
          },
          {
            "hash": "a2554ac4df2035585dab88cb029f9322ce535714",
            "messageTitle": "Fix minor issues with refactoring",
            "messageBody": "",
            "fileTypesAndContributionMap": {
              "functional-code": {
                "insertions": 9,
                "deletions": 9
              },
              "test-code": {
                "insertions": 3,
                "deletions": 3
              }
            }
          },
          {
            "hash": "c3a6ea48df9d9a1b914867f8c8e406fc0c63f508",
            "messageTitle": "Fix EOF styling issue",
            "messageBody": "",
            "fileTypesAndContributionMap": {
              "functional-code": {
                "insertions": 1,
                "deletions": 1
              }
            }
          },
          {
            "hash": "338bc04ec31b0eee4e8b2d464856797bbb775132",
            "messageTitle": "Revert change in MainWindow to restore WarehouseListPanel back",
            "messageBody": "",
            "fileTypesAndContributionMap": {
              "functional-code": {
                "insertions": 8,
                "deletions": 8
              }
            }
          }
        ]
      },
      {
        "date": "2020-10-09",
        "commitResults": [
          {
            "hash": "8a4f4e8e5ab4789de5c1c15437fac2ca0ef179f6",
            "messageTitle": "Fix logic issue in uniqueness test and MainWindow component display",
            "messageBody": "",
            "fileTypesAndContributionMap": {
              "functional-code": {
                "insertions": 11,
                "deletions": 24
              },
              "docs": {
                "insertions": 0,
                "deletions": 103
              },
              "test-code": {
                "insertions": 3,
                "deletions": 0
              }
            }
          },
          {
            "hash": "2f062b2c9d2d668da1ac84137369c2582be994e2",
            "messageTitle": "fix checkstyle issue",
            "messageBody": "",
            "fileTypesAndContributionMap": {
              "functional-code": {
                "insertions": 2,
                "deletions": 2
              }
            }
          },
          {
            "hash": "80043af76a075403669d0b68ba745e04293e4e2f",
            "messageTitle": "fix checkstyle issue",
            "messageBody": "",
            "fileTypesAndContributionMap": {
              "test-code": {
                "insertions": 0,
                "deletions": 3
              }
            }
          },
          {
            "hash": "e61e97e000da655f8b75e3018e9a3758dfa73b60",
            "messageTitle": "Fix display issue for warehouse.",
            "messageBody": "The warehouse list was not displayed due the a minor bug in the code.\nAn error was thrown suggesting invalid escape sequence. We need to find\nthe attribute which has a type and fix it.\n\nLet\u0027s fix the bug found in warehouseListCard.fxml.\n",
            "fileTypesAndContributionMap": {
              "functional-code": {
                "insertions": 6,
                "deletions": 6
              }
            }
          }
        ]
      }
    ],
    "qlchan24": [
      {
        "date": "2020-09-21",
        "commitResults": [
          {
            "hash": "3955e123d0bf52430dddd20252c3b66d9023b236",
            "messageTitle": "Update AboutUs page and create new team page",
            "messageBody": "",
            "fileTypesAndContributionMap": {
              "docs": {
                "insertions": 38,
                "deletions": 6
              }
            }
          },
          {
            "hash": "927731b8b12793456431da099d86cb686c91af8e",
            "messageTitle": "Rename developer photo",
            "messageBody": "",
            "fileTypesAndContributionMap": {
              "docs": {
                "insertions": 1,
                "deletions": 1
              }
            }
          },
          {
            "hash": "bec54a548d35dd1d19e51960fa5425f877c7f1a1",
            "messageTitle": "Rename developer photo",
            "messageBody": "",
            "fileTypesAndContributionMap": {
              "docs": {
                "insertions": 1,
                "deletions": 1
              }
            }
          }
        ]
      },
      {
        "date": "2020-09-25",
        "commitResults": [
          {
            "hash": "45b4fa189f50b9c07e557b345db7ed4a40315a62",
            "messageTitle": "Update User Guide: create command",
            "messageBody": "",
            "fileTypesAndContributionMap": {
              "docs": {
                "insertions": 13,
                "deletions": 113
              }
            }
          },
          {
            "hash": "59153bc54987a6b3b77d63d7b03f79dbae4147bf",
            "messageTitle": "Update qinliang.md \u0026 AboutUs",
            "messageBody": "",
            "fileTypesAndContributionMap": {
              "docs": {
                "insertions": 5,
                "deletions": 3
              }
            }
          }
        ]
      },
      {
        "date": "2020-10-04",
        "commitResults": [
          {
            "hash": "257a1ab86c7103dbc232d40db7a317da113f54e1",
            "messageTitle": "Convert Person class to Supplier class",
            "messageBody": "Refactor all references to the Person class and its methods.\n",
            "fileTypesAndContributionMap": {
              "functional-code": {
                "insertions": 422,
                "deletions": 417
              },
              "other": {
                "insertions": 191,
                "deletions": 188
              },
              "docs": {
                "insertions": 78,
                "deletions": 78
              },
              "test-code": {
                "insertions": 706,
                "deletions": 703
              }
            }
          }
        ]
      },
      {
        "date": "2020-10-07",
        "commitResults": [
          {
            "hash": "1d3a67d1b71a7960fa6a72f25b92a5d5330b0c4a",
            "messageTitle": "Modify Supplier fields and all utility classes",
            "messageBody": "- add fields for products and remarks\n- remove fields for address and tags\n- modify utility classes to support new fields\n- add hashcode function for product class\n- create json representation for products class\n- Integrate new fields into supplier model json representation\n- modify existing json files\n- modify existing tests\n- modify supplier fxml\n\n* The commands add and edit and their associated tests are not finalised yet\n",
            "fileTypesAndContributionMap": {
              "functional-code": {
                "insertions": 268,
                "deletions": 106
              },
              "test-code": {
                "insertions": 236,
                "deletions": 199
              }
            }
          },
          {
            "hash": "21ed136ee8629b73367b9b47cca9cb4db9677afb",
            "messageTitle": "Comment out unused test cases",
            "messageBody": "",
            "fileTypesAndContributionMap": {
              "test-code": {
                "insertions": 53,
                "deletions": 30
              }
            }
          },
          {
            "hash": "268d7751fd834e190e2db672b4cf9407f7fa32a8",
            "messageTitle": "Merge conflicts with previous commit",
            "messageBody": "",
            "fileTypesAndContributionMap": {
              "functional-code": {
                "insertions": 23,
                "deletions": 17
              },
              "test-code": {
                "insertions": 6,
                "deletions": 5
              }
            }
          }
        ]
      }
    ],
    "tohyuting": [
      {
        "date": "2020-09-21",
        "commitResults": [
          {
            "hash": "042523bf6988d1e934c5aef63422453f3a9f8767",
            "messageTitle": "Update portfolio and AboutUs",
            "messageBody": "",
            "fileTypesAndContributionMap": {
              "docs": {
                "insertions": 37,
                "deletions": 52
              }
            }
          },
          {
            "hash": "807ac95943f732c46fe1aa549d80806e9026f36b",
            "messageTitle": "Update portfolio",
            "messageBody": "",
            "fileTypesAndContributionMap": {
              "docs": {
                "insertions": 1,
                "deletions": 0
              }
            }
          }
        ]
      },
      {
        "date": "2020-09-23",
        "commitResults": [
          {
            "hash": "008950e469dd00187330e49faf7f83933745fa8f",
            "messageTitle": "Update UserGuide and DeveloperGuide",
            "messageBody": "",
            "fileTypesAndContributionMap": {
              "docs": {
                "insertions": 44,
                "deletions": 27
              }
            }
          }
        ]
      },
      {
        "date": "2020-09-25",
        "commitResults": [
          {
            "hash": "a631f0e7809d9c606ca69855d24d173e6acee9bb",
            "messageTitle": "Update DeveloperGuide",
            "messageBody": "",
            "fileTypesAndContributionMap": {
              "docs": {
                "insertions": 1,
                "deletions": 1
              }
            }
          },
          {
            "hash": "c55780f8ddfea9c50a2a4d08adabd5fec03a436d",
            "messageTitle": "Update UserGudie and personal portfolio",
            "messageBody": "",
            "fileTypesAndContributionMap": {
              "docs": {
                "insertions": 2,
                "deletions": 5
              }
            }
          },
          {
            "hash": "1141a00d47fca77ac9859c0e5d9b6e8931c68cb2",
            "messageTitle": "Merge conflict updates",
            "messageBody": "",
            "fileTypesAndContributionMap": {
              "docs": {
                "insertions": 72,
                "deletions": 23
              }
            }
          },
          {
            "hash": "fab682d6e5fade6a6d33c277580bd881784943ee",
            "messageTitle": "Update UserGuide",
            "messageBody": "",
            "fileTypesAndContributionMap": {
              "docs": {
                "insertions": 23,
                "deletions": 45
              }
            }
          },
          {
            "hash": "1c38dc1dd9ebcddee993e5b02a3bc1a730f464c7",
            "messageTitle": "Update UserGuide",
            "messageBody": "",
            "fileTypesAndContributionMap": {
              "docs": {
                "insertions": 4,
                "deletions": 4
              }
            }
          }
        ]
      },
      {
        "date": "2020-10-03",
        "commitResults": [
          {
            "hash": "299e2b6b043aafbfd9c312987e84c13749bcc08c",
            "messageTitle": "Implement Product Class",
            "messageBody": "",
            "fileTypesAndContributionMap": {
              "functional-code": {
                "insertions": 122,
                "deletions": 0
              }
            }
          },
          {
            "hash": "ef244f764cf0a7446712c73a3c178064d0b98832",
            "messageTitle": "Fix Javadocs",
            "messageBody": "",
            "fileTypesAndContributionMap": {
              "functional-code": {
                "insertions": 3,
                "deletions": 4
              }
            }
          }
        ]
      },
      {
        "date": "2020-10-04",
        "commitResults": [
          {
            "hash": "cd710e20b8b8c5e3b580f0f10ddfdc66091640d4",
            "messageTitle": "Fix naming for some variables",
            "messageBody": "",
            "fileTypesAndContributionMap": {
              "functional-code": {
                "insertions": 7,
                "deletions": 8
              }
            }
          },
          {
            "hash": "d1d82f0ae869f990090a627f76ebac80bf5cc11e",
            "messageTitle": "Fix minor changes in JavaDocs",
            "messageBody": "",
            "fileTypesAndContributionMap": {
              "functional-code": {
                "insertions": 1,
                "deletions": 2
              }
            }
          }
        ]
      },
      {
        "date": "2020-10-10",
        "commitResults": [
          {
            "hash": "8d37241f4bcfc7034aeb1bc4ff479fa30b7dc295",
            "messageTitle": "Fix GUI",
            "messageBody": "",
            "fileTypesAndContributionMap": {
              "functional-code": {
                "insertions": 47,
                "deletions": 46
              }
            }
          },
          {
            "hash": "3dc066c30859d9019fda196340f86503edd4a8d5",
            "messageTitle": "Add EOF to MainWindow.fxml",
            "messageBody": "",
            "fileTypesAndContributionMap": {
              "functional-code": {
                "insertions": 1,
                "deletions": 1
              }
            }
          }
        ]
      }
    ],
    "zhengweii": [
      {
        "date": "2020-09-21",
        "commitResults": [
          {
            "hash": "908baf16ab92a533c89dff37a54a11f6cb52a2cb",
            "messageTitle": "Add my details",
            "messageBody": "",
            "fileTypesAndContributionMap": {
              "docs": {
                "insertions": 20,
                "deletions": 5
              }
            }
          },
          {
            "hash": "f1bf53cceec8b342cb19d20fe28d6252cb0df623",
            "messageTitle": "Add new line to EOF",
            "messageBody": "",
            "fileTypesAndContributionMap": {
              "docs": {
                "insertions": 1,
                "deletions": 1
              }
            }
          },
          {
            "hash": "7322391d4d821706072d31845664a16281bbe0b4",
            "messageTitle": "Update portfolio page",
            "messageBody": "",
            "fileTypesAndContributionMap": {
              "docs": {
                "insertions": 16,
                "deletions": 0
              }
            }
          },
          {
            "hash": "eb0e8d11639e3fe5a4d1272e149805c1c1285d18",
            "messageTitle": "Delete johndoe.md",
            "messageBody": "",
            "fileTypesAndContributionMap": {
              "docs": {
                "insertions": 0,
                "deletions": 46
              }
            }
          }
        ]
      },
      {
        "date": "2020-09-25",
        "commitResults": [
          {
            "hash": "438dfbf5b2c3245e190595046cbde27caca1617e",
            "messageTitle": "Update UG for find command",
            "messageBody": "",
            "fileTypesAndContributionMap": {
              "docs": {
                "insertions": 10,
                "deletions": 12
              }
            }
          },
          {
            "hash": "dec7cac0b3701939630260e428e24192672c5ac3",
            "messageTitle": "Update command summary for find command in UG",
            "messageBody": "",
            "fileTypesAndContributionMap": {
              "docs": {
                "insertions": 3,
                "deletions": 3
              }
            }
          },
          {
            "hash": "45a6c1ff8abe74ac97ddc76db3c86d2f091a1164",
            "messageTitle": "Update application description",
            "messageBody": "",
            "fileTypesAndContributionMap": {
              "docs": {
                "insertions": 3,
                "deletions": 4
              }
            }
          },
          {
            "hash": "799ed627b5083e2c06e01aa8814b2d97c8d651f3",
            "messageTitle": "Bold certain sentences in application description",
            "messageBody": "",
            "fileTypesAndContributionMap": {
              "docs": {
                "insertions": 3,
                "deletions": 3
              }
            }
          },
          {
            "hash": "af152957bd9f9c04c36b64fe995036ec60ea2804",
            "messageTitle": "Test CI fail",
            "messageBody": "",
            "fileTypesAndContributionMap": {
              "functional-code": {
                "insertions": 1,
                "deletions": 1
              }
            }
          },
          {
            "hash": "d7fdc75437820e55583e20aa4e6f27d30b76605f",
            "messageTitle": "Revert \"Test CI fail\"",
            "messageBody": "",
            "fileTypesAndContributionMap": {
              "functional-code": {
                "insertions": 1,
                "deletions": 1
              }
            }
          },
          {
            "hash": "68761d6ff358710994c1a2f99253b41fff5dd2b3",
            "messageTitle": "Test CI fail",
            "messageBody": "",
            "fileTypesAndContributionMap": {
              "functional-code": {
                "insertions": 1,
                "deletions": 1
              }
            }
          },
          {
            "hash": "c799fe877516a139f44e27b1b6039a6ac89b9f4f",
            "messageTitle": "Revert \"Test CI fail\"",
            "messageBody": "",
            "fileTypesAndContributionMap": {
              "functional-code": {
                "insertions": 1,
                "deletions": 1
              }
            }
          },
          {
            "hash": "4a9aefc6f06e4b6015ad15e85c27e960eec178f8",
            "messageTitle": "Update UG for find command",
            "messageBody": "",
            "fileTypesAndContributionMap": {
              "docs": {
                "insertions": 10,
                "deletions": 12
              }
            }
          },
          {
            "hash": "55b914a6840a67df283de86e66c63148701d7894",
            "messageTitle": "Update command summary for find command in UG",
            "messageBody": "",
            "fileTypesAndContributionMap": {
              "docs": {
                "insertions": 3,
                "deletions": 3
              }
            }
          }
        ]
      },
      {
        "date": "2020-10-07",
        "commitResults": [
          {
            "hash": "c6811234ec9ac9a33dbb5beebf063746f405ca20",
            "messageTitle": "Remove statusbarPlaceholder from GUI",
            "messageBody": "",
            "fileTypesAndContributionMap": {
              "functional-code": {
                "insertions": 0,
                "deletions": 8
              }
            }
          },
          {
            "hash": "3d5f0317ac7b53ef35e2fbab5a17fcfde6c6fef6",
            "messageTitle": "Move commandBoxPlaceholder to bottom of GUI",
            "messageBody": "",
            "fileTypesAndContributionMap": {
              "functional-code": {
                "insertions": 6,
                "deletions": 6
              }
            }
          },
          {
            "hash": "35f43b46ae9ea26d88b77e34ed185b6cfdc8567f",
            "messageTitle": "Move resultDisplayPlaceholder and personListPanelPlaceholder into HBox",
            "messageBody": "",
            "fileTypesAndContributionMap": {
              "functional-code": {
                "insertions": 14,
                "deletions": 12
              }
            }
          }
        ]
      },
      {
        "date": "2020-10-08",
        "commitResults": [
          {
            "hash": "1146bcdfdbac93dac375092c110e9e4eb232e783",
            "messageTitle": "Add additional column in GUI",
            "messageBody": "",
            "fileTypesAndContributionMap": {
              "functional-code": {
                "insertions": 65,
                "deletions": 6
              }
            }
          },
          {
            "hash": "5e1c713e985d16ad3cac9e26aeb84092b5d1c710",
            "messageTitle": "Update title, minWidth and minHeight for GUI",
            "messageBody": "",
            "fileTypesAndContributionMap": {
              "functional-code": {
                "insertions": 1,
                "deletions": 1
              }
            }
          }
        ]
      }
    ],
    "jeffreytjs": [
      {
        "date": "2020-09-21",
        "commitResults": [
          {
            "hash": "f1f66e7db90cd1d9afc88eae3588743eac6df413",
            "messageTitle": "Add personal details",
            "messageBody": "",
            "fileTypesAndContributionMap": {
              "docs": {
                "insertions": 37,
                "deletions": 6
              }
            }
          },
          {
            "hash": "2ad22cced86b08da8e326b62de1112d99cde09ba",
            "messageTitle": "Added another line",
            "messageBody": "",
            "fileTypesAndContributionMap": {
              "docs": {
                "insertions": 1,
                "deletions": 0
              }
            }
          },
          {
            "hash": "5762513ad925f5cecf49836ec4e29c1debdf6469",
            "messageTitle": "Update personal image name",
            "messageBody": "",
            "fileTypesAndContributionMap": {
              "docs": {
                "insertions": 1,
                "deletions": 1
              }
            }
          },
          {
            "hash": "675aa73278d7646806b2a10d951eccaa055887a7",
            "messageTitle": "Update personal image name",
            "messageBody": "",
            "fileTypesAndContributionMap": {
              "docs": {
                "insertions": 1,
                "deletions": 1
              }
            }
          }
        ]
      },
      {
        "date": "2020-09-24",
        "commitResults": [
          {
            "hash": "8178a43b746982c87d734fdfca0cd6944b0c2e73",
            "messageTitle": "Update UserGuide - Add feature",
            "messageBody": "Include two different format\n",
            "fileTypesAndContributionMap": {
              "docs": {
                "insertions": 49,
                "deletions": 7
              }
            }
          }
        ]
      },
      {
        "date": "2020-09-25",
        "commitResults": [
          {
            "hash": "017ace584a34fee6f12d43fac3426aab1bac056b",
            "messageTitle": "Update DeveloperGuide - Use cases for Add command",
            "messageBody": "",
            "fileTypesAndContributionMap": {
              "docs": {
                "insertions": 62,
                "deletions": 1
              }
            }
          },
          {
            "hash": "eec980b1299e76363be2e3bc4dd0d4fcfa128c9d",
            "messageTitle": "Update application description",
            "messageBody": "",
            "fileTypesAndContributionMap": {
              "docs": {
                "insertions": 3,
                "deletions": 1
              }
            }
          },
          {
            "hash": "1522fe998b66c3097ebc6922ccf512774fbe86d8",
            "messageTitle": "Update UserGuide",
            "messageBody": "Team decided to split into three classes for add command\n",
            "fileTypesAndContributionMap": {
              "docs": {
                "insertions": 3,
                "deletions": 23
              }
            }
          },
          {
            "hash": "80006640cc672a8a559c1904a136695f96547d57",
            "messageTitle": "Update DeveloperGuide - CLInic to CLI-nic",
            "messageBody": "Name change\n",
            "fileTypesAndContributionMap": {
              "docs": {
                "insertions": 13,
                "deletions": 13
              }
            }
          },
          {
            "hash": "30dedc820b38ef6f2655f600f0bb2048004e519a",
            "messageTitle": "Update to resolve merge conflicts",
            "messageBody": "",
            "fileTypesAndContributionMap": {
              "docs": {
                "insertions": 72,
                "deletions": 23
              }
            }
          }
        ]
      },
      {
        "date": "2020-10-08",
        "commitResults": [
          {
            "hash": "b2ec12ad217e872ce8b4954d39d54d27acc48517",
            "messageTitle": "Rename package from seedu.address to seedu.clinic",
            "messageBody": "",
            "fileTypesAndContributionMap": {
              "functional-code": {
                "insertions": 12,
                "deletions": 12
              },
              "other": {
                "insertions": 672,
                "deletions": 672
              },
              "docs": {
                "insertions": 12,
                "deletions": 12
              },
              "test-code": {
                "insertions": 3,
                "deletions": 3
              }
            }
          },
          {
            "hash": "1b149117ce01f5cba6af48742d58a9d4e3abffe6",
            "messageTitle": "Refactor for all commands and respective tests",
            "messageBody": "",
            "fileTypesAndContributionMap": {
              "functional-code": {
                "insertions": 12,
                "deletions": 12
              },
              "test-code": {
                "insertions": 76,
                "deletions": 76
              }
            }
          },
          {
            "hash": "9fee497128f212b5ccb0cb60b24500c74e398919",
            "messageTitle": "Refactor for all parser files, Logic and respective tests",
            "messageBody": "",
            "fileTypesAndContributionMap": {
              "functional-code": {
                "insertions": 16,
                "deletions": 16
              },
              "other": {
                "insertions": 10,
                "deletions": 10
              },
              "test-code": {
                "insertions": 89,
                "deletions": 89
              }
            }
          },
          {
            "hash": "4e932ee631dc1bdd360d5028785d45609c8ca4ac",
            "messageTitle": "Refactor for model package",
            "messageBody": "",
            "fileTypesAndContributionMap": {
              "functional-code": {
                "insertions": 61,
                "deletions": 61
              },
              "other": {
                "insertions": 42,
                "deletions": 42
              },
              "test-code": {
                "insertions": 23,
                "deletions": 23
              }
            }
          },
          {
            "hash": "8b3e243e2544cb0a0772f095f38a1e72b774b7e0",
            "messageTitle": "Refactor for storage package",
            "messageBody": "",
            "fileTypesAndContributionMap": {
              "functional-code": {
                "insertions": 68,
                "deletions": 67
              },
              "other": {
                "insertions": 53,
                "deletions": 52
              },
              "test-code": {
                "insertions": 125,
                "deletions": 125
              }
            }
          },
          {
            "hash": "a0cefce76b28ba3f30a54152e2b09aadde7b0da5",
            "messageTitle": "Refactor for ui package",
            "messageBody": "",
            "fileTypesAndContributionMap": {
              "functional-code": {
                "insertions": 1,
                "deletions": 1
              }
            }
          },
          {
            "hash": "4bd8e54a6ec0c6f9ce833ac15533ee207dd954f9",
            "messageTitle": "Improve phrasing and additional refactoring",
            "messageBody": "",
            "fileTypesAndContributionMap": {
              "functional-code": {
                "insertions": 31,
                "deletions": 31
              },
              "test-code": {
                "insertions": 38,
                "deletions": 38
              }
            }
          },
          {
            "hash": "c7a1e76da6b694fdfc9eb29766d42a21275531a2",
            "messageTitle": "Standardize phrasing of CLI-nic in relevant comments",
            "messageBody": "",
            "fileTypesAndContributionMap": {
              "functional-code": {
                "insertions": 5,
                "deletions": 5
              }
            }
          },
          {
            "hash": "68224cd4f8db2f7f2467d8d311da2e593f62a5e8",
            "messageTitle": "Remove tutorial files",
            "messageBody": "",
            "fileTypesAndContributionMap": {
              "docs": {
                "insertions": 0,
                "deletions": 747
              }
            }
          }
        ]
      }
    ]
  },
  "authorFileTypeContributionMap": {
    "Criss-Wang": {
      "docs": 429,
      "functional-code": 1018,
      "test-code": 1335
    },
    "qlchan24": {
      "docs": 51,
      "functional-code": 579,
      "test-code": 818
    },
    "tohyuting": {
      "docs": 48,
      "functional-code": 120,
      "test-code": 0
    },
    "zhengweii": {
      "docs": 35,
      "functional-code": 61,
      "test-code": 0
    },
    "jeffreytjs": {
      "docs": 93,
      "functional-code": 492,
      "test-code": 632,
      "other": 1
    }
  },
  "authorContributionVariance": {
    "Criss-Wang": 436801.66,
    "qlchan24": 144677.22,
    "tohyuting": 1132.2563,
    "zhengweii": 343.0098,
    "jeffreytjs": 201062.14
  },
  "authorDisplayNameMap": {
    "Criss-Wang": "CS2103-W14-4 WANG..NLIN",
    "qlchan24": "CS2103-W14-4 CHAN..IANG",
    "tohyuting": "CS2103-W14-4 TOH ..TING",
    "zhengweii": "CS2103-W14-4 LIM .. WEI",
    "jeffreytjs": "CS2103-W14-4 JEFF..HENG"
  }
}
