{
  "authorDailyContributionsMap": {
    "josiahkhoo": [
      {
        "date": "2020-09-17",
        "commitResults": [
          {
            "hash": "2a91388b2a25e3746245e72f7864108a141189d9",
            "messageTitle": "Update Ui.png and add test feature to UG",
            "messageBody": "",
            "fileTypesAndContributionMap": {
              "docs": {
                "insertions": 18,
                "deletions": 0
              }
            }
          }
        ]
      },
      {
        "date": "2020-09-20",
        "commitResults": [
          {
            "hash": "8a253b5f4eb593fbb88fcbdc12942c924b1d780a",
            "messageTitle": "Add josiahkhoo.png and update AboutUs.md accordingly",
            "messageBody": "",
            "fileTypesAndContributionMap": {
              "docs": {
                "insertions": 1,
                "deletions": 1
              }
            }
          }
        ]
      },
      {
        "date": "2020-09-21",
        "commitResults": [
          {
            "hash": "e31c3f285b73ec4697bbc2f577ed749dbbe1c9b5",
            "messageTitle": "Add use case for test command to DG",
            "messageBody": "",
            "fileTypesAndContributionMap": {
              "docs": {
                "insertions": 83,
                "deletions": 2
              }
            }
          }
        ]
      },
      {
        "date": "2020-09-22",
        "commitResults": [
          {
            "hash": "e62ce509996b450dbe1621a822950c8a7718c20a",
            "messageTitle": "Update README",
            "messageBody": "",
            "fileTypesAndContributionMap": {
              "docs": {
                "insertions": 14,
                "deletions": 11
              }
            }
          }
        ]
      },
      {
        "date": "2020-09-26",
        "commitResults": [
          {
            "hash": "339c15849fa0af9924da3d19d4e2ea9f1ebf1502",
            "messageTitle": "Update config, aboutus and userguide",
            "messageBody": "",
            "fileTypesAndContributionMap": {
              "docs": {
                "insertions": 1,
                "deletions": 2
              }
            }
          }
        ]
      }
    ],
    "ChenXJ98": [
      {
        "date": "2020-09-14",
        "commitResults": [
          {
            "hash": "ff137a50b0626df3c9e2bd6e06cefe9e5d48ad7e",
            "messageTitle": "Update UserGuide Feature `delete`",
            "messageBody": "",
            "fileTypesAndContributionMap": {
              "docs": {
                "insertions": 5,
                "deletions": 6
              }
            }
          },
          {
            "hash": "3355ca0207bea2a1d0e37337378346cbffd72b1c",
            "messageTitle": "Update UserGuide features",
            "messageBody": "",
            "fileTypesAndContributionMap": {
              "docs": {
                "insertions": 1,
                "deletions": 1
              }
            }
          }
        ]
      },
      {
        "date": "2020-09-19",
        "commitResults": [
          {
            "hash": "6d19408ec718661aa39f5effbb7a50722111cf3e",
            "messageTitle": "Update Xingjian\u0027s picture in AboutUs.md",
            "messageBody": "",
            "fileTypesAndContributionMap": {
              "docs": {
                "insertions": 1,
                "deletions": 1
              }
            }
          },
          {
            "hash": "8ce3cc0dcc39d6a091cbdea86c54c2ce618bf8a0",
            "messageTitle": "Change Xingjian\u0027s image name to follow username",
            "messageBody": "",
            "fileTypesAndContributionMap": {
              "docs": {
                "insertions": 1,
                "deletions": 1
              }
            }
          },
          {
            "hash": "1595217d27225cad985a9b3103ec76af691034a8",
            "messageTitle": "Update AboutUs.md Xingjian\u0027s picture",
            "messageBody": "",
            "fileTypesAndContributionMap": {
              "docs": {
                "insertions": 1,
                "deletions": 1
              }
            }
          }
        ]
      },
      {
        "date": "2020-09-24",
        "commitResults": [
          {
            "hash": "978e34509d20b729bc3a6249b492ea44383d71be",
            "messageTitle": "Add update and import save file use cases to the Developer Guide",
            "messageBody": "",
            "fileTypesAndContributionMap": {
              "docs": {
                "insertions": 57,
                "deletions": 2
              }
            }
          },
          {
            "hash": "55ffa58444883a552befa3c5108ce809090c6ac5",
            "messageTitle": "Edit Developer Guide Use Cases to follow same format",
            "messageBody": "",
            "fileTypesAndContributionMap": {
              "docs": {
                "insertions": 21,
                "deletions": 17
              }
            }
          },
          {
            "hash": "6011b97c2046954cabb7977689a2cb54cb3816f4",
            "messageTitle": "Fix Developer Guide Use Case numbering",
            "messageBody": "",
            "fileTypesAndContributionMap": {
              "docs": {
                "insertions": 6,
                "deletions": 6
              }
            }
          }
        ]
      },
      {
        "date": "2020-09-25",
        "commitResults": [
          {
            "hash": "62f7dbbf57cbff07dc876814008739e7ce8b54b4",
            "messageTitle": "Edit Non-Functional Requirements and some minor structure change in Developer Guide",
            "messageBody": "",
            "fileTypesAndContributionMap": {
              "docs": {
                "insertions": 12,
                "deletions": 1
              }
            }
          }
        ]
      }
    ],
    "joshtyf": [
      {
        "date": "2020-09-12",
        "commitResults": [
          {
            "hash": "bfa403b4a03f81ad69a4f550b86345ed7bc3af6a",
            "messageTitle": "Change guide for add feature",
            "messageBody": "",
            "fileTypesAndContributionMap": {
              "docs": {
                "insertions": 3,
                "deletions": 8
              }
            }
          }
        ]
      },
      {
        "date": "2020-09-21",
        "commitResults": [
          {
            "hash": "0214cf22f761ea0c9cb27cb08fb0950aa2de4bc3",
            "messageTitle": "Update AboutUs.md",
            "messageBody": "Added joshuatyf.png and updated the portfolio section for Joshua\n",
            "fileTypesAndContributionMap": {
              "docs": {
                "insertions": 5,
                "deletions": 5
              }
            }
          },
          {
            "hash": "a682cca52063978fed5a001a6d339620f1d1b952",
            "messageTitle": "Add joshua.md",
            "messageBody": "",
            "fileTypesAndContributionMap": {
              "docs": {
                "insertions": 46,
                "deletions": 0
              }
            }
          }
        ]
      },
      {
        "date": "2020-09-22",
        "commitResults": [
          {
            "hash": "4c5721f20cfddfb5d875b2fa68fde400d37796be",
            "messageTitle": "Add Answer.java",
            "messageBody": "",
            "fileTypesAndContributionMap": {
              "functional-code": {
                "insertions": 32,
                "deletions": 0
              }
            }
          },
          {
            "hash": "59307f431cc9956498f4c9734d58ebac9693b959",
            "messageTitle": "Add FlashcardManager.java",
            "messageBody": "",
            "fileTypesAndContributionMap": {
              "functional-code": {
                "insertions": 45,
                "deletions": 0
              }
            }
          },
          {
            "hash": "b9b9bb0b43f4cf8070df8edc5453811fc774572d",
            "messageTitle": "Add Flashcard.java",
            "messageBody": "",
            "fileTypesAndContributionMap": {
              "functional-code": {
                "insertions": 57,
                "deletions": 0
              }
            }
          },
          {
            "hash": "b4cb8ee8d47d67b31f9265d74b89fd54d2d2f073",
            "messageTitle": "Add MCQ.java",
            "messageBody": "",
            "fileTypesAndContributionMap": {
              "functional-code": {
                "insertions": 27,
                "deletions": 0
              }
            }
          },
          {
            "hash": "6f8a08633bac66b937080bd1986fd952505f4fe2",
            "messageTitle": "Add OpenEndedQuestion.java",
            "messageBody": "",
            "fileTypesAndContributionMap": {
              "functional-code": {
                "insertions": 17,
                "deletions": 0
              }
            }
          },
          {
            "hash": "218f110b650abf79467de02f572772cdf2dd0b0f",
            "messageTitle": "Add Question.java",
            "messageBody": "",
            "fileTypesAndContributionMap": {
              "functional-code": {
                "insertions": 8,
                "deletions": 0
              }
            }
          },
          {
            "hash": "32b2c8459e3f0b3c49cea925f9140e83aaf2e030",
            "messageTitle": "Add Tag.java",
            "messageBody": "",
            "fileTypesAndContributionMap": {
              "functional-code": {
                "insertions": 16,
                "deletions": 0
              }
            }
          }
        ]
      },
      {
        "date": "2020-09-23",
        "commitResults": [
          {
            "hash": "92739d12ae46acfa54391f1845ac79020ef9090e",
            "messageTitle": "Add organisation related use cases",
            "messageBody": "",
            "fileTypesAndContributionMap": {
              "docs": {
                "insertions": 91,
                "deletions": 4
              }
            }
          }
        ]
      },
      {
        "date": "2020-09-24",
        "commitResults": [
          {
            "hash": "e8c7adb464cefd5449f4e2ab591834856a01b20c",
            "messageTitle": "Fix minor documentation errors",
            "messageBody": "This commit fixes errors mentioned in the pull request review for adding organisational related use cases.\n",
            "fileTypesAndContributionMap": {
              "docs": {
                "insertions": 3,
                "deletions": 3
              }
            }
          }
        ]
      }
    ],
    "FH-30": [
      {
        "date": "2020-09-17",
        "commitResults": [
          {
            "hash": "22ebb524399996f7a550eb37cf7f73fdadc0ca89",
            "messageTitle": "Update Command Summary",
            "messageBody": "",
            "fileTypesAndContributionMap": {
              "docs": {
                "insertions": 9,
                "deletions": 15
              }
            }
          }
        ]
      },
      {
        "date": "2020-09-19",
        "commitResults": [
          {
            "hash": "dc300527524ceb60dd03367f365978fa06f96659",
            "messageTitle": "Update AboutUs.md",
            "messageBody": "",
            "fileTypesAndContributionMap": {
              "docs": {
                "insertions": 1,
                "deletions": 1
              }
            }
          },
          {
            "hash": "ec57834af7493a62c5ac1b8f4bf85bcd79783f7e",
            "messageTitle": "Add explore quickcache use case",
            "messageBody": "",
            "fileTypesAndContributionMap": {
              "docs": {
                "insertions": 33,
                "deletions": 7
              }
            }
          },
          {
            "hash": "efed236c65cc1870659addc2797f4bce58138984",
            "messageTitle": "Update explore quickcache use case",
            "messageBody": "",
            "fileTypesAndContributionMap": {
              "docs": {
                "insertions": 14,
                "deletions": 2
              }
            }
          },
          {
            "hash": "ff138af2a92818c1c7f088115da53600a4cec3f5",
            "messageTitle": "Add View Statistics Use Case",
            "messageBody": "",
            "fileTypesAndContributionMap": {
              "docs": {
                "insertions": 22,
                "deletions": 1
              }
            }
          },
          {
            "hash": "e9c07f179744999992f19ed5cc719792915ab76d",
            "messageTitle": "Update Developer Guide",
            "messageBody": "",
            "fileTypesAndContributionMap": {
              "docs": {
                "insertions": 9,
                "deletions": 3
              }
            }
          }
        ]
      }
    ],
    "GilbertTan19": [
      {
        "date": "2020-09-12",
        "commitResults": [
          {
            "hash": "3e58bd2679405a383fadc5155f336e8d2d9e2b93",
            "messageTitle": "Add List User Guide and change adressbook to QuickCache also deleted some feature not in v1.2",
            "messageBody": "",
            "fileTypesAndContributionMap": {
              "docs": {
                "insertions": 7,
                "deletions": 45
              }
            }
          }
        ]
      },
      {
        "date": "2020-09-17",
        "commitResults": [
          {
            "hash": "57ffdce5d5549fdc0a5c182b865501c8d3d91348",
            "messageTitle": "Change AboutUs.md and add portfolio page for each member",
            "messageBody": "",
            "fileTypesAndContributionMap": {
              "docs": {
                "insertions": 251,
                "deletions": 20
              }
            }
          }
        ]
      },
      {
        "date": "2020-09-19",
        "commitResults": [
          {
            "hash": "a98c19c3ca870ddebf38f78073b855c8915f6cad",
            "messageTitle": "Add Gilbert picture in AboutUs.md",
            "messageBody": "",
            "fileTypesAndContributionMap": {
              "docs": {
                "insertions": 1,
                "deletions": 1
              }
            }
          },
          {
            "hash": "8190be339e9a38f24c8fb76af80c423a05d7bb9d",
            "messageTitle": "Rename Gilbert photo name",
            "messageBody": "",
            "fileTypesAndContributionMap": {
              "docs": {
                "insertions": 1,
                "deletions": 1
              }
            }
          },
          {
            "hash": "f2bd2bac60d55ef70e686c6b905d1351f2f1e971",
            "messageTitle": "Change Target User Profile, Value Proposition, User Stories and add Use case for adding flashcard",
            "messageBody": "",
            "fileTypesAndContributionMap": {
              "docs": {
                "insertions": 48,
                "deletions": 11
              }
            }
          },
          {
            "hash": "6c60aac397eed42a6a56c055c4dbc4aafaeed45f",
            "messageTitle": "Add use case for delete in DeveloperGuide",
            "messageBody": "",
            "fileTypesAndContributionMap": {
              "docs": {
                "insertions": 5,
                "deletions": 5
              }
            }
          },
          {
            "hash": "8031d23a6dbffc4714abdfdb84a6a02bc00879ca",
            "messageTitle": "Fix grammar issues",
            "messageBody": "",
            "fileTypesAndContributionMap": {
              "docs": {
                "insertions": 2,
                "deletions": 2
              }
            }
          }
        ]
      },
      {
        "date": "2020-09-23",
        "commitResults": [
          {
            "hash": "d6807338006ff3a621b594bf94a39616b0c5e0c8",
            "messageTitle": "Morph Parser",
            "messageBody": "",
            "fileTypesAndContributionMap": {
              "functional-code": {
                "insertions": 176,
                "deletions": 85
              }
            }
          },
          {
            "hash": "5eb8fb6e87beaf2ff13a37f91a62c7875f034388",
            "messageTitle": "Add command to add OpenEndedQuestion and delete Question",
            "messageBody": "",
            "fileTypesAndContributionMap": {
              "functional-code": {
                "insertions": 377,
                "deletions": 180
              },
              "test-code": {
                "insertions": 7,
                "deletions": 7
              }
            }
          },
          {
            "hash": "3b8bf7e5217016a587fd5128da2e822fabddc6fc",
            "messageTitle": "Fix CheckStyle failure",
            "messageBody": "",
            "fileTypesAndContributionMap": {
              "functional-code": {
                "insertions": 110,
                "deletions": 119
              }
            }
          },
          {
            "hash": "c2bb138d20174cdcca3bac4f0331a78b943baada",
            "messageTitle": "Change AddComand to AddOpenEndedQuestioncommand",
            "messageBody": "",
            "fileTypesAndContributionMap": {
              "functional-code": {
                "insertions": 6,
                "deletions": 3
              },
              "other": {
                "insertions": 71,
                "deletions": 61
              },
              "test-code": {
                "insertions": 361,
                "deletions": 416
              }
            }
          },
          {
            "hash": "657f02964716645731b85e7a6e1441e2e5c9f26d",
            "messageTitle": "Add documentation",
            "messageBody": "",
            "fileTypesAndContributionMap": {
              "functional-code": {
                "insertions": 7,
                "deletions": 4
              }
            }
          },
          {
            "hash": "fa915019d0cd516793b469e5a6da2fada08841a7",
            "messageTitle": "Add command to add the Multiple Choice Question",
            "messageBody": "",
            "fileTypesAndContributionMap": {
              "functional-code": {
                "insertions": 171,
                "deletions": 17
              }
            }
          },
          {
            "hash": "d1442c47471af0841db4ec829f41893a9e0face3",
            "messageTitle": "Throw exception if there are no choices in Multiple Choice Question",
            "messageBody": "",
            "fileTypesAndContributionMap": {
              "functional-code": {
                "insertions": 4,
                "deletions": 1
              }
            }
          },
          {
            "hash": "3c8a1ace45fdbd9cb281e410ff788dae42147e3e",
            "messageTitle": "Throw exception if answer is not integer and larger than number of choices in MultipleChoiceQuestion",
            "messageBody": "",
            "fileTypesAndContributionMap": {
              "functional-code": {
                "insertions": 13,
                "deletions": 4
              }
            }
          },
          {
            "hash": "73b78b5beb002aca231377671ee34a78e8291c4f",
            "messageTitle": "Fix checkstyle error",
            "messageBody": "",
            "fileTypesAndContributionMap": {
              "functional-code": {
                "insertions": 83,
                "deletions": 25
              }
            }
          },
          {
            "hash": "98717daaf5bfc6c4cbb68b8e91b0481567470af1",
            "messageTitle": "Update test to support AddOpenEndedQuestionCommand and DeleteCommand",
            "messageBody": "",
            "fileTypesAndContributionMap": {
              "functional-code": {
                "insertions": 6,
                "deletions": 0
              },
              "test-code": {
                "insertions": 188,
                "deletions": 175
              }
            }
          },
          {
            "hash": "23686a121cbd84ba7ccd0405f9748a9966f49d7f",
            "messageTitle": "Update Equals method to pass test",
            "messageBody": "",
            "fileTypesAndContributionMap": {
              "functional-code": {
                "insertions": 15,
                "deletions": 0
              },
              "test-code": {
                "insertions": 1136,
                "deletions": 1129
              }
            }
          }
        ]
      },
      {
        "date": "2020-09-24",
        "commitResults": [
          {
            "hash": "fa825329178f784a480b1ef3698babdf7fbad74a",
            "messageTitle": "Fixed Checkstyle on test",
            "messageBody": "",
            "fileTypesAndContributionMap": {
              "functional-code": {
                "insertions": 3,
                "deletions": 3
              },
              "test-code": {
                "insertions": 157,
                "deletions": 151
              }
            }
          },
          {
            "hash": "3989b0a9e2f1b620bc54ec9ce81c6eac6f5dfef7",
            "messageTitle": "Fixed some test",
            "messageBody": "",
            "fileTypesAndContributionMap": {
              "test-code": {
                "insertions": 2,
                "deletions": 2
              }
            }
          },
          {
            "hash": "15eec6d3dcab3b0bcf427e02214385f7ba7b2135",
            "messageTitle": "Fix test for all OpenEndedQuestion and Delete",
            "messageBody": "",
            "fileTypesAndContributionMap": {
              "functional-code": {
                "insertions": 39,
                "deletions": 12
              },
              "test-code": {
                "insertions": 10,
                "deletions": 3
              }
            }
          },
          {
            "hash": "2777de4601651c12ddfca0ee35f46e5440c0336d",
            "messageTitle": "Fix CheckStyle for main and Test",
            "messageBody": "",
            "fileTypesAndContributionMap": {
              "functional-code": {
                "insertions": 17,
                "deletions": 17
              },
              "test-code": {
                "insertions": 2,
                "deletions": 1
              }
            }
          },
          {
            "hash": "8202ecd3cdb96261ea73ed7f9f0e4bfe25f9627a",
            "messageTitle": "Add testing for AddMultipleChoiceQuestionCommand",
            "messageBody": "",
            "fileTypesAndContributionMap": {
              "test-code": {
                "insertions": 234,
                "deletions": 6
              }
            }
          },
          {
            "hash": "c40a4e09daf5906783480e59e841289fcf44b573",
            "messageTitle": "Add testing for addMultipleChoiceQuestionCommand and Parser",
            "messageBody": "",
            "fileTypesAndContributionMap": {
              "functional-code": {
                "insertions": 29,
                "deletions": 17
              },
              "test-code": {
                "insertions": 109,
                "deletions": 3
              }
            }
          },
          {
            "hash": "dea31af1cd3b280c444eb1876027d6ab6bd4649b",
            "messageTitle": "Fix Checkstyle for Main and Test",
            "messageBody": "",
            "fileTypesAndContributionMap": {
              "test-code": {
                "insertions": 17,
                "deletions": 14
              }
            }
          }
        ]
      },
      {
        "date": "2020-09-25",
        "commitResults": [
          {
            "hash": "dc2936b6b932eaae2ebc5bd739dfb681de82d03a",
            "messageTitle": "Fix checkstyle for Mcq",
            "messageBody": "",
            "fileTypesAndContributionMap": {
              "functional-code": {
                "insertions": 4,
                "deletions": 4
              },
              "other": {
                "insertions": 4,
                "deletions": 4
              },
              "test-code": {
                "insertions": 5,
                "deletions": 5
              }
            }
          }
        ]
      }
    ]
  },
  "authorFileTypeContributionMap": {
    "josiahkhoo": {
      "docs": 96,
      "functional-code": 0,
      "test-code": 0
    },
    "ChenXJ98": {
      "docs": 113,
      "functional-code": 0,
      "test-code": 0
    },
    "joshtyf": {
      "docs": 94,
      "functional-code": 185,
      "test-code": 0
    },
    "FH-30": {
      "docs": 74,
      "functional-code": 0,
      "test-code": 0
    },
    "GilbertTan19": {
      "docs": 296,
      "functional-code": 741,
      "test-code": 2079
    }
  },
  "authorContributionVariance": {
    "josiahkhoo": 176.93129,
    "ChenXJ98": 268.25363,
    "joshtyf": 1136.6053,
    "FH-30": 202.58827,
    "GilbertTan19": 556620.56
  },
  "authorDisplayNameMap": {
    "josiahkhoo": "CS2103T-T13-2 JOSI..O QI",
    "ChenXJ98": "CS2103T-T13-2 CHEN..JIAN",
    "joshtyf": "CS2103T-T13-2 JOSH..FENG",
    "FH-30": "CS2103T-T13-2 FRAN..ANTO",
    "GilbertTan19": "CS2103T-T13-2 GILB.. TAN"
  }
}
