{
  "authorDailyContributionsMap": {
    "ducbinh2611": [
      {
        "date": "2020-09-22",
        "commitResults": [
          {
            "hash": "bbda1d0d4959528a841caa89e83daef33134f10a",
            "messageTitle": "Update AboutUs",
            "messageBody": "",
            "fileTypesAndContributionMap": {
              "docs": {
                "insertions": 3,
                "deletions": 3
              }
            }
          },
          {
            "hash": "3dc087688d5f87f6fa93c2e8f8d3e5a89baa1a78",
            "messageTitle": "Update AboutUs",
            "messageBody": "",
            "fileTypesAndContributionMap": {
              "docs": {
                "insertions": 5,
                "deletions": 5
              }
            }
          },
          {
            "hash": "dac2c23a99ebe0ccde74d9ed00556ca4cc52bdf1",
            "messageTitle": "Update AboutUs",
            "messageBody": "",
            "fileTypesAndContributionMap": {
              "docs": {
                "insertions": 1,
                "deletions": 1
              }
            }
          },
          {
            "hash": "6b264d8b6c2897429f305fbffc6fdbf7e751f18f",
            "messageTitle": "Update DeveloperGuide",
            "messageBody": "",
            "fileTypesAndContributionMap": {
              "docs": {
                "insertions": 7,
                "deletions": 4
              }
            }
          },
          {
            "hash": "0f362ef474675f77fb5ddcfedf9aa53caeb024a4",
            "messageTitle": "Update DeveloperGuide",
            "messageBody": "",
            "fileTypesAndContributionMap": {
              "docs": {
                "insertions": 39,
                "deletions": 7
              }
            }
          }
        ]
      },
      {
        "date": "2020-09-28",
        "commitResults": [
          {
            "hash": "28041ef82d909dbff312381a60b9e8f4251470ab",
            "messageTitle": "Update table of content for UserGuide",
            "messageBody": "",
            "fileTypesAndContributionMap": {
              "docs": {
                "insertions": 50,
                "deletions": 24
              }
            }
          },
          {
            "hash": "971bdb3ce8150e061f179145632c7c24ba77ef44",
            "messageTitle": "Fix format of Table of Contents",
            "messageBody": "",
            "fileTypesAndContributionMap": {
              "docs": {
                "insertions": 22,
                "deletions": 22
              }
            }
          },
          {
            "hash": "c2e9554c21e6951a7c34c2f8f03d8db0c643d585",
            "messageTitle": "Correct language and format for UserGuide",
            "messageBody": "",
            "fileTypesAndContributionMap": {
              "docs": {
                "insertions": 26,
                "deletions": 21
              }
            }
          }
        ]
      }
    ],
    "cupofjoee": [
      {
        "date": "2020-09-22",
        "commitResults": [
          {
            "hash": "2a82983a2e3a13b5ecb462069b06992cd5e39adc",
            "messageTitle": "Update image and details to AboutUs",
            "messageBody": "",
            "fileTypesAndContributionMap": {
              "docs": {
                "insertions": 6,
                "deletions": 6
              }
            }
          },
          {
            "hash": "133ec4cceb5158f61a952b88d2bc6b3e09266ff3",
            "messageTitle": "Add flashcard details to UserGuide",
            "messageBody": "",
            "fileTypesAndContributionMap": {
              "docs": {
                "insertions": 29,
                "deletions": 78
              }
            }
          },
          {
            "hash": "ab8869ffb0ac629ac9496e465bae3653198a7edb",
            "messageTitle": "Add commands summary tables",
            "messageBody": "",
            "fileTypesAndContributionMap": {
              "docs": {
                "insertions": 79,
                "deletions": 10
              }
            }
          },
          {
            "hash": "edaaa877c74634db5e63c9ef4d28d1eabe285229",
            "messageTitle": "Fix AboutUs profile pictures naming",
            "messageBody": "",
            "fileTypesAndContributionMap": {
              "docs": {
                "insertions": 4,
                "deletions": 4
              }
            }
          }
        ]
      },
      {
        "date": "2020-09-28",
        "commitResults": [
          {
            "hash": "40ed0f82809fd9780bed8c1174bf4b4632624eda",
            "messageTitle": "Add white space to make it more readable",
            "messageBody": "",
            "fileTypesAndContributionMap": {
              "docs": {
                "insertions": 41,
                "deletions": 20
              }
            }
          },
          {
            "hash": "59d7fd712e1f23161f458caf4083f099f1c3095c",
            "messageTitle": "Add white space between tables",
            "messageBody": "",
            "fileTypesAndContributionMap": {
              "docs": {
                "insertions": 3,
                "deletions": 1
              }
            }
          },
          {
            "hash": "cad3fb66ea32408d13514ba22e19556237108da4",
            "messageTitle": "Replace quick start with non AB3",
            "messageBody": "",
            "fileTypesAndContributionMap": {
              "docs": {
                "insertions": 10,
                "deletions": 11
              }
            }
          }
        ]
      },
      {
        "date": "2020-10-03",
        "commitResults": [
          {
            "hash": "4eb4313eb47ed1b1647868151ef6add84fcc1700",
            "messageTitle": "Add basic classes for flashcard functionality",
            "messageBody": "",
            "fileTypesAndContributionMap": {
              "functional-code": {
                "insertions": 201,
                "deletions": 0
              }
            }
          },
          {
            "hash": "0e5042c9f042b03c5140640896c3390db37456b6",
            "messageTitle": "Add toString, hashCode and equals methods",
            "messageBody": "",
            "fileTypesAndContributionMap": {
              "functional-code": {
                "insertions": 86,
                "deletions": 2
              }
            }
          },
          {
            "hash": "d0bdd5e6a909f0a5b70efeb3a372d327a9fa2187",
            "messageTitle": "Fix checkstyle",
            "messageBody": "",
            "fileTypesAndContributionMap": {
              "functional-code": {
                "insertions": 15,
                "deletions": 15
              }
            }
          }
        ]
      }
    ],
    "petrickjerico": [
      {
        "date": "2020-09-22",
        "commitResults": [
          {
            "hash": "f3badf4e57b80115ee875fa37a6805edfc6e664a",
            "messageTitle": "Update AboutUs",
            "messageBody": "",
            "fileTypesAndContributionMap": {
              "docs": {
                "insertions": 5,
                "deletions": 5
              }
            }
          }
        ]
      },
      {
        "date": "2020-09-30",
        "commitResults": [
          {
            "hash": "6870fa2dc5e849aa1fe2b83316f511c0e8662b9a",
            "messageTitle": "Add bullet points for emails",
            "messageBody": "",
            "fileTypesAndContributionMap": {
              "docs": {
                "insertions": 5,
                "deletions": 5
              }
            }
          },
          {
            "hash": "a822c09fb8f7d9b86e9152e22ac06db7d654f054",
            "messageTitle": "Update website\u0027s main page to remove traces of AB3",
            "messageBody": "",
            "fileTypesAndContributionMap": {
              "docs": {
                "insertions": 8,
                "deletions": 7
              }
            }
          },
          {
            "hash": "79da12c0d3305e9c93be61902b5269077940589b",
            "messageTitle": "Edit whitespace in AboutUs",
            "messageBody": "",
            "fileTypesAndContributionMap": {
              "docs": {
                "insertions": 0,
                "deletions": 1
              }
            }
          },
          {
            "hash": "217e6f9b264be6a272ac70cafabee70e61815e28",
            "messageTitle": "Delete extra \u0027|\u0027 character in user stories table",
            "messageBody": "",
            "fileTypesAndContributionMap": {
              "docs": {
                "insertions": 1,
                "deletions": 1
              }
            }
          },
          {
            "hash": "6005d55ce430d48169d5d1290374b646bbdf93d0",
            "messageTitle": "Rectify markdown for table in website",
            "messageBody": "",
            "fileTypesAndContributionMap": {
              "docs": {
                "insertions": 6,
                "deletions": 6
              }
            }
          },
          {
            "hash": "ea6e026097b72e7f60953d69944d4a6ad8be464b",
            "messageTitle": "Edit portfolio to remove AB3 traces",
            "messageBody": "",
            "fileTypesAndContributionMap": {
              "docs": {
                "insertions": 6,
                "deletions": 28
              }
            }
          }
        ]
      },
      {
        "date": "2020-10-01",
        "commitResults": [
          {
            "hash": "b0b619b21a2bdc147eccb1958e1f66ea3d986b29",
            "messageTitle": "Rectify table markdown",
            "messageBody": "",
            "fileTypesAndContributionMap": {
              "docs": {
                "insertions": 4,
                "deletions": 1
              }
            }
          }
        ]
      }
    ],
    "chuyiting": [
      {
        "date": "2020-09-22",
        "commitResults": [
          {
            "hash": "69e4254f0232087df03cc5e77fadc07b70aad10d",
            "messageTitle": "Update AboutUs",
            "messageBody": "",
            "fileTypesAndContributionMap": {
              "docs": {
                "insertions": 2,
                "deletions": 2
              }
            }
          },
          {
            "hash": "a4e7021d4f86fb381ac67f3182f2993a28d473da",
            "messageTitle": "Update AboutUs",
            "messageBody": "",
            "fileTypesAndContributionMap": {
              "docs": {
                "insertions": 3,
                "deletions": 6
              }
            }
          },
          {
            "hash": "f8a99bc4db6fdc4e9b9407c5dd546479061fa055",
            "messageTitle": "Update user guide.",
            "messageBody": "Task user guide.\n",
            "fileTypesAndContributionMap": {
              "docs": {
                "insertions": 53,
                "deletions": 1
              }
            }
          },
          {
            "hash": "44d09d48b07ad7c50c2ac7dc8d275935b0007021",
            "messageTitle": "Update AboutUs picture",
            "messageBody": "",
            "fileTypesAndContributionMap": {
              "docs": {
                "insertions": 1,
                "deletions": 1
              }
            }
          }
        ]
      },
      {
        "date": "2020-09-30",
        "commitResults": [
          {
            "hash": "96ce24a91d2212d2ea14d096414af2a47b1b32d0",
            "messageTitle": "Add user stories to Developer Guide.",
            "messageBody": "",
            "fileTypesAndContributionMap": {
              "docs": {
                "insertions": 25,
                "deletions": 15
              }
            }
          }
        ]
      }
    ],
    "bowei-yu": [
      {
        "date": "2020-09-22",
        "commitResults": [
          {
            "hash": "378572094eaaab0bad04263b37ca9e2d7dd02a36",
            "messageTitle": "Update project website: AboutUs, README",
            "messageBody": "",
            "fileTypesAndContributionMap": {
              "docs": {
                "insertions": 4,
                "deletions": 4
              }
            }
          },
          {
            "hash": "79d1de33120d9b239d9a814277694c56211ab6fb",
            "messageTitle": "Add Quiz in README.md",
            "messageBody": "",
            "fileTypesAndContributionMap": {
              "docs": {
                "insertions": 67,
                "deletions": 1
              }
            }
          },
          {
            "hash": "5c9d008f1163dd8245297fdc132d6162ff7490d0",
            "messageTitle": "Update UserGuide.md",
            "messageBody": "",
            "fileTypesAndContributionMap": {
              "docs": {
                "insertions": 1,
                "deletions": 1
              }
            }
          }
        ]
      },
      {
        "date": "2020-09-25",
        "commitResults": [
          {
            "hash": "73a2840ce6ba07ddab1770dfeae699691b4ec364",
            "messageTitle": "Fix README.md sequence",
            "messageBody": "",
            "fileTypesAndContributionMap": {
              "docs": {
                "insertions": 0,
                "deletions": 4
              }
            }
          }
        ]
      },
      {
        "date": "2020-09-30",
        "commitResults": [
          {
            "hash": "c142cfa5b94c622b89adadf042942e8435f206d9",
            "messageTitle": "Update README.md",
            "messageBody": "",
            "fileTypesAndContributionMap": {
              "docs": {
                "insertions": 14,
                "deletions": 11
              }
            }
          },
          {
            "hash": "7b2ccf7b7d3f00de84b43ad6ab2d7ab66faa88a5",
            "messageTitle": "Add newline character in README.md",
            "messageBody": "",
            "fileTypesAndContributionMap": {
              "docs": {
                "insertions": 1,
                "deletions": 1
              }
            }
          },
          {
            "hash": "29a38750bf7e94fa3e00379ed41fc1094b263c84",
            "messageTitle": "Add emails in AboutUs.md",
            "messageBody": "",
            "fileTypesAndContributionMap": {
              "docs": {
                "insertions": 8,
                "deletions": 2
              }
            }
          },
          {
            "hash": "c14976f6688610b18f44791077d8d64e05750404",
            "messageTitle": "Update UserGuide and DeveloperGuide links in README.md",
            "messageBody": "",
            "fileTypesAndContributionMap": {
              "docs": {
                "insertions": 2,
                "deletions": 2
              }
            }
          },
          {
            "hash": "1cbda929bcad049a05244883a9d9c92e738350dd",
            "messageTitle": "Add use cases",
            "messageBody": "",
            "fileTypesAndContributionMap": {
              "docs": {
                "insertions": 169,
                "deletions": 40
              }
            }
          },
          {
            "hash": "8e5d4716f6b4421857b7978ec88d5f3e946138b6",
            "messageTitle": "Update team emails",
            "messageBody": "",
            "fileTypesAndContributionMap": {
              "docs": {
                "insertions": 5,
                "deletions": 5
              }
            }
          },
          {
            "hash": "b997c343b33dec6638da060bbd5637edc503d147",
            "messageTitle": "Fix bugs in formatting",
            "messageBody": "",
            "fileTypesAndContributionMap": {
              "docs": {
                "insertions": 8,
                "deletions": 8
              }
            }
          },
          {
            "hash": "b48a159c507753cf67b8d3c43d7e0404c17028e1",
            "messageTitle": "Modify index.md to fit project",
            "messageBody": "",
            "fileTypesAndContributionMap": {
              "docs": {
                "insertions": 8,
                "deletions": 7
              }
            }
          },
          {
            "hash": "e816d8e1c3e829c8a4dfbe4df1d8e573b4433ff1",
            "messageTitle": "Update project websites on README",
            "messageBody": "",
            "fileTypesAndContributionMap": {
              "docs": {
                "insertions": 5,
                "deletions": 3
              }
            }
          }
        ]
      }
    ]
  },
  "authorFileTypeContributionMap": {
    "ducbinh2611": {
      "docs": 88,
      "functional-code": 0,
      "test-code": 0
    },
    "cupofjoee": {
      "docs": 117,
      "functional-code": 297,
      "test-code": 0
    },
    "petrickjerico": {
      "docs": 29,
      "functional-code": 0,
      "test-code": 0
    },
    "chuyiting": {
      "docs": 59,
      "functional-code": 0,
      "test-code": 0
    },
    "bowei-yu": {
      "docs": 234,
      "functional-code": 0,
      "test-code": 0
    }
  },
  "authorContributionVariance": {
    "ducbinh2611": 621.9722,
    "cupofjoee": 2906.8904,
    "petrickjerico": 106.77817,
    "chuyiting": 120.15764,
    "bowei-yu": 1816.7592
  },
  "authorDisplayNameMap": {
    "ducbinh2611": "CS2103T-F12-2 NGO ..BINH",
    "cupofjoee": "CS2103T-F12-2 JOE ..JAYA",
    "petrickjerico": "CS2103T-F12-2 PETR..ENDI",
    "chuyiting": "CS2103T-F12-2 CHU ..TING",
    "bowei-yu": "CS2103T-F12-2 YU B..OWEI"
  }
}
