{
  "authorDailyContributionsMap": {
    "ducbinh2611": [
      {
        "date": "2020-09-22",
        "commitResults": [
          {
            "hash": "bbda1d0d4959528a841caa89e83daef33134f10a",
            "messageTitle": "Update AboutUs",
            "messageBody": "",
            "fileTypesAndContributionMap": {
              "docs": {
                "insertions": 3,
                "deletions": 3
              }
            }
          },
          {
            "hash": "3dc087688d5f87f6fa93c2e8f8d3e5a89baa1a78",
            "messageTitle": "Update AboutUs",
            "messageBody": "",
            "fileTypesAndContributionMap": {
              "docs": {
                "insertions": 5,
                "deletions": 5
              }
            }
          },
          {
            "hash": "dac2c23a99ebe0ccde74d9ed00556ca4cc52bdf1",
            "messageTitle": "Update AboutUs",
            "messageBody": "",
            "fileTypesAndContributionMap": {
              "docs": {
                "insertions": 1,
                "deletions": 1
              }
            }
          },
          {
            "hash": "6b264d8b6c2897429f305fbffc6fdbf7e751f18f",
            "messageTitle": "Update DeveloperGuide",
            "messageBody": "",
            "fileTypesAndContributionMap": {
              "docs": {
                "insertions": 7,
                "deletions": 4
              }
            }
          },
          {
            "hash": "0f362ef474675f77fb5ddcfedf9aa53caeb024a4",
            "messageTitle": "Update DeveloperGuide",
            "messageBody": "",
            "fileTypesAndContributionMap": {
              "docs": {
                "insertions": 39,
                "deletions": 7
              }
            }
          }
        ]
      }
    ],
    "cupofjoee": [
      {
        "date": "2020-09-22",
        "commitResults": [
          {
            "hash": "2a82983a2e3a13b5ecb462069b06992cd5e39adc",
            "messageTitle": "Update image and details to AboutUs",
            "messageBody": "",
            "fileTypesAndContributionMap": {
              "docs": {
                "insertions": 6,
                "deletions": 6
              }
            }
          },
          {
            "hash": "133ec4cceb5158f61a952b88d2bc6b3e09266ff3",
            "messageTitle": "Add flashcard details to UserGuide",
            "messageBody": "",
            "fileTypesAndContributionMap": {
              "docs": {
                "insertions": 29,
                "deletions": 78
              }
            }
          },
          {
            "hash": "ab8869ffb0ac629ac9496e465bae3653198a7edb",
            "messageTitle": "Add commands summary tables",
            "messageBody": "",
            "fileTypesAndContributionMap": {
              "docs": {
                "insertions": 79,
                "deletions": 10
              }
            }
          },
          {
            "hash": "edaaa877c74634db5e63c9ef4d28d1eabe285229",
            "messageTitle": "Fix AboutUs profile pictures naming",
            "messageBody": "",
            "fileTypesAndContributionMap": {
              "docs": {
                "insertions": 4,
                "deletions": 4
              }
            }
          }
        ]
      }
    ],
    "petrickjerico": [
      {
        "date": "2020-09-22",
        "commitResults": [
          {
            "hash": "f3badf4e57b80115ee875fa37a6805edfc6e664a",
            "messageTitle": "Update AboutUs",
            "messageBody": "",
            "fileTypesAndContributionMap": {
              "docs": {
                "insertions": 5,
                "deletions": 5
              }
            }
          }
        ]
      }
    ],
    "chuyiting": [
      {
        "date": "2020-09-22",
        "commitResults": [
          {
            "hash": "69e4254f0232087df03cc5e77fadc07b70aad10d",
            "messageTitle": "Update AboutUs",
            "messageBody": "",
            "fileTypesAndContributionMap": {
              "docs": {
                "insertions": 2,
                "deletions": 2
              }
            }
          },
          {
            "hash": "a4e7021d4f86fb381ac67f3182f2993a28d473da",
            "messageTitle": "Update AboutUs",
            "messageBody": "",
            "fileTypesAndContributionMap": {
              "docs": {
                "insertions": 3,
                "deletions": 6
              }
            }
          },
          {
            "hash": "f8a99bc4db6fdc4e9b9407c5dd546479061fa055",
            "messageTitle": "Update user guide.",
            "messageBody": "Task user guide.\n",
            "fileTypesAndContributionMap": {
              "docs": {
                "insertions": 53,
                "deletions": 1
              }
            }
          },
          {
            "hash": "44d09d48b07ad7c50c2ac7dc8d275935b0007021",
            "messageTitle": "Update AboutUs picture",
            "messageBody": "",
            "fileTypesAndContributionMap": {
              "docs": {
                "insertions": 1,
                "deletions": 1
              }
            }
          }
        ]
      }
    ],
    "bowei-yu": [
      {
        "date": "2020-09-22",
        "commitResults": [
          {
            "hash": "378572094eaaab0bad04263b37ca9e2d7dd02a36",
            "messageTitle": "Update project website: AboutUs, README",
            "messageBody": "",
            "fileTypesAndContributionMap": {
              "docs": {
                "insertions": 4,
                "deletions": 4
              }
            }
          },
          {
            "hash": "79d1de33120d9b239d9a814277694c56211ab6fb",
            "messageTitle": "Add Quiz in README.md",
            "messageBody": "",
            "fileTypesAndContributionMap": {
              "docs": {
                "insertions": 67,
                "deletions": 1
              }
            }
          },
          {
            "hash": "5c9d008f1163dd8245297fdc132d6162ff7490d0",
            "messageTitle": "Update UserGuide.md",
            "messageBody": "",
            "fileTypesAndContributionMap": {
              "docs": {
                "insertions": 1,
                "deletions": 1
              }
            }
          }
        ]
      },
      {
        "date": "2020-09-25",
        "commitResults": [
          {
            "hash": "73a2840ce6ba07ddab1770dfeae699691b4ec364",
            "messageTitle": "Fix README.md sequence",
            "messageBody": "",
            "fileTypesAndContributionMap": {
              "docs": {
                "insertions": 0,
                "deletions": 4
              }
            }
          }
        ]
      }
    ]
  },
  "authorFileTypeContributionMap": {
    "ducbinh2611": {
      "docs": 48,
      "functional-code": 0,
      "test-code": 0
    },
    "cupofjoee": {
      "docs": 102,
      "functional-code": 0,
      "test-code": 0
    },
    "petrickjerico": {
      "docs": 4,
      "functional-code": 0,
      "test-code": 0
    },
    "chuyiting": {
      "docs": 37,
      "functional-code": 0,
      "test-code": 0
    },
    "bowei-yu": {
      "docs": 64,
      "functional-code": 0,
      "test-code": 0
    }
  },
  "authorContributionVariance": {
    "ducbinh2611": 127.77176,
    "cupofjoee": 1059.7903,
    "petrickjerico": 2.2714982,
    "chuyiting": 108.146,
    "bowei-yu": 138.22392
  },
  "authorDisplayNameMap": {
    "ducbinh2611": "CS2103T-F12-2 NGO ..BINH",
    "cupofjoee": "CS2103T-F12-2 JOE ..JAYA",
    "petrickjerico": "CS2103T-F12-2 PETR..ENDI",
    "chuyiting": "CS2103T-F12-2 CHU ..TING",
    "bowei-yu": "CS2103T-F12-2 YU B..OWEI"
  }
}
