{
  "authorDailyContributionsMap": {
    "ducbinh2611": [
      {
        "date": "2020-09-22",
        "commitResults": [
          {
            "hash": "bbda1d0d4959528a841caa89e83daef33134f10a",
            "messageTitle": "Update AboutUs",
            "messageBody": "",
            "fileTypesAndContributionMap": {
              "docs": {
                "insertions": 3,
                "deletions": 3
              }
            }
          },
          {
            "hash": "3dc087688d5f87f6fa93c2e8f8d3e5a89baa1a78",
            "messageTitle": "Update AboutUs",
            "messageBody": "",
            "fileTypesAndContributionMap": {
              "docs": {
                "insertions": 5,
                "deletions": 5
              }
            }
          },
          {
            "hash": "dac2c23a99ebe0ccde74d9ed00556ca4cc52bdf1",
            "messageTitle": "Update AboutUs",
            "messageBody": "",
            "fileTypesAndContributionMap": {
              "docs": {
                "insertions": 1,
                "deletions": 1
              }
            }
          },
          {
            "hash": "6b264d8b6c2897429f305fbffc6fdbf7e751f18f",
            "messageTitle": "Update DeveloperGuide",
            "messageBody": "",
            "fileTypesAndContributionMap": {
              "docs": {
                "insertions": 7,
                "deletions": 4
              }
            }
          },
          {
            "hash": "0f362ef474675f77fb5ddcfedf9aa53caeb024a4",
            "messageTitle": "Update DeveloperGuide",
            "messageBody": "",
            "fileTypesAndContributionMap": {
              "docs": {
                "insertions": 39,
                "deletions": 7
              }
            }
          }
        ]
      },
      {
        "date": "2020-09-28",
        "commitResults": [
          {
            "hash": "28041ef82d909dbff312381a60b9e8f4251470ab",
            "messageTitle": "Update table of content for UserGuide",
            "messageBody": "",
            "fileTypesAndContributionMap": {
              "docs": {
                "insertions": 50,
                "deletions": 24
              }
            }
          },
          {
            "hash": "971bdb3ce8150e061f179145632c7c24ba77ef44",
            "messageTitle": "Fix format of Table of Contents",
            "messageBody": "",
            "fileTypesAndContributionMap": {
              "docs": {
                "insertions": 22,
                "deletions": 22
              }
            }
          },
          {
            "hash": "c2e9554c21e6951a7c34c2f8f03d8db0c643d585",
            "messageTitle": "Correct language and format for UserGuide",
            "messageBody": "",
            "fileTypesAndContributionMap": {
              "docs": {
                "insertions": 26,
                "deletions": 21
              }
            }
          }
        ]
      },
      {
        "date": "2020-10-05",
        "commitResults": [
          {
            "hash": "d44ad469f5de0ab3623c0185c52b58782d52b2c1",
            "messageTitle": "Add Task and TaskList",
            "messageBody": "",
            "fileTypesAndContributionMap": {
              "functional-code": {
                "insertions": 321,
                "deletions": 0
              }
            }
          },
          {
            "hash": "6b7d1b088f53cfc99314df70102b90e451ceb4fe",
            "messageTitle": "Fix code to comply to CheckStyle",
            "messageBody": "",
            "fileTypesAndContributionMap": {
              "functional-code": {
                "insertions": 25,
                "deletions": 24
              }
            }
          }
        ]
      },
      {
        "date": "2020-10-06",
        "commitResults": [
          {
            "hash": "8e52721532e87b61b5b67f6b796483c3f064202e",
            "messageTitle": "Update AddCommandTest.java",
            "messageBody": "",
            "fileTypesAndContributionMap": {
              "test-code": {
                "insertions": 1,
                "deletions": 0
              }
            }
          }
        ]
      },
      {
        "date": "2020-10-11",
        "commitResults": [
          {
            "hash": "92463b3aebf92b0916684a1f013b4300481672c2",
            "messageTitle": "Add test for Task Model",
            "messageBody": "",
            "fileTypesAndContributionMap": {
              "functional-code": {
                "insertions": 23,
                "deletions": 4
              },
              "test-code": {
                "insertions": 526,
                "deletions": 0
              }
            }
          },
          {
            "hash": "7dda48885559cf99d997449982a42ff7528628c1",
            "messageTitle": "Fix syntax error",
            "messageBody": "",
            "fileTypesAndContributionMap": {
              "test-code": {
                "insertions": 1,
                "deletions": 1
              }
            }
          },
          {
            "hash": "e19eaab6cc0a77258d8c0a4718e91d4d990944db",
            "messageTitle": "Fix CI error",
            "messageBody": "",
            "fileTypesAndContributionMap": {
              "test-code": {
                "insertions": 13,
                "deletions": 13
              }
            }
          },
          {
            "hash": "c1f02271df6722900184584cb9775973df56b48c",
            "messageTitle": "Fix Checkstyle error",
            "messageBody": "",
            "fileTypesAndContributionMap": {
              "test-code": {
                "insertions": 8,
                "deletions": 8
              }
            }
          },
          {
            "hash": "9fda231f4165d6d812135900a7fcbf114a83aff6",
            "messageTitle": "Change regex for Description such that it can contains multiple words",
            "messageBody": "",
            "fileTypesAndContributionMap": {
              "functional-code": {
                "insertions": 1,
                "deletions": 1
              },
              "test-code": {
                "insertions": 5,
                "deletions": 6
              }
            }
          },
          {
            "hash": "9b5c31b6f4c1de353013222d655b5f240ef5a2dd",
            "messageTitle": "Fix TaskTest",
            "messageBody": "",
            "fileTypesAndContributionMap": {
              "test-code": {
                "insertions": 0,
                "deletions": 6
              }
            }
          },
          {
            "hash": "0492e2f2de3d3595774d0af349644b0edafb2a05",
            "messageTitle": "Refactor task exceptions",
            "messageBody": "",
            "fileTypesAndContributionMap": {
              "functional-code": {
                "insertions": 5,
                "deletions": 23
              },
              "other": {
                "insertions": 1,
                "deletions": 1
              }
            }
          },
          {
            "hash": "2820d030d15d5f0cd5f3fb3f0a1a8bac52cd9d6f",
            "messageTitle": "Rectify CI test error",
            "messageBody": "",
            "fileTypesAndContributionMap": {
              "functional-code": {
                "insertions": 1,
                "deletions": 1
              }
            }
          },
          {
            "hash": "5602ee01241e28acc6c30937adc51d4ebef75476",
            "messageTitle": "Fix regex for Address",
            "messageBody": "",
            "fileTypesAndContributionMap": {
              "functional-code": {
                "insertions": 1,
                "deletions": 1
              }
            }
          }
        ]
      }
    ],
    "cupofjoee": [
      {
        "date": "2020-09-22",
        "commitResults": [
          {
            "hash": "2a82983a2e3a13b5ecb462069b06992cd5e39adc",
            "messageTitle": "Update image and details to AboutUs",
            "messageBody": "",
            "fileTypesAndContributionMap": {
              "docs": {
                "insertions": 6,
                "deletions": 6
              }
            }
          },
          {
            "hash": "133ec4cceb5158f61a952b88d2bc6b3e09266ff3",
            "messageTitle": "Add flashcard details to UserGuide",
            "messageBody": "",
            "fileTypesAndContributionMap": {
              "docs": {
                "insertions": 29,
                "deletions": 78
              }
            }
          },
          {
            "hash": "ab8869ffb0ac629ac9496e465bae3653198a7edb",
            "messageTitle": "Add commands summary tables",
            "messageBody": "",
            "fileTypesAndContributionMap": {
              "docs": {
                "insertions": 79,
                "deletions": 10
              }
            }
          },
          {
            "hash": "edaaa877c74634db5e63c9ef4d28d1eabe285229",
            "messageTitle": "Fix AboutUs profile pictures naming",
            "messageBody": "",
            "fileTypesAndContributionMap": {
              "docs": {
                "insertions": 4,
                "deletions": 4
              }
            }
          }
        ]
      },
      {
        "date": "2020-09-28",
        "commitResults": [
          {
            "hash": "40ed0f82809fd9780bed8c1174bf4b4632624eda",
            "messageTitle": "Add white space to make it more readable",
            "messageBody": "",
            "fileTypesAndContributionMap": {
              "docs": {
                "insertions": 41,
                "deletions": 20
              }
            }
          },
          {
            "hash": "59d7fd712e1f23161f458caf4083f099f1c3095c",
            "messageTitle": "Add white space between tables",
            "messageBody": "",
            "fileTypesAndContributionMap": {
              "docs": {
                "insertions": 3,
                "deletions": 1
              }
            }
          },
          {
            "hash": "cad3fb66ea32408d13514ba22e19556237108da4",
            "messageTitle": "Replace quick start with non AB3",
            "messageBody": "",
            "fileTypesAndContributionMap": {
              "docs": {
                "insertions": 10,
                "deletions": 11
              }
            }
          }
        ]
      },
      {
        "date": "2020-10-03",
        "commitResults": [
          {
            "hash": "4eb4313eb47ed1b1647868151ef6add84fcc1700",
            "messageTitle": "Add basic classes for flashcard functionality",
            "messageBody": "",
            "fileTypesAndContributionMap": {
              "functional-code": {
                "insertions": 201,
                "deletions": 0
              }
            }
          },
          {
            "hash": "0e5042c9f042b03c5140640896c3390db37456b6",
            "messageTitle": "Add toString, hashCode and equals methods",
            "messageBody": "",
            "fileTypesAndContributionMap": {
              "functional-code": {
                "insertions": 86,
                "deletions": 2
              }
            }
          },
          {
            "hash": "d0bdd5e6a909f0a5b70efeb3a372d327a9fa2187",
            "messageTitle": "Fix checkstyle",
            "messageBody": "",
            "fileTypesAndContributionMap": {
              "functional-code": {
                "insertions": 15,
                "deletions": 15
              }
            }
          }
        ]
      },
      {
        "date": "2020-10-05",
        "commitResults": [
          {
            "hash": "80bc32a23b49b7875eb59d466be69b49f2d12810",
            "messageTitle": "Add static prefix for flashcard commands parameters",
            "messageBody": "",
            "fileTypesAndContributionMap": {
              "functional-code": {
                "insertions": 4,
                "deletions": 1
              }
            }
          },
          {
            "hash": "93710d51bcfaaf525f46c4260860a1a62add683d",
            "messageTitle": "Add static prefix for flashcard commands parameters",
            "messageBody": "",
            "fileTypesAndContributionMap": {
              "functional-code": {
                "insertions": 2,
                "deletions": 0
              }
            }
          }
        ]
      },
      {
        "date": "2020-10-06",
        "commitResults": [
          {
            "hash": "a647584a0ba5e7d59deaba7fe04717cdc13aa83c",
            "messageTitle": "Add basic structure to flashcard commands",
            "messageBody": "",
            "fileTypesAndContributionMap": {
              "functional-code": {
                "insertions": 34,
                "deletions": 1
              },
              "test-code": {
                "insertions": 27,
                "deletions": 20
              }
            }
          },
          {
            "hash": "95f534ad38dfe463234169a30663bed468671d6c",
            "messageTitle": "Implements AddFlashcardCommand",
            "messageBody": "",
            "fileTypesAndContributionMap": {
              "functional-code": {
                "insertions": 60,
                "deletions": 0
              }
            }
          }
        ]
      },
      {
        "date": "2020-10-11",
        "commitResults": [
          {
            "hash": "56c08f7bbaadc359abaefe1e5d27e9ba37565950",
            "messageTitle": "Fix wrong class for equality",
            "messageBody": "",
            "fileTypesAndContributionMap": {
              "functional-code": {
                "insertions": 1,
                "deletions": 1
              }
            }
          },
          {
            "hash": "81d7990a5a0bfeec6ef2a569ba6627525a4fdd0a",
            "messageTitle": "Abstract out arePrefixesPresent method to ParserUtil",
            "messageBody": "",
            "fileTypesAndContributionMap": {
              "functional-code": {
                "insertions": 1,
                "deletions": 10
              }
            }
          },
          {
            "hash": "41e106917a66a9e932bf1d6f2c342c473e2e5068",
            "messageTitle": "Add parser for AddFlashcardCommand",
            "messageBody": "",
            "fileTypesAndContributionMap": {
              "functional-code": {
                "insertions": 120,
                "deletions": 2
              }
            }
          },
          {
            "hash": "fa07eef30625d3b61dd9b87a1f32848039b33f14",
            "messageTitle": "Fix tests error",
            "messageBody": "",
            "fileTypesAndContributionMap": {
              "test-code": {
                "insertions": 80,
                "deletions": 22
              }
            }
          },
          {
            "hash": "9c601219ec4c75c63b32eac78c234c852229d94d",
            "messageTitle": "Abstract common method",
            "messageBody": "",
            "fileTypesAndContributionMap": {
              "functional-code": {
                "insertions": 0,
                "deletions": 1
              }
            }
          },
          {
            "hash": "c6d5b9088072bc4896a72459bd20a0df7231ad7a",
            "messageTitle": "Implement FlashcardBank in ModelManager",
            "messageBody": "",
            "fileTypesAndContributionMap": {
              "functional-code": {
                "insertions": 355,
                "deletions": 8
              }
            }
          },
          {
            "hash": "863a7d9eb3dfff164b18361d9e2fecf6be9e74d1",
            "messageTitle": "Fix checkstyle",
            "messageBody": "",
            "fileTypesAndContributionMap": {
              "functional-code": {
                "insertions": 13,
                "deletions": 11
              }
            }
          }
        ]
      },
      {
        "date": "2020-10-12",
        "commitResults": [
          {
            "hash": "8d6e1575d0e22999d03529e5eb85c844d031f706",
            "messageTitle": "Restructure the storage classes",
            "messageBody": "",
            "fileTypesAndContributionMap": {
              "functional-code": {
                "insertions": 49,
                "deletions": 0
              },
              "other": {
                "insertions": 0,
                "deletions": 0
              }
            }
          },
          {
            "hash": "98d11cf0032408adb55db905d3cd74d13e0ad8b8",
            "messageTitle": "Restructure storage",
            "messageBody": "",
            "fileTypesAndContributionMap": {
              "functional-code": {
                "insertions": 252,
                "deletions": 6
              },
              "other": {
                "insertions": 6,
                "deletions": 6
              }
            }
          },
          {
            "hash": "9af1c571de68792a7dadf5a90de065241558b0d8",
            "messageTitle": "Implement flashcard storage",
            "messageBody": "",
            "fileTypesAndContributionMap": {
              "functional-code": {
                "insertions": 58,
                "deletions": 27
              },
              "test-code": {
                "insertions": 2,
                "deletions": 1
              }
            }
          },
          {
            "hash": "6f4138cdfab41e56ab5247218c6d38b4f42f3003",
            "messageTitle": "Fix checkstyle",
            "messageBody": "",
            "fileTypesAndContributionMap": {
              "functional-code": {
                "insertions": 12,
                "deletions": 10
              },
              "test-code": {
                "insertions": 5,
                "deletions": 5
              }
            }
          }
        ]
      }
    ],
    "petrickjerico": [
      {
        "date": "2020-09-22",
        "commitResults": [
          {
            "hash": "f3badf4e57b80115ee875fa37a6805edfc6e664a",
            "messageTitle": "Update AboutUs",
            "messageBody": "",
            "fileTypesAndContributionMap": {
              "docs": {
                "insertions": 5,
                "deletions": 5
              }
            }
          }
        ]
      },
      {
        "date": "2020-09-30",
        "commitResults": [
          {
            "hash": "6870fa2dc5e849aa1fe2b83316f511c0e8662b9a",
            "messageTitle": "Add bullet points for emails",
            "messageBody": "",
            "fileTypesAndContributionMap": {
              "docs": {
                "insertions": 5,
                "deletions": 5
              }
            }
          },
          {
            "hash": "a822c09fb8f7d9b86e9152e22ac06db7d654f054",
            "messageTitle": "Update website\u0027s main page to remove traces of AB3",
            "messageBody": "",
            "fileTypesAndContributionMap": {
              "docs": {
                "insertions": 8,
                "deletions": 7
              }
            }
          },
          {
            "hash": "79da12c0d3305e9c93be61902b5269077940589b",
            "messageTitle": "Edit whitespace in AboutUs",
            "messageBody": "",
            "fileTypesAndContributionMap": {
              "docs": {
                "insertions": 0,
                "deletions": 1
              }
            }
          },
          {
            "hash": "217e6f9b264be6a272ac70cafabee70e61815e28",
            "messageTitle": "Delete extra \u0027|\u0027 character in user stories table",
            "messageBody": "",
            "fileTypesAndContributionMap": {
              "docs": {
                "insertions": 1,
                "deletions": 1
              }
            }
          },
          {
            "hash": "6005d55ce430d48169d5d1290374b646bbdf93d0",
            "messageTitle": "Rectify markdown for table in website",
            "messageBody": "",
            "fileTypesAndContributionMap": {
              "docs": {
                "insertions": 6,
                "deletions": 6
              }
            }
          },
          {
            "hash": "ea6e026097b72e7f60953d69944d4a6ad8be464b",
            "messageTitle": "Edit portfolio to remove AB3 traces",
            "messageBody": "",
            "fileTypesAndContributionMap": {
              "docs": {
                "insertions": 6,
                "deletions": 28
              }
            }
          }
        ]
      },
      {
        "date": "2020-10-01",
        "commitResults": [
          {
            "hash": "b0b619b21a2bdc147eccb1958e1f66ea3d986b29",
            "messageTitle": "Rectify table markdown",
            "messageBody": "",
            "fileTypesAndContributionMap": {
              "docs": {
                "insertions": 4,
                "deletions": 1
              }
            }
          }
        ]
      }
    ],
    "chuyiting": [
      {
        "date": "2020-09-22",
        "commitResults": [
          {
            "hash": "69e4254f0232087df03cc5e77fadc07b70aad10d",
            "messageTitle": "Update AboutUs",
            "messageBody": "",
            "fileTypesAndContributionMap": {
              "docs": {
                "insertions": 2,
                "deletions": 2
              }
            }
          },
          {
            "hash": "a4e7021d4f86fb381ac67f3182f2993a28d473da",
            "messageTitle": "Update AboutUs",
            "messageBody": "",
            "fileTypesAndContributionMap": {
              "docs": {
                "insertions": 3,
                "deletions": 6
              }
            }
          },
          {
            "hash": "f8a99bc4db6fdc4e9b9407c5dd546479061fa055",
            "messageTitle": "Update user guide.",
            "messageBody": "Task user guide.\n",
            "fileTypesAndContributionMap": {
              "docs": {
                "insertions": 53,
                "deletions": 1
              }
            }
          },
          {
            "hash": "44d09d48b07ad7c50c2ac7dc8d275935b0007021",
            "messageTitle": "Update AboutUs picture",
            "messageBody": "",
            "fileTypesAndContributionMap": {
              "docs": {
                "insertions": 1,
                "deletions": 1
              }
            }
          }
        ]
      },
      {
        "date": "2020-09-30",
        "commitResults": [
          {
            "hash": "96ce24a91d2212d2ea14d096414af2a47b1b32d0",
            "messageTitle": "Add user stories to Developer Guide.",
            "messageBody": "",
            "fileTypesAndContributionMap": {
              "docs": {
                "insertions": 25,
                "deletions": 15
              }
            }
          }
        ]
      },
      {
        "date": "2020-10-03",
        "commitResults": [
          {
            "hash": "fde50bbe642fa7fa7dd69b8e83270eab8caeeece",
            "messageTitle": "Build Parser structure.",
            "messageBody": "",
            "fileTypesAndContributionMap": {
              "functional-code": {
                "insertions": 171,
                "deletions": 4
              },
              "other": {
                "insertions": 27,
                "deletions": 27
              },
              "test-code": {
                "insertions": 6,
                "deletions": 1
              }
            }
          },
          {
            "hash": "c2ae0424e5d0218f02c74d514cb1681093512163",
            "messageTitle": "Fix test problem",
            "messageBody": "",
            "fileTypesAndContributionMap": {
              "functional-code": {
                "insertions": 5,
                "deletions": 1
              },
              "other": {
                "insertions": 5,
                "deletions": 5
              }
            }
          },
          {
            "hash": "3c693a22b3e64f4179b4b2d389a459035b2d48ae",
            "messageTitle": "Fix checkstyle test.",
            "messageBody": "",
            "fileTypesAndContributionMap": {
              "test-code": {
                "insertions": 0,
                "deletions": 5
              }
            }
          }
        ]
      },
      {
        "date": "2020-10-06",
        "commitResults": [
          {
            "hash": "0e18522ae586d804157792e9837a67300c07c698",
            "messageTitle": "Add Title to Task.",
            "messageBody": "",
            "fileTypesAndContributionMap": {
              "functional-code": {
                "insertions": 70,
                "deletions": 6
              }
            }
          },
          {
            "hash": "7af781503b328aba4e1bfece890af0ced1a461ac",
            "messageTitle": "Add unique task list.",
            "messageBody": "",
            "fileTypesAndContributionMap": {
              "functional-code": {
                "insertions": 189,
                "deletions": 63
              }
            }
          },
          {
            "hash": "ff5723b9733891403bd9f4a3fd852a1d48a77368",
            "messageTitle": "Add database model for task list.",
            "messageBody": "",
            "fileTypesAndContributionMap": {
              "functional-code": {
                "insertions": 140,
                "deletions": 0
              }
            }
          },
          {
            "hash": "b857f6ee1767b50879df3cea5c005eebf1b549c9",
            "messageTitle": "Build json model for Task related objects.",
            "messageBody": "",
            "fileTypesAndContributionMap": {
              "functional-code": {
                "insertions": 272,
                "deletions": 21
              }
            }
          },
          {
            "hash": "6848d98aab79082542bc987d66835a135aa590a7",
            "messageTitle": "Set up database connection for Schedule.",
            "messageBody": "",
            "fileTypesAndContributionMap": {
              "functional-code": {
                "insertions": 342,
                "deletions": 18
              }
            }
          },
          {
            "hash": "3b8e36d68c6e2520051f7cfbf62a4e0a26abccbd",
            "messageTitle": "Link AB3 UI to Schedule.",
            "messageBody": "Fix tests.\n",
            "fileTypesAndContributionMap": {
              "functional-code": {
                "insertions": 235,
                "deletions": 52
              },
              "other": {
                "insertions": 31,
                "deletions": 22
              },
              "docs": {
                "insertions": 5,
                "deletions": 4
              },
              "test-code": {
                "insertions": 139,
                "deletions": 49
              }
            }
          },
          {
            "hash": "524fdab242bdbebaf9634dda8669f3064997a307",
            "messageTitle": "Fix checkstyle.",
            "messageBody": "",
            "fileTypesAndContributionMap": {
              "functional-code": {
                "insertions": 48,
                "deletions": 68
              },
              "other": {
                "insertions": 11,
                "deletions": 11
              },
              "test-code": {
                "insertions": 40,
                "deletions": 42
              }
            }
          },
          {
            "hash": "697f4e98489cf40cece59c08de01ee9011a9a078",
            "messageTitle": "Fix time format problem.",
            "messageBody": "",
            "fileTypesAndContributionMap": {
              "functional-code": {
                "insertions": 472,
                "deletions": 44
              }
            }
          },
          {
            "hash": "c0dae439b54e52e02ecb9b59f7bab4e5db44ad08",
            "messageTitle": "Fix json loading problem.",
            "messageBody": "",
            "fileTypesAndContributionMap": {
              "functional-code": {
                "insertions": 6,
                "deletions": 5
              }
            }
          },
          {
            "hash": "7c7c02e02ff10e133b4527b3444d7aa83d99183a",
            "messageTitle": "Fix checkstyle.",
            "messageBody": "",
            "fileTypesAndContributionMap": {
              "functional-code": {
                "insertions": 33,
                "deletions": 19
              },
              "other": {
                "insertions": 1,
                "deletions": 1
              },
              "test-code": {
                "insertions": 1,
                "deletions": 7
              }
            }
          }
        ]
      }
    ],
    "bowei-yu": [
      {
        "date": "2020-09-22",
        "commitResults": [
          {
            "hash": "378572094eaaab0bad04263b37ca9e2d7dd02a36",
            "messageTitle": "Update project website: AboutUs, README",
            "messageBody": "",
            "fileTypesAndContributionMap": {
              "docs": {
                "insertions": 4,
                "deletions": 4
              }
            }
          },
          {
            "hash": "79d1de33120d9b239d9a814277694c56211ab6fb",
            "messageTitle": "Add Quiz in README.md",
            "messageBody": "",
            "fileTypesAndContributionMap": {
              "docs": {
                "insertions": 67,
                "deletions": 1
              }
            }
          },
          {
            "hash": "5c9d008f1163dd8245297fdc132d6162ff7490d0",
            "messageTitle": "Update UserGuide.md",
            "messageBody": "",
            "fileTypesAndContributionMap": {
              "docs": {
                "insertions": 1,
                "deletions": 1
              }
            }
          }
        ]
      },
      {
        "date": "2020-09-25",
        "commitResults": [
          {
            "hash": "73a2840ce6ba07ddab1770dfeae699691b4ec364",
            "messageTitle": "Fix README.md sequence",
            "messageBody": "",
            "fileTypesAndContributionMap": {
              "docs": {
                "insertions": 0,
                "deletions": 4
              }
            }
          }
        ]
      },
      {
        "date": "2020-09-30",
        "commitResults": [
          {
            "hash": "c142cfa5b94c622b89adadf042942e8435f206d9",
            "messageTitle": "Update README.md",
            "messageBody": "",
            "fileTypesAndContributionMap": {
              "docs": {
                "insertions": 14,
                "deletions": 11
              }
            }
          },
          {
            "hash": "7b2ccf7b7d3f00de84b43ad6ab2d7ab66faa88a5",
            "messageTitle": "Add newline character in README.md",
            "messageBody": "",
            "fileTypesAndContributionMap": {
              "docs": {
                "insertions": 1,
                "deletions": 1
              }
            }
          },
          {
            "hash": "29a38750bf7e94fa3e00379ed41fc1094b263c84",
            "messageTitle": "Add emails in AboutUs.md",
            "messageBody": "",
            "fileTypesAndContributionMap": {
              "docs": {
                "insertions": 8,
                "deletions": 2
              }
            }
          },
          {
            "hash": "c14976f6688610b18f44791077d8d64e05750404",
            "messageTitle": "Update UserGuide and DeveloperGuide links in README.md",
            "messageBody": "",
            "fileTypesAndContributionMap": {
              "docs": {
                "insertions": 2,
                "deletions": 2
              }
            }
          },
          {
            "hash": "1cbda929bcad049a05244883a9d9c92e738350dd",
            "messageTitle": "Add use cases",
            "messageBody": "",
            "fileTypesAndContributionMap": {
              "docs": {
                "insertions": 169,
                "deletions": 40
              }
            }
          },
          {
            "hash": "8e5d4716f6b4421857b7978ec88d5f3e946138b6",
            "messageTitle": "Update team emails",
            "messageBody": "",
            "fileTypesAndContributionMap": {
              "docs": {
                "insertions": 5,
                "deletions": 5
              }
            }
          },
          {
            "hash": "b997c343b33dec6638da060bbd5637edc503d147",
            "messageTitle": "Fix bugs in formatting",
            "messageBody": "",
            "fileTypesAndContributionMap": {
              "docs": {
                "insertions": 8,
                "deletions": 8
              }
            }
          },
          {
            "hash": "b48a159c507753cf67b8d3c43d7e0404c17028e1",
            "messageTitle": "Modify index.md to fit project",
            "messageBody": "",
            "fileTypesAndContributionMap": {
              "docs": {
                "insertions": 8,
                "deletions": 7
              }
            }
          },
          {
            "hash": "e816d8e1c3e829c8a4dfbe4df1d8e573b4433ff1",
            "messageTitle": "Update project websites on README",
            "messageBody": "",
            "fileTypesAndContributionMap": {
              "docs": {
                "insertions": 5,
                "deletions": 3
              }
            }
          }
        ]
      },
      {
        "date": "2020-10-07",
        "commitResults": [
          {
            "hash": "e294057c51194ebf3b5d2a3ab83e4977c5f00210",
            "messageTitle": "Add quiz parser and basic commands",
            "messageBody": "",
            "fileTypesAndContributionMap": {
              "functional-code": {
                "insertions": 354,
                "deletions": 9
              },
              "test-code": {
                "insertions": 39,
                "deletions": 0
              }
            }
          },
          {
            "hash": "925a6b9689aa1523bf2fa4cdc943c1e4c6bdc904",
            "messageTitle": "Add view score functionality",
            "messageBody": "",
            "fileTypesAndContributionMap": {
              "functional-code": {
                "insertions": 123,
                "deletions": 16
              },
              "test-code": {
                "insertions": 6,
                "deletions": 1
              }
            }
          }
        ]
      }
    ]
  },
  "authorFileTypeContributionMap": {
    "ducbinh2611": {
      "docs": 84,
      "functional-code": 257,
      "test-code": 521
    },
    "cupofjoee": {
      "docs": 117,
      "functional-code": 1213,
      "test-code": 102
    },
    "petrickjerico": {
      "docs": 29,
      "functional-code": 0,
      "test-code": 0
    },
    "chuyiting": {
      "docs": 64,
      "functional-code": 1809,
      "test-code": 115
    },
    "bowei-yu": {
      "docs": 234,
      "functional-code": 455,
      "test-code": 44
    }
  },
  "authorContributionVariance": {
    "ducbinh2611": 9429.15,
    "cupofjoee": 11721.879,
    "petrickjerico": 91.14973,
    "chuyiting": 100412.25,
    "bowei-yu": 6357.015
  },
  "authorDisplayNameMap": {
    "ducbinh2611": "CS2103T-F12-2 NGO ..BINH",
    "cupofjoee": "CS2103T-F12-2 JOE ..JAYA",
    "petrickjerico": "CS2103T-F12-2 PETR..ENDI",
    "chuyiting": "CS2103T-F12-2 CHU ..TING",
    "bowei-yu": "CS2103T-F12-2 YU B..OWEI"
  }
}
