{
  "authorDailyContributionsMap": {
    "theyellowfellow": [
      {
        "date": "2020-09-29",
        "commitResults": [
          {
            "hash": "8d998029d6ced8e134b53ebc512eb17d394b7d6d",
            "messageTitle": "Updated glossary",
            "messageBody": "",
            "fileTypesAndContributionMap": {
              "docs": {
                "insertions": 27,
                "deletions": 10
              }
            }
          },
          {
            "hash": "5445f2b2dde0feb56f47d0b2845dab43b26db0b0",
            "messageTitle": "Revert \"Updated glossary\"",
            "messageBody": "This reverts commit 8d998029d6ced8e134b53ebc512eb17d394b7d6d.\n",
            "fileTypesAndContributionMap": {
              "docs": {
                "insertions": 10,
                "deletions": 27
              }
            }
          },
          {
            "hash": "faba4b48805d5bba61f382ded5360d7acca86788",
            "messageTitle": "Updates Glossary",
            "messageBody": "",
            "fileTypesAndContributionMap": {
              "docs": {
                "insertions": 27,
                "deletions": 10
              }
            }
          },
          {
            "hash": "db71013590b31571b8839cf1a64bd84e03c96596",
            "messageTitle": "Minor changes to Glossary in Developer guide",
            "messageBody": "",
            "fileTypesAndContributionMap": {
              "docs": {
                "insertions": 2,
                "deletions": 2
              }
            }
          },
          {
            "hash": "7c09da07d15fd9e50a77b3ff1dedc762f9299231",
            "messageTitle": "Added newLine to RemarkCommand.java",
            "messageBody": "",
            "fileTypesAndContributionMap": {
              "functional-code": {
                "insertions": 1,
                "deletions": 1
              }
            }
          },
          {
            "hash": "0aa4acac0beffaa47a612ede4de28e100190f38d",
            "messageTitle": "Removed address from Person",
            "messageBody": "",
            "fileTypesAndContributionMap": {
              "functional-code": {
                "insertions": 7,
                "deletions": 123
              },
              "test-code": {
                "insertions": 1,
                "deletions": 73
              }
            }
          },
          {
            "hash": "f9c25aee0cc531d1f974f138d7cc8f6e9e071ec3",
            "messageTitle": "Added Remark Command",
            "messageBody": "",
            "fileTypesAndContributionMap": {
              "functional-code": {
                "insertions": 37,
                "deletions": 6
              },
              "test-code": {
                "insertions": 35,
                "deletions": 0
              }
            }
          }
        ]
      },
      {
        "date": "2020-10-07",
        "commitResults": [
          {
            "hash": "f5a6670cd2eba6fac11cebec226eb0598bad3d42",
            "messageTitle": "Basic framework for appointments",
            "messageBody": "",
            "fileTypesAndContributionMap": {
              "functional-code": {
                "insertions": 532,
                "deletions": 252
              },
              "other": {
                "insertions": 73,
                "deletions": 73
              },
              "test-code": {
                "insertions": 167,
                "deletions": 168
              }
            }
          },
          {
            "hash": "1ff0bd2216be6f4477d35bd234163cc903a4b0f3",
            "messageTitle": "Added basic framework for appointments",
            "messageBody": "",
            "fileTypesAndContributionMap": {
              "docs": {
                "insertions": 35,
                "deletions": 35
              }
            }
          }
        ]
      },
      {
        "date": "2020-10-12",
        "commitResults": [
          {
            "hash": "31b8a158aa53b602ff8b073b0e0b415854d9a3c7",
            "messageTitle": "no message",
            "messageBody": "",
            "fileTypesAndContributionMap": {
              "functional-code": {
                "insertions": 1,
                "deletions": 1
              }
            }
          }
        ]
      },
      {
        "date": "2020-10-13",
        "commitResults": [
          {
            "hash": "7d280ca025b11ec2327da48c614fba38fdf52234",
            "messageTitle": "Add DescriptionTest, UniqueAppointmentListTest, and AppointmentBuilder",
            "messageBody": "",
            "fileTypesAndContributionMap": {
              "functional-code": {
                "insertions": 4,
                "deletions": 0
              },
              "test-code": {
                "insertions": 303,
                "deletions": 0
              }
            }
          },
          {
            "hash": "46db59e5d894fe1aa3e6af854027c3bb92895f1d",
            "messageTitle": "Add newline for formatting",
            "messageBody": "",
            "fileTypesAndContributionMap": {
              "functional-code": {
                "insertions": 1,
                "deletions": 2
              },
              "test-code": {
                "insertions": 1,
                "deletions": 1
              }
            }
          },
          {
            "hash": "880cb3c0b431b5b6e90c182d1c0f8d6b4047a564",
            "messageTitle": "Re-organise imports",
            "messageBody": "",
            "fileTypesAndContributionMap": {
              "test-code": {
                "insertions": 13,
                "deletions": 12
              }
            }
          },
          {
            "hash": "43d22a0e539b1f71b1122e7447bdd7b5a8b24d81",
            "messageTitle": "Reformat for CI",
            "messageBody": "",
            "fileTypesAndContributionMap": {
              "test-code": {
                "insertions": 13,
                "deletions": 10
              }
            }
          },
          {
            "hash": "b3813fc6e2a98408b8fb91dbe850a35e2ed04435",
            "messageTitle": "Reformat for CI",
            "messageBody": "",
            "fileTypesAndContributionMap": {
              "test-code": {
                "insertions": 4,
                "deletions": 4
              }
            }
          },
          {
            "hash": "5c07101160cab8a280ca1e03dd12feee38d0eabf",
            "messageTitle": "Fix for Description testing",
            "messageBody": "",
            "fileTypesAndContributionMap": {
              "functional-code": {
                "insertions": 8,
                "deletions": 1
              }
            }
          },
          {
            "hash": "22fa7c05706b830edb4959e8505e873eb025fbe5",
            "messageTitle": "Edit typical appointments to avoid clashing times",
            "messageBody": "",
            "fileTypesAndContributionMap": {
              "functional-code": {
                "insertions": 2,
                "deletions": 2
              },
              "test-code": {
                "insertions": 2,
                "deletions": 2
              }
            }
          },
          {
            "hash": "2fb89d21fbc54a67fed4a35743a16dd5fa6bb527",
            "messageTitle": "Edit typicalAppointments and AppointmentTest to allow for easier testing",
            "messageBody": "",
            "fileTypesAndContributionMap": {
              "test-code": {
                "insertions": 7,
                "deletions": 7
              }
            }
          }
        ]
      },
      {
        "date": "2020-10-15",
        "commitResults": [
          {
            "hash": "3a2013ab2e0beb1a0fa6e11f8337c401148a9a8d",
            "messageTitle": "Remove UniqueAppointmentList",
            "messageBody": "",
            "fileTypesAndContributionMap": {
              "functional-code": {
                "insertions": 0,
                "deletions": 120
              },
              "test-code": {
                "insertions": 0,
                "deletions": 170
              }
            }
          },
          {
            "hash": "5579a68f533316bda7ce7aa501f2e8a35fab45df",
            "messageTitle": "Fix for isValidDescription()",
            "messageBody": "",
            "fileTypesAndContributionMap": {
              "functional-code": {
                "insertions": 3,
                "deletions": 7
              }
            }
          },
          {
            "hash": "223d4706b463bca3ba127b6dda80c9091cb8875b",
            "messageTitle": "Edit TypicalAppointments to match new constructor",
            "messageBody": "",
            "fileTypesAndContributionMap": {
              "test-code": {
                "insertions": 13,
                "deletions": 11
              }
            }
          },
          {
            "hash": "a549bd5e6b83648859526a72b2ee5785f699886a",
            "messageTitle": "Match new constructor",
            "messageBody": "",
            "fileTypesAndContributionMap": {
              "test-code": {
                "insertions": 5,
                "deletions": 7
              }
            }
          },
          {
            "hash": "4bebbd89ae332bfbc189ec58519287bc5bf1eb8f",
            "messageTitle": "Fix AppointmentTest",
            "messageBody": "",
            "fileTypesAndContributionMap": {
              "test-code": {
                "insertions": 10,
                "deletions": 10
              }
            }
          },
          {
            "hash": "374614c59bc52697fd7efaa6188d3c069599471b",
            "messageTitle": "Adjust import statements",
            "messageBody": "",
            "fileTypesAndContributionMap": {
              "test-code": {
                "insertions": 5,
                "deletions": 1
              }
            }
          }
        ]
      },
      {
        "date": "2020-10-16",
        "commitResults": [
          {
            "hash": "f59eaf59dc5c736d693592996e9375163a24977d",
            "messageTitle": "add DateTimeTest",
            "messageBody": "",
            "fileTypesAndContributionMap": {
              "test-code": {
                "insertions": 5,
                "deletions": 0
              }
            }
          }
        ]
      },
      {
        "date": "2020-10-18",
        "commitResults": [
          {
            "hash": "974ca1fbc5ebab8c3b2e6f296450b41c4bdbbb45",
            "messageTitle": "add DateTimeTest and TypicalDateTimes",
            "messageBody": "",
            "fileTypesAndContributionMap": {
              "functional-code": {
                "insertions": 7,
                "deletions": 0
              },
              "test-code": {
                "insertions": 85,
                "deletions": 0
              }
            }
          },
          {
            "hash": "bc988495c70d05e4cfbb226bfec0ea5fb9b93434",
            "messageTitle": "Adjust imports for checkstyle",
            "messageBody": "",
            "fileTypesAndContributionMap": {
              "test-code": {
                "insertions": 4,
                "deletions": 5
              }
            }
          },
          {
            "hash": "0debf8b2f850bf068ba6478674a36ddfcbdc4286",
            "messageTitle": "Adjust imports for checkstyle",
            "messageBody": "",
            "fileTypesAndContributionMap": {
              "test-code": {
                "insertions": 4,
                "deletions": 3
              }
            }
          }
        ]
      },
      {
        "date": "2020-10-23",
        "commitResults": [
          {
            "hash": "049173aedef6542add788af24f1e4cfad1b15270",
            "messageTitle": "Add UML diagrams",
            "messageBody": "",
            "fileTypesAndContributionMap": {
              "docs": {
                "insertions": 156,
                "deletions": 71
              }
            }
          },
          {
            "hash": "354ce74124d20d524a1975057912b43dbcec08f3",
            "messageTitle": "Edit whitespaces",
            "messageBody": "",
            "fileTypesAndContributionMap": {
              "docs": {
                "insertions": 14,
                "deletions": 14
              }
            }
          }
        ]
      },
      {
        "date": "2020-10-27",
        "commitResults": [
          {
            "hash": "520a7ff5366eea9adedfadb2a714ff8a8dbe3403",
            "messageTitle": "Edit tense and tone of UG/DG",
            "messageBody": "",
            "fileTypesAndContributionMap": {
              "docs": {
                "insertions": 73,
                "deletions": 26
              }
            }
          }
        ]
      }
    ],
    "jianhandev": [
      {
        "date": "2020-09-20",
        "commitResults": [
          {
            "hash": "2faef57635d3bfd56b363cf6ded5db282d43dac0",
            "messageTitle": "Add RemarkCommand class",
            "messageBody": "",
            "fileTypesAndContributionMap": {
              "functional-code": {
                "insertions": 20,
                "deletions": 9
              }
            }
          },
          {
            "hash": "97d4b970a135b6bc0dcbf5e131d3b86b6ff5f91a",
            "messageTitle": "Support adding remark and editing it",
            "messageBody": "",
            "fileTypesAndContributionMap": {
              "functional-code": {
                "insertions": 203,
                "deletions": 60
              }
            }
          },
          {
            "hash": "c23bd83bf4cca40b6908b9b5a15ee8a61bfe9acd",
            "messageTitle": "Update test cases after add remark feature",
            "messageBody": "",
            "fileTypesAndContributionMap": {
              "functional-code": {
                "insertions": 3,
                "deletions": 2
              },
              "test-code": {
                "insertions": 117,
                "deletions": 108
              }
            }
          }
        ]
      },
      {
        "date": "2020-09-27",
        "commitResults": [
          {
            "hash": "95f85e449a5a75e95fba486cd7ddd8d8c2856d0f",
            "messageTitle": "Update README.md",
            "messageBody": "",
            "fileTypesAndContributionMap": {
              "docs": {
                "insertions": 18,
                "deletions": 10
              }
            }
          },
          {
            "hash": "97f712f14d9d7f2ada5e83d93a769428bab3b85e",
            "messageTitle": "Fix header fields in README.md",
            "messageBody": "",
            "fileTypesAndContributionMap": {
              "docs": {
                "insertions": 4,
                "deletions": 4
              }
            }
          },
          {
            "hash": "3c94d0277a4a6590f6c0b51aa262134ee93ea47e",
            "messageTitle": "Update use cases in DG",
            "messageBody": "",
            "fileTypesAndContributionMap": {
              "docs": {
                "insertions": 89,
                "deletions": 11
              }
            }
          },
          {
            "hash": "efcda79578f4bfb5d79d196a8f6add213e36b639",
            "messageTitle": "Update Calendar section of UG",
            "messageBody": "",
            "fileTypesAndContributionMap": {
              "docs": {
                "insertions": 89,
                "deletions": 104
              }
            }
          }
        ]
      },
      {
        "date": "2020-09-28",
        "commitResults": [
          {
            "hash": "cbd5cb81fd608efe114533a4b880c431f0899cd3",
            "messageTitle": "Update profile photo thutahw.png",
            "messageBody": "",
            "fileTypesAndContributionMap": {
              "docs": {
                "insertions": 2,
                "deletions": 2
              }
            }
          },
          {
            "hash": "a337abeda0d8733be923053a0e6b844fee204153",
            "messageTitle": "Fix problem in README: CI banners not pointing to own project",
            "messageBody": "",
            "fileTypesAndContributionMap": {
              "docs": {
                "insertions": 2,
                "deletions": 1
              }
            }
          },
          {
            "hash": "a1b8435b0bf985138fb9135b2b15b5bef3c369c9",
            "messageTitle": "Add profile photo kaitlynng.png",
            "messageBody": "",
            "fileTypesAndContributionMap": {
              "docs": {
                "insertions": 7,
                "deletions": 7
              }
            }
          },
          {
            "hash": "86decb60030e0284550e9742b83aa9777f0c58d7",
            "messageTitle": "Update AboutUs member features in charged",
            "messageBody": "",
            "fileTypesAndContributionMap": {
              "docs": {
                "insertions": 5,
                "deletions": 5
              }
            }
          }
        ]
      },
      {
        "date": "2020-09-30",
        "commitResults": [
          {
            "hash": "daa60e5f43afb81c74d942b7632848110baa37e7",
            "messageTitle": "Update User Guide link",
            "messageBody": "",
            "fileTypesAndContributionMap": {
              "functional-code": {
                "insertions": 1,
                "deletions": 1
              }
            }
          },
          {
            "hash": "3fe8619890937a5375ba0b6378739e009753e182",
            "messageTitle": "Update GUI",
            "messageBody": "Change theme and add tab pane.\n",
            "fileTypesAndContributionMap": {
              "functional-code": {
                "insertions": 422,
                "deletions": 29
              }
            }
          },
          {
            "hash": "c2b93f26a8ff5cf9dfb88ab367ddb0e70e9e8d4a",
            "messageTitle": "Add Info tab in tab pane",
            "messageBody": "",
            "fileTypesAndContributionMap": {
              "functional-code": {
                "insertions": 14,
                "deletions": 7
              }
            }
          }
        ]
      },
      {
        "date": "2020-10-04",
        "commitResults": [
          {
            "hash": "a104d4580abf1762ef8bf0aba88badf6b8da6aa4",
            "messageTitle": "Implement new UI layout and add tabs for each feature",
            "messageBody": "",
            "fileTypesAndContributionMap": {
              "functional-code": {
                "insertions": 294,
                "deletions": 38
              },
              "test-code": {
                "insertions": 75,
                "deletions": 9
              }
            }
          }
        ]
      },
      {
        "date": "2020-10-06",
        "commitResults": [
          {
            "hash": "5bae6be3fa0f74252138997163f1c1ee7e545537",
            "messageTitle": "Add dummy classes for temporary use (testing of UI)",
            "messageBody": "",
            "fileTypesAndContributionMap": {
              "functional-code": {
                "insertions": 242,
                "deletions": 2
              }
            }
          },
          {
            "hash": "78cc8d2e74a4cb6407c85a88a2728745ad151260",
            "messageTitle": "Add ability to switch tabs",
            "messageBody": "Other changes: make remark optional in AddCommandParser\n",
            "fileTypesAndContributionMap": {
              "functional-code": {
                "insertions": 52,
                "deletions": 18
              },
              "test-code": {
                "insertions": 36,
                "deletions": 14
              }
            }
          },
          {
            "hash": "7bffb074e51399acb3a14f25d5767a0f3340c69a",
            "messageTitle": "Refactor commands related to patient into new patient package",
            "messageBody": "",
            "fileTypesAndContributionMap": {
              "functional-code": {
                "insertions": 18,
                "deletions": 18
              },
              "other": {
                "insertions": 71,
                "deletions": 80
              },
              "test-code": {
                "insertions": 24,
                "deletions": 22
              }
            }
          },
          {
            "hash": "8a495806aded20ebc1b8d6888d5bd2ff8ffaa95d",
            "messageTitle": "Refactor parser classes related to patient into new patient package",
            "messageBody": "",
            "fileTypesAndContributionMap": {
              "functional-code": {
                "insertions": 1,
                "deletions": 0
              },
              "other": {
                "insertions": 17,
                "deletions": 5
              },
              "test-code": {
                "insertions": 4,
                "deletions": 0
              }
            }
          }
        ]
      },
      {
        "date": "2020-10-11",
        "commitResults": [
          {
            "hash": "71e21f7e213705b16f641e5dcf7151f89f070039",
            "messageTitle": "Fix checkstyle issues, update tests",
            "messageBody": "",
            "fileTypesAndContributionMap": {
              "functional-code": {
                "insertions": 243,
                "deletions": 227
              },
              "other": {
                "insertions": 60,
                "deletions": 61
              },
              "test-code": {
                "insertions": 188,
                "deletions": 274
              }
            }
          },
          {
            "hash": "503d460c5df601a261a4c0c9450b17224800ab5e",
            "messageTitle": "Change tabId to tabNumber",
            "messageBody": "",
            "fileTypesAndContributionMap": {
              "functional-code": {
                "insertions": 17,
                "deletions": 20
              }
            }
          },
          {
            "hash": "c342b07ec5036d3e9ffdbe2d62f019bb734bc91c",
            "messageTitle": "Change variable name tabId to tabNumber in CommandResultTest.java",
            "messageBody": "",
            "fileTypesAndContributionMap": {
              "test-code": {
                "insertions": 17,
                "deletions": 13
              }
            }
          },
          {
            "hash": "12f370ec4f2d221fbacd6889ac6fad773bee3ee6",
            "messageTitle": "Rename parsers and commands",
            "messageBody": "",
            "fileTypesAndContributionMap": {
              "functional-code": {
                "insertions": 24,
                "deletions": 24
              },
              "other": {
                "insertions": 147,
                "deletions": 141
              },
              "test-code": {
                "insertions": 30,
                "deletions": 30
              }
            }
          },
          {
            "hash": "22e058fb9d11bf34ee77a8a32ad6f60e14487cb8",
            "messageTitle": "Package PatientCommand",
            "messageBody": "",
            "fileTypesAndContributionMap": {
              "functional-code": {
                "insertions": 17,
                "deletions": 22
              },
              "other": {
                "insertions": 4,
                "deletions": 3
              },
              "test-code": {
                "insertions": 8,
                "deletions": 7
              }
            }
          },
          {
            "hash": "6a3a6c482f331710252790f391964ab7d6d01a51",
            "messageTitle": "Fix checkstyle problems from previous commit",
            "messageBody": "",
            "fileTypesAndContributionMap": {
              "functional-code": {
                "insertions": 3,
                "deletions": 2
              },
              "test-code": {
                "insertions": 3,
                "deletions": 3
              }
            }
          },
          {
            "hash": "52e3e228b21f8f246e79b907071acfeb9c129b7b",
            "messageTitle": "Add new appointment command classes",
            "messageBody": "",
            "fileTypesAndContributionMap": {
              "functional-code": {
                "insertions": 26,
                "deletions": 1
              }
            }
          }
        ]
      },
      {
        "date": "2020-10-12",
        "commitResults": [
          {
            "hash": "9a19e2842f488464f89540209b92e533b38b1b54",
            "messageTitle": "Add AddAppointmentCommand class",
            "messageBody": "",
            "fileTypesAndContributionMap": {
              "functional-code": {
                "insertions": 72,
                "deletions": 2
              }
            }
          },
          {
            "hash": "57edff77809296753b72811b991534adc3199eb6",
            "messageTitle": "Update AppointmentBook, ModelManager to handle operations on appointments",
            "messageBody": "",
            "fileTypesAndContributionMap": {
              "functional-code": {
                "insertions": 223,
                "deletions": 44
              },
              "test-code": {
                "insertions": 43,
                "deletions": 3
              }
            }
          },
          {
            "hash": "4e978d9d8bf8c483b26844e48796cf5f16617208",
            "messageTitle": "Add EditAppointmentCommand class",
            "messageBody": "",
            "fileTypesAndContributionMap": {
              "functional-code": {
                "insertions": 240,
                "deletions": 7
              }
            }
          },
          {
            "hash": "7fe6e86ef40a2906096afe9611014e8793908a0d",
            "messageTitle": "Add ListAppointmentCommand class",
            "messageBody": "",
            "fileTypesAndContributionMap": {
              "functional-code": {
                "insertions": 22,
                "deletions": 1
              }
            }
          },
          {
            "hash": "bf7e65b7718ec42ad1d78c62040c196fe31ce912",
            "messageTitle": "Change list appointment command word",
            "messageBody": "",
            "fileTypesAndContributionMap": {
              "functional-code": {
                "insertions": 1,
                "deletions": 1
              }
            }
          },
          {
            "hash": "a53da00feaf2ae470194ccd723a987b403a839c2",
            "messageTitle": "Factor out ClearCommand class",
            "messageBody": "",
            "fileTypesAndContributionMap": {
              "functional-code": {
                "insertions": 4,
                "deletions": 9
              },
              "other": {
                "insertions": 9,
                "deletions": 8
              },
              "test-code": {
                "insertions": 5,
                "deletions": 4
              }
            }
          },
          {
            "hash": "6ef32103fe95e5dffd3fdaf638aa426df21d8db3",
            "messageTitle": "Fix lexicographical ordering of import statements",
            "messageBody": "",
            "fileTypesAndContributionMap": {
              "functional-code": {
                "insertions": 1,
                "deletions": 1
              },
              "test-code": {
                "insertions": 1,
                "deletions": 1
              }
            }
          }
        ]
      },
      {
        "date": "2020-10-13",
        "commitResults": [
          {
            "hash": "56b418a708e284155c6e039b4d813bab30da1f7c",
            "messageTitle": "Add AddAppointmentCommandParser class",
            "messageBody": "",
            "fileTypesAndContributionMap": {
              "functional-code": {
                "insertions": 239,
                "deletions": 64
              },
              "other": {
                "insertions": 12,
                "deletions": 8
              },
              "test-code": {
                "insertions": 9,
                "deletions": 10
              }
            }
          },
          {
            "hash": "b462dcd17f158d4eeb2a0c11415bf048f4ec3ad6",
            "messageTitle": "Link appointment model to UI via logic",
            "messageBody": "",
            "fileTypesAndContributionMap": {
              "functional-code": {
                "insertions": 117,
                "deletions": 45
              }
            }
          },
          {
            "hash": "54a2ca9a85342839f210d2fabebf51e0f911cdb6",
            "messageTitle": "Rename CommandTestUtil to PatientCommandTestUtil",
            "messageBody": "",
            "fileTypesAndContributionMap": {
              "other": {
                "insertions": 9,
                "deletions": 9
              },
              "test-code": {
                "insertions": 117,
                "deletions": 110
              }
            }
          },
          {
            "hash": "e8eb59721def84e3c832996d6ecd43ae6b00a147",
            "messageTitle": "Fix bug in CommandResult class",
            "messageBody": "",
            "fileTypesAndContributionMap": {
              "functional-code": {
                "insertions": 1,
                "deletions": 1
              },
              "test-code": {
                "insertions": 4,
                "deletions": 2
              }
            }
          },
          {
            "hash": "79bc85c75ec56080471b07ac4d22802ddc180b83",
            "messageTitle": "Add ListAppointmentCommandParser class",
            "messageBody": "",
            "fileTypesAndContributionMap": {
              "functional-code": {
                "insertions": 13,
                "deletions": 2
              },
              "other": {
                "insertions": 3,
                "deletions": 2
              },
              "test-code": {
                "insertions": 86,
                "deletions": 97
              }
            }
          },
          {
            "hash": "a11ba775076be4e1fb16904f80f10f65150fb152",
            "messageTitle": "Add EditAppointmentCommandParser class",
            "messageBody": "",
            "fileTypesAndContributionMap": {
              "functional-code": {
                "insertions": 78,
                "deletions": 25
              }
            }
          },
          {
            "hash": "ba12137bef33d2a8d2ac76085dc45493a22cb1c9",
            "messageTitle": "Delete TAB_NUMBER constant from ExitCommand and HelpCommand, replace with method call",
            "messageBody": "",
            "fileTypesAndContributionMap": {
              "functional-code": {
                "insertions": 7,
                "deletions": 10
              },
              "test-code": {
                "insertions": 4,
                "deletions": 2
              }
            }
          }
        ]
      },
      {
        "date": "2020-10-14",
        "commitResults": [
          {
            "hash": "6abba5cdecda4bb31981ad50f4ea4ed4642862cd",
            "messageTitle": "Integrate UI changes",
            "messageBody": "",
            "fileTypesAndContributionMap": {
              "functional-code": {
                "insertions": 0,
                "deletions": 1
              },
              "test-code": {
                "insertions": 6,
                "deletions": 73
              }
            }
          }
        ]
      },
      {
        "date": "2020-10-15",
        "commitResults": [
          {
            "hash": "e95ed8742e17c4f6c9ca333ef66e5adccf1c8077",
            "messageTitle": "Rename project directories",
            "messageBody": "",
            "fileTypesAndContributionMap": {
              "functional-code": {
                "insertions": 4,
                "deletions": 4
              },
              "other": {
                "insertions": 1043,
                "deletions": 1047
              },
              "docs": {
                "insertions": 7,
                "deletions": 7
              },
              "test-code": {
                "insertions": 247,
                "deletions": 272
              }
            }
          },
          {
            "hash": "4b61a6d3f589cd4a15de2119d52e887e6acf602d",
            "messageTitle": "Fix checkstyles",
            "messageBody": "",
            "fileTypesAndContributionMap": {
              "functional-code": {
                "insertions": 10,
                "deletions": 22
              },
              "test-code": {
                "insertions": 112,
                "deletions": 86
              }
            }
          },
          {
            "hash": "7516f146c1fb9025037b706d9c98feb611cd3bc8",
            "messageTitle": "Integrate unit tests for Appointment",
            "messageBody": "",
            "fileTypesAndContributionMap": {
              "test-code": {
                "insertions": 27,
                "deletions": 27
              }
            }
          }
        ]
      },
      {
        "date": "2020-10-17",
        "commitResults": [
          {
            "hash": "43fe7ebbce0cf69ca6a20a902cadd6140771dda6",
            "messageTitle": "Add tests for AddAppointmentCommand",
            "messageBody": "",
            "fileTypesAndContributionMap": {
              "functional-code": {
                "insertions": 3,
                "deletions": 16
              },
              "other": {
                "insertions": 1,
                "deletions": 1
              },
              "test-code": {
                "insertions": 623,
                "deletions": 673
              }
            }
          }
        ]
      },
      {
        "date": "2020-10-21",
        "commitResults": [
          {
            "hash": "0050c338af2f28def00113dd98d774df85fbcc6e",
            "messageTitle": "Enable assertions in build.gradle",
            "messageBody": "",
            "fileTypesAndContributionMap": {
              "other": {
                "insertions": 4,
                "deletions": 0
              }
            }
          },
          {
            "hash": "428d76087803132084150bbc5848717923aaa7e1",
            "messageTitle": "Add AppointmentCalendarManager",
            "messageBody": "",
            "fileTypesAndContributionMap": {
              "functional-code": {
                "insertions": 511,
                "deletions": 44
              },
              "other": {
                "insertions": 19,
                "deletions": 6
              },
              "docs": {
                "insertions": 16,
                "deletions": 16
              },
              "test-code": {
                "insertions": 28,
                "deletions": 28
              }
            }
          }
        ]
      },
      {
        "date": "2020-10-22",
        "commitResults": [
          {
            "hash": "a8dc2288ed2f6a943d7f7a2f78e2403de1559b36",
            "messageTitle": "Add introduction in DG",
            "messageBody": "",
            "fileTypesAndContributionMap": {
              "docs": {
                "insertions": 10,
                "deletions": 3
              }
            }
          },
          {
            "hash": "30a0d2d0715b2089c4bcf1a1e9020f520f58bf4c",
            "messageTitle": "Update UI component of Design section",
            "messageBody": "",
            "fileTypesAndContributionMap": {
              "docs": {
                "insertions": 39,
                "deletions": 22
              }
            }
          },
          {
            "hash": "142127a8f259d4f29f0510d78aca6c5d06edad43",
            "messageTitle": "Add skeleton to implementation section",
            "messageBody": "",
            "fileTypesAndContributionMap": {
              "docs": {
                "insertions": 20,
                "deletions": 69
              }
            }
          },
          {
            "hash": "b961c254fca3ab6093252f3a40be8869fc5d8981",
            "messageTitle": "Remove extra rows in table",
            "messageBody": "",
            "fileTypesAndContributionMap": {
              "docs": {
                "insertions": 6,
                "deletions": 11
              }
            }
          },
          {
            "hash": "8e7bad02b69f3f8430cd70bb2a48c18ca3b2250a",
            "messageTitle": "Add extra line breaks to table",
            "messageBody": "",
            "fileTypesAndContributionMap": {
              "docs": {
                "insertions": 2,
                "deletions": 2
              }
            }
          },
          {
            "hash": "d60fb9f4464ff0989b84a933987c24ce802fa688",
            "messageTitle": "Add Calendar Feature in implementations section",
            "messageBody": "",
            "fileTypesAndContributionMap": {
              "docs": {
                "insertions": 29,
                "deletions": 2
              }
            }
          }
        ]
      },
      {
        "date": "2020-10-23",
        "commitResults": [
          {
            "hash": "ef318b00892a155bd1a12ca6e080f7392494de9f",
            "messageTitle": "Add diagram labels in UG",
            "messageBody": "",
            "fileTypesAndContributionMap": {
              "docs": {
                "insertions": 41,
                "deletions": 31
              }
            }
          },
          {
            "hash": "6734c53a0d518bb5df7002d1609e3004ef3f6881",
            "messageTitle": "Add labels to DG diagrams",
            "messageBody": "",
            "fileTypesAndContributionMap": {
              "docs": {
                "insertions": 17,
                "deletions": 11
              }
            }
          },
          {
            "hash": "a6260c9d83174ef795103ef32f1b921350cb7e2a",
            "messageTitle": "Add table of contents to DG",
            "messageBody": "",
            "fileTypesAndContributionMap": {
              "docs": {
                "insertions": 48,
                "deletions": 27
              }
            }
          },
          {
            "hash": "ab9a088b1614d87c7e256afd25883795b3b7b1c1",
            "messageTitle": "Minor fixes in DG",
            "messageBody": "",
            "fileTypesAndContributionMap": {
              "docs": {
                "insertions": 11,
                "deletions": 8
              }
            }
          }
        ]
      },
      {
        "date": "2020-10-25",
        "commitResults": [
          {
            "hash": "ce2bd6304eb5c4bc1e6cc4cff5f30fbd2df219f3",
            "messageTitle": "Hook calendar model to UI",
            "messageBody": "",
            "fileTypesAndContributionMap": {
              "functional-code": {
                "insertions": 238,
                "deletions": 66
              }
            }
          },
          {
            "hash": "0d687d7d29ff648326332ae949884de821100ea5",
            "messageTitle": "Add Schedule tab",
            "messageBody": "",
            "fileTypesAndContributionMap": {
              "functional-code": {
                "insertions": 402,
                "deletions": 120
              }
            }
          }
        ]
      },
      {
        "date": "2020-10-26",
        "commitResults": [
          {
            "hash": "a7a41638c73ffebea62f96c5583766c692b14083",
            "messageTitle": "Add switch command",
            "messageBody": "",
            "fileTypesAndContributionMap": {
              "functional-code": {
                "insertions": 139,
                "deletions": 35
              },
              "other": {
                "insertions": 40,
                "deletions": 16
              },
              "test-code": {
                "insertions": 13,
                "deletions": 11
              }
            }
          },
          {
            "hash": "415bbd9451ff30ed584d6abd8a08a2ce3ec360ee",
            "messageTitle": "Switch to use of enum for tabId instead of Index",
            "messageBody": "",
            "fileTypesAndContributionMap": {
              "functional-code": {
                "insertions": 177,
                "deletions": 132
              },
              "other": {
                "insertions": 1,
                "deletions": 1
              },
              "docs": {
                "insertions": 1,
                "deletions": 1
              }
            }
          },
          {
            "hash": "18eb28ae65e69fb209d3dc91bdedef4e17b7b9c9",
            "messageTitle": "Add About section in UG",
            "messageBody": "",
            "fileTypesAndContributionMap": {
              "docs": {
                "insertions": 85,
                "deletions": 39
              }
            }
          },
          {
            "hash": "79bf192f892aeaf95e8217b26e3d57a2b88c51a6",
            "messageTitle": "Add MonthCommand class",
            "messageBody": "",
            "fileTypesAndContributionMap": {
              "functional-code": {
                "insertions": 45,
                "deletions": 7
              }
            }
          }
        ]
      },
      {
        "date": "2020-10-27",
        "commitResults": [
          {
            "hash": "e202df953755c69f4f602fde293181ec147d5e42",
            "messageTitle": "Update Calendar styles",
            "messageBody": "",
            "fileTypesAndContributionMap": {
              "functional-code": {
                "insertions": 61,
                "deletions": 54
              }
            }
          },
          {
            "hash": "f7d3c3f616dd6e54fad25248a6949c89e3ea5e4e",
            "messageTitle": "Add calendar Month and Year commands",
            "messageBody": "",
            "fileTypesAndContributionMap": {
              "functional-code": {
                "insertions": 216,
                "deletions": 49
              }
            }
          },
          {
            "hash": "1031ccde454647dc7aba49dd2257422b343d49ee",
            "messageTitle": "Update dashboard UI",
            "messageBody": "",
            "fileTypesAndContributionMap": {
              "functional-code": {
                "insertions": 186,
                "deletions": 40
              }
            }
          },
          {
            "hash": "d5937041f2c6c493b4a22c711c52565f58da3dd8",
            "messageTitle": "Fix minor import issue",
            "messageBody": "",
            "fileTypesAndContributionMap": {
              "test-code": {
                "insertions": 6,
                "deletions": 6
              }
            }
          },
          {
            "hash": "ff2edcbb3c0b8b995f6ba47af7ff8a559819a1de",
            "messageTitle": "Fix styles in UGDG (trailing spaces)",
            "messageBody": "",
            "fileTypesAndContributionMap": {
              "docs": {
                "insertions": 1,
                "deletions": 1
              }
            }
          },
          {
            "hash": "ed9bda918c41f4ba42bde54b64f67e83ee5a18ec",
            "messageTitle": "Add Eof in stylesheets",
            "messageBody": "",
            "fileTypesAndContributionMap": {
              "functional-code": {
                "insertions": 2,
                "deletions": 2
              }
            }
          }
        ]
      },
      {
        "date": "2020-10-28",
        "commitResults": [
          {
            "hash": "ab39eb8cab7823f2cff3deddaec4e884ea90ca86",
            "messageTitle": "Display appointment status in AppointmentCard",
            "messageBody": "",
            "fileTypesAndContributionMap": {
              "functional-code": {
                "insertions": 169,
                "deletions": 154
              },
              "test-code": {
                "insertions": 13,
                "deletions": 1
              }
            }
          },
          {
            "hash": "413d56a1564f86cd108f16b352f9227bbfec3fed",
            "messageTitle": "Add EoF to stylesheets",
            "messageBody": "",
            "fileTypesAndContributionMap": {
              "functional-code": {
                "insertions": 1,
                "deletions": 1
              }
            }
          },
          {
            "hash": "47f2f4fca996c80843b221ea0a96cbcfda79935b",
            "messageTitle": "Fix Main Checkstyles and some test issues",
            "messageBody": "",
            "fileTypesAndContributionMap": {
              "functional-code": {
                "insertions": 179,
                "deletions": 32
              },
              "test-code": {
                "insertions": 53,
                "deletions": 17
              }
            }
          },
          {
            "hash": "6a25ff565692082767cd59f6141278b28f2e7d1d",
            "messageTitle": "Minor fixes to command words",
            "messageBody": "",
            "fileTypesAndContributionMap": {
              "functional-code": {
                "insertions": 7,
                "deletions": 7
              }
            }
          },
          {
            "hash": "afc5adc3fac5270b4927bc921b4952fe30fa26b6",
            "messageTitle": "Fix case of test fail after command name changes",
            "messageBody": "",
            "fileTypesAndContributionMap": {
              "test-code": {
                "insertions": 1,
                "deletions": 1
              }
            }
          },
          {
            "hash": "98e6542c71772f50957f86e062c30330165f4571",
            "messageTitle": "Pass all failing tests",
            "messageBody": "",
            "fileTypesAndContributionMap": {
              "functional-code": {
                "insertions": 36,
                "deletions": 14
              },
              "test-code": {
                "insertions": 149,
                "deletions": 76
              }
            }
          },
          {
            "hash": "e04b46fd6de32cdba5c0def7add79e091fc13ff9",
            "messageTitle": "Tweak date and time classes",
            "messageBody": "",
            "fileTypesAndContributionMap": {
              "functional-code": {
                "insertions": 113,
                "deletions": 30
              },
              "other": {
                "insertions": 31,
                "deletions": 9
              },
              "test-code": {
                "insertions": 15,
                "deletions": 5
              }
            }
          },
          {
            "hash": "d2e96da06d580444b74ad11ab7856f4ec53825ee",
            "messageTitle": "Schedule appointment by input time and calendar date",
            "messageBody": "",
            "fileTypesAndContributionMap": {
              "functional-code": {
                "insertions": 127,
                "deletions": 59
              }
            }
          },
          {
            "hash": "75fa834c142965cfc4df5844d959583c0c004656",
            "messageTitle": "Revised switch tab command words for memorability",
            "messageBody": "",
            "fileTypesAndContributionMap": {
              "functional-code": {
                "insertions": 32,
                "deletions": 9
              }
            }
          },
          {
            "hash": "7ca4cfab66579036ad1942dc207a3d1c03905785",
            "messageTitle": "Revert help command",
            "messageBody": "",
            "fileTypesAndContributionMap": {
              "functional-code": {
                "insertions": 5,
                "deletions": 29
              }
            }
          },
          {
            "hash": "b07699a33123759ba82427f4acc30a6aa15396f0",
            "messageTitle": "Fix conflicts failing CI",
            "messageBody": "",
            "fileTypesAndContributionMap": {
              "functional-code": {
                "insertions": 9,
                "deletions": 23
              }
            }
          },
          {
            "hash": "cca0660c5c14cf48b5146e3a9dbb4966b5635807",
            "messageTitle": "Standardize command words",
            "messageBody": "",
            "fileTypesAndContributionMap": {
              "functional-code": {
                "insertions": 6,
                "deletions": 6
              }
            }
          },
          {
            "hash": "287e116f277fecc550f67646fdf7f49031eba340",
            "messageTitle": "Fix checkstyles",
            "messageBody": "",
            "fileTypesAndContributionMap": {
              "functional-code": {
                "insertions": 59,
                "deletions": 44
              },
              "test-code": {
                "insertions": 7,
                "deletions": 10
              }
            }
          }
        ]
      },
      {
        "date": "2020-10-29",
        "commitResults": [
          {
            "hash": "29638abcd6f186b452c1716d7602a909a6e876ce",
            "messageTitle": "Refine DeleteAppointmentCommand",
            "messageBody": "",
            "fileTypesAndContributionMap": {
              "functional-code": {
                "insertions": 123,
                "deletions": 154
              },
              "test-code": {
                "insertions": 156,
                "deletions": 77
              }
            }
          },
          {
            "hash": "fa2688d543736030c6880f3db5cf466b156b210b",
            "messageTitle": "Fix bug (delete by datetime and name) in DeleteAppointment command",
            "messageBody": "",
            "fileTypesAndContributionMap": {
              "functional-code": {
                "insertions": 21,
                "deletions": 21
              },
              "test-code": {
                "insertions": 64,
                "deletions": 22
              }
            }
          },
          {
            "hash": "4a97dae47d77f7d6b0c30d982897cf8a1b23a96f",
            "messageTitle": "Fix trailing white spaces in UGDG",
            "messageBody": "",
            "fileTypesAndContributionMap": {
              "docs": {
                "insertions": 15,
                "deletions": 43
              }
            }
          },
          {
            "hash": "37a040a62acf0f05f5e708ad616327e8946722c9",
            "messageTitle": "Add EoF in stylesheets",
            "messageBody": "",
            "fileTypesAndContributionMap": {
              "functional-code": {
                "insertions": 2,
                "deletions": 2
              }
            }
          }
        ]
      }
    ],
    "porkeypine": [
      {
        "date": "2020-09-29",
        "commitResults": [
          {
            "hash": "02970a2509bae9d0cdaddb88a3131fb9e94a3174",
            "messageTitle": "Add non-functional requirements to Developer Guide",
            "messageBody": "",
            "fileTypesAndContributionMap": {
              "docs": {
                "insertions": 18,
                "deletions": 6
              }
            }
          },
          {
            "hash": "fbbbf0c4c157bc8a7b1f8f011fb0a6bc98a2963f",
            "messageTitle": "Revert \"Add non-functional requirements to Developer Guide\"",
            "messageBody": "This reverts commit 02970a2509bae9d0cdaddb88a3131fb9e94a3174.\n",
            "fileTypesAndContributionMap": {
              "docs": {
                "insertions": 6,
                "deletions": 18
              }
            }
          },
          {
            "hash": "34de74b2f1702985770a49c1457771319fdb0e97",
            "messageTitle": "Update non-functional requirements in Developer Guide",
            "messageBody": "",
            "fileTypesAndContributionMap": {
              "docs": {
                "insertions": 17,
                "deletions": 4
              }
            }
          },
          {
            "hash": "0709e8db031999f4c42ac534669ffdf36d53d4f5",
            "messageTitle": "Add sub-headings to non-functional requirements in Developer Guide",
            "messageBody": "",
            "fileTypesAndContributionMap": {
              "docs": {
                "insertions": 22,
                "deletions": 7
              }
            }
          }
        ]
      },
      {
        "date": "2020-10-23",
        "commitResults": [
          {
            "hash": "ecf0e333debb943baa7edfcc0f90e1cee52d492f",
            "messageTitle": "Partially implement DeleteAppointmentCommand",
            "messageBody": "",
            "fileTypesAndContributionMap": {
              "functional-code": {
                "insertions": 250,
                "deletions": 28
              }
            }
          },
          {
            "hash": "f09b20034fc89e3d2d2fac1c310b215a6ba6bada",
            "messageTitle": "Update DG for Implementation section",
            "messageBody": "",
            "fileTypesAndContributionMap": {
              "docs": {
                "insertions": 61,
                "deletions": 21
              }
            }
          }
        ]
      },
      {
        "date": "2020-10-27",
        "commitResults": [
          {
            "hash": "71147d46887087291713dcbd36f1285921cc1ba7",
            "messageTitle": "Update equals() function of Patient",
            "messageBody": "",
            "fileTypesAndContributionMap": {
              "functional-code": {
                "insertions": 10,
                "deletions": 1
              }
            }
          },
          {
            "hash": "2484865d6c036edbfa2c1c07ab5bfae5cc43b9c8",
            "messageTitle": "Add DeleteAppointmentCommand functionality",
            "messageBody": "",
            "fileTypesAndContributionMap": {
              "functional-code": {
                "insertions": 65,
                "deletions": 18
              }
            }
          },
          {
            "hash": "8a20d33d71a7059bc303cffc71a8d287d481c7da",
            "messageTitle": "Complete DeleteAppointmentCommand for different command fields (add functionality for getting Patient by Name and Nric), Fix error message displayed for wrong dateTime of Appointment commands",
            "messageBody": "",
            "fileTypesAndContributionMap": {
              "functional-code": {
                "insertions": 25,
                "deletions": 7
              }
            }
          },
          {
            "hash": "b0ff37ff8026ad4f1ef15bd5745a8823e49b4a28",
            "messageTitle": "Fix checkstyle errors",
            "messageBody": "",
            "fileTypesAndContributionMap": {
              "functional-code": {
                "insertions": 37,
                "deletions": 31
              }
            }
          },
          {
            "hash": "61dd725f88d7fe6cb35cd523b8989c281d5ae0be",
            "messageTitle": "Fix checkstyle issues",
            "messageBody": "",
            "fileTypesAndContributionMap": {
              "functional-code": {
                "insertions": 7,
                "deletions": 1
              }
            }
          },
          {
            "hash": "d9b3524ff80e4ae4269cb3cd3a8c0622af3e0a96",
            "messageTitle": "Fix CI issues",
            "messageBody": "",
            "fileTypesAndContributionMap": {
              "test-code": {
                "insertions": 5,
                "deletions": 0
              }
            }
          },
          {
            "hash": "a0e4ae9a6a139b8893b49cb4695534a7753b9b0a",
            "messageTitle": "Fix CI issues",
            "messageBody": "",
            "fileTypesAndContributionMap": {
              "functional-code": {
                "insertions": 2,
                "deletions": 5
              },
              "test-code": {
                "insertions": 6,
                "deletions": 6
              }
            }
          },
          {
            "hash": "72afbad893a0327119550100afbbacb82e0097ab",
            "messageTitle": "Fix CI issues",
            "messageBody": "",
            "fileTypesAndContributionMap": {
              "test-code": {
                "insertions": 0,
                "deletions": 1
              }
            }
          },
          {
            "hash": "8e6490d319078a96aa62e5a5e9353375a94d2f6a",
            "messageTitle": "Edit User Guide: 1. Make phrasing of descriptions and headings/sub-headings more consistent and concise 2. Fix grammatical errors 3. Fix numbering of TOC, sections and figures 4. Some styling: line breaks, italicise figure captions, bolding/italicising some words etc. 5. Add to sections: GUI terminology (still unpolished), command format \u0026 syntax, delete appointment command",
            "messageBody": "",
            "fileTypesAndContributionMap": {
              "docs": {
                "insertions": 348,
                "deletions": 157
              }
            }
          },
          {
            "hash": "bae5045635d0d20c109187d545cf5ef5439d97a8",
            "messageTitle": "Edit UG section on exiting the program",
            "messageBody": "",
            "fileTypesAndContributionMap": {
              "docs": {
                "insertions": 1,
                "deletions": 1
              }
            }
          },
          {
            "hash": "a93c7f7487f0bbde703888081a34e6b2351d3ec3",
            "messageTitle": "Resolve merge conflicts",
            "messageBody": "",
            "fileTypesAndContributionMap": {
              "functional-code": {
                "insertions": 257,
                "deletions": 1
              },
              "docs": {
                "insertions": 44,
                "deletions": 10
              },
              "test-code": {
                "insertions": 2,
                "deletions": 1
              }
            }
          },
          {
            "hash": "bbba522730d366d627e4f10ad9996c4b1b3f0e53",
            "messageTitle": "Add MarkAppointmentAsDoneCommand and function for marking all past appointments (that are not missed) as done in appointment list Change constructor of Appointment so that if the dateTime of appointment is before current dateTime, it is automatically marked as DONE",
            "messageBody": "",
            "fileTypesAndContributionMap": {
              "functional-code": {
                "insertions": 6,
                "deletions": 2
              }
            }
          },
          {
            "hash": "c519b001007b5bfb228adb780ff40dc1d0af5531",
            "messageTitle": "* Add FindAppointmentByKeywordCommand * Add functionality to ListPatientAppointmentsCommand",
            "messageBody": "",
            "fileTypesAndContributionMap": {
              "functional-code": {
                "insertions": 223,
                "deletions": 21
              },
              "test-code": {
                "insertions": 2,
                "deletions": 2
              }
            }
          }
        ]
      }
    ],
    "thutahw": [
      {
        "date": "2020-09-28",
        "commitResults": [
          {
            "hash": "60ccd8f01b020bf3700939d0f3a9b7208f456105",
            "messageTitle": "Update AboutUs - Left 2 pictures",
            "messageBody": "",
            "fileTypesAndContributionMap": {
              "docs": {
                "insertions": 39,
                "deletions": 30
              }
            }
          },
          {
            "hash": "7511c0d32fb8392b55469b0d87e1373a893afd75",
            "messageTitle": "Update Project Scope in Devguide",
            "messageBody": "",
            "fileTypesAndContributionMap": {
              "docs": {
                "insertions": 10,
                "deletions": 4
              }
            }
          }
        ]
      },
      {
        "date": "2020-09-29",
        "commitResults": [
          {
            "hash": "f8c276fe54f7683e02e5d42a18c60ed8f33d164b",
            "messageTitle": "Update UG Managing Patient Information",
            "messageBody": "",
            "fileTypesAndContributionMap": {
              "docs": {
                "insertions": 71,
                "deletions": 6
              }
            }
          }
        ]
      },
      {
        "date": "2020-10-07",
        "commitResults": [
          {
            "hash": "f747aea738de8a8ad8d0fee5732366009f750b0d",
            "messageTitle": "Update Patient Commands - Tests need to improve",
            "messageBody": "",
            "fileTypesAndContributionMap": {
              "functional-code": {
                "insertions": 278,
                "deletions": 325
              },
              "other": {
                "insertions": 124,
                "deletions": 125
              },
              "docs": {
                "insertions": 37,
                "deletions": 37
              },
              "test-code": {
                "insertions": 266,
                "deletions": 335
              }
            }
          }
        ]
      },
      {
        "date": "2020-10-08",
        "commitResults": [
          {
            "hash": "cf7bd223db4da3dddf69cda753029ff8f3f4229c",
            "messageTitle": "Update tests in PatientTest class and fixed some checkstyle errors",
            "messageBody": "",
            "fileTypesAndContributionMap": {
              "functional-code": {
                "insertions": 41,
                "deletions": 49
              },
              "test-code": {
                "insertions": 92,
                "deletions": 148
              }
            }
          }
        ]
      },
      {
        "date": "2020-10-12",
        "commitResults": [
          {
            "hash": "f802d249eb6f42838d7e96402f0b8e207c2bed44",
            "messageTitle": "Update tests in AppointmentTest",
            "messageBody": "",
            "fileTypesAndContributionMap": {
              "test-code": {
                "insertions": 70,
                "deletions": 0
              }
            }
          },
          {
            "hash": "6f3c0ad46c166f2d78545775fa41b07b3476d95a",
            "messageTitle": "Add TypicalAppointments",
            "messageBody": "",
            "fileTypesAndContributionMap": {
              "test-code": {
                "insertions": 43,
                "deletions": 30
              }
            }
          }
        ]
      },
      {
        "date": "2020-10-13",
        "commitResults": [
          {
            "hash": "f8fb8c3fd18ccb3e28fb14c61cdbd7a4682bc84b",
            "messageTitle": "Add ApptCommandTestUtil, AddApptCommandTest, ListApptCommandTest",
            "messageBody": "",
            "fileTypesAndContributionMap": {
              "test-code": {
                "insertions": 362,
                "deletions": 0
              }
            }
          },
          {
            "hash": "8e1394ae51a097611754eed0239e68f1c17e1731",
            "messageTitle": "Update EditApptCommandTest and EditAppointmentDescTest - left some methods to be implemented with appointment builder",
            "messageBody": "",
            "fileTypesAndContributionMap": {
              "test-code": {
                "insertions": 90,
                "deletions": 8
              }
            }
          }
        ]
      },
      {
        "date": "2020-10-16",
        "commitResults": [
          {
            "hash": "0f74044efdf3cb14a9fb2cb3b48777382155119b",
            "messageTitle": "Increase test coverage for patient command classes in logic",
            "messageBody": "",
            "fileTypesAndContributionMap": {
              "functional-code": {
                "insertions": 8,
                "deletions": 8
              },
              "test-code": {
                "insertions": 38,
                "deletions": 0
              }
            }
          }
        ]
      },
      {
        "date": "2020-10-19",
        "commitResults": [
          {
            "hash": "3c3c60cfe5b4d9d4b558752b19ca54a7f31f5856",
            "messageTitle": "Update tests in command class",
            "messageBody": "",
            "fileTypesAndContributionMap": {
              "test-code": {
                "insertions": 162,
                "deletions": 11
              }
            }
          }
        ]
      },
      {
        "date": "2020-10-22",
        "commitResults": [
          {
            "hash": "17caece4d0ac76b064bdd4f93421b1e82193ab99",
            "messageTitle": "Update UG to the latest features",
            "messageBody": "",
            "fileTypesAndContributionMap": {
              "functional-code": {
                "insertions": 7,
                "deletions": 7
              },
              "docs": {
                "insertions": 147,
                "deletions": 27
              },
              "test-code": {
                "insertions": 1,
                "deletions": 1
              }
            }
          },
          {
            "hash": "cbfb9b8c73805f6de8d0d92ba13b647dfa6ff5c9",
            "messageTitle": "Update DG patient manager",
            "messageBody": "",
            "fileTypesAndContributionMap": {
              "docs": {
                "insertions": 56,
                "deletions": 6
              }
            }
          }
        ]
      },
      {
        "date": "2020-10-26",
        "commitResults": [
          {
            "hash": "f5043fc6425c4fc91e9fb3254780000f2860bd1c",
            "messageTitle": "Add ListPatientAppointments Command",
            "messageBody": "",
            "fileTypesAndContributionMap": {
              "functional-code": {
                "insertions": 127,
                "deletions": 0
              }
            }
          },
          {
            "hash": "07f8c43dba238337d59395f33c3d8b71f37af5e4",
            "messageTitle": "Change javadoc comments from address book to appointment book and email to gender. Delete Email class and tests",
            "messageBody": "",
            "fileTypesAndContributionMap": {
              "functional-code": {
                "insertions": 13,
                "deletions": 77
              },
              "test-code": {
                "insertions": 15,
                "deletions": 75
              }
            }
          },
          {
            "hash": "23a19f12bff9a75a74598e44d16bb597b67722bd",
            "messageTitle": "Add tests and update javadoc comments",
            "messageBody": "",
            "fileTypesAndContributionMap": {
              "functional-code": {
                "insertions": 5,
                "deletions": 1
              },
              "test-code": {
                "insertions": 132,
                "deletions": 37
              }
            }
          }
        ]
      },
      {
        "date": "2020-10-27",
        "commitResults": [
          {
            "hash": "7f3ae9ef3d7f628f3d4d1c02b661137a4df06ed4",
            "messageTitle": "Update UG on presentation aspect. Resize Screenshots.",
            "messageBody": "",
            "fileTypesAndContributionMap": {
              "docs": {
                "insertions": 51,
                "deletions": 22
              }
            }
          },
          {
            "hash": "9d9eabf682b068ad9f902ee23a75794858bb3f90",
            "messageTitle": "Update patient command tests and appointment command tests",
            "messageBody": "",
            "fileTypesAndContributionMap": {
              "functional-code": {
                "insertions": 11,
                "deletions": 4
              },
              "other": {
                "insertions": 7,
                "deletions": 6
              },
              "test-code": {
                "insertions": 249,
                "deletions": 241
              }
            }
          },
          {
            "hash": "b907a827a7abeb6012ee9cfb9edc822cefeb01d1",
            "messageTitle": "Fix appointment test",
            "messageBody": "",
            "fileTypesAndContributionMap": {
              "test-code": {
                "insertions": 4,
                "deletions": 3
              }
            }
          }
        ]
      }
    ],
    "kaitlynng": [
      {
        "date": "2020-09-28",
        "commitResults": [
          {
            "hash": "aef702055224d2c012504b5acc15ce505aca39f8",
            "messageTitle": "Update DeveloperGuide.md",
            "messageBody": "",
            "fileTypesAndContributionMap": {
              "docs": {
                "insertions": 21,
                "deletions": 10
              }
            }
          }
        ]
      },
      {
        "date": "2020-09-29",
        "commitResults": [
          {
            "hash": "f11f30b8aea0584b696dd1f45f989f83f8dc2887",
            "messageTitle": "Update DeveloperGuide.md",
            "messageBody": "",
            "fileTypesAndContributionMap": {
              "docs": {
                "insertions": 6,
                "deletions": 0
              }
            }
          },
          {
            "hash": "acd71490cffa66393de8ab52daf93ffe21b39f3a",
            "messageTitle": "Update DeveloperGuide.md",
            "messageBody": "",
            "fileTypesAndContributionMap": {
              "docs": {
                "insertions": 1,
                "deletions": 0
              }
            }
          }
        ]
      },
      {
        "date": "2020-10-07",
        "commitResults": [
          {
            "hash": "e7d93626367b7211a010449845decb3f229f92a8",
            "messageTitle": "Add Week 7 tutorial",
            "messageBody": "",
            "fileTypesAndContributionMap": {
              "functional-code": {
                "insertions": 53,
                "deletions": 139
              },
              "test-code": {
                "insertions": 204,
                "deletions": 217
              }
            }
          }
        ]
      },
      {
        "date": "2020-10-11",
        "commitResults": [
          {
            "hash": "21c395db951e6cd0eb0ad39d294ba2d562091d3c",
            "messageTitle": "Renamed all instances of AddressBook to AppointmentBook and Person to Patient",
            "messageBody": "",
            "fileTypesAndContributionMap": {
              "functional-code": {
                "insertions": 464,
                "deletions": 561
              },
              "other": {
                "insertions": 117,
                "deletions": 210
              },
              "docs": {
                "insertions": 2,
                "deletions": 2
              },
              "test-code": {
                "insertions": 552,
                "deletions": 658
              }
            }
          }
        ]
      },
      {
        "date": "2020-10-12",
        "commitResults": [
          {
            "hash": "a29cc4a122003c8e70f6174299e27bbe51e2da80",
            "messageTitle": "remove all instances of addressbook and person except in docs",
            "messageBody": "",
            "fileTypesAndContributionMap": {
              "functional-code": {
                "insertions": 152,
                "deletions": 132
              },
              "other": {
                "insertions": 2,
                "deletions": 2
              },
              "docs": {
                "insertions": 38,
                "deletions": 41
              },
              "test-code": {
                "insertions": 199,
                "deletions": 219
              }
            }
          },
          {
            "hash": "cf60bf823486077a39b8bdc6d271a52ecd484b15",
            "messageTitle": "remove trailing whitespace",
            "messageBody": "",
            "fileTypesAndContributionMap": {
              "docs": {
                "insertions": 42,
                "deletions": 42
              }
            }
          },
          {
            "hash": "a6bad7d11f1527e1ac67eb531a33d62c840e2078",
            "messageTitle": "fix final CI issues",
            "messageBody": "",
            "fileTypesAndContributionMap": {
              "functional-code": {
                "insertions": 1,
                "deletions": 1
              },
              "docs": {
                "insertions": 1,
                "deletions": 1
              }
            }
          },
          {
            "hash": "d292cab648c56637f9cee0484ffa28d9af9d22ff",
            "messageTitle": "fix checkstyle",
            "messageBody": "",
            "fileTypesAndContributionMap": {
              "test-code": {
                "insertions": 16,
                "deletions": 11
              }
            }
          }
        ]
      },
      {
        "date": "2020-10-13",
        "commitResults": [
          {
            "hash": "9ec75043bc0333e8b45ab9c44c73bd87b1de5fcd",
            "messageTitle": "split patient and appointment in Model, Command and Parser",
            "messageBody": "",
            "fileTypesAndContributionMap": {
              "functional-code": {
                "insertions": 924,
                "deletions": 241
              },
              "other": {
                "insertions": 198,
                "deletions": 140
              },
              "test-code": {
                "insertions": 219,
                "deletions": 201
              }
            }
          },
          {
            "hash": "842739ec55683919ab4cc4b742363f46aff7c5cc",
            "messageTitle": "implement AppointmentManager storage",
            "messageBody": "",
            "fileTypesAndContributionMap": {
              "functional-code": {
                "insertions": 595,
                "deletions": 669
              },
              "other": {
                "insertions": 17,
                "deletions": 16
              },
              "test-code": {
                "insertions": 339,
                "deletions": 208
              }
            }
          }
        ]
      },
      {
        "date": "2020-10-20",
        "commitResults": [
          {
            "hash": "031b6c306b9959958bf6c267e26c71af4d085017",
            "messageTitle": "fix storage bug for appointments",
            "messageBody": "",
            "fileTypesAndContributionMap": {
              "functional-code": {
                "insertions": 126,
                "deletions": 13
              },
              "test-code": {
                "insertions": 34,
                "deletions": 7
              }
            }
          }
        ]
      },
      {
        "date": "2020-10-23",
        "commitResults": [
          {
            "hash": "284222279253332b6ce10b73ea1ee60f7169072e",
            "messageTitle": "Update Model, Storage and Design Considerations for List Managers in DG",
            "messageBody": "",
            "fileTypesAndContributionMap": {
              "docs": {
                "insertions": 100,
                "deletions": 10
              }
            }
          }
        ]
      },
      {
        "date": "2020-10-28",
        "commitResults": [
          {
            "hash": "e5c519526dd3a290aeb5f6a803f9804373d8f6ad",
            "messageTitle": "disabled clicking and fixed some checkstyle",
            "messageBody": "",
            "fileTypesAndContributionMap": {
              "functional-code": {
                "insertions": 53,
                "deletions": 34
              }
            }
          },
          {
            "hash": "d649e523a22fd657ca670f4a886e1f82d95f1524",
            "messageTitle": "fixed calendar view, updated colour of current day",
            "messageBody": "",
            "fileTypesAndContributionMap": {
              "functional-code": {
                "insertions": 50,
                "deletions": 6
              }
            }
          },
          {
            "hash": "7bce5810470b5db9ae0859fd018a03067aa5367a",
            "messageTitle": "fix leap year, fix day out of bounds when switching month",
            "messageBody": "",
            "fileTypesAndContributionMap": {
              "functional-code": {
                "insertions": 44,
                "deletions": 5
              }
            }
          },
          {
            "hash": "7cfd69fa72a46c7e311e699dfef5767da3dbdf2b",
            "messageTitle": "added duration field",
            "messageBody": "",
            "fileTypesAndContributionMap": {
              "functional-code": {
                "insertions": 188,
                "deletions": 61
              },
              "other": {
                "insertions": 16,
                "deletions": 17
              },
              "test-code": {
                "insertions": 29,
                "deletions": 13
              }
            }
          },
          {
            "hash": "a5f929e45da7b43c90b55e52a451ef6d927a045c",
            "messageTitle": "add duration for appointment",
            "messageBody": "",
            "fileTypesAndContributionMap": {
              "functional-code": {
                "insertions": 75,
                "deletions": 0
              }
            }
          }
        ]
      }
    ]
  },
  "authorFileTypeContributionMap": {
    "theyellowfellow": {
      "docs": 236,
      "functional-code": 120,
      "test-code": 226
    },
    "jianhandev": {
      "docs": 334,
      "functional-code": 4317,
      "test-code": 1908,
      "other": 7
    },
    "porkeypine": {
      "docs": 445,
      "functional-code": 524,
      "test-code": 3,
      "other": 9
    },
    "thutahw": {
      "docs": 213,
      "functional-code": 207,
      "test-code": 608
    },
    "kaitlynng": {
      "docs": 118,
      "functional-code": 2007,
      "test-code": 781
    }
  },
  "authorContributionVariance": {
    "theyellowfellow": 28624.611,
    "jianhandev": 227724.0,
    "porkeypine": 23400.82,
    "thutahw": 40843.723,
    "kaitlynng": 277369.9
  },
  "authorDisplayNameMap": {
    "theyellowfellow": "CS2103T-W12-3 REUB..TENG",
    "jianhandev": "CS2103T-W12-3 LI J..NHAN",
    "porkeypine": "CS2103T-W12-3 SHI ..LING",
    "thutahw": "CS2103T-W12-3 THUT.. WAI",
    "kaitlynng": "CS2103T-W12-3 KAIT..E YI"
  }
}
