[
  {
    "path": "README.md",
    "fileType": "docs",
    "lines": [
      {
        "lineNumber": 1,
        "author": {
          "gitId": "-"
        },
        "content": "[![CI Status](https://github.com/se-edu/addressbook-level3/workflows/Java%20CI/badge.svg)](https://github.com/se-edu/addressbook-level3/actions)"
      },
      {
        "lineNumber": 2,
        "author": {
          "gitId": "-"
        },
        "content": ""
      },
      {
        "lineNumber": 3,
        "author": {
          "gitId": "-"
        },
        "content": "![Ui](docs/images/Ui.png)"
      },
      {
        "lineNumber": 4,
        "author": {
          "gitId": "-"
        },
        "content": ""
      },
      {
        "lineNumber": 5,
        "author": {
          "gitId": "-"
        },
        "content": "* This is **a sample project for Software Engineering (SE) students**.\u003cbr\u003e"
      },
      {
        "lineNumber": 6,
        "author": {
          "gitId": "-"
        },
        "content": "  Example usages:"
      },
      {
        "lineNumber": 7,
        "author": {
          "gitId": "-"
        },
        "content": "  * as a starting point of a course project (as opposed to writing everything from scratch)"
      },
      {
        "lineNumber": 8,
        "author": {
          "gitId": "-"
        },
        "content": "  * as a case study"
      },
      {
        "lineNumber": 9,
        "author": {
          "gitId": "wenhaogoh"
        },
        "content": "* The project simulates an ongoing software project for a desktop application (called _NUSave_) used for managing budgets."
      },
      {
        "lineNumber": 10,
        "author": {
          "gitId": "-"
        },
        "content": "  * It is **written in OOP fashion**. It provides a **reasonably well-written** code base **bigger** (around 6 KLoC) than what students usually write in beginner-level SE modules, without being overwhelmingly big."
      },
      {
        "lineNumber": 11,
        "author": {
          "gitId": "-"
        },
        "content": "  * It comes with a **reasonable level of user and developer documentation**."
      },
      {
        "lineNumber": 12,
        "author": {
          "gitId": "wenhaogoh"
        },
        "content": "* It is named `NUSave`."
      },
      {
        "lineNumber": 13,
        "author": {
          "gitId": "wenhaogoh"
        },
        "content": "* For the detailed documentation of this project, see the **[NUSave Product Website](https://ay2021s1-cs2103t-t11-4.github.io/tp/)**."
      },
      {
        "lineNumber": 14,
        "author": {
          "gitId": "-"
        },
        "content": "* This project is a **part of the se-education.org** initiative. If you would like to contribute code to this project, see [se-education.org](https://se-education.org#https://se-education.org/#contributing) for more info."
      }
    ],
    "authorContributionMap": {
      "wenhaogoh": 3,
      "-": 11
    }
  },
  {
    "path": "docs/AboutUs.md",
    "fileType": "docs",
    "lines": [
      {
        "lineNumber": 1,
        "author": {
          "gitId": "wenhaogoh"
        },
        "content": "# About Us"
      },
      {
        "lineNumber": 2,
        "author": {
          "gitId": "-"
        },
        "content": ""
      },
      {
        "lineNumber": 3,
        "author": {
          "gitId": "-"
        },
        "content": "We are a team based in the [School of Computing, National University of Singapore](http://www.comp.nus.edu.sg)."
      },
      {
        "lineNumber": 4,
        "author": {
          "gitId": "-"
        },
        "content": ""
      },
      {
        "lineNumber": 5,
        "author": {
          "gitId": "-"
        },
        "content": "## Project team"
      },
      {
        "lineNumber": 6,
        "author": {
          "gitId": "-"
        },
        "content": ""
      },
      {
        "lineNumber": 7,
        "author": {
          "gitId": "wenhaogoh"
        },
        "content": "### Wen Hao"
      },
      {
        "lineNumber": 8,
        "author": {
          "gitId": "-"
        },
        "content": ""
      },
      {
        "lineNumber": 9,
        "author": {
          "gitId": "sogggy"
        },
        "content": "\u003cimg src\u003d\"images/wenhaogoh.png\" width\u003d\"200px\"\u003e"
      },
      {
        "lineNumber": 10,
        "author": {
          "gitId": "-"
        },
        "content": ""
      },
      {
        "lineNumber": 11,
        "author": {
          "gitId": "wenhaogoh"
        },
        "content": "[[github](https://github.com/wenhaogoh)]"
      },
      {
        "lineNumber": 12,
        "author": {
          "gitId": "-"
        },
        "content": "[[portfolio](team/johndoe.md)]"
      },
      {
        "lineNumber": 13,
        "author": {
          "gitId": "-"
        },
        "content": ""
      },
      {
        "lineNumber": 14,
        "author": {
          "gitId": "wenhaogoh"
        },
        "content": "* Role: Team Lead"
      },
      {
        "lineNumber": 15,
        "author": {
          "gitId": "wenhaogoh"
        },
        "content": "* Responsibilities: Database"
      },
      {
        "lineNumber": 16,
        "author": {
          "gitId": "-"
        },
        "content": ""
      },
      {
        "lineNumber": 17,
        "author": {
          "gitId": "yu-ming-chen"
        },
        "content": "### Yu Ming"
      },
      {
        "lineNumber": 18,
        "author": {
          "gitId": "-"
        },
        "content": ""
      },
      {
        "lineNumber": 19,
        "author": {
          "gitId": "sogggy"
        },
        "content": "\u003cimg src\u003d\"images/yu-ming-chen.png\" width\u003d\"200px\"\u003e"
      },
      {
        "lineNumber": 20,
        "author": {
          "gitId": "-"
        },
        "content": ""
      },
      {
        "lineNumber": 21,
        "author": {
          "gitId": "yu-ming-chen"
        },
        "content": "[[github](http://github.com/yu-ming-chen)]"
      },
      {
        "lineNumber": 22,
        "author": {
          "gitId": "-"
        },
        "content": "[[portfolio](team/johndoe.md)]"
      },
      {
        "lineNumber": 23,
        "author": {
          "gitId": "-"
        },
        "content": ""
      },
      {
        "lineNumber": 24,
        "author": {
          "gitId": "yu-ming-chen"
        },
        "content": "* Role: Developer"
      },
      {
        "lineNumber": 25,
        "author": {
          "gitId": "yu-ming-chen"
        },
        "content": "* Responsibilities: Code quality + Integration"
      },
      {
        "lineNumber": 26,
        "author": {
          "gitId": "-"
        },
        "content": ""
      },
      {
        "lineNumber": 27,
        "author": {
          "gitId": "EkChinHui"
        },
        "content": "### Ek Chin Hui"
      },
      {
        "lineNumber": 28,
        "author": {
          "gitId": "-"
        },
        "content": ""
      },
      {
        "lineNumber": 29,
        "author": {
          "gitId": "sogggy"
        },
        "content": "\u003cimg src\u003d\"images/ekchinhui.png\" width\u003d\"200px\"\u003e"
      },
      {
        "lineNumber": 30,
        "author": {
          "gitId": "-"
        },
        "content": ""
      },
      {
        "lineNumber": 31,
        "author": {
          "gitId": "EkChinHui"
        },
        "content": "[[github](http://github.com/EkChinHui)]"
      },
      {
        "lineNumber": 32,
        "author": {
          "gitId": "-"
        },
        "content": ""
      },
      {
        "lineNumber": 33,
        "author": {
          "gitId": "-"
        },
        "content": "* Role: Developer"
      },
      {
        "lineNumber": 34,
        "author": {
          "gitId": "-"
        },
        "content": "* Responsibilities: Data"
      },
      {
        "lineNumber": 35,
        "author": {
          "gitId": "-"
        },
        "content": ""
      },
      {
        "lineNumber": 36,
        "author": {
          "gitId": "sogggy"
        },
        "content": "### Chew Song Yu"
      },
      {
        "lineNumber": 37,
        "author": {
          "gitId": "-"
        },
        "content": ""
      },
      {
        "lineNumber": 38,
        "author": {
          "gitId": "sogggy"
        },
        "content": "\u003cimg src\u003d\"images/sogggy.png\" width\u003d\"200px\"\u003e"
      },
      {
        "lineNumber": 39,
        "author": {
          "gitId": "-"
        },
        "content": ""
      },
      {
        "lineNumber": 40,
        "author": {
          "gitId": "sogggy"
        },
        "content": "[[github](http://github.com/sogggy)]"
      },
      {
        "lineNumber": 41,
        "author": {
          "gitId": "-"
        },
        "content": "[[portfolio](team/johndoe.md)]"
      },
      {
        "lineNumber": 42,
        "author": {
          "gitId": "-"
        },
        "content": ""
      },
      {
        "lineNumber": 43,
        "author": {
          "gitId": "-"
        },
        "content": "* Role: Developer"
      },
      {
        "lineNumber": 44,
        "author": {
          "gitId": "sogggy"
        },
        "content": "* Responsibilities: Testing"
      },
      {
        "lineNumber": 45,
        "author": {
          "gitId": "-"
        },
        "content": ""
      },
      {
        "lineNumber": 46,
        "author": {
          "gitId": "davidliew9"
        },
        "content": "### David"
      },
      {
        "lineNumber": 47,
        "author": {
          "gitId": "-"
        },
        "content": ""
      },
      {
        "lineNumber": 48,
        "author": {
          "gitId": "sogggy"
        },
        "content": "\u003cimg src\u003d\"images/davidliew9.png\" width\u003d\"200px\"\u003e"
      },
      {
        "lineNumber": 49,
        "author": {
          "gitId": "-"
        },
        "content": ""
      },
      {
        "lineNumber": 50,
        "author": {
          "gitId": "davidliew9"
        },
        "content": "[[github](https://github.com/davidliew9)]"
      },
      {
        "lineNumber": 51,
        "author": {
          "gitId": "-"
        },
        "content": "[[portfolio](team/johndoe.md)]"
      },
      {
        "lineNumber": 52,
        "author": {
          "gitId": "-"
        },
        "content": ""
      },
      {
        "lineNumber": 53,
        "author": {
          "gitId": "-"
        },
        "content": "* Role: Developer"
      },
      {
        "lineNumber": 54,
        "author": {
          "gitId": "davidliew9"
        },
        "content": "* Responsibilities: Documentation"
      }
    ],
    "authorContributionMap": {
      "EkChinHui": 2,
      "sogggy": 8,
      "yu-ming-chen": 4,
      "davidliew9": 3,
      "wenhaogoh": 5,
      "-": 32
    }
  },
  {
    "path": "docs/UserGuide.md",
    "fileType": "docs",
    "lines": [
      {
        "lineNumber": 1,
        "author": {
          "gitId": "-"
        },
        "content": ""
      },
      {
        "lineNumber": 2,
        "author": {
          "gitId": "EkChinHui"
        },
        "content": "# User Guide"
      },
      {
        "lineNumber": 3,
        "author": {
          "gitId": "EkChinHui"
        },
        "content": "NUSave is a **desktop app for managing expenditures, optimized for use via a Command Line Interface** (CLI) while still having the benefits of a Graphical User Interface (GUI). If you can type fast, NUSave can help you manage and track expenses faster than traditional GUI apps.  "
      },
      {
        "lineNumber": 4,
        "author": {
          "gitId": "-"
        },
        "content": "  "
      },
      {
        "lineNumber": 5,
        "author": {
          "gitId": "EkChinHui"
        },
        "content": "## Table of Contents  "
      },
      {
        "lineNumber": 6,
        "author": {
          "gitId": "EkChinHui"
        },
        "content": "- [Quick Start](#quick-start)   "
      },
      {
        "lineNumber": 7,
        "author": {
          "gitId": "EkChinHui"
        },
        "content": "- [Features](#features)  "
      },
      {
        "lineNumber": 8,
        "author": {
          "gitId": "EkChinHui"
        },
        "content": "    * [Creating a budget: `create`](#creating-a-budget-create)"
      },
      {
        "lineNumber": 9,
        "author": {
          "gitId": "EkChinHui"
        },
        "content": "    * [Opening a budget: `open`](#opening-a-budget-open)"
      },
      {
        "lineNumber": 10,
        "author": {
          "gitId": "EkChinHui"
        },
        "content": "    * [Closing a budget: `close`](#closing-a-budget-close)"
      },
      {
        "lineNumber": 11,
        "author": {
          "gitId": "EkChinHui"
        },
        "content": "    * [Adding an expenditure: `add`](#adding-an-expenditure-add)"
      },
      {
        "lineNumber": 12,
        "author": {
          "gitId": "EkChinHui"
        },
        "content": "    * [Listing all budgets or expenditures: `list`](#listing-all-budgets-or-expenditures-list)"
      },
      {
        "lineNumber": 13,
        "author": {
          "gitId": "EkChinHui"
        },
        "content": "    * [Locating expenditures by name: `find`](#locating-expenditures-by-name-find)"
      },
      {
        "lineNumber": 14,
        "author": {
          "gitId": "EkChinHui"
        },
        "content": "    * [Deleting a budget or expenditure: `del`](#deleting-a-budget-or-expenditure-del)"
      },
      {
        "lineNumber": 15,
        "author": {
          "gitId": "EkChinHui"
        },
        "content": "    * [Listing available commands: `help`](#listing-available-commands-help)"
      },
      {
        "lineNumber": 16,
        "author": {
          "gitId": "EkChinHui"
        },
        "content": "    * [Exiting the program: `exit`](#exiting-the-program-exit)"
      },
      {
        "lineNumber": 17,
        "author": {
          "gitId": "EkChinHui"
        },
        "content": "- [Command Summary](#command-summary)  "
      },
      {
        "lineNumber": 18,
        "author": {
          "gitId": "-"
        },
        "content": "  "
      },
      {
        "lineNumber": 19,
        "author": {
          "gitId": "-"
        },
        "content": "  "
      },
      {
        "lineNumber": 20,
        "author": {
          "gitId": "EkChinHui"
        },
        "content": "## Quick Start  "
      },
      {
        "lineNumber": 21,
        "author": {
          "gitId": "-"
        },
        "content": "  "
      },
      {
        "lineNumber": 22,
        "author": {
          "gitId": "EkChinHui"
        },
        "content": "1. Ensure you have Java `11` or above installed in your Computer.  "
      },
      {
        "lineNumber": 23,
        "author": {
          "gitId": "-"
        },
        "content": "      "
      },
      {
        "lineNumber": 24,
        "author": {
          "gitId": "EkChinHui"
        },
        "content": "2. Download the latest `NUSave.jar` from [here](https://github.com/AY2021S1-CS2103T-T11-4/tp/releases).  "
      },
      {
        "lineNumber": 25,
        "author": {
          "gitId": "-"
        },
        "content": "      "
      },
      {
        "lineNumber": 26,
        "author": {
          "gitId": "EkChinHui"
        },
        "content": "3. Copy the file to the folder you want to use as the *home folder* for your NUSave.  "
      },
      {
        "lineNumber": 27,
        "author": {
          "gitId": "-"
        },
        "content": "      "
      },
      {
        "lineNumber": 28,
        "author": {
          "gitId": "EkChinHui"
        },
        "content": "4. Double-click the file to start the app. The GUI similar to the below should appear in a few seconds.  "
      },
      {
        "lineNumber": 29,
        "author": {
          "gitId": "-"
        },
        "content": "      "
      },
      {
        "lineNumber": 30,
        "author": {
          "gitId": "EkChinHui"
        },
        "content": "5. Type the command in the command box and press enter to execute it. Some example commands you can try:  "
      },
      {
        "lineNumber": 31,
        "author": {
          "gitId": "EkChinHui"
        },
        "content": "    - `list`: Lists all budgets.  "
      },
      {
        "lineNumber": 32,
        "author": {
          "gitId": "-"
        },
        "content": "      "
      },
      {
        "lineNumber": 33,
        "author": {
          "gitId": "EkChinHui"
        },
        "content": "   - `create School Related Expenses`: Adds a budget named School Related Expenses to NUSave.  "
      },
      {
        "lineNumber": 34,
        "author": {
          "gitId": "-"
        },
        "content": "      "
      },
      {
        "lineNumber": 35,
        "author": {
          "gitId": "EkChinHui"
        },
        "content": "   - `open 1`: Opens the 1st budget (School Related Expenses) shown in the current list.  "
      },
      {
        "lineNumber": 36,
        "author": {
          "gitId": "-"
        },
        "content": "      "
      },
      {
        "lineNumber": 37,
        "author": {
          "gitId": "EkChinHui"
        },
        "content": "   - `add  Hall Fees 2600`: Adds an expenditure named `Hall Fees` of price $2600 to the budget (School Related Expenses) that is open.  "
      },
      {
        "lineNumber": 38,
        "author": {
          "gitId": "-"
        },
        "content": "      "
      },
      {
        "lineNumber": 39,
        "author": {
          "gitId": "EkChinHui"
        },
        "content": "   - `del 1`: Deletes the 1st expenditure (Hall Fees) in the list of expenditures.  "
      },
      {
        "lineNumber": 40,
        "author": {
          "gitId": "-"
        },
        "content": "      "
      },
      {
        "lineNumber": 41,
        "author": {
          "gitId": "EkChinHui"
        },
        "content": "   - `close`: Closes the budget (School Related Expenses) that is open.  "
      },
      {
        "lineNumber": 42,
        "author": {
          "gitId": "-"
        },
        "content": "      "
      },
      {
        "lineNumber": 43,
        "author": {
          "gitId": "EkChinHui"
        },
        "content": "   - `del 1`: Deletes the 1st budget (School Related Expenses) in the list of budgets.  "
      },
      {
        "lineNumber": 44,
        "author": {
          "gitId": "-"
        },
        "content": "      "
      },
      {
        "lineNumber": 45,
        "author": {
          "gitId": "EkChinHui"
        },
        "content": "   - `help`: Shows the list of commands available for NUSave.  "
      },
      {
        "lineNumber": 46,
        "author": {
          "gitId": "-"
        },
        "content": "      "
      },
      {
        "lineNumber": 47,
        "author": {
          "gitId": "EkChinHui"
        },
        "content": "   - `exit` : Exits the app.  "
      },
      {
        "lineNumber": 48,
        "author": {
          "gitId": "-"
        },
        "content": "     "
      },
      {
        "lineNumber": 49,
        "author": {
          "gitId": "EkChinHui"
        },
        "content": "6. Refer to the [features](#features) below for details of each command.  "
      },
      {
        "lineNumber": 50,
        "author": {
          "gitId": "-"
        },
        "content": "  "
      },
      {
        "lineNumber": 51,
        "author": {
          "gitId": "EkChinHui"
        },
        "content": "---  "
      },
      {
        "lineNumber": 52,
        "author": {
          "gitId": "EkChinHui"
        },
        "content": "## Features  "
      },
      {
        "lineNumber": 53,
        "author": {
          "gitId": "-"
        },
        "content": "  "
      },
      {
        "lineNumber": 54,
        "author": {
          "gitId": "EkChinHui"
        },
        "content": "### Creating a budget: `create`"
      },
      {
        "lineNumber": 55,
        "author": {
          "gitId": "-"
        },
        "content": "  "
      },
      {
        "lineNumber": 56,
        "author": {
          "gitId": "EkChinHui"
        },
        "content": "Creates a budget in NUSave.  "
      },
      {
        "lineNumber": 57,
        "author": {
          "gitId": "-"
        },
        "content": "  "
      },
      {
        "lineNumber": 58,
        "author": {
          "gitId": "EkChinHui"
        },
        "content": "Format: `create NAME`  "
      },
      {
        "lineNumber": 59,
        "author": {
          "gitId": "-"
        },
        "content": "  "
      },
      {
        "lineNumber": 60,
        "author": {
          "gitId": "EkChinHui"
        },
        "content": "- This command is only available when no budget is open.  "
      },
      {
        "lineNumber": 61,
        "author": {
          "gitId": "EkChinHui"
        },
        "content": "- Creates a budget with the given `NAME`.  "
      },
      {
        "lineNumber": 62,
        "author": {
          "gitId": "EkChinHui"
        },
        "content": "     "
      },
      {
        "lineNumber": 63,
        "author": {
          "gitId": "EkChinHui"
        },
        "content": "Examples:  "
      },
      {
        "lineNumber": 64,
        "author": {
          "gitId": "EkChinHui"
        },
        "content": "- `create Daily Expenses`  "
      },
      {
        "lineNumber": 65,
        "author": {
          "gitId": "EkChinHui"
        },
        "content": "- `create School Related Expenses`  "
      },
      {
        "lineNumber": 66,
        "author": {
          "gitId": "-"
        },
        "content": "    "
      },
      {
        "lineNumber": 67,
        "author": {
          "gitId": "-"
        },
        "content": "    "
      },
      {
        "lineNumber": 68,
        "author": {
          "gitId": "EkChinHui"
        },
        "content": "### Opening a budget: `open`"
      },
      {
        "lineNumber": 69,
        "author": {
          "gitId": "-"
        },
        "content": "  "
      },
      {
        "lineNumber": 70,
        "author": {
          "gitId": "EkChinHui"
        },
        "content": "Opens a budget in NUSave.  "
      },
      {
        "lineNumber": 71,
        "author": {
          "gitId": "EkChinHui"
        },
        "content": "  "
      },
      {
        "lineNumber": 72,
        "author": {
          "gitId": "EkChinHui"
        },
        "content": "Format: `open INDEX`  "
      },
      {
        "lineNumber": 73,
        "author": {
          "gitId": "EkChinHui"
        },
        "content": "- This command is only available when no budget is open.  "
      },
      {
        "lineNumber": 74,
        "author": {
          "gitId": "EkChinHui"
        },
        "content": "- Opens the budget at the specific `INDEX`.      "
      },
      {
        "lineNumber": 75,
        "author": {
          "gitId": "EkChinHui"
        },
        "content": "- `INDEX` refers to the index number shown in the displayed budgets list.  "
      },
      {
        "lineNumber": 76,
        "author": {
          "gitId": "EkChinHui"
        },
        "content": "- The index **must be a positive integer** e.g. 1, 2, 3, ...  "
      },
      {
        "lineNumber": 77,
        "author": {
          "gitId": "-"
        },
        "content": "  "
      },
      {
        "lineNumber": 78,
        "author": {
          "gitId": "-"
        },
        "content": "Examples:  "
      },
      {
        "lineNumber": 79,
        "author": {
          "gitId": "EkChinHui"
        },
        "content": "- `open 1`  "
      },
      {
        "lineNumber": 80,
        "author": {
          "gitId": "-"
        },
        "content": "  "
      },
      {
        "lineNumber": 81,
        "author": {
          "gitId": "EkChinHui"
        },
        "content": "### Closing a budget: `close`"
      },
      {
        "lineNumber": 82,
        "author": {
          "gitId": "EkChinHui"
        },
        "content": ""
      },
      {
        "lineNumber": 83,
        "author": {
          "gitId": "EkChinHui"
        },
        "content": "Closes the budget currently open in NUSave.  "
      },
      {
        "lineNumber": 84,
        "author": {
          "gitId": "-"
        },
        "content": "  "
      },
      {
        "lineNumber": 85,
        "author": {
          "gitId": "EkChinHui"
        },
        "content": "Format: `close`  "
      },
      {
        "lineNumber": 86,
        "author": {
          "gitId": "EkChinHui"
        },
        "content": "- This command is only available when a budget is open.  "
      },
      {
        "lineNumber": 87,
        "author": {
          "gitId": "-"
        },
        "content": "   "
      },
      {
        "lineNumber": 88,
        "author": {
          "gitId": "EkChinHui"
        },
        "content": "### Adding an expenditure: `add`"
      },
      {
        "lineNumber": 89,
        "author": {
          "gitId": "EkChinHui"
        },
        "content": "Adds an expenditure to the budget that is open."
      },
      {
        "lineNumber": 90,
        "author": {
          "gitId": "EkChinHui"
        },
        "content": ""
      },
      {
        "lineNumber": 91,
        "author": {
          "gitId": "EkChinHui"
        },
        "content": "Format: `add NAME PRICE`"
      },
      {
        "lineNumber": 92,
        "author": {
          "gitId": "EkChinHui"
        },
        "content": "- This command is only available when a budget is open."
      },
      {
        "lineNumber": 93,
        "author": {
          "gitId": "EkChinHui"
        },
        "content": "- Adds an expenditure with the given NAME and PRICE to the budget that is open."
      },
      {
        "lineNumber": 94,
        "author": {
          "gitId": "EkChinHui"
        },
        "content": "- The price **must be a positive integer or double with a maximum of 2 decimal places** e.g. 8, 2.55, 3.4, ..."
      },
      {
        "lineNumber": 95,
        "author": {
          "gitId": "EkChinHui"
        },
        "content": ""
      },
      {
        "lineNumber": 96,
        "author": {
          "gitId": "EkChinHui"
        },
        "content": "Example:"
      },
      {
        "lineNumber": 97,
        "author": {
          "gitId": "EkChinHui"
        },
        "content": "- add School Fees 5000"
      },
      {
        "lineNumber": 98,
        "author": {
          "gitId": "EkChinHui"
        },
        "content": "- add Lunch at Food Court 4 "
      },
      {
        "lineNumber": 99,
        "author": {
          "gitId": "EkChinHui"
        },
        "content": ""
      },
      {
        "lineNumber": 100,
        "author": {
          "gitId": "EkChinHui"
        },
        "content": "### Listing all budgets or expenditures: `list`"
      },
      {
        "lineNumber": 101,
        "author": {
          "gitId": "EkChinHui"
        },
        "content": ""
      },
      {
        "lineNumber": 102,
        "author": {
          "gitId": "EkChinHui"
        },
        "content": "Shows a list of budgets or expenditures in NUSave.  "
      },
      {
        "lineNumber": 103,
        "author": {
          "gitId": "-"
        },
        "content": "  "
      },
      {
        "lineNumber": 104,
        "author": {
          "gitId": "EkChinHui"
        },
        "content": "Format:  `list`  "
      },
      {
        "lineNumber": 105,
        "author": {
          "gitId": "EkChinHui"
        },
        "content": "- If a budget is open, shows a list of all expenditures within the budget.  "
      },
      {
        "lineNumber": 106,
        "author": {
          "gitId": "EkChinHui"
        },
        "content": "- Otherwise, shows a list of all budgets in NUSave.    "
      },
      {
        "lineNumber": 107,
        "author": {
          "gitId": "-"
        },
        "content": "  "
      },
      {
        "lineNumber": 108,
        "author": {
          "gitId": "EkChinHui"
        },
        "content": "### Locating expenditures by name: `find`"
      },
      {
        "lineNumber": 109,
        "author": {
          "gitId": "-"
        },
        "content": "  "
      },
      {
        "lineNumber": 110,
        "author": {
          "gitId": "EkChinHui"
        },
        "content": "Finds expenditures whose names contain any of the given keywords.  "
      },
      {
        "lineNumber": 111,
        "author": {
          "gitId": "-"
        },
        "content": "  "
      },
      {
        "lineNumber": 112,
        "author": {
          "gitId": "EkChinHui"
        },
        "content": "Format:  `find KEYWORD`  "
      },
      {
        "lineNumber": 113,
        "author": {
          "gitId": "EkChinHui"
        },
        "content": "- This command is only available when a budget is open.  "
      },
      {
        "lineNumber": 114,
        "author": {
          "gitId": "EkChinHui"
        },
        "content": "- Searches expenditures within the budget that is open.  "
      },
      {
        "lineNumber": 115,
        "author": {
          "gitId": "-"
        },
        "content": "      "
      },
      {
        "lineNumber": 116,
        "author": {
          "gitId": "-"
        },
        "content": "Examples:  "
      },
      {
        "lineNumber": 117,
        "author": {
          "gitId": "EkChinHui"
        },
        "content": "- `find Breakfast`  "
      },
      {
        "lineNumber": 118,
        "author": {
          "gitId": "EkChinHui"
        },
        "content": "- `find Grab`  "
      },
      {
        "lineNumber": 119,
        "author": {
          "gitId": "-"
        },
        "content": "  "
      },
      {
        "lineNumber": 120,
        "author": {
          "gitId": "EkChinHui"
        },
        "content": "### Deleting a budget or expenditure: `del`  "
      },
      {
        "lineNumber": 121,
        "author": {
          "gitId": "-"
        },
        "content": "  "
      },
      {
        "lineNumber": 122,
        "author": {
          "gitId": "EkChinHui"
        },
        "content": "Deletes the specific budget or expenditure from NUSave.  "
      },
      {
        "lineNumber": 123,
        "author": {
          "gitId": "-"
        },
        "content": "  "
      },
      {
        "lineNumber": 124,
        "author": {
          "gitId": "EkChinHui"
        },
        "content": "Format: `del INDEX`  "
      },
      {
        "lineNumber": 125,
        "author": {
          "gitId": "EkChinHui"
        },
        "content": "- If a budget is open, deletes the expenditure at the specific `INDEX`.  "
      },
      {
        "lineNumber": 126,
        "author": {
          "gitId": "EkChinHui"
        },
        "content": "- Otherwise, deletes the budget at the specific `INDEX`.  "
      },
      {
        "lineNumber": 127,
        "author": {
          "gitId": "EkChinHui"
        },
        "content": "- `INDEX` refers to the index number shown in the displayed expenditure/budget list.  "
      },
      {
        "lineNumber": 128,
        "author": {
          "gitId": "EkChinHui"
        },
        "content": "- The index **must be a positive integer** e.g. 1, 2, 3, ...  "
      },
      {
        "lineNumber": 129,
        "author": {
          "gitId": "-"
        },
        "content": "  "
      },
      {
        "lineNumber": 130,
        "author": {
          "gitId": "-"
        },
        "content": "Examples:  "
      },
      {
        "lineNumber": 131,
        "author": {
          "gitId": "EkChinHui"
        },
        "content": "- `del 1`  "
      },
      {
        "lineNumber": 132,
        "author": {
          "gitId": "-"
        },
        "content": "  "
      },
      {
        "lineNumber": 133,
        "author": {
          "gitId": "EkChinHui"
        },
        "content": "### Listing available commands: `help`  "
      },
      {
        "lineNumber": 134,
        "author": {
          "gitId": "-"
        },
        "content": "  "
      },
      {
        "lineNumber": 135,
        "author": {
          "gitId": "EkChinHui"
        },
        "content": "Shows a list of available commands with descriptions in NUSave.  "
      },
      {
        "lineNumber": 136,
        "author": {
          "gitId": "-"
        },
        "content": "  "
      },
      {
        "lineNumber": 137,
        "author": {
          "gitId": "EkChinHui"
        },
        "content": "Format:  `help`  "
      },
      {
        "lineNumber": 138,
        "author": {
          "gitId": "-"
        },
        "content": ""
      },
      {
        "lineNumber": 139,
        "author": {
          "gitId": "-"
        },
        "content": "### Exiting the program: `exit`"
      },
      {
        "lineNumber": 140,
        "author": {
          "gitId": "-"
        },
        "content": ""
      },
      {
        "lineNumber": 141,
        "author": {
          "gitId": "-"
        },
        "content": "Exits the program.  "
      },
      {
        "lineNumber": 142,
        "author": {
          "gitId": "-"
        },
        "content": "  "
      },
      {
        "lineNumber": 143,
        "author": {
          "gitId": "-"
        },
        "content": "Format:  `exit`  "
      },
      {
        "lineNumber": 144,
        "author": {
          "gitId": "-"
        },
        "content": ""
      },
      {
        "lineNumber": 145,
        "author": {
          "gitId": "EkChinHui"
        },
        "content": "---  "
      },
      {
        "lineNumber": 146,
        "author": {
          "gitId": "EkChinHui"
        },
        "content": "## Command Summary  "
      },
      {
        "lineNumber": 147,
        "author": {
          "gitId": "EkChinHui"
        },
        "content": "  "
      },
      {
        "lineNumber": 148,
        "author": {
          "gitId": "EkChinHui"
        },
        "content": "| **Action** | **Format, Examples** |  "
      },
      {
        "lineNumber": 149,
        "author": {
          "gitId": "EkChinHui"
        },
        "content": "|--------|------------------|  "
      },
      {
        "lineNumber": 150,
        "author": {
          "gitId": "EkChinHui"
        },
        "content": "|Create (Budget)|`create NAME` \u003cbr\u003ee.g. `create Daily Expenses`|  "
      },
      {
        "lineNumber": 151,
        "author": {
          "gitId": "EkChinHui"
        },
        "content": "|Open (Budget)  |`open INDEX`\u003cbr\u003ee.g. `open 1`|  "
      },
      {
        "lineNumber": 152,
        "author": {
          "gitId": "EkChinHui"
        },
        "content": "|Close (Budget) |`close`|  "
      },
      {
        "lineNumber": 153,
        "author": {
          "gitId": "EkChinHui"
        },
        "content": "|Add (Expenditure)   |`add NAME PRICE`\u003cbr\u003ee.g. `add Breakfast 10`|  "
      },
      {
        "lineNumber": 154,
        "author": {
          "gitId": "EkChinHui"
        },
        "content": "|Delete              |`del INDEX`\u003cbr\u003ee.g. `del 1`|  "
      },
      {
        "lineNumber": 155,
        "author": {
          "gitId": "EkChinHui"
        },
        "content": "|List                |`list`|  "
      },
      {
        "lineNumber": 156,
        "author": {
          "gitId": "EkChinHui"
        },
        "content": "|Find                |`find KEYWORD`\u003cbr\u003ee.g. `find Breakfast`|  "
      },
      {
        "lineNumber": 157,
        "author": {
          "gitId": "EkChinHui"
        },
        "content": "|Help                |`help`|  "
      },
      {
        "lineNumber": 158,
        "author": {
          "gitId": "EkChinHui"
        },
        "content": "|Exit                |`exit`|"
      }
    ],
    "authorContributionMap": {
      "EkChinHui": 106,
      "-": 52
    }
  }
]
