{
  "authorDailyContributionsMap": {
    "EkChinHui": [
      {
        "date": "2020-09-20",
        "commitResults": [
          {
            "hash": "e2f00e0695084892cc93b6669ebcd6185482d631",
            "messageTitle": "Add AboutUs information",
            "messageBody": "",
            "fileTypesAndContributionMap": {
              "docs": {
                "insertions": 3,
                "deletions": 3
              }
            }
          }
        ]
      },
      {
        "date": "2020-09-21",
        "commitResults": [
          {
            "hash": "e8269f9bee9a4fa5e5dceccf1fc3f8562096a64a",
            "messageTitle": "Update UserGuide.md",
            "messageBody": "",
            "fileTypesAndContributionMap": {
              "docs": {
                "insertions": 114,
                "deletions": 144
              }
            }
          }
        ]
      },
      {
        "date": "2020-09-22",
        "commitResults": [
          {
            "hash": "549d5c789026a69e1fd3b7267adb48af9fac6ca1",
            "messageTitle": "Add links to subheadings",
            "messageBody": "",
            "fileTypesAndContributionMap": {
              "docs": {
                "insertions": 134,
                "deletions": 137
              }
            }
          }
        ]
      },
      {
        "date": "2020-09-23",
        "commitResults": [
          {
            "hash": "95427a723230fe4e1df41112f0f18d18eefc80fa",
            "messageTitle": "Include add command in user guide",
            "messageBody": "",
            "fileTypesAndContributionMap": {
              "docs": {
                "insertions": 15,
                "deletions": 2
              }
            }
          }
        ]
      },
      {
        "date": "2020-09-24",
        "commitResults": [
          {
            "hash": "64c02e922250a41eec367046a1162376aa56b40c",
            "messageTitle": "Shorten budget book to budget",
            "messageBody": "",
            "fileTypesAndContributionMap": {
              "docs": {
                "insertions": 44,
                "deletions": 44
              }
            }
          }
        ]
      },
      {
        "date": "2020-10-12",
        "commitResults": [
          {
            "hash": "f1121da60eca32fccafcc703cf76cb377e5ae41f",
            "messageTitle": "Implement rendering of expenditure",
            "messageBody": "",
            "fileTypesAndContributionMap": {
              "functional-code": {
                "insertions": 230,
                "deletions": 20
              }
            }
          },
          {
            "hash": "bc33a152c91a3cf576efaa164a7dcd1575958a28",
            "messageTitle": "Implement OpenBudgetCommandParser",
            "messageBody": "",
            "fileTypesAndContributionMap": {
              "functional-code": {
                "insertions": 16,
                "deletions": 19
              }
            }
          },
          {
            "hash": "e60fc7855e31a7ca2ebbfa1297e073a124cc07a9",
            "messageTitle": "Fix checkstyle",
            "messageBody": "",
            "fileTypesAndContributionMap": {
              "functional-code": {
                "insertions": 5,
                "deletions": 3
              }
            }
          },
          {
            "hash": "9ea657d25b67c09f693e45dbe4ebc0480fe44dee",
            "messageTitle": "Fix codestyle issues",
            "messageBody": "",
            "fileTypesAndContributionMap": {
              "functional-code": {
                "insertions": 6,
                "deletions": 4
              }
            }
          },
          {
            "hash": "e1211d773799a88852b4a16b92dba36fc1725cfc",
            "messageTitle": "Add missing javadocs",
            "messageBody": "",
            "fileTypesAndContributionMap": {
              "functional-code": {
                "insertions": 10,
                "deletions": 6
              }
            }
          }
        ]
      },
      {
        "date": "2020-10-13",
        "commitResults": [
          {
            "hash": "b602d6b8663a60bd7530ddd46736493f60a9cfe1",
            "messageTitle": "Implement error handling for open and delete commands",
            "messageBody": "",
            "fileTypesAndContributionMap": {
              "functional-code": {
                "insertions": 52,
                "deletions": 20
              }
            }
          }
        ]
      },
      {
        "date": "2020-10-14",
        "commitResults": [
          {
            "hash": "6de656d922be4445c685c3011877d01a33dfa627",
            "messageTitle": "Add javadocs for storage",
            "messageBody": "",
            "fileTypesAndContributionMap": {
              "functional-code": {
                "insertions": 50,
                "deletions": 11
              }
            }
          },
          {
            "hash": "3ece629fa761c9e3550951f6d4a4672d79436847",
            "messageTitle": "Add unit tests for storage classes",
            "messageBody": "",
            "fileTypesAndContributionMap": {
              "functional-code": {
                "insertions": 15,
                "deletions": 2
              },
              "test-code": {
                "insertions": 143,
                "deletions": 0
              }
            }
          },
          {
            "hash": "ed3f67899d748f2c0425b4d19a280bd5b66c0bbe",
            "messageTitle": "Fix checkstyle",
            "messageBody": "",
            "fileTypesAndContributionMap": {
              "test-code": {
                "insertions": 26,
                "deletions": 19
              }
            }
          }
        ]
      },
      {
        "date": "2020-10-18",
        "commitResults": [
          {
            "hash": "74e124137afe5c6a5ba1db7406b43388c6f67c71",
            "messageTitle": "Add support or 1 decimal place price",
            "messageBody": "",
            "fileTypesAndContributionMap": {
              "functional-code": {
                "insertions": 3,
                "deletions": 3
              }
            }
          },
          {
            "hash": "a1650bdc3118ca85de16e12f012e047fb62aeb9d",
            "messageTitle": "Implement find command logic and parser",
            "messageBody": "",
            "fileTypesAndContributionMap": {
              "functional-code": {
                "insertions": 91,
                "deletions": 1
              }
            }
          },
          {
            "hash": "2b97fafa0f3dbadc19c1ec150f1b6f119a0c000e",
            "messageTitle": "Add error handling for find expenditure command",
            "messageBody": "",
            "fileTypesAndContributionMap": {
              "functional-code": {
                "insertions": 47,
                "deletions": 12
              }
            }
          },
          {
            "hash": "a2e02e13ac5a209864f29fd0f4898501422143f7",
            "messageTitle": "Display full list after add and del commands",
            "messageBody": "",
            "fileTypesAndContributionMap": {
              "functional-code": {
                "insertions": 5,
                "deletions": 3
              }
            }
          }
        ]
      },
      {
        "date": "2020-10-19",
        "commitResults": [
          {
            "hash": "63faa86074185dc77c545b8f304acbe264b3262b",
            "messageTitle": "Remove redundant throw clause",
            "messageBody": "",
            "fileTypesAndContributionMap": {
              "functional-code": {
                "insertions": 3,
                "deletions": 7
              }
            }
          },
          {
            "hash": "b0525b9683129727b3adc845de2da1713cbd09c2",
            "messageTitle": "Add support for tagging expenditures",
            "messageBody": "",
            "fileTypesAndContributionMap": {
              "functional-code": {
                "insertions": 5,
                "deletions": 3
              }
            }
          },
          {
            "hash": "02cd98b9ebe4eaf9bc8aeb9797c29470593f195d",
            "messageTitle": "Update tags in UI",
            "messageBody": "",
            "fileTypesAndContributionMap": {
              "functional-code": {
                "insertions": 34,
                "deletions": 9
              }
            }
          }
        ]
      },
      {
        "date": "2020-10-21",
        "commitResults": [
          {
            "hash": "897cbc5941812331c9040e53a5357755caf15fa2",
            "messageTitle": "Fix empty expenditure error handling",
            "messageBody": "",
            "fileTypesAndContributionMap": {
              "functional-code": {
                "insertions": 14,
                "deletions": 2
              }
            }
          },
          {
            "hash": "91598ac80c0cef6cbc2ef59bc80d449a21529b39",
            "messageTitle": "Display number of expenditures in main page Ui",
            "messageBody": "",
            "fileTypesAndContributionMap": {
              "functional-code": {
                "insertions": 18,
                "deletions": 9
              }
            }
          },
          {
            "hash": "bb468470ce1ee22400c9b429da4ead0ac8801607",
            "messageTitle": "Add message usage for budget commands",
            "messageBody": "",
            "fileTypesAndContributionMap": {
              "functional-code": {
                "insertions": 72,
                "deletions": 45
              }
            }
          },
          {
            "hash": "522dc6db924af8f766f4091e170a01379b727c7e",
            "messageTitle": "Add message usage for expenditure commands",
            "messageBody": "",
            "fileTypesAndContributionMap": {
              "functional-code": {
                "insertions": 91,
                "deletions": 47
              }
            }
          },
          {
            "hash": "7183ce4b97988d9a90d3261b3ed932ca6d3faae2",
            "messageTitle": "Fix checkstyle",
            "messageBody": "",
            "fileTypesAndContributionMap": {
              "functional-code": {
                "insertions": 2,
                "deletions": 21
              }
            }
          },
          {
            "hash": "c88c0d884f7cac540e6abfab39e6e6934b5504f0",
            "messageTitle": "Remove redundant parsers",
            "messageBody": "",
            "fileTypesAndContributionMap": {
              "functional-code": {
                "insertions": 1,
                "deletions": 65
              }
            }
          }
        ]
      },
      {
        "date": "2020-10-22",
        "commitResults": [
          {
            "hash": "7cdd2188cddd62ab6a4d388ab1314aee9116c3cb",
            "messageTitle": "Update model component in Developer\u0027s Guide",
            "messageBody": "",
            "fileTypesAndContributionMap": {
              "docs": {
                "insertions": 23,
                "deletions": 2
              }
            }
          }
        ]
      },
      {
        "date": "2020-10-23",
        "commitResults": [
          {
            "hash": "aca4d19f8c378472e78797bfdc04291343e76396",
            "messageTitle": "Update DeveloperGuide.md",
            "messageBody": "",
            "fileTypesAndContributionMap": {
              "docs": {
                "insertions": 5,
                "deletions": 4
              }
            }
          }
        ]
      },
      {
        "date": "2020-10-26",
        "commitResults": [
          {
            "hash": "3025903691173e8a80053fc937496d2f13c17f40",
            "messageTitle": "Update UserGuide.md",
            "messageBody": "",
            "fileTypesAndContributionMap": {
              "docs": {
                "insertions": 76,
                "deletions": 0
              }
            }
          }
        ]
      }
    ],
    "sogggy": [
      {
        "date": "2020-09-20",
        "commitResults": [
          {
            "hash": "c04ebf3d37bd18f5f74700d58a0e0fe419e52ccd",
            "messageTitle": "Add AboutUs information",
            "messageBody": "",
            "fileTypesAndContributionMap": {
              "docs": {
                "insertions": 4,
                "deletions": 4
              }
            }
          },
          {
            "hash": "1d44b94fa6a01227faf744f4aaf5b7a54028edff",
            "messageTitle": "resize image",
            "messageBody": "",
            "fileTypesAndContributionMap": {
              "docs": {
                "insertions": 1,
                "deletions": 1
              }
            }
          },
          {
            "hash": "cde1c7198ed67981bdd4029dc20eee8048cf6b06",
            "messageTitle": "Resize Image",
            "messageBody": "",
            "fileTypesAndContributionMap": {
              "docs": {
                "insertions": 1,
                "deletions": 1
              }
            }
          }
        ]
      },
      {
        "date": "2020-09-22",
        "commitResults": [
          {
            "hash": "c52f6848ad59cc92783a19a7a7fdd046dfeaaa94",
            "messageTitle": "Refactor AboutUs",
            "messageBody": "",
            "fileTypesAndContributionMap": {
              "docs": {
                "insertions": 5,
                "deletions": 5
              }
            }
          }
        ]
      },
      {
        "date": "2020-09-30",
        "commitResults": [
          {
            "hash": "6892850115a59d95447b00d5823d9cc8436d886a",
            "messageTitle": "Implement State Machine for NUSave",
            "messageBody": "",
            "fileTypesAndContributionMap": {
              "functional-code": {
                "insertions": 434,
                "deletions": 4
              }
            }
          }
        ]
      },
      {
        "date": "2020-10-02",
        "commitResults": [
          {
            "hash": "36c30fba6798df1a13af8a6da05b759f938a9973",
            "messageTitle": "checkstyle changes",
            "messageBody": "",
            "fileTypesAndContributionMap": {
              "functional-code": {
                "insertions": 14,
                "deletions": 11
              },
              "other": {
                "insertions": 59,
                "deletions": 47
              },
              "test-code": {
                "insertions": 195,
                "deletions": 162
              }
            }
          }
        ]
      },
      {
        "date": "2020-10-05",
        "commitResults": [
          {
            "hash": "2abf934fd7bade2a970bd93ebc77a5fbad37b27e",
            "messageTitle": "Add Budget and Expenditure class",
            "messageBody": "",
            "fileTypesAndContributionMap": {
              "functional-code": {
                "insertions": 102,
                "deletions": 0
              },
              "docs": {
                "insertions": 2,
                "deletions": 2
              }
            }
          }
        ]
      },
      {
        "date": "2020-10-08",
        "commitResults": [
          {
            "hash": "e458cc8722e47c6fd93dea2ad8adaa1934e51dc0",
            "messageTitle": "Add Ui Changes",
            "messageBody": "",
            "fileTypesAndContributionMap": {
              "functional-code": {
                "insertions": 118,
                "deletions": 11
              }
            }
          }
        ]
      },
      {
        "date": "2020-10-11",
        "commitResults": [
          {
            "hash": "0a1e158aa4fee7c63611f0aad7d2cf7fa476c05c",
            "messageTitle": "Add Add Expenditure Command",
            "messageBody": "",
            "fileTypesAndContributionMap": {
              "functional-code": {
                "insertions": 191,
                "deletions": 25
              },
              "other": {
                "insertions": 137,
                "deletions": 137
              },
              "docs": {
                "insertions": 8,
                "deletions": 8
              },
              "test-code": {
                "insertions": 3,
                "deletions": 3
              }
            }
          }
        ]
      },
      {
        "date": "2020-10-12",
        "commitResults": [
          {
            "hash": "b22b067ece6305cacfffb8a4faf2940e3c104156",
            "messageTitle": "Refactor Ui to display budget",
            "messageBody": "",
            "fileTypesAndContributionMap": {
              "functional-code": {
                "insertions": 306,
                "deletions": 108
              },
              "other": {
                "insertions": 130,
                "deletions": 130
              }
            }
          },
          {
            "hash": "1bb24ec9390d671e6857b92621df939fa61ad5a6",
            "messageTitle": "Refactor test",
            "messageBody": "",
            "fileTypesAndContributionMap": {
              "test-code": {
                "insertions": 10,
                "deletions": 20
              }
            }
          },
          {
            "hash": "ecfaa0358ecdb16031e0d20e280daac02e535b1c",
            "messageTitle": "Refactor test",
            "messageBody": "",
            "fileTypesAndContributionMap": {
              "test-code": {
                "insertions": 10,
                "deletions": 20
              }
            }
          },
          {
            "hash": "dfd28a8264680732aec9d6a362d4f766776d40f3",
            "messageTitle": "Refactor code",
            "messageBody": "",
            "fileTypesAndContributionMap": {
              "functional-code": {
                "insertions": 5,
                "deletions": 7
              },
              "docs": {
                "insertions": 8,
                "deletions": 8
              },
              "test-code": {
                "insertions": 2,
                "deletions": 2
              }
            }
          },
          {
            "hash": "ac0657a4e50f2f6ac2c75574de1973d4ad10c0aa",
            "messageTitle": "Refactor code",
            "messageBody": "",
            "fileTypesAndContributionMap": {
              "functional-code": {
                "insertions": 3,
                "deletions": 3
              },
              "other": {
                "insertions": 2,
                "deletions": 2
              }
            }
          },
          {
            "hash": "9c5e67fcb2df0352754511e63978d1c38d233df4",
            "messageTitle": "Refactor Expenditure class name attribute",
            "messageBody": "",
            "fileTypesAndContributionMap": {
              "functional-code": {
                "insertions": 39,
                "deletions": 40
              },
              "other": {
                "insertions": 7,
                "deletions": 7
              },
              "docs": {
                "insertions": 8,
                "deletions": 8
              },
              "test-code": {
                "insertions": 3,
                "deletions": 3
              }
            }
          },
          {
            "hash": "777810adbcae62a10f0c8dc58ef46312d1901824",
            "messageTitle": "Refactor Budget attribute to name",
            "messageBody": "",
            "fileTypesAndContributionMap": {
              "functional-code": {
                "insertions": 26,
                "deletions": 27
              },
              "other": {
                "insertions": 5,
                "deletions": 7
              }
            }
          }
        ]
      },
      {
        "date": "2020-10-13",
        "commitResults": [
          {
            "hash": "8ce157ca6d3c56b5e7591275c921ffdb28b77cf0",
            "messageTitle": "Add background color for Ui",
            "messageBody": "",
            "fileTypesAndContributionMap": {
              "functional-code": {
                "insertions": 48,
                "deletions": 17
              }
            }
          },
          {
            "hash": "b0910a2d99ce9b84ab2bb75c0d433e45fd1fb381",
            "messageTitle": "Refactor code",
            "messageBody": "",
            "fileTypesAndContributionMap": {
              "functional-code": {
                "insertions": 5,
                "deletions": 6
              }
            }
          },
          {
            "hash": "d185625a53d7e38b68e4f0446ff5be913eda558a",
            "messageTitle": "Refactor code",
            "messageBody": "",
            "fileTypesAndContributionMap": {
              "functional-code": {
                "insertions": 15,
                "deletions": 17
              }
            }
          },
          {
            "hash": "7eb4198f39cd16154a3a7a2f2fcf9989fdf98787",
            "messageTitle": "Refactor code",
            "messageBody": "",
            "fileTypesAndContributionMap": {
              "functional-code": {
                "insertions": 15,
                "deletions": 15
              },
              "test-code": {
                "insertions": 1,
                "deletions": 1
              }
            }
          },
          {
            "hash": "55ff49649afc2f4f7db634d3e759e39b1370afcf",
            "messageTitle": "Title css changes",
            "messageBody": "",
            "fileTypesAndContributionMap": {
              "functional-code": {
                "insertions": 24,
                "deletions": 16
              }
            }
          },
          {
            "hash": "373e72dc332ffb9c9aacc3a46e77eed900598b8f",
            "messageTitle": "Css changes",
            "messageBody": "",
            "fileTypesAndContributionMap": {
              "functional-code": {
                "insertions": 16,
                "deletions": 4
              }
            }
          },
          {
            "hash": "c264b2d30de8afe887e19944b063ff83613e3415",
            "messageTitle": "Ui change title on different page",
            "messageBody": "",
            "fileTypesAndContributionMap": {
              "functional-code": {
                "insertions": 149,
                "deletions": 6
              }
            }
          },
          {
            "hash": "4ee15979fee54f2801e27b2cb553f30e9138a573",
            "messageTitle": "Refactor Page title",
            "messageBody": "",
            "fileTypesAndContributionMap": {
              "functional-code": {
                "insertions": 4,
                "deletions": 4
              }
            }
          }
        ]
      },
      {
        "date": "2020-10-14",
        "commitResults": [
          {
            "hash": "53cb4e231ced06591dcc1db73e4fea23fc5725e3",
            "messageTitle": "refactor code",
            "messageBody": "",
            "fileTypesAndContributionMap": {
              "functional-code": {
                "insertions": 9,
                "deletions": 16
              }
            }
          },
          {
            "hash": "5b38b86824d8f04dfb91883c487e8a56c8ebe0c5",
            "messageTitle": "Fix checkstyle",
            "messageBody": "",
            "fileTypesAndContributionMap": {
              "functional-code": {
                "insertions": 0,
                "deletions": 2
              }
            }
          },
          {
            "hash": "f58cff4106c9ff7783cf69297e4e408ec3bb2daa",
            "messageTitle": "Added comment to highlight unorthodox code",
            "messageBody": "",
            "fileTypesAndContributionMap": {
              "functional-code": {
                "insertions": 2,
                "deletions": 5
              }
            }
          },
          {
            "hash": "60283dc1c3ed3fa37465fa4345a0de6c8d46b7df",
            "messageTitle": "refactor code",
            "messageBody": "",
            "fileTypesAndContributionMap": {
              "functional-code": {
                "insertions": 48,
                "deletions": 28
              }
            }
          },
          {
            "hash": "95c47cf6a59c7eb735a86e9a308f343e0c597897",
            "messageTitle": "Fix checkstyle",
            "messageBody": "",
            "fileTypesAndContributionMap": {
              "functional-code": {
                "insertions": 1,
                "deletions": 1
              }
            }
          }
        ]
      },
      {
        "date": "2020-10-15",
        "commitResults": [
          {
            "hash": "d52627cec44bfddd5f2665d3111117f64ff02f5e",
            "messageTitle": "Add sample data",
            "messageBody": "",
            "fileTypesAndContributionMap": {
              "functional-code": {
                "insertions": 19,
                "deletions": 3
              }
            }
          },
          {
            "hash": "b535d4c26b1ff91e398ec783c13d5398d5e24666",
            "messageTitle": "Fix checkstyle",
            "messageBody": "",
            "fileTypesAndContributionMap": {
              "functional-code": {
                "insertions": 17,
                "deletions": 9
              }
            }
          }
        ]
      },
      {
        "date": "2020-10-19",
        "commitResults": [
          {
            "hash": "195c3d0066d0a0dcb4b058b442cbdc03d9e723b1",
            "messageTitle": "Add support for find and list command in Main Page",
            "messageBody": "",
            "fileTypesAndContributionMap": {
              "functional-code": {
                "insertions": 107,
                "deletions": 5
              }
            }
          },
          {
            "hash": "fed37eb9057f9196ec7d6ac5d084431716cf886e",
            "messageTitle": "Refactor error message for find command",
            "messageBody": "",
            "fileTypesAndContributionMap": {
              "functional-code": {
                "insertions": 3,
                "deletions": 3
              }
            }
          },
          {
            "hash": "bcbcd968dd0c22a6b6c04be5be468822a441cb4e",
            "messageTitle": "Add date to Ui for expenditure card",
            "messageBody": "",
            "fileTypesAndContributionMap": {
              "functional-code": {
                "insertions": 32,
                "deletions": 9
              }
            }
          },
          {
            "hash": "5b33d9942ec6e9d3b4ef17ceda9a0c38fd24478f",
            "messageTitle": "Fix selected label text-fill default behaviour",
            "messageBody": "",
            "fileTypesAndContributionMap": {
              "functional-code": {
                "insertions": 15,
                "deletions": 5
              }
            }
          }
        ]
      },
      {
        "date": "2020-10-21",
        "commitResults": [
          {
            "hash": "9f381bc4b430aae38f722958635a0f3510b2e43d",
            "messageTitle": "Fixed edit expenditure to not relist all items after edition of one item",
            "messageBody": "",
            "fileTypesAndContributionMap": {
              "functional-code": {
                "insertions": 57,
                "deletions": 1
              },
              "test-code": {
                "insertions": 12,
                "deletions": 0
              }
            }
          }
        ]
      },
      {
        "date": "2020-10-22",
        "commitResults": [
          {
            "hash": "b5b89c439c5bb34ebff3be72412a1b68393b1de8",
            "messageTitle": "Add State documentation",
            "messageBody": "",
            "fileTypesAndContributionMap": {
              "docs": {
                "insertions": 24,
                "deletions": 1
              }
            }
          },
          {
            "hash": "76889fd49415d2ddd8d340f624f05ed17e5a69e4",
            "messageTitle": "Fixes to dg",
            "messageBody": "",
            "fileTypesAndContributionMap": {
              "docs": {
                "insertions": 1,
                "deletions": 1
              }
            }
          },
          {
            "hash": "9637cc0d2ca3b65008c2ac83e59c5c6667c23516",
            "messageTitle": "Model Manager getActualBudgetIndex assertion bugfix",
            "messageBody": "",
            "fileTypesAndContributionMap": {
              "functional-code": {
                "insertions": 1,
                "deletions": 1
              }
            }
          },
          {
            "hash": "74cebb718daf71695d38b781f74a430d5dcac8da",
            "messageTitle": "Display total expenditure and threshold in budget page",
            "messageBody": "",
            "fileTypesAndContributionMap": {
              "functional-code": {
                "insertions": 172,
                "deletions": 24
              }
            }
          }
        ]
      },
      {
        "date": "2020-10-23",
        "commitResults": [
          {
            "hash": "1f15ac2d8a75a2eceec717535e7cbcdfb7cbc3d1",
            "messageTitle": "Added dynamic updating of total expenditure using add, edit, delete commands",
            "messageBody": "",
            "fileTypesAndContributionMap": {
              "functional-code": {
                "insertions": 114,
                "deletions": 41
              }
            }
          },
          {
            "hash": "c80a60c8cff7ce0d5fa5d10d481e77b98a5541a0",
            "messageTitle": "Refactor name of string prop in statemanager",
            "messageBody": "",
            "fileTypesAndContributionMap": {
              "functional-code": {
                "insertions": 6,
                "deletions": 6
              }
            }
          }
        ]
      },
      {
        "date": "2020-10-26",
        "commitResults": [
          {
            "hash": "0cb1eb8da2f8570d075083d1bde2181f22a42b7b",
            "messageTitle": "Threshold implementation in budget page",
            "messageBody": "",
            "fileTypesAndContributionMap": {
              "functional-code": {
                "insertions": 89,
                "deletions": 29
              }
            }
          }
        ]
      }
    ],
    "yu-ming-chen": [
      {
        "date": "2020-09-20",
        "commitResults": [
          {
            "hash": "71e1a923c8e3bd2213ac1a73253c15ae33bffaa6",
            "messageTitle": "Add AboutUs info for Yu Ming",
            "messageBody": "",
            "fileTypesAndContributionMap": {
              "docs": {
                "insertions": 5,
                "deletions": 5
              }
            }
          }
        ]
      },
      {
        "date": "2020-10-11",
        "commitResults": [
          {
            "hash": "59d4152f55fd695f6592391b84be6f5f724b5030",
            "messageTitle": "Add CreateBudgetCommand",
            "messageBody": "",
            "fileTypesAndContributionMap": {
              "functional-code": {
                "insertions": 55,
                "deletions": 8
              },
              "other": {
                "insertions": 3,
                "deletions": 3
              }
            }
          },
          {
            "hash": "8fb7c3d38580f7f65bf19d8eec0095d41512177a",
            "messageTitle": "Add CreateBudgetCommand",
            "messageBody": "",
            "fileTypesAndContributionMap": {
              "functional-code": {
                "insertions": 15,
                "deletions": 13
              }
            }
          },
          {
            "hash": "4eb99bc8f0219756be5688d4c32dd7846bd4e642",
            "messageTitle": "Add CreateBudgetCommand",
            "messageBody": "",
            "fileTypesAndContributionMap": {
              "functional-code": {
                "insertions": 57,
                "deletions": 0
              }
            }
          },
          {
            "hash": "d19f304a237bcc71b5ab8ddd4b3233775a5cd575",
            "messageTitle": "Refactor variable name",
            "messageBody": "",
            "fileTypesAndContributionMap": {
              "functional-code": {
                "insertions": 5,
                "deletions": 5
              }
            }
          },
          {
            "hash": "6dafb2785008e9bc585ce8a290b3b2aba930d589",
            "messageTitle": "Checkstyle",
            "messageBody": "",
            "fileTypesAndContributionMap": {
              "functional-code": {
                "insertions": 22,
                "deletions": 24
              },
              "other": {
                "insertions": 1,
                "deletions": 1
              }
            }
          }
        ]
      },
      {
        "date": "2020-10-13",
        "commitResults": [
          {
            "hash": "239db19cd1bcaeeaf53f4382f82808287d05de08",
            "messageTitle": "Add ExitCommnad",
            "messageBody": "",
            "fileTypesAndContributionMap": {
              "functional-code": {
                "insertions": 9,
                "deletions": 1
              }
            }
          },
          {
            "hash": "ae9703238cadce574907b7d7cc0bbdfd81038ef3",
            "messageTitle": "Merge branch",
            "messageBody": "",
            "fileTypesAndContributionMap": {
              "functional-code": {
                "insertions": 15,
                "deletions": 1
              }
            }
          },
          {
            "hash": "4d2c1ac5dc4e65255f1e8d7a9ec4709b69f50704",
            "messageTitle": "Fix checkstlye",
            "messageBody": "",
            "fileTypesAndContributionMap": {
              "functional-code": {
                "insertions": 2,
                "deletions": 1
              }
            }
          },
          {
            "hash": "44feaa52e48ac9c21fdb326e23998f4a8176eae5",
            "messageTitle": "Add Ui Price On Expenditure Card",
            "messageBody": "",
            "fileTypesAndContributionMap": {
              "functional-code": {
                "insertions": 7,
                "deletions": 1
              }
            }
          },
          {
            "hash": "4908e8a3e8656ab5fb28cc5f231c685be53f647d",
            "messageTitle": "Display date and time on the main page",
            "messageBody": "",
            "fileTypesAndContributionMap": {
              "functional-code": {
                "insertions": 54,
                "deletions": 5
              }
            }
          }
        ]
      },
      {
        "date": "2020-10-14",
        "commitResults": [
          {
            "hash": "75a2dfd1ccea32b8f0a742ec3a1224273d6673a1",
            "messageTitle": "Display 2 dp",
            "messageBody": "",
            "fileTypesAndContributionMap": {
              "functional-code": {
                "insertions": 5,
                "deletions": 4
              }
            }
          },
          {
            "hash": "5d476d66e2e991f1a800bac471e299bbb1efe443",
            "messageTitle": "Display two digits for timer",
            "messageBody": "",
            "fileTypesAndContributionMap": {
              "functional-code": {
                "insertions": 2,
                "deletions": 1
              }
            }
          },
          {
            "hash": "3b1b5fa346c293fd7e5d87b7ae28c923540213b0",
            "messageTitle": "\"Fix checkstyle\"",
            "messageBody": "",
            "fileTypesAndContributionMap": {
              "functional-code": {
                "insertions": 2,
                "deletions": 2
              }
            }
          }
        ]
      },
      {
        "date": "2020-10-19",
        "commitResults": [
          {
            "hash": "b1a47124218953c157ed727200f00fae7512070d",
            "messageTitle": "Format date Ui",
            "messageBody": "",
            "fileTypesAndContributionMap": {
              "functional-code": {
                "insertions": 2,
                "deletions": 5
              }
            }
          },
          {
            "hash": "978a20bcca1a47ec43837a39269e3d32f2821f14",
            "messageTitle": "Format Time Ui",
            "messageBody": "",
            "fileTypesAndContributionMap": {
              "functional-code": {
                "insertions": 2,
                "deletions": 6
              }
            }
          },
          {
            "hash": "7b0be3d3d83f485b15e3e27267dd70bf6962493b",
            "messageTitle": "Clean up code",
            "messageBody": "",
            "fileTypesAndContributionMap": {
              "functional-code": {
                "insertions": 0,
                "deletions": 1
              }
            }
          },
          {
            "hash": "5d1f8bd570afacf56d3ac9ed38635a105c3061e5",
            "messageTitle": "Add main page sort command",
            "messageBody": "",
            "fileTypesAndContributionMap": {
              "functional-code": {
                "insertions": 95,
                "deletions": 1
              }
            }
          },
          {
            "hash": "ed6df31b0e5a771654ad6db98109de561cb97228",
            "messageTitle": "Add Budget page sort command",
            "messageBody": "",
            "fileTypesAndContributionMap": {
              "functional-code": {
                "insertions": 62,
                "deletions": 0
              }
            }
          },
          {
            "hash": "cebc0ce34f5a948b36f541462bceff52c2090d8a",
            "messageTitle": "Update help command",
            "messageBody": "",
            "fileTypesAndContributionMap": {
              "functional-code": {
                "insertions": 99,
                "deletions": 36
              }
            }
          },
          {
            "hash": "8ffda6f46da68ea388549ea821dd6d090dfe77f0",
            "messageTitle": "Add Date and Sort by created on date for budget",
            "messageBody": "",
            "fileTypesAndContributionMap": {
              "functional-code": {
                "insertions": 140,
                "deletions": 13
              },
              "test-code": {
                "insertions": 40,
                "deletions": 38
              }
            }
          },
          {
            "hash": "48ff4bd15fa59952a6c22a319603580cb025d536",
            "messageTitle": "Add support for BudgetBuilder",
            "messageBody": "",
            "fileTypesAndContributionMap": {
              "functional-code": {
                "insertions": 1,
                "deletions": 1
              },
              "test-code": {
                "insertions": 15,
                "deletions": 2
              }
            }
          }
        ]
      },
      {
        "date": "2020-10-20",
        "commitResults": [
          {
            "hash": "655e201686acbd3ce63be5009817c09766949ed3",
            "messageTitle": "Debug reset sort upon exit command",
            "messageBody": "",
            "fileTypesAndContributionMap": {
              "functional-code": {
                "insertions": 1,
                "deletions": 0
              }
            }
          },
          {
            "hash": "0b01368538bb08527409167adbe0f15737b35fae",
            "messageTitle": "Add edit budget command",
            "messageBody": "",
            "fileTypesAndContributionMap": {
              "functional-code": {
                "insertions": 199,
                "deletions": 20
              },
              "test-code": {
                "insertions": 4,
                "deletions": 0
              }
            }
          },
          {
            "hash": "0a332acf14f6cda651b10facb6eb83c4a31d1223",
            "messageTitle": "Fix sort by date bug when there is no json file",
            "messageBody": "",
            "fileTypesAndContributionMap": {
              "functional-code": {
                "insertions": 7,
                "deletions": 7
              },
              "test-code": {
                "insertions": 4,
                "deletions": 0
              }
            }
          },
          {
            "hash": "1c027de13cbf842980fe47b13f2b2d59a35ddf68",
            "messageTitle": "Fix checkstyle",
            "messageBody": "",
            "fileTypesAndContributionMap": {
              "functional-code": {
                "insertions": 80,
                "deletions": 28
              }
            }
          },
          {
            "hash": "3a75ed456166e4dfd98d16f8eabe5d002e8f0760",
            "messageTitle": "Fix edit error message",
            "messageBody": "",
            "fileTypesAndContributionMap": {
              "functional-code": {
                "insertions": 5,
                "deletions": 4
              }
            }
          }
        ]
      },
      {
        "date": "2020-10-21",
        "commitResults": [
          {
            "hash": "9544a68f317700fef11bd34e77b3b8f935f56ac2",
            "messageTitle": "Fix sort by createdon order with lastest on top",
            "messageBody": "",
            "fileTypesAndContributionMap": {
              "functional-code": {
                "insertions": 1,
                "deletions": 1
              }
            }
          },
          {
            "hash": "21ff4297c917fe4950c6b99955d58564f782dd4e",
            "messageTitle": "Add budget and expenditure to top",
            "messageBody": "",
            "fileTypesAndContributionMap": {
              "functional-code": {
                "insertions": 4,
                "deletions": 4
              }
            }
          },
          {
            "hash": "b617023ed9ed6c933b964eae75fafe486c722644",
            "messageTitle": "Comment out one test",
            "messageBody": "",
            "fileTypesAndContributionMap": {
              "test-code": {
                "insertions": 5,
                "deletions": 5
              }
            }
          },
          {
            "hash": "1e8a4d5b03eb3a62719e51f81b730b4c3d9776c6",
            "messageTitle": "Fix checkstyle",
            "messageBody": "",
            "fileTypesAndContributionMap": {
              "test-code": {
                "insertions": 3,
                "deletions": 3
              }
            }
          }
        ]
      },
      {
        "date": "2020-10-22",
        "commitResults": [
          {
            "hash": "7014cf2a027abe4ada7c4a2fe0bc6a2d6f5268ad",
            "messageTitle": "Updated create budget command DG",
            "messageBody": "",
            "fileTypesAndContributionMap": {
              "docs": {
                "insertions": 30,
                "deletions": 1
              }
            }
          }
        ]
      },
      {
        "date": "2020-10-24",
        "commitResults": [
          {
            "hash": "0da1dea4ce379dff19c3433fe4d8ca6ec95b6141",
            "messageTitle": "Add support for sort by time and name",
            "messageBody": "",
            "fileTypesAndContributionMap": {
              "functional-code": {
                "insertions": 207,
                "deletions": 16
              },
              "other": {
                "insertions": 3,
                "deletions": 3
              }
            }
          },
          {
            "hash": "cf04999a708be2e48da0303b138d1584ec241d1b",
            "messageTitle": "Fix checkstyle",
            "messageBody": "",
            "fileTypesAndContributionMap": {
              "functional-code": {
                "insertions": 46,
                "deletions": 44
              }
            }
          },
          {
            "hash": "9ed428b7a15ab7f3e87235f882a2be91d21c75e1",
            "messageTitle": "Add table of content and Create budget command",
            "messageBody": "",
            "fileTypesAndContributionMap": {
              "docs": {
                "insertions": 146,
                "deletions": 19
              }
            }
          },
          {
            "hash": "3270f68c20ceccefceab50e6d913e2afe8ca0d6a",
            "messageTitle": "Reformat",
            "messageBody": "",
            "fileTypesAndContributionMap": {
              "docs": {
                "insertions": 1,
                "deletions": 0
              }
            }
          },
          {
            "hash": "64aa88ef7f757c04a88f1f7cb61a990ed769e3a9",
            "messageTitle": "Reformt again",
            "messageBody": "",
            "fileTypesAndContributionMap": {
              "docs": {
                "insertions": 23,
                "deletions": 23
              }
            }
          }
        ]
      },
      {
        "date": "2020-10-25",
        "commitResults": [
          {
            "hash": "ef0d7c361bd32345431dae2d2e6110c882e05baf",
            "messageTitle": "Add Sort, Edit command user guide",
            "messageBody": "",
            "fileTypesAndContributionMap": {
              "functional-code": {
                "insertions": 0,
                "deletions": 3
              },
              "docs": {
                "insertions": 130,
                "deletions": 2
              }
            }
          },
          {
            "hash": "108eff93c5b7604f82ebfc26063c6c4fec918eb1",
            "messageTitle": "Add help command for ug and clean up ug",
            "messageBody": "",
            "fileTypesAndContributionMap": {
              "docs": {
                "insertions": 56,
                "deletions": 58
              }
            }
          },
          {
            "hash": "ad6e41ab9489326f0661f172ab7744c9defdc6c8",
            "messageTitle": "Clean up",
            "messageBody": "",
            "fileTypesAndContributionMap": {
              "docs": {
                "insertions": 7,
                "deletions": 3
              }
            }
          },
          {
            "hash": "9e57532b806d38804f2481d395bf279f759c88c7",
            "messageTitle": "Update UserGuide.md",
            "messageBody": "",
            "fileTypesAndContributionMap": {
              "docs": {
                "insertions": 1,
                "deletions": 1
              }
            }
          }
        ]
      }
    ],
    "davidliew9": [
      {
        "date": "2020-09-20",
        "commitResults": [
          {
            "hash": "43f4a99eb0b434f976826eccf1c14463594df983",
            "messageTitle": "Add AboutUs",
            "messageBody": "",
            "fileTypesAndContributionMap": {
              "docs": {
                "insertions": 4,
                "deletions": 4
              }
            }
          },
          {
            "hash": "3d401c0672d5a9282ff94c004cff7f696503551f",
            "messageTitle": "Resize image",
            "messageBody": "",
            "fileTypesAndContributionMap": {
              "docs": {
                "insertions": 1,
                "deletions": 1
              }
            }
          }
        ]
      },
      {
        "date": "2020-09-24",
        "commitResults": [
          {
            "hash": "3b4c42ed8243a134a8e51cbd5142107e591d26fd",
            "messageTitle": "Edit user stories and NFR",
            "messageBody": "",
            "fileTypesAndContributionMap": {
              "docs": {
                "insertions": 12,
                "deletions": 9
              }
            }
          }
        ]
      },
      {
        "date": "2020-09-26",
        "commitResults": [
          {
            "hash": "9ac07c71f8afa705fb5b479605c1be071affddcb",
            "messageTitle": "add annotations",
            "messageBody": "",
            "fileTypesAndContributionMap": {
              "functional-code": {
                "insertions": 5,
                "deletions": 0
              }
            }
          }
        ]
      },
      {
        "date": "2020-10-02",
        "commitResults": [
          {
            "hash": "6da49e9b07088e5212e2be649e8697ee36a400f9",
            "messageTitle": "Update Developer Guide",
            "messageBody": "",
            "fileTypesAndContributionMap": {
              "docs": {
                "insertions": 136,
                "deletions": 271
              }
            }
          },
          {
            "hash": "2629d276b7573a65cce4c5bb6a533c3f4069e337",
            "messageTitle": "Changes to Developer Guide",
            "messageBody": "",
            "fileTypesAndContributionMap": {
              "docs": {
                "insertions": 2,
                "deletions": 2
              }
            }
          },
          {
            "hash": "e20a539747a361c8f565b01a7a2e56f78734ede7",
            "messageTitle": "Edit Dev Ops",
            "messageBody": "",
            "fileTypesAndContributionMap": {
              "docs": {
                "insertions": 2,
                "deletions": 2
              }
            }
          },
          {
            "hash": "5e747b46876d5488f89554bd77a1491a21823f03",
            "messageTitle": "Edit Architecture",
            "messageBody": "",
            "fileTypesAndContributionMap": {
              "docs": {
                "insertions": 1,
                "deletions": 1
              }
            }
          }
        ]
      },
      {
        "date": "2020-10-11",
        "commitResults": [
          {
            "hash": "44767be0ee13c213beed0dc1e92786d8e71a839d",
            "messageTitle": "Add delete command",
            "messageBody": "",
            "fileTypesAndContributionMap": {
              "functional-code": {
                "insertions": 204,
                "deletions": 1
              }
            }
          },
          {
            "hash": "994f23c1539eacb3b5c8f626dfd7fbf7217683f3",
            "messageTitle": "Change to Index",
            "messageBody": "",
            "fileTypesAndContributionMap": {
              "functional-code": {
                "insertions": 25,
                "deletions": 19
              }
            }
          },
          {
            "hash": "6e2bef8706424f8e91b598c59ea360fb94f36bad",
            "messageTitle": "Refactor index",
            "messageBody": "",
            "fileTypesAndContributionMap": {
              "functional-code": {
                "insertions": 9,
                "deletions": 20
              }
            }
          }
        ]
      },
      {
        "date": "2020-10-12",
        "commitResults": [
          {
            "hash": "fc9ffcb408d9e6572827475522dd4fb704b8d5e3",
            "messageTitle": "Fix parse methods",
            "messageBody": "",
            "fileTypesAndContributionMap": {
              "functional-code": {
                "insertions": 20,
                "deletions": 16
              }
            }
          }
        ]
      },
      {
        "date": "2020-10-13",
        "commitResults": [
          {
            "hash": "f313777ee86a5e6ec7dcbc9f1724fd4c250439bf",
            "messageTitle": "Refine user response messages",
            "messageBody": "",
            "fileTypesAndContributionMap": {
              "functional-code": {
                "insertions": 22,
                "deletions": 14
              }
            }
          }
        ]
      },
      {
        "date": "2020-10-14",
        "commitResults": [
          {
            "hash": "2fb5a672eb2332027ea6d1bd24149ce32daea177",
            "messageTitle": "Update documentation for commands",
            "messageBody": "",
            "fileTypesAndContributionMap": {
              "functional-code": {
                "insertions": 99,
                "deletions": 4
              }
            }
          },
          {
            "hash": "390309ce98a7d757fe2f384b2f877511a298a4da",
            "messageTitle": "Change to Executes",
            "messageBody": "",
            "fileTypesAndContributionMap": {
              "functional-code": {
                "insertions": 2,
                "deletions": 2
              }
            }
          },
          {
            "hash": "c0b1f3c0f670b23bb9fdaa28df09c54f60def25e",
            "messageTitle": "Update documentation for parser",
            "messageBody": "",
            "fileTypesAndContributionMap": {
              "functional-code": {
                "insertions": 42,
                "deletions": 16
              }
            }
          },
          {
            "hash": "32e3fd6583a403ee60eea9327c1cebf968601d3b",
            "messageTitle": "Documentation changes",
            "messageBody": "",
            "fileTypesAndContributionMap": {
              "functional-code": {
                "insertions": 0,
                "deletions": 1
              }
            }
          }
        ]
      },
      {
        "date": "2020-10-19",
        "commitResults": [
          {
            "hash": "055f672d0ac4a03645229eac3f43750668db636d",
            "messageTitle": "Change from del to delete",
            "messageBody": "",
            "fileTypesAndContributionMap": {
              "functional-code": {
                "insertions": 2,
                "deletions": 2
              }
            }
          }
        ]
      },
      {
        "date": "2020-10-20",
        "commitResults": [
          {
            "hash": "376c39506071b5069bd37b126727a4e78fb98d13",
            "messageTitle": "Add edit Expenditure",
            "messageBody": "",
            "fileTypesAndContributionMap": {
              "functional-code": {
                "insertions": 220,
                "deletions": 0
              }
            }
          },
          {
            "hash": "e9c55a13f5b4aa8823b5842d2706fd49c3fdc314",
            "messageTitle": "Fix checkstyle",
            "messageBody": "",
            "fileTypesAndContributionMap": {
              "functional-code": {
                "insertions": 62,
                "deletions": 31
              }
            }
          }
        ]
      },
      {
        "date": "2020-10-22",
        "commitResults": [
          {
            "hash": "5dba0af95699025edecd6d10d18696de48513bd7",
            "messageTitle": "Edit delete budget implementation in DG",
            "messageBody": "",
            "fileTypesAndContributionMap": {
              "docs": {
                "insertions": 27,
                "deletions": 2
              }
            }
          }
        ]
      },
      {
        "date": "2020-10-25",
        "commitResults": [
          {
            "hash": "77fddc9b6d10070adbe8895e5e79b38a4b4d8f44",
            "messageTitle": "Add Introduction, Exit, Delete, Add command for UG",
            "messageBody": "",
            "fileTypesAndContributionMap": {
              "docs": {
                "insertions": 112,
                "deletions": 6
              }
            }
          }
        ]
      }
    ],
    "wenhaogoh": [
      {
        "date": "2020-09-13",
        "commitResults": [
          {
            "hash": "99cfe07b09bb1966773d5f094a3df0d7f41b2f97",
            "messageTitle": "Update README.md",
            "messageBody": "",
            "fileTypesAndContributionMap": {
              "docs": {
                "insertions": 3,
                "deletions": 3
              }
            }
          }
        ]
      },
      {
        "date": "2020-09-20",
        "commitResults": [
          {
            "hash": "ebed4151b785ac33cbef6729d29512611381b576",
            "messageTitle": "Update AboutUs information",
            "messageBody": "",
            "fileTypesAndContributionMap": {
              "docs": {
                "insertions": 6,
                "deletions": 11
              }
            }
          },
          {
            "hash": "a23ca3c1499e2b6bd3d5144479ef7d3c360aba23",
            "messageTitle": "Fix AboutUs title",
            "messageBody": "",
            "fileTypesAndContributionMap": {
              "docs": {
                "insertions": 1,
                "deletions": 1
              }
            }
          }
        ]
      },
      {
        "date": "2020-10-01",
        "commitResults": [
          {
            "hash": "c19cb37eb5c8569e704280cb343889aca822c3f3",
            "messageTitle": "Update README.md",
            "messageBody": "",
            "fileTypesAndContributionMap": {
              "docs": {
                "insertions": 15,
                "deletions": 10
              }
            }
          },
          {
            "hash": "9e256256c3a6086ccb5f3d8d106282120fea693b",
            "messageTitle": "Add new line to end of file",
            "messageBody": "",
            "fileTypesAndContributionMap": {
              "docs": {
                "insertions": 1,
                "deletions": 1
              }
            }
          },
          {
            "hash": "e67c0327089891f7af0eca54c1448ceaf4c13289",
            "messageTitle": "Fix CI status",
            "messageBody": "",
            "fileTypesAndContributionMap": {
              "docs": {
                "insertions": 1,
                "deletions": 1
              }
            }
          }
        ]
      },
      {
        "date": "2020-10-02",
        "commitResults": [
          {
            "hash": "85607b9ed1fbd5e1f0e29725521748f80c9284d1",
            "messageTitle": "Fix CI status link",
            "messageBody": "",
            "fileTypesAndContributionMap": {
              "docs": {
                "insertions": 1,
                "deletions": 1
              }
            }
          },
          {
            "hash": "5debaff1e6fc5ad0ce333b97f4a0e019add13e6f",
            "messageTitle": "Fix README formatting",
            "messageBody": "",
            "fileTypesAndContributionMap": {
              "docs": {
                "insertions": 2,
                "deletions": 2
              }
            }
          }
        ]
      },
      {
        "date": "2020-10-10",
        "commitResults": [
          {
            "hash": "045bc279a679377439f6da6fe640604913df60b7",
            "messageTitle": "Fix checkstyle",
            "messageBody": "",
            "fileTypesAndContributionMap": {
              "functional-code": {
                "insertions": 18,
                "deletions": 12
              }
            }
          },
          {
            "hash": "7456f2e55ceaf2a78066c9f4700a92b3ea4a9a3f",
            "messageTitle": "Create POGO for budget and expenditure",
            "messageBody": "",
            "fileTypesAndContributionMap": {
              "functional-code": {
                "insertions": 353,
                "deletions": 28
              }
            }
          }
        ]
      },
      {
        "date": "2020-10-11",
        "commitResults": [
          {
            "hash": "17fa946653506a0ff42449243421e69cd07f83c7",
            "messageTitle": "Refactor model and storage to support NUSave",
            "messageBody": "",
            "fileTypesAndContributionMap": {
              "functional-code": {
                "insertions": 330,
                "deletions": 106
              }
            }
          },
          {
            "hash": "ea33bf209635d12f796da93eadc0afc9aa8c7f76",
            "messageTitle": "Remove old test cases",
            "messageBody": "",
            "fileTypesAndContributionMap": {
              "test-code": {
                "insertions": 693,
                "deletions": 851
              }
            }
          }
        ]
      },
      {
        "date": "2020-10-13",
        "commitResults": [
          {
            "hash": "ca6fbdd2752390f1b8359fac8e90824cbe2d9a52",
            "messageTitle": "Remove ab3",
            "messageBody": "",
            "fileTypesAndContributionMap": {
              "functional-code": {
                "insertions": 27,
                "deletions": 2093
              },
              "docs": {
                "insertions": 0,
                "deletions": 2
              },
              "test-code": {
                "insertions": 0,
                "deletions": 2770
              }
            }
          },
          {
            "hash": "24eaa585b1cb5271578cdfe067c4b0025bcbb46a",
            "messageTitle": "Fix checkstyle",
            "messageBody": "",
            "fileTypesAndContributionMap": {
              "functional-code": {
                "insertions": 2,
                "deletions": 2
              },
              "test-code": {
                "insertions": 0,
                "deletions": 22
              }
            }
          },
          {
            "hash": "f3836fe40cbd6db775247737bcc71c935c1c7bbb",
            "messageTitle": "Fix sample data expenditure bug",
            "messageBody": "",
            "fileTypesAndContributionMap": {
              "functional-code": {
                "insertions": 3,
                "deletions": 2
              }
            }
          }
        ]
      },
      {
        "date": "2020-10-14",
        "commitResults": [
          {
            "hash": "77ba58c081780ad331dc8391be0440dd05a383b5",
            "messageTitle": "Rename budgetList to renderableList",
            "messageBody": "",
            "fileTypesAndContributionMap": {
              "functional-code": {
                "insertions": 8,
                "deletions": 8
              },
              "other": {
                "insertions": 9,
                "deletions": 27
              }
            }
          },
          {
            "hash": "9693500c65a12b1bf711880dec0fbe668ea92e48",
            "messageTitle": "Add card style",
            "messageBody": "",
            "fileTypesAndContributionMap": {
              "functional-code": {
                "insertions": 21,
                "deletions": 6
              }
            }
          },
          {
            "hash": "bbb7623b314c1a1a291a86b002cd30695b518786",
            "messageTitle": "Adjust font details",
            "messageBody": "",
            "fileTypesAndContributionMap": {
              "functional-code": {
                "insertions": 9,
                "deletions": 3
              }
            }
          },
          {
            "hash": "a751806653bd4e2c750f5ab7060b371d937b843b",
            "messageTitle": "Update comments",
            "messageBody": "",
            "fileTypesAndContributionMap": {
              "functional-code": {
                "insertions": 1,
                "deletions": 1
              }
            }
          },
          {
            "hash": "efc4835cca8e4f5d6b2011557b71dc5bfcc744e6",
            "messageTitle": "Update DarkTheme.css",
            "messageBody": "",
            "fileTypesAndContributionMap": {
              "functional-code": {
                "insertions": 1,
                "deletions": 1
              }
            }
          },
          {
            "hash": "1ce103ebc5e62dda13d4d1967a5e1d037e772b6d",
            "messageTitle": "Update ui for command box and result display",
            "messageBody": "",
            "fileTypesAndContributionMap": {
              "functional-code": {
                "insertions": 12,
                "deletions": 14
              }
            }
          },
          {
            "hash": "d83b61d23548d7e3161fd12679e359c96de06536",
            "messageTitle": "Remove unused css",
            "messageBody": "",
            "fileTypesAndContributionMap": {
              "functional-code": {
                "insertions": 17,
                "deletions": 352
              }
            }
          },
          {
            "hash": "3aa8e645047d50b5d5f97a412122e4294ca75b6e",
            "messageTitle": "Fix padding",
            "messageBody": "",
            "fileTypesAndContributionMap": {
              "functional-code": {
                "insertions": 2,
                "deletions": 6
              }
            }
          }
        ]
      },
      {
        "date": "2020-10-15",
        "commitResults": [
          {
            "hash": "b817ba44071cb3a991f2d6c49fbd16f6881e25e1",
            "messageTitle": "Remove menu bar",
            "messageBody": "",
            "fileTypesAndContributionMap": {
              "functional-code": {
                "insertions": 5,
                "deletions": 99
              }
            }
          },
          {
            "hash": "25ad2e4a14a66d5970264573134a5003bda906ce",
            "messageTitle": "Add Lato font",
            "messageBody": "",
            "fileTypesAndContributionMap": {
              "functional-code": {
                "insertions": 6,
                "deletions": 2
              }
            }
          },
          {
            "hash": "32256bb5302739202847219d9bd3492adb8db2d2",
            "messageTitle": "Add Roboto font",
            "messageBody": "",
            "fileTypesAndContributionMap": {
              "functional-code": {
                "insertions": 21,
                "deletions": 8
              }
            }
          },
          {
            "hash": "68106a7e9290c2631daed3a276960134ee27025a",
            "messageTitle": "Add Doppio One font",
            "messageBody": "",
            "fileTypesAndContributionMap": {
              "functional-code": {
                "insertions": 20,
                "deletions": 19
              }
            }
          },
          {
            "hash": "715abfc8ef2a21b61ce0f49a6625eecf6051559c",
            "messageTitle": "Update scroll bar and color scheme",
            "messageBody": "",
            "fileTypesAndContributionMap": {
              "functional-code": {
                "insertions": 8,
                "deletions": 6
              }
            }
          },
          {
            "hash": "c2fdda91fd57fcff56c82b06dce527ac560ce986",
            "messageTitle": "Fix title alignment",
            "messageBody": "",
            "fileTypesAndContributionMap": {
              "functional-code": {
                "insertions": 2,
                "deletions": 3
              }
            }
          },
          {
            "hash": "b6d9afd2db7fbd291582ccabd5ccb0442dd85449",
            "messageTitle": "Fix new expenditure response message",
            "messageBody": "",
            "fileTypesAndContributionMap": {
              "functional-code": {
                "insertions": 5,
                "deletions": 0
              }
            }
          },
          {
            "hash": "67ce3a2f6005199fd56d7eff90f574814251d351",
            "messageTitle": "Fix new budget response message",
            "messageBody": "",
            "fileTypesAndContributionMap": {
              "functional-code": {
                "insertions": 14,
                "deletions": 10
              }
            }
          },
          {
            "hash": "f1e3c3c86b3d77726f8272d3cde5b8efa31b6ab2",
            "messageTitle": "Refactor delete expenditure",
            "messageBody": "",
            "fileTypesAndContributionMap": {
              "functional-code": {
                "insertions": 41,
                "deletions": 40
              }
            }
          },
          {
            "hash": "9f8f3473ecf23aadcd86b8f4669a1d9ecbe76008",
            "messageTitle": "Update Nusave.java",
            "messageBody": "",
            "fileTypesAndContributionMap": {
              "functional-code": {
                "insertions": 1,
                "deletions": 1
              }
            }
          },
          {
            "hash": "d26cf42f8989876a9a0b89b55c7d454bf44f29b0",
            "messageTitle": "Refactor error response",
            "messageBody": "",
            "fileTypesAndContributionMap": {
              "functional-code": {
                "insertions": 3,
                "deletions": 3
              }
            }
          },
          {
            "hash": "bd5a8afa0031a497b8e8c0a458a17039623583c1",
            "messageTitle": "Fix result display overrun",
            "messageBody": "",
            "fileTypesAndContributionMap": {
              "functional-code": {
                "insertions": 1,
                "deletions": 2
              }
            }
          },
          {
            "hash": "31a953ff5835b7bbd0b5bb87a8c4e7e0d0e9b0a9",
            "messageTitle": "Update MainApp.java",
            "messageBody": "",
            "fileTypesAndContributionMap": {
              "functional-code": {
                "insertions": 8,
                "deletions": 8
              }
            }
          }
        ]
      },
      {
        "date": "2020-10-17",
        "commitResults": [
          {
            "hash": "3afea17a39f2cb704c4cead438b5838538a9a0b6",
            "messageTitle": "Update ResultDisplay.fxml",
            "messageBody": "",
            "fileTypesAndContributionMap": {
              "functional-code": {
                "insertions": 1,
                "deletions": 1
              }
            }
          },
          {
            "hash": "9ca2fa5b0e78465be4bf195f7bb89968e32080cb",
            "messageTitle": "Add clear command",
            "messageBody": "",
            "fileTypesAndContributionMap": {
              "functional-code": {
                "insertions": 65,
                "deletions": 26
              }
            }
          }
        ]
      },
      {
        "date": "2020-10-18",
        "commitResults": [
          {
            "hash": "68ae731679302bdc6ec11fab3b3a56304429f732",
            "messageTitle": "Add threshold",
            "messageBody": "",
            "fileTypesAndContributionMap": {
              "functional-code": {
                "insertions": 110,
                "deletions": 16
              },
              "test-code": {
                "insertions": 2,
                "deletions": 8
              }
            }
          },
          {
            "hash": "463add6e509470472ef55560417791c77ac6e5a6",
            "messageTitle": "Fix RegEx",
            "messageBody": "",
            "fileTypesAndContributionMap": {
              "functional-code": {
                "insertions": 1,
                "deletions": 1
              }
            }
          }
        ]
      },
      {
        "date": "2020-10-19",
        "commitResults": [
          {
            "hash": "4d63e702fa236c2b79be8f1bd429e5f57796400f",
            "messageTitle": "Add typical budgets and expenditures",
            "messageBody": "",
            "fileTypesAndContributionMap": {
              "functional-code": {
                "insertions": 61,
                "deletions": 24
              },
              "test-code": {
                "insertions": 304,
                "deletions": 41
              }
            }
          },
          {
            "hash": "5bb41fe200b650d2cbebd91f208e19c51be39dbd",
            "messageTitle": "Fix checkstyle",
            "messageBody": "",
            "fileTypesAndContributionMap": {
              "functional-code": {
                "insertions": 6,
                "deletions": 3
              }
            }
          },
          {
            "hash": "70cb183150579b2aa00e5a35814a345d4df7e9f5",
            "messageTitle": "Update ui",
            "messageBody": "",
            "fileTypesAndContributionMap": {
              "functional-code": {
                "insertions": 11,
                "deletions": 6
              }
            }
          }
        ]
      },
      {
        "date": "2020-10-21",
        "commitResults": [
          {
            "hash": "a13b28b868cefa6fb677954d7d0429de86ef0efd",
            "messageTitle": "Change error catching location",
            "messageBody": "",
            "fileTypesAndContributionMap": {
              "functional-code": {
                "insertions": 34,
                "deletions": 20
              }
            }
          },
          {
            "hash": "b349ae95a4b5218a73b047b73ab62c7b3865496f",
            "messageTitle": "Fix checkstyle",
            "messageBody": "",
            "fileTypesAndContributionMap": {
              "functional-code": {
                "insertions": 6,
                "deletions": 6
              }
            }
          },
          {
            "hash": "dbf5d630e933090d8bf1d4c693985af492a004d7",
            "messageTitle": "Fix open command bug",
            "messageBody": "",
            "fileTypesAndContributionMap": {
              "functional-code": {
                "insertions": 63,
                "deletions": 49
              }
            }
          },
          {
            "hash": "56ffabb87aee213045319b398101f2b3168fd115",
            "messageTitle": "Refactor code",
            "messageBody": "",
            "fileTypesAndContributionMap": {
              "functional-code": {
                "insertions": 72,
                "deletions": 57
              }
            }
          },
          {
            "hash": "d3b8a91f4d23be8cae57a77ce91911800fbe9d7a",
            "messageTitle": "Refactor Code",
            "messageBody": "",
            "fileTypesAndContributionMap": {
              "functional-code": {
                "insertions": 5,
                "deletions": 7
              }
            }
          },
          {
            "hash": "e0b1d69f64e6ace2433349ce991b3708f2a7b846",
            "messageTitle": "Refactor code",
            "messageBody": "",
            "fileTypesAndContributionMap": {
              "functional-code": {
                "insertions": 67,
                "deletions": 148
              }
            }
          },
          {
            "hash": "b27c23e7cdbc3d6b26709f6450fa4279c2521c88",
            "messageTitle": "Update storage component",
            "messageBody": "",
            "fileTypesAndContributionMap": {
              "docs": {
                "insertions": 20,
                "deletions": 3
              }
            }
          },
          {
            "hash": "94233674db180dd63fd7430a09e02e216e863d81",
            "messageTitle": "Update DeveloperGuide.md",
            "messageBody": "",
            "fileTypesAndContributionMap": {
              "docs": {
                "insertions": 2,
                "deletions": 1
              }
            }
          },
          {
            "hash": "f202cc733b919499ded7b8e467f8e2f6a132ce66",
            "messageTitle": "Update DeveloperGuide.md",
            "messageBody": "",
            "fileTypesAndContributionMap": {
              "docs": {
                "insertions": 2,
                "deletions": 2
              }
            }
          },
          {
            "hash": "ffbad7f7584280017af478e1fd4ca5e89ca87916",
            "messageTitle": "Update DeveloperGuide.md",
            "messageBody": "",
            "fileTypesAndContributionMap": {
              "docs": {
                "insertions": 1,
                "deletions": 1
              }
            }
          }
        ]
      },
      {
        "date": "2020-10-22",
        "commitResults": [
          {
            "hash": "a95d700af31ad7fbe7e07822bf76ba62080c7560",
            "messageTitle": "Update user guide",
            "messageBody": "",
            "fileTypesAndContributionMap": {
              "docs": {
                "insertions": 127,
                "deletions": 127
              }
            }
          },
          {
            "hash": "521803e167f0ddea1e1bb2d8b9b7f724f99e4f87",
            "messageTitle": "Fix checkstyle",
            "messageBody": "",
            "fileTypesAndContributionMap": {
              "docs": {
                "insertions": 1,
                "deletions": 1
              }
            }
          },
          {
            "hash": "2d76f66a40fc01926a82ec0be628c8f76c5412b5",
            "messageTitle": "Update settings",
            "messageBody": "",
            "fileTypesAndContributionMap": {
              "functional-code": {
                "insertions": 2,
                "deletions": 2
              },
              "other": {
                "insertions": 1,
                "deletions": 1
              }
            }
          },
          {
            "hash": "1dfd35daf9776ac272a6f9cf614a670c5702ad58",
            "messageTitle": "Enable assertions",
            "messageBody": "",
            "fileTypesAndContributionMap": {
              "other": {
                "insertions": 4,
                "deletions": 0
              }
            }
          }
        ]
      },
      {
        "date": "2020-10-26",
        "commitResults": [
          {
            "hash": "9362cd2a81064fbcf096fc6e1c6f6d9d3b39816a",
            "messageTitle": "Add assertion",
            "messageBody": "",
            "fileTypesAndContributionMap": {
              "functional-code": {
                "insertions": 1,
                "deletions": 1
              }
            }
          },
          {
            "hash": "7a77d2af5ea9fcb3804626da39436135782b044b",
            "messageTitle": "Update clearing budgets command",
            "messageBody": "",
            "fileTypesAndContributionMap": {
              "docs": {
                "insertions": 23,
                "deletions": 6
              }
            }
          },
          {
            "hash": "f174dffd6f9c7a81cc6c9e3b8801912cfe9189b5",
            "messageTitle": "Update quick start",
            "messageBody": "",
            "fileTypesAndContributionMap": {
              "docs": {
                "insertions": 138,
                "deletions": 199
              }
            }
          },
          {
            "hash": "d7a28c4d7094592bd4fa78577175b6ff59bf937a",
            "messageTitle": "Fix formatting",
            "messageBody": "",
            "fileTypesAndContributionMap": {
              "docs": {
                "insertions": 4,
                "deletions": 1
              }
            }
          },
          {
            "hash": "a1db1e10f3fb2910a1c9e5bf0bf72ac69b8da618",
            "messageTitle": "Rearrange order",
            "messageBody": "",
            "fileTypesAndContributionMap": {
              "docs": {
                "insertions": 18,
                "deletions": 17
              }
            }
          },
          {
            "hash": "1419902198503efdad56df2ce51adefce7f7ca77",
            "messageTitle": "Emphasise irreversible",
            "messageBody": "",
            "fileTypesAndContributionMap": {
              "docs": {
                "insertions": 1,
                "deletions": 1
              }
            }
          },
          {
            "hash": "03c4398b59fa52d4f964f7fe21d5b6c73d1af8a6",
            "messageTitle": "Update UserGuide.md",
            "messageBody": "",
            "fileTypesAndContributionMap": {
              "docs": {
                "insertions": 5,
                "deletions": 7
              }
            }
          },
          {
            "hash": "a77e9597e58c768413b0ca782273283e2aa3ef9c",
            "messageTitle": "Update introduction",
            "messageBody": "",
            "fileTypesAndContributionMap": {
              "docs": {
                "insertions": 18,
                "deletions": 15
              }
            }
          },
          {
            "hash": "97be2e57d7355434c7a7c6d5866fac624a388f30",
            "messageTitle": "Update UserGuide.md",
            "messageBody": "",
            "fileTypesAndContributionMap": {
              "docs": {
                "insertions": 0,
                "deletions": 1
              }
            }
          },
          {
            "hash": "d665c9540853bab736166c01376985d04c79974c",
            "messageTitle": "Update UserGuide.md",
            "messageBody": "",
            "fileTypesAndContributionMap": {
              "docs": {
                "insertions": 1,
                "deletions": 1
              }
            }
          }
        ]
      }
    ]
  },
  "authorFileTypeContributionMap": {
    "EkChinHui": {
      "docs": 98,
      "functional-code": 528,
      "test-code": 89
    },
    "sogggy": {
      "docs": 34,
      "functional-code": 1456,
      "test-code": 181
    },
    "yu-ming-chen": {
      "docs": 209,
      "functional-code": 833,
      "test-code": 66,
      "other": 1
    },
    "davidliew9": {
      "docs": 237,
      "functional-code": 558,
      "test-code": 0
    },
    "wenhaogoh": {
      "docs": 206,
      "functional-code": 1090,
      "test-code": 427,
      "other": 3
    }
  },
  "authorContributionVariance": {
    "EkChinHui": 6186.912,
    "sogggy": 22988.531,
    "yu-ming-chen": 10647.914,
    "davidliew9": 4957.935,
    "wenhaogoh": 380028.6
  },
  "authorDisplayNameMap": {
    "EkChinHui": "CS2103T-T11-4 EK C.. HUI",
    "sogggy": "CS2103T-T11-4 CHEW..G YU",
    "yu-ming-chen": "CS2103T-T11-4 CHEN..MING",
    "davidliew9": "CS2103T-T11-4 LIEW..AVID",
    "wenhaogoh": "CS2103T-T11-4 GOH .. HAO"
  }
}
