{
  "authorDailyContributionsMap": {
    "youyingfeng": [
      {
        "date": "2020-10-07",
        "commitResults": [
          {
            "hash": "29e08df69ce5627d7175fd4fff2bd5713b52220b",
            "messageTitle": "Rename Person to Client and fix * imports",
            "messageBody": "",
            "fileTypesAndContributionMap": {
              "functional-code": {
                "insertions": 135,
                "deletions": 135
              },
              "other": {
                "insertions": 30,
                "deletions": 30
              },
              "docs": {
                "insertions": 65,
                "deletions": 65
              },
              "test-code": {
                "insertions": 143,
                "deletions": 143
              }
            }
          },
          {
            "hash": "cf8f255e6461f4ee2a08c36d40bf238ca76e955d",
            "messageTitle": "Add empty ClientCommand class",
            "messageBody": "",
            "fileTypesAndContributionMap": {
              "functional-code": {
                "insertions": 4,
                "deletions": 0
              }
            }
          },
          {
            "hash": "9f480036c516bd14d81011189a0942ebcadeefa5",
            "messageTitle": "Fill out ClientCommand and add ClientCommandParser",
            "messageBody": "",
            "fileTypesAndContributionMap": {
              "functional-code": {
                "insertions": 130,
                "deletions": 25
              }
            }
          },
          {
            "hash": "c6d147d5cee62a25399768e9e0e81881f760029b",
            "messageTitle": "Remove unnecessary variables from JsonAdaptedPerson",
            "messageBody": "",
            "fileTypesAndContributionMap": {
              "functional-code": {
                "insertions": 2,
                "deletions": 19
              },
              "test-code": {
                "insertions": 8,
                "deletions": 25
              }
            }
          },
          {
            "hash": "6ec8ebd549d42538fb74b96a600a38c5cad9d81a",
            "messageTitle": "Remove tags from client class and clean unnecessary methods",
            "messageBody": "",
            "fileTypesAndContributionMap": {
              "functional-code": {
                "insertions": 27,
                "deletions": 64
              },
              "other": {
                "insertions": 5,
                "deletions": 9
              },
              "test-code": {
                "insertions": 44,
                "deletions": 62
              }
            }
          },
          {
            "hash": "c9210f3086ffe3f53d1e1a58f81ac56c76c0ae19",
            "messageTitle": "Remove unused imports",
            "messageBody": "",
            "fileTypesAndContributionMap": {
              "test-code": {
                "insertions": 1,
                "deletions": 8
              }
            }
          },
          {
            "hash": "dbe2f1e737aa25053e2090225015fc2e1e0ae094",
            "messageTitle": "Replace UG and DG with updated master files",
            "messageBody": "",
            "fileTypesAndContributionMap": {
              "docs": {
                "insertions": 93,
                "deletions": 49
              }
            }
          },
          {
            "hash": "7002a2f9af6a80a4665019b358f6c6d074b8bb0b",
            "messageTitle": "Remove all tests associated with tags",
            "messageBody": "",
            "fileTypesAndContributionMap": {
              "test-code": {
                "insertions": 4,
                "deletions": 29
              }
            }
          },
          {
            "hash": "c218638e43546afeaee5f4755f76bad4e8a72a91",
            "messageTitle": "Remove unused imports",
            "messageBody": "",
            "fileTypesAndContributionMap": {
              "test-code": {
                "insertions": 0,
                "deletions": 2
              }
            }
          }
        ]
      },
      {
        "date": "2020-10-13",
        "commitResults": [
          {
            "hash": "ff7c2afc4fe02924e2bbfb74e0a0555484f71b85",
            "messageTitle": "Redesign UI (partial commit)",
            "messageBody": "",
            "fileTypesAndContributionMap": {
              "functional-code": {
                "insertions": 79,
                "deletions": 1
              }
            }
          },
          {
            "hash": "94c340c234889a4ff41d9dc248ad731546f6eec8",
            "messageTitle": "Rework UI into new design",
            "messageBody": "Changelist:\n- UI\n- Remove F1 shortcut for help\n\nTodo:\n- Reinstate shortcuts for help and other sections\n- Fix splitpane changing around when repeatedly resizing window\n",
            "fileTypesAndContributionMap": {
              "functional-code": {
                "insertions": 31,
                "deletions": 19
              }
            }
          },
          {
            "hash": "bf3e7170c05086d78cd70d4eb9463fdaf9db2628",
            "messageTitle": "Remove unused imports",
            "messageBody": "",
            "fileTypesAndContributionMap": {
              "functional-code": {
                "insertions": 0,
                "deletions": 2
              }
            }
          },
          {
            "hash": "3b3408520aaaeef03c87f9a7e68b9e39e80fe9af",
            "messageTitle": "Update title of app to LogOnce",
            "messageBody": "",
            "fileTypesAndContributionMap": {
              "functional-code": {
                "insertions": 1,
                "deletions": 1
              }
            }
          },
          {
            "hash": "c20efc82e5499d0f01e39c4fe40d10a07a0efa4f",
            "messageTitle": "Fix bug with SplitPane moving boundaries with resizing window",
            "messageBody": "",
            "fileTypesAndContributionMap": {
              "functional-code": {
                "insertions": 27,
                "deletions": 16
              }
            }
          }
        ]
      },
      {
        "date": "2020-10-15",
        "commitResults": [
          {
            "hash": "31d1d75db6ef4e0e04f1a66af0346ae7c3548af7",
            "messageTitle": "Add ability to change between Client and Order views (partial commit)",
            "messageBody": "",
            "fileTypesAndContributionMap": {
              "functional-code": {
                "insertions": 90,
                "deletions": 3
              }
            }
          },
          {
            "hash": "711f630ac001df5c31158e59640cff0c271f421f",
            "messageTitle": "Reinstate keyboard shortcut for help",
            "messageBody": "",
            "fileTypesAndContributionMap": {
              "functional-code": {
                "insertions": 19,
                "deletions": 3
              }
            }
          },
          {
            "hash": "395b948ad28b048fe1967a65b97099fd57b580fc",
            "messageTitle": "Fix blurry status bar footer",
            "messageBody": "",
            "fileTypesAndContributionMap": {
              "functional-code": {
                "insertions": 21,
                "deletions": 13
              }
            }
          },
          {
            "hash": "64c0aa0899a25ab801f6e863ce53db793295f893",
            "messageTitle": "Refactor Order to use UniqueOrderList",
            "messageBody": "",
            "fileTypesAndContributionMap": {
              "functional-code": {
                "insertions": 55,
                "deletions": 93
              }
            }
          },
          {
            "hash": "6185cd66ae4502aeaab51290deb9dbce779e4e23",
            "messageTitle": "Integrate previous PRs together (partial committ)",
            "messageBody": "",
            "fileTypesAndContributionMap": {
              "functional-code": {
                "insertions": 154,
                "deletions": 19
              },
              "test-code": {
                "insertions": 9,
                "deletions": 8
              }
            }
          },
          {
            "hash": "a0737e7a04a28d6ef7ef3afefbe1e367d905469b",
            "messageTitle": "Fix issues with AB not copying orders over in copy constructor",
            "messageBody": "",
            "fileTypesAndContributionMap": {
              "functional-code": {
                "insertions": 15,
                "deletions": 9
              }
            }
          },
          {
            "hash": "33be9d8a10385de2b33ca56b5f53c7a988a6cf95",
            "messageTitle": "Resolve failing tests",
            "messageBody": "",
            "fileTypesAndContributionMap": {
              "test-code": {
                "insertions": 8,
                "deletions": 8
              }
            }
          },
          {
            "hash": "9416b1cff29bb7cd607a3a9977d070041ad266a0",
            "messageTitle": "Remove unused imports",
            "messageBody": "",
            "fileTypesAndContributionMap": {
              "test-code": {
                "insertions": 0,
                "deletions": 3
              }
            }
          },
          {
            "hash": "15117a00a5539fe6f46191ee6748ac535df1a1ac",
            "messageTitle": "Fix numbering issue with Order",
            "messageBody": "",
            "fileTypesAndContributionMap": {
              "functional-code": {
                "insertions": 7,
                "deletions": 7
              }
            }
          }
        ]
      }
    ],
    "cx0810": [
      {
        "date": "2020-09-26",
        "commitResults": [
          {
            "hash": "bd8d4c38ebd461165252042bf1bf1acb6a91325d",
            "messageTitle": "Add user stories to developer guide",
            "messageBody": "",
            "fileTypesAndContributionMap": {
              "docs": {
                "insertions": 10,
                "deletions": 9
              }
            }
          },
          {
            "hash": "f2cb132d75aa6d4cc76ffb6f122053df914b3032",
            "messageTitle": "Fix formatting errors in DeveloperGuide.md",
            "messageBody": "",
            "fileTypesAndContributionMap": {
              "docs": {
                "insertions": 3,
                "deletions": 3
              }
            }
          },
          {
            "hash": "b6d7bd7834591456d2ef8a248e327aac239299ae",
            "messageTitle": "Add value proposition in DeveloperGuide.md",
            "messageBody": "",
            "fileTypesAndContributionMap": {
              "docs": {
                "insertions": 4,
                "deletions": 1
              }
            }
          }
        ]
      },
      {
        "date": "2020-10-02",
        "commitResults": [
          {
            "hash": "53bfda7e672792aeaf1eff85d51edfdafa95e6e6",
            "messageTitle": "Update value proposition in DeveloperGuide.md",
            "messageBody": "",
            "fileTypesAndContributionMap": {
              "docs": {
                "insertions": 1,
                "deletions": 1
              }
            }
          }
        ]
      },
      {
        "date": "2020-10-14",
        "commitResults": [
          {
            "hash": "7b09fe1f2d9f94a4b1ee89410ca48791c73f9eac",
            "messageTitle": "Add ListOrderCommand.java",
            "messageBody": "",
            "fileTypesAndContributionMap": {
              "functional-code": {
                "insertions": 4,
                "deletions": 0
              }
            }
          },
          {
            "hash": "297b3493875518cd969dca719974efa8ce286ce9",
            "messageTitle": "Add functionality to ListOrderCommand",
            "messageBody": "",
            "fileTypesAndContributionMap": {
              "functional-code": {
                "insertions": 21,
                "deletions": 1
              }
            }
          },
          {
            "hash": "f5c2c46861b3ce577ddbeb2744c9b62eeebb2c2f",
            "messageTitle": "Update command word for listing of clients",
            "messageBody": "",
            "fileTypesAndContributionMap": {
              "functional-code": {
                "insertions": 1,
                "deletions": 1
              }
            }
          },
          {
            "hash": "a15585ec1c35e82c3344c317e00fd3e003a7dc38",
            "messageTitle": "Add listing of clients as a user story",
            "messageBody": "",
            "fileTypesAndContributionMap": {
              "docs": {
                "insertions": 11,
                "deletions": 10
              }
            }
          },
          {
            "hash": "6a9ed56d939d1a0fcb05a43a34e0660a3f0ee984",
            "messageTitle": "Update UserGuide.md for listing of clients and orders",
            "messageBody": "",
            "fileTypesAndContributionMap": {
              "docs": {
                "insertions": 5,
                "deletions": 2
              }
            }
          }
        ]
      },
      {
        "date": "2020-10-15",
        "commitResults": [
          {
            "hash": "7daf7fe3c01cbc22e15bc50e38809664a83c77e1",
            "messageTitle": "Update relevant classes for list orders",
            "messageBody": "",
            "fileTypesAndContributionMap": {
              "functional-code": {
                "insertions": 6,
                "deletions": 12
              }
            }
          },
          {
            "hash": "bd133aa7ac6721bc4a4f51779931a88c53e12d45",
            "messageTitle": "Fix checkstyle errors",
            "messageBody": "",
            "fileTypesAndContributionMap": {
              "functional-code": {
                "insertions": 13,
                "deletions": 1
              }
            }
          },
          {
            "hash": "5f488dcd6edeb2ccc3de8fc06998fddb830380e1",
            "messageTitle": "Add filtered list for orders",
            "messageBody": "",
            "fileTypesAndContributionMap": {
              "functional-code": {
                "insertions": 22,
                "deletions": 22
              },
              "test-code": {
                "insertions": 1,
                "deletions": 1
              }
            }
          },
          {
            "hash": "00a2421b0263b6dacd939a3266684ccbd35ce848",
            "messageTitle": "Modify Model.java",
            "messageBody": "",
            "fileTypesAndContributionMap": {
              "functional-code": {
                "insertions": 3,
                "deletions": 1
              }
            }
          },
          {
            "hash": "3ec1e31b733cc3b89eb7279c982e20f29c399025",
            "messageTitle": "Add JsonAdaptedOrder.java",
            "messageBody": "",
            "fileTypesAndContributionMap": {
              "functional-code": {
                "insertions": 68,
                "deletions": 9
              }
            }
          },
          {
            "hash": "af70e05697b58d2c97cfd25a33721bc0bb1c86f0",
            "messageTitle": "Add orders list into JsonSerializableAddressBook.java",
            "messageBody": "",
            "fileTypesAndContributionMap": {
              "functional-code": {
                "insertions": 15,
                "deletions": 1
              }
            }
          },
          {
            "hash": "91a60ecff12184a317554f16c88845db181585f8",
            "messageTitle": "Fix checkstyle errors",
            "messageBody": "",
            "fileTypesAndContributionMap": {
              "functional-code": {
                "insertions": 4,
                "deletions": 7
              }
            }
          },
          {
            "hash": "eb0f6261e14272fd2ef7d512818d7e727614d80f",
            "messageTitle": "Update Model.java",
            "messageBody": "",
            "fileTypesAndContributionMap": {
              "functional-code": {
                "insertions": 22,
                "deletions": 24
              }
            }
          },
          {
            "hash": "577885dd30047d0ac227ffd3d9b6ab01f28ab4e0",
            "messageTitle": "Change model back to an interface",
            "messageBody": "",
            "fileTypesAndContributionMap": {
              "functional-code": {
                "insertions": 2,
                "deletions": 1
              },
              "test-code": {
                "insertions": 1,
                "deletions": 1
              }
            }
          }
        ]
      }
    ],
    "xnmng": [
      {
        "date": "2020-10-01",
        "commitResults": [
          {
            "hash": "1ac36cf7f6c20c875effa76547056b8c7c345d8d",
            "messageTitle": "create use cases",
            "messageBody": "",
            "fileTypesAndContributionMap": {
              "docs": {
                "insertions": 91,
                "deletions": 11
              }
            }
          },
          {
            "hash": "b9af691b3a9dc1a37fb99eefd611f18195e21135",
            "messageTitle": "update use cases",
            "messageBody": "",
            "fileTypesAndContributionMap": {
              "docs": {
                "insertions": 0,
                "deletions": 2
              }
            }
          }
        ]
      },
      {
        "date": "2020-10-13",
        "commitResults": [
          {
            "hash": "3501aa8a1bafdfef9d110d991a3b0d4a3ec42dec",
            "messageTitle": "Update UserGuide.md",
            "messageBody": "",
            "fileTypesAndContributionMap": {
              "docs": {
                "insertions": 4,
                "deletions": 1
              }
            }
          }
        ]
      },
      {
        "date": "2020-10-14",
        "commitResults": [
          {
            "hash": "8093eca1346174a9f2a4c684eeb2addf28c9e40c",
            "messageTitle": "create OrderCommand",
            "messageBody": "implement OrderCommand, but have yet to edit JsonAdaptedClient\n",
            "fileTypesAndContributionMap": {
              "functional-code": {
                "insertions": 162,
                "deletions": 21
              }
            }
          }
        ]
      },
      {
        "date": "2020-10-15",
        "commitResults": [
          {
            "hash": "52594beb302e6952c553ca66264acf9d6715bcda",
            "messageTitle": "fix checktyle",
            "messageBody": "program doesnt run though...\n",
            "fileTypesAndContributionMap": {
              "functional-code": {
                "insertions": 54,
                "deletions": 23
              }
            }
          },
          {
            "hash": "02de8a878112fc2357770ad0bf4fae0522bc0cdc",
            "messageTitle": "fix order",
            "messageBody": "",
            "fileTypesAndContributionMap": {
              "functional-code": {
                "insertions": 8,
                "deletions": 7
              }
            }
          },
          {
            "hash": "f4b205fdb356a07b41ad1eaa93c7288f9b0507fb",
            "messageTitle": "fix checkstyle",
            "messageBody": "",
            "fileTypesAndContributionMap": {
              "functional-code": {
                "insertions": 6,
                "deletions": 0
              }
            }
          }
        ]
      }
    ],
    "tigerting98": [
      {
        "date": "2020-09-16",
        "commitResults": [
          {
            "hash": "3c39bc8715ed1b0c97ffa4c9053daeefaaf9a6cc",
            "messageTitle": "Update README.md",
            "messageBody": "",
            "fileTypesAndContributionMap": {
              "docs": {
                "insertions": 5,
                "deletions": 0
              }
            }
          }
        ]
      },
      {
        "date": "2020-10-01",
        "commitResults": [
          {
            "hash": "3be9d1b7ccdc341338d09fe696739497cbd148cd",
            "messageTitle": "Update README.md",
            "messageBody": "",
            "fileTypesAndContributionMap": {
              "docs": {
                "insertions": 1,
                "deletions": 12
              }
            }
          },
          {
            "hash": "8ca4bd4066184238dea524d721357a496ed342ca",
            "messageTitle": "Update index.md",
            "messageBody": "",
            "fileTypesAndContributionMap": {
              "docs": {
                "insertions": 5,
                "deletions": 8
              }
            }
          },
          {
            "hash": "41f72a3a7167d26e065a5a53eb7f23c669f56212",
            "messageTitle": "Update index.md",
            "messageBody": "",
            "fileTypesAndContributionMap": {
              "docs": {
                "insertions": 1,
                "deletions": 1
              }
            }
          },
          {
            "hash": "7b214ceee34b45f3af41a0484689a84061ea8e52",
            "messageTitle": "Update UserGuide.md",
            "messageBody": "",
            "fileTypesAndContributionMap": {
              "docs": {
                "insertions": 52,
                "deletions": 126
              }
            }
          },
          {
            "hash": "55cf6ee79b96936a3861d8b2252c6e6966be2c19",
            "messageTitle": "Update index.md",
            "messageBody": "",
            "fileTypesAndContributionMap": {
              "docs": {
                "insertions": 11,
                "deletions": 0
              }
            }
          },
          {
            "hash": "221ed2e9d4632f935f2fb35866808155befece3c",
            "messageTitle": "Update README.md",
            "messageBody": "",
            "fileTypesAndContributionMap": {
              "docs": {
                "insertions": 11,
                "deletions": 0
              }
            }
          },
          {
            "hash": "6bca781b9e7eb0097fdab97bc424356aea03e314",
            "messageTitle": "Update index.md",
            "messageBody": "",
            "fileTypesAndContributionMap": {
              "docs": {
                "insertions": 1,
                "deletions": 0
              }
            }
          },
          {
            "hash": "af6e07fb03a48ab16225db00a06bca4d99e0c393",
            "messageTitle": "Update UserGuide.md",
            "messageBody": "",
            "fileTypesAndContributionMap": {
              "docs": {
                "insertions": 1,
                "deletions": 1
              }
            }
          }
        ]
      },
      {
        "date": "2020-10-13",
        "commitResults": [
          {
            "hash": "6b960edcb359ba94e669859dafdf41134f81db71",
            "messageTitle": "Add DoneCommand to mark orders as \"Done\"",
            "messageBody": "",
            "fileTypesAndContributionMap": {
              "functional-code": {
                "insertions": 106,
                "deletions": 11
              }
            }
          },
          {
            "hash": "543f9bf6a7199804545f13babe93495e5d3a7fde",
            "messageTitle": "Change import statements in AddressBookParser to explicitly state all imported classes",
            "messageBody": "",
            "fileTypesAndContributionMap": {
              "functional-code": {
                "insertions": 12,
                "deletions": 1
              }
            }
          },
          {
            "hash": "de24d9c7266c972debe6999f8ab92c335546b01a",
            "messageTitle": "Fix style errors",
            "messageBody": "",
            "fileTypesAndContributionMap": {
              "functional-code": {
                "insertions": 16,
                "deletions": 10
              }
            }
          }
        ]
      },
      {
        "date": "2020-10-15",
        "commitResults": [
          {
            "hash": "4d835eb3963b09ef7dd9da981754a3e75104f359",
            "messageTitle": "Add exception handling for index out of bounds for list of orders when trying to mark as done",
            "messageBody": "",
            "fileTypesAndContributionMap": {
              "functional-code": {
                "insertions": 5,
                "deletions": 0
              }
            }
          },
          {
            "hash": "0c3cb8ec3fea1e7556eec4fa75796c173d827213",
            "messageTitle": "Fix typo and update UserGuide.md",
            "messageBody": "",
            "fileTypesAndContributionMap": {
              "functional-code": {
                "insertions": 1,
                "deletions": 1
              },
              "docs": {
                "insertions": 6,
                "deletions": 6
              }
            }
          }
        ]
      }
    ],
    "Syasyazman": [
      {
        "date": "2020-09-28",
        "commitResults": [
          {
            "hash": "a7cf2260c2ea8c9b6b9442303340db5f734854d1",
            "messageTitle": "Edit NFRs and glossary of developer guide",
            "messageBody": "",
            "fileTypesAndContributionMap": {
              "docs": {
                "insertions": 45,
                "deletions": 5
              }
            }
          }
        ]
      },
      {
        "date": "2020-10-01",
        "commitResults": [
          {
            "hash": "8b5ede8cd602aa8240134eaabe93eed4ec3e4c9d",
            "messageTitle": "Edit AboutUs page",
            "messageBody": "",
            "fileTypesAndContributionMap": {
              "docs": {
                "insertions": 249,
                "deletions": 22
              }
            }
          },
          {
            "hash": "41076a37a3f45089924a5fa81364f0aea9415649",
            "messageTitle": "Add files",
            "messageBody": "",
            "fileTypesAndContributionMap": {
              "docs": {
                "insertions": 249,
                "deletions": 22
              }
            }
          }
        ]
      },
      {
        "date": "2020-10-05",
        "commitResults": [
          {
            "hash": "03b322b7e5e5885d86daab5493b54884786b50d6",
            "messageTitle": "Edit AboutUs",
            "messageBody": "",
            "fileTypesAndContributionMap": {
              "docs": {
                "insertions": 1,
                "deletions": 1
              }
            }
          }
        ]
      },
      {
        "date": "2020-10-11",
        "commitResults": [
          {
            "hash": "c954e65e1cc9f15de5e37ebecbab8ad94e66d469",
            "messageTitle": "Add classes for deleting orders and adapt from existing relevant classes",
            "messageBody": "",
            "fileTypesAndContributionMap": {
              "functional-code": {
                "insertions": 102,
                "deletions": 0
              }
            }
          },
          {
            "hash": "58bd7e4ec940b1c2704fc376d6f1494f11e401d8",
            "messageTitle": "Update model and relevant classes to include delete order functionality",
            "messageBody": "",
            "fileTypesAndContributionMap": {
              "functional-code": {
                "insertions": 77,
                "deletions": 13
              },
              "test-code": {
                "insertions": 8,
                "deletions": 8
              }
            }
          },
          {
            "hash": "41eddf596753bd33b53fcf4b5e36cccca1beed40",
            "messageTitle": "Adapt DeleteCommand to DeleteClientCommand and edit relevant classes",
            "messageBody": "",
            "fileTypesAndContributionMap": {
              "functional-code": {
                "insertions": 3,
                "deletions": 3
              },
              "other": {
                "insertions": 12,
                "deletions": 10
              },
              "test-code": {
                "insertions": 64,
                "deletions": 64
              }
            }
          },
          {
            "hash": "68b58a94113b8b133750cef82ce596385636e544",
            "messageTitle": "Edit tests for delete command and parser to test both client and order deletion",
            "messageBody": "",
            "fileTypesAndContributionMap": {
              "other": {
                "insertions": 5,
                "deletions": 4
              },
              "test-code": {
                "insertions": 247,
                "deletions": 0
              }
            }
          },
          {
            "hash": "bd0d7acbafd34243ec54846fc2240d4cdffaf22e",
            "messageTitle": "Update ReadAddressBook and relevant tests",
            "messageBody": "",
            "fileTypesAndContributionMap": {
              "functional-code": {
                "insertions": 19,
                "deletions": 0
              },
              "test-code": {
                "insertions": 20,
                "deletions": 9
              }
            }
          },
          {
            "hash": "3b77240bdefadef5536d667f62e17f36dee99ad6",
            "messageTitle": "Edit command prefixes for delete commands",
            "messageBody": "",
            "fileTypesAndContributionMap": {
              "functional-code": {
                "insertions": 76,
                "deletions": 4
              }
            }
          },
          {
            "hash": "1fa0ea5ac86001a306c81677ed1fb46e8463fbc5",
            "messageTitle": "Update user guide",
            "messageBody": "",
            "fileTypesAndContributionMap": {
              "docs": {
                "insertions": 17,
                "deletions": 6
              }
            }
          },
          {
            "hash": "af11d707662648e2a125d92921be4e9dd729c4d7",
            "messageTitle": "Update Developer Guide",
            "messageBody": "",
            "fileTypesAndContributionMap": {
              "docs": {
                "insertions": 16,
                "deletions": 5
              }
            }
          },
          {
            "hash": "93644498b68739fa2d9c99bcb922a6b4517cea16",
            "messageTitle": "Edit import statements",
            "messageBody": "",
            "fileTypesAndContributionMap": {
              "functional-code": {
                "insertions": 14,
                "deletions": 10
              }
            }
          },
          {
            "hash": "567c21ede0857eb10384364540f4c2261ed81c80",
            "messageTitle": "Edit import statements",
            "messageBody": "",
            "fileTypesAndContributionMap": {
              "functional-code": {
                "insertions": 6,
                "deletions": 10
              }
            }
          },
          {
            "hash": "b41b83cac465d2c21f04c98981d4f51e8167fcae",
            "messageTitle": "Edit import statements",
            "messageBody": "",
            "fileTypesAndContributionMap": {
              "functional-code": {
                "insertions": 4,
                "deletions": 2
              }
            }
          },
          {
            "hash": "60bb70f9249ecd7bc23402e6f8230c26d17a8403",
            "messageTitle": "Clean up code",
            "messageBody": "",
            "fileTypesAndContributionMap": {
              "functional-code": {
                "insertions": 11,
                "deletions": 0
              },
              "test-code": {
                "insertions": 39,
                "deletions": 0
              }
            }
          },
          {
            "hash": "0c74c7414f329fa9a83e70826cbfc3cce5349df4",
            "messageTitle": "Clean up test import statements",
            "messageBody": "",
            "fileTypesAndContributionMap": {
              "test-code": {
                "insertions": 4,
                "deletions": 4
              }
            }
          },
          {
            "hash": "185d0195236cea5770d7fb533ad7de5521cbbc76",
            "messageTitle": "Clean up test import statements",
            "messageBody": "",
            "fileTypesAndContributionMap": {
              "test-code": {
                "insertions": 4,
                "deletions": 111
              }
            }
          },
          {
            "hash": "40e413c3cf8be2c4704fc0bdbad349b8162d6f97",
            "messageTitle": "Remove test cases for deleting orders",
            "messageBody": "",
            "fileTypesAndContributionMap": {
              "test-code": {
                "insertions": 124,
                "deletions": 123
              }
            }
          }
        ]
      },
      {
        "date": "2020-10-14",
        "commitResults": [
          {
            "hash": "d984dd30d2ea66bc2495e092d76d99e4a696beac",
            "messageTitle": "Add order list and relevant classes",
            "messageBody": "",
            "fileTypesAndContributionMap": {
              "functional-code": {
                "insertions": 238,
                "deletions": 12
              }
            }
          },
          {
            "hash": "9794d315905eb6f8ab54b5bd4e6e6857a4dec9f7",
            "messageTitle": "Edit javadocs",
            "messageBody": "",
            "fileTypesAndContributionMap": {
              "functional-code": {
                "insertions": 6,
                "deletions": 6
              }
            }
          },
          {
            "hash": "e9c613e13d69a0b98cefbae35f8802d1ef6ed08b",
            "messageTitle": "Edit import statements",
            "messageBody": "",
            "fileTypesAndContributionMap": {
              "functional-code": {
                "insertions": 1,
                "deletions": 1
              }
            }
          }
        ]
      },
      {
        "date": "2020-10-15",
        "commitResults": [
          {
            "hash": "2853419c09e30b7babea60a742062adf7878f135",
            "messageTitle": "Change label for OrderListCard",
            "messageBody": "",
            "fileTypesAndContributionMap": {
              "functional-code": {
                "insertions": 2,
                "deletions": 2
              }
            }
          },
          {
            "hash": "b9021c31c017ecbbe46eb1db1a121edeabe5ab18",
            "messageTitle": "Update AboutUs",
            "messageBody": "",
            "fileTypesAndContributionMap": {
              "docs": {
                "insertions": 2,
                "deletions": 5
              }
            }
          },
          {
            "hash": "43b313535f464a4946946f7196f92f39a07344c4",
            "messageTitle": "Update User Guide",
            "messageBody": "",
            "fileTypesAndContributionMap": {
              "docs": {
                "insertions": 5,
                "deletions": 3
              }
            }
          }
        ]
      }
    ]
  },
  "authorFileTypeContributionMap": {
    "youyingfeng": {
      "docs": 83,
      "functional-code": 699,
      "test-code": 195
    },
    "cx0810": {
      "docs": 7,
      "functional-code": 123,
      "test-code": 0
    },
    "xnmng": {
      "docs": 62,
      "functional-code": 95,
      "test-code": 0
    },
    "tigerting98": {
      "docs": 71,
      "functional-code": 114,
      "test-code": 0
    },
    "Syasyazman": {
      "docs": 280,
      "functional-code": 493,
      "test-code": 264
    }
  },
  "authorContributionVariance": {
    "youyingfeng": 33294.06,
    "cx0810": 929.0859,
    "xnmng": 817.7733,
    "tigerting98": 1196.8524,
    "Syasyazman": 29786.29
  },
  "authorDisplayNameMap": {
    "youyingfeng": "CS2103-F09-4 YOU ..FENG",
    "cx0810": "CS2103-F09-4 XIAO..GXIN",
    "xnmng": "CS2103-F09-4 PUA ..MING",
    "tigerting98": "CS2103-F09-4 TING..XIAO",
    "Syasyazman": "CS2103-F09-4 SITI..ZMAN"
  }
}
