{
  "authorDailyContributionsMap": {
    "iqbxl": [
      {
        "date": "2020-09-27",
        "commitResults": [
          {
            "hash": "cf920401b6665e3feaa5cc673ec2d6bc3d8ac44c",
            "messageTitle": "Update profile picture, UG and DG",
            "messageBody": "",
            "fileTypesAndContributionMap": {
              "docs": {
                "insertions": 24,
                "deletions": 0
              }
            }
          }
        ]
      },
      {
        "date": "2020-09-28",
        "commitResults": [
          {
            "hash": "a1f92e0ed52c970af83db9b24d838f96d1ed2aed",
            "messageTitle": "Update AboutUs.md",
            "messageBody": "",
            "fileTypesAndContributionMap": {
              "docs": {
                "insertions": 5,
                "deletions": 5
              }
            }
          }
        ]
      },
      {
        "date": "2020-09-30",
        "commitResults": [
          {
            "hash": "939d336858f5bb9905a6c5b492c1a6d99fa9e411",
            "messageTitle": "Rename image file to github username",
            "messageBody": "",
            "fileTypesAndContributionMap": {
              "docs": {
                "insertions": 2,
                "deletions": 2
              }
            }
          }
        ]
      },
      {
        "date": "2020-10-08",
        "commitResults": [
          {
            "hash": "56e0f95971ac1b1102bf95e72b42bf9352e603c9",
            "messageTitle": "Add Lesson class",
            "messageBody": "",
            "fileTypesAndContributionMap": {
              "functional-code": {
                "insertions": 409,
                "deletions": 3
              },
              "test-code": {
                "insertions": 11,
                "deletions": 0
              }
            }
          },
          {
            "hash": "8a5a29a5c6e66815d50599e8420d6a94d188e613",
            "messageTitle": "Add Lesson class",
            "messageBody": "",
            "fileTypesAndContributionMap": {
              "functional-code": {
                "insertions": 2,
                "deletions": 1
              }
            }
          }
        ]
      },
      {
        "date": "2020-10-15",
        "commitResults": [
          {
            "hash": "fe35264f14c26b1c88aba0a9f60dce15d5c27b60",
            "messageTitle": "Add lesson list feature to fitNUS",
            "messageBody": "",
            "fileTypesAndContributionMap": {
              "functional-code": {
                "insertions": 357,
                "deletions": 6
              },
              "test-code": {
                "insertions": 29,
                "deletions": 0
              }
            }
          },
          {
            "hash": "30b89086b56d85856cc9fadaff23f217b855dbd4",
            "messageTitle": "Set updateFilteredExerciseList to false in LessonListCommand and set updateFilteredLessonList to false in ListExercisesCommand",
            "messageBody": "",
            "fileTypesAndContributionMap": {
              "functional-code": {
                "insertions": 2,
                "deletions": 0
              }
            }
          },
          {
            "hash": "757d09f0480d77518ba3ffd3823482b9b0007386",
            "messageTitle": "Add delete feature for Lessons",
            "messageBody": "",
            "fileTypesAndContributionMap": {
              "functional-code": {
                "insertions": 111,
                "deletions": 4
              },
              "test-code": {
                "insertions": 5,
                "deletions": 0
              }
            }
          }
        ]
      },
      {
        "date": "2020-10-17",
        "commitResults": [
          {
            "hash": "1deea195e36075541d2e1dc858038e254d23e648",
            "messageTitle": "Fixed code in getBmi() in AddressBook.java",
            "messageBody": "",
            "fileTypesAndContributionMap": {
              "functional-code": {
                "insertions": 1,
                "deletions": 1
              }
            }
          }
        ]
      },
      {
        "date": "2020-10-20",
        "commitResults": [
          {
            "hash": "0b47a321d606239c2ddbd928f1c70cdcc7fff9fd",
            "messageTitle": "Add find lesson feature",
            "messageBody": "",
            "fileTypesAndContributionMap": {
              "functional-code": {
                "insertions": 115,
                "deletions": 5
              }
            }
          },
          {
            "hash": "a71e36461f8ff9d96252f4ab14558addbb244586",
            "messageTitle": "fixed checkstyle issues",
            "messageBody": "",
            "fileTypesAndContributionMap": {
              "functional-code": {
                "insertions": 0,
                "deletions": 2
              }
            }
          },
          {
            "hash": "a67b6f70ec3be57f9a71e3eadb3d0ea6b56f4bf9",
            "messageTitle": "Add edit lesson feature",
            "messageBody": "",
            "fileTypesAndContributionMap": {
              "functional-code": {
                "insertions": 318,
                "deletions": 19
              },
              "test-code": {
                "insertions": 189,
                "deletions": 0
              }
            }
          }
        ]
      },
      {
        "date": "2020-10-21",
        "commitResults": [
          {
            "hash": "db9b65f19d2acf2e2c197492fd86e7382fa3f377",
            "messageTitle": "Fix Java CI checks",
            "messageBody": "",
            "fileTypesAndContributionMap": {
              "functional-code": {
                "insertions": 4,
                "deletions": 3
              }
            }
          },
          {
            "hash": "4d0696f1f793857d93810e5b19eba136cd9923d5",
            "messageTitle": "Fixed test problems",
            "messageBody": "",
            "fileTypesAndContributionMap": {
              "test-code": {
                "insertions": 12,
                "deletions": 12
              }
            }
          }
        ]
      },
      {
        "date": "2020-10-22",
        "commitResults": [
          {
            "hash": "d1ca264f0dfa27a6317460f390d797f180a028bb",
            "messageTitle": "Add lesson delete details in UG",
            "messageBody": "",
            "fileTypesAndContributionMap": {
              "docs": {
                "insertions": 40,
                "deletions": 0
              }
            }
          }
        ]
      },
      {
        "date": "2020-10-26",
        "commitResults": [
          {
            "hash": "68189998e29bc67d1f440839f71bf4749d4a63f3",
            "messageTitle": "Update AddressBook.java",
            "messageBody": "",
            "fileTypesAndContributionMap": {
              "functional-code": {
                "insertions": 1,
                "deletions": 1
              }
            }
          },
          {
            "hash": "7c57430b3607a76c7fa21aca3dbc879e71b88b77",
            "messageTitle": "Update JsonSerializableAddressBook.java",
            "messageBody": "",
            "fileTypesAndContributionMap": {
              "functional-code": {
                "insertions": 1,
                "deletions": 1
              }
            }
          },
          {
            "hash": "7981a482c18c1783994aa8c69de2ea35c76acb97",
            "messageTitle": "Update AddressBookTest.java",
            "messageBody": "",
            "fileTypesAndContributionMap": {
              "test-code": {
                "insertions": 1,
                "deletions": 1
              }
            }
          },
          {
            "hash": "2846b11dd783fd34a7a1c53be91af39f6ce813fa",
            "messageTitle": "Update JsonSerializableAddressBook.java",
            "messageBody": "",
            "fileTypesAndContributionMap": {
              "functional-code": {
                "insertions": 0,
                "deletions": 1
              }
            }
          },
          {
            "hash": "31282af62d0b530752cd095d94ee6d0b1dee9b2a",
            "messageTitle": "Update AddressBook.java",
            "messageBody": "",
            "fileTypesAndContributionMap": {
              "functional-code": {
                "insertions": 1,
                "deletions": 1
              }
            }
          },
          {
            "hash": "598877420cd168f02483bd488a02ab74f9d74f04",
            "messageTitle": "Update JsonSerializableAddressBook.java",
            "messageBody": "",
            "fileTypesAndContributionMap": {
              "functional-code": {
                "insertions": 1,
                "deletions": 0
              }
            }
          },
          {
            "hash": "b8ee1dd9669cdc7f357793a54b6e7ea086e86790",
            "messageTitle": "Update AddressBookTest.java",
            "messageBody": "",
            "fileTypesAndContributionMap": {
              "test-code": {
                "insertions": 1,
                "deletions": 1
              }
            }
          }
        ]
      },
      {
        "date": "2020-10-28",
        "commitResults": [
          {
            "hash": "4d2fce8644b2c8d3552e4ed79a631f06ec03f021",
            "messageTitle": "Improved Help functionality",
            "messageBody": "",
            "fileTypesAndContributionMap": {
              "functional-code": {
                "insertions": 405,
                "deletions": 167
              },
              "other": {
                "insertions": 63,
                "deletions": 66
              },
              "test-code": {
                "insertions": 62,
                "deletions": 35
              }
            }
          }
        ]
      },
      {
        "date": "2020-10-29",
        "commitResults": [
          {
            "hash": "76284c673a44bc32d83129a28755de1121c4f389",
            "messageTitle": "Fixed newline issue",
            "messageBody": "",
            "fileTypesAndContributionMap": {
              "functional-code": {
                "insertions": 1,
                "deletions": 1
              },
              "docs": {
                "insertions": 5,
                "deletions": 5
              }
            }
          },
          {
            "hash": "de00cdbcbc5794a817b1a1366830b74e67ee6d24",
            "messageTitle": "Fixed more small errors",
            "messageBody": "",
            "fileTypesAndContributionMap": {
              "functional-code": {
                "insertions": 27,
                "deletions": 11
              }
            }
          },
          {
            "hash": "e1788350edeb0d4356efb7e83ee776d8e65026d5",
            "messageTitle": "Update UG",
            "messageBody": "",
            "fileTypesAndContributionMap": {
              "functional-code": {
                "insertions": 0,
                "deletions": 131
              },
              "test-code": {
                "insertions": 276,
                "deletions": 284
              }
            }
          },
          {
            "hash": "dcb751a64c7a480a1a03801b1956f94f33673a74",
            "messageTitle": "update UG",
            "messageBody": "",
            "fileTypesAndContributionMap": {
              "docs": {
                "insertions": 89,
                "deletions": 56
              }
            }
          }
        ]
      },
      {
        "date": "2020-10-30",
        "commitResults": [
          {
            "hash": "4a401df78c08887e5744b8e571488049c8c2fb11",
            "messageTitle": "Fix minor error",
            "messageBody": "",
            "fileTypesAndContributionMap": {
              "test-code": {
                "insertions": 3,
                "deletions": 4
              }
            }
          },
          {
            "hash": "7ff046a48a47b402a9beae1931a97de3b34d14f5",
            "messageTitle": "Fix error",
            "messageBody": "",
            "fileTypesAndContributionMap": {
              "test-code": {
                "insertions": 2,
                "deletions": 2
              }
            }
          },
          {
            "hash": "d822a855c698953bd5321e23a70bae4cc7f6af84",
            "messageTitle": "Update final",
            "messageBody": "",
            "fileTypesAndContributionMap": {
              "functional-code": {
                "insertions": 4,
                "deletions": 0
              },
              "docs": {
                "insertions": 336,
                "deletions": 170
              }
            }
          },
          {
            "hash": "3a7395700c70913976cba6aa9a933b6d0600e9e2",
            "messageTitle": "Edited prefix typo for exercise_add command",
            "messageBody": "",
            "fileTypesAndContributionMap": {
              "docs": {
                "insertions": 1,
                "deletions": 1
              }
            }
          },
          {
            "hash": "b3804cb173745554d7ef425cd3d8b06fdef4ad94",
            "messageTitle": "Revert \"Edited prefix typo for exercise_add command\"",
            "messageBody": "This reverts commit 3a7395700c70913976cba6aa9a933b6d0600e9e2.\n",
            "fileTypesAndContributionMap": {
              "docs": {
                "insertions": 1,
                "deletions": 1
              }
            }
          },
          {
            "hash": "30c4de160ecaece4d67686d838340a62f20fa593",
            "messageTitle": "Amended prefix error for exercise_add command",
            "messageBody": "",
            "fileTypesAndContributionMap": {
              "docs": {
                "insertions": 1,
                "deletions": 1
              }
            }
          }
        ]
      },
      {
        "date": "2020-10-31",
        "commitResults": [
          {
            "hash": "de1d07bdb8ae1c01d44a3c8978bb2346c8b12ef7",
            "messageTitle": "Some modifications after feedback from PE dry run issues",
            "messageBody": "",
            "fileTypesAndContributionMap": {
              "functional-code": {
                "insertions": 61,
                "deletions": 30
              },
              "docs": {
                "insertions": 41,
                "deletions": 31
              }
            }
          }
        ]
      },
      {
        "date": "2020-11-02",
        "commitResults": [
          {
            "hash": "dae037c777669baa9ac00ff31b082a7a68ec1da2",
            "messageTitle": "Implemented Lesson tests",
            "messageBody": "",
            "fileTypesAndContributionMap": {
              "functional-code": {
                "insertions": 107,
                "deletions": 611
              },
              "other": {
                "insertions": 19,
                "deletions": 20
              },
              "docs": {
                "insertions": 73,
                "deletions": 51
              },
              "test-code": {
                "insertions": 719,
                "deletions": 928
              }
            }
          },
          {
            "hash": "7f9c58a0b4ab7414db5998cea8b594cebfbfd033",
            "messageTitle": "Try 1",
            "messageBody": "",
            "fileTypesAndContributionMap": {
              "test-code": {
                "insertions": 14,
                "deletions": 8
              }
            }
          },
          {
            "hash": "439abf93b478e3e911a2ab745f9388029cbc89b7",
            "messageTitle": "Try  2",
            "messageBody": "",
            "fileTypesAndContributionMap": {
              "test-code": {
                "insertions": 4,
                "deletions": 4
              }
            }
          }
        ]
      }
    ],
    "nicholasyeo": [
      {
        "date": "2020-09-27",
        "commitResults": [
          {
            "hash": "298c0635dbfe22d673baa1b276cbea6210d1f857",
            "messageTitle": "Update UG",
            "messageBody": "",
            "fileTypesAndContributionMap": {
              "docs": {
                "insertions": 18,
                "deletions": 0
              }
            }
          },
          {
            "hash": "99257920c2f7edaf6954a95286441a482392d02c",
            "messageTitle": "Update DG",
            "messageBody": "",
            "fileTypesAndContributionMap": {
              "docs": {
                "insertions": 51,
                "deletions": 0
              }
            }
          },
          {
            "hash": "deefd14107d629ec9152030a2848b88796b22e07",
            "messageTitle": "Update user stories",
            "messageBody": "",
            "fileTypesAndContributionMap": {
              "docs": {
                "insertions": 4,
                "deletions": 2
              }
            }
          }
        ]
      },
      {
        "date": "2020-09-28",
        "commitResults": [
          {
            "hash": "3f9d2bf5b0a8f52f59b1343f06f6ef648928488d",
            "messageTitle": "Update AboutUs.md",
            "messageBody": "",
            "fileTypesAndContributionMap": {
              "docs": {
                "insertions": 5,
                "deletions": 5
              }
            }
          }
        ]
      },
      {
        "date": "2020-10-14",
        "commitResults": [
          {
            "hash": "2cd857c93d809f8751d6c0333a18ec654ab77bfe",
            "messageTitle": "Add Timetable class and feature to add slot to Timetable",
            "messageBody": "",
            "fileTypesAndContributionMap": {
              "functional-code": {
                "insertions": 600,
                "deletions": 8
              },
              "test-code": {
                "insertions": 16,
                "deletions": 0
              }
            }
          }
        ]
      },
      {
        "date": "2020-10-15",
        "commitResults": [
          {
            "hash": "f2455dfad1a4aa41d4daad4fe84a88d666db0dd1",
            "messageTitle": "Fix checkstyle issues",
            "messageBody": "",
            "fileTypesAndContributionMap": {
              "functional-code": {
                "insertions": 66,
                "deletions": 18
              }
            }
          },
          {
            "hash": "7ce0c5e72388962aca8eb31b7d904351e2046a6e",
            "messageTitle": "Improve add functionality and fix minior bugs",
            "messageBody": "",
            "fileTypesAndContributionMap": {
              "functional-code": {
                "insertions": 14,
                "deletions": 4
              }
            }
          },
          {
            "hash": "3235000a8113592e937c47680250cee1c9647b7b",
            "messageTitle": "Add validation to Duration",
            "messageBody": "",
            "fileTypesAndContributionMap": {
              "functional-code": {
                "insertions": 4,
                "deletions": 4
              }
            }
          }
        ]
      },
      {
        "date": "2020-10-19",
        "commitResults": [
          {
            "hash": "b6f398b129a41c3851ba0f7e61c76104f4325eed",
            "messageTitle": "Add feature to add lesson to timetable",
            "messageBody": "",
            "fileTypesAndContributionMap": {
              "functional-code": {
                "insertions": 248,
                "deletions": 64
              },
              "other": {
                "insertions": 35,
                "deletions": 23
              },
              "test-code": {
                "insertions": 5,
                "deletions": 5
              }
            }
          },
          {
            "hash": "9a1d4666804e0f80388102aacc77b8785a21158b",
            "messageTitle": "Fix checkstyle",
            "messageBody": "",
            "fileTypesAndContributionMap": {
              "functional-code": {
                "insertions": 9,
                "deletions": 6
              }
            }
          },
          {
            "hash": "eba89389f7056f49adf1244bac0bef5e7dcbaa7d",
            "messageTitle": "Make minor change to prevent using instanceof and typecasting",
            "messageBody": "",
            "fileTypesAndContributionMap": {
              "functional-code": {
                "insertions": 47,
                "deletions": 15
              },
              "test-code": {
                "insertions": 10,
                "deletions": 0
              }
            }
          },
          {
            "hash": "d206c859edd6cc3c923ba9294b6439f9d9741a17",
            "messageTitle": "Add delete feature to Timetable",
            "messageBody": "",
            "fileTypesAndContributionMap": {
              "functional-code": {
                "insertions": 189,
                "deletions": 8
              },
              "test-code": {
                "insertions": 17,
                "deletions": 1
              }
            }
          }
        ]
      },
      {
        "date": "2020-10-20",
        "commitResults": [
          {
            "hash": "0d89970483a153cdaf9111c5a3b3b87655f61d1b",
            "messageTitle": "Allow fitNUS to save and load timetable slots",
            "messageBody": "",
            "fileTypesAndContributionMap": {
              "functional-code": {
                "insertions": 254,
                "deletions": 5
              },
              "test-code": {
                "insertions": 27,
                "deletions": 3
              }
            }
          },
          {
            "hash": "573a381acc4d08f0653101034756ba874f735f71",
            "messageTitle": "Fix checkstyle",
            "messageBody": "",
            "fileTypesAndContributionMap": {
              "functional-code": {
                "insertions": 1,
                "deletions": 1
              }
            }
          },
          {
            "hash": "4c509b95f3f0f458cdade4d4b887ec98c66e59e2",
            "messageTitle": "Improve User Guide",
            "messageBody": "",
            "fileTypesAndContributionMap": {
              "docs": {
                "insertions": 202,
                "deletions": 79
              }
            }
          }
        ]
      },
      {
        "date": "2020-10-22",
        "commitResults": [
          {
            "hash": "8c60edc078e151eea1164fd49c3400a76e9e1942",
            "messageTitle": "Update Developer Guide",
            "messageBody": "",
            "fileTypesAndContributionMap": {
              "functional-code": {
                "insertions": 1,
                "deletions": 0
              },
              "docs": {
                "insertions": 124,
                "deletions": 4
              }
            }
          },
          {
            "hash": "389350eacc26d528d046253984c934b2b5e2a09f",
            "messageTitle": "Fix checkstyle",
            "messageBody": "",
            "fileTypesAndContributionMap": {
              "docs": {
                "insertions": 41,
                "deletions": 40
              }
            }
          },
          {
            "hash": "69df9fe50d5318237f95eccdd11e07f016940c43",
            "messageTitle": "Fix checkstyle",
            "messageBody": "",
            "fileTypesAndContributionMap": {
              "docs": {
                "insertions": 4,
                "deletions": 4
              }
            }
          }
        ]
      },
      {
        "date": "2020-10-26",
        "commitResults": [
          {
            "hash": "d45840ffd6b07cb602adcf22d9790170904a6e60",
            "messageTitle": "Edit User Guide",
            "messageBody": "",
            "fileTypesAndContributionMap": {
              "docs": {
                "insertions": 54,
                "deletions": 46
              }
            }
          }
        ]
      },
      {
        "date": "2020-10-29",
        "commitResults": [
          {
            "hash": "b5b94b41c682e68a3168dd7ed4e9c7f4dcae2d25",
            "messageTitle": "Change storage file path to fitnus.json",
            "messageBody": "",
            "fileTypesAndContributionMap": {
              "other": {
                "insertions": 11,
                "deletions": 0
              }
            }
          },
          {
            "hash": "be33443e8bfc87aa0edd3033af89bbecc3999d9d",
            "messageTitle": "Allow timetable slot to be auto-deleted when lesson/routine is deleted",
            "messageBody": "",
            "fileTypesAndContributionMap": {
              "functional-code": {
                "insertions": 16,
                "deletions": 0
              }
            }
          },
          {
            "hash": "2c411c28175795ae2646649f793f28f7bbc32b13",
            "messageTitle": "Allow timetable slot to be auto-edited when lesson/routine is edited",
            "messageBody": "",
            "fileTypesAndContributionMap": {
              "functional-code": {
                "insertions": 15,
                "deletions": 1
              }
            }
          },
          {
            "hash": "7ad4537367b5e0c3df153c370004a53a0670b389",
            "messageTitle": "Fix checkstyle",
            "messageBody": "",
            "fileTypesAndContributionMap": {
              "other": {
                "insertions": 1,
                "deletions": 1
              }
            }
          },
          {
            "hash": "788fc14c80b7b6fc0e95eba38235e93b10f9c3f0",
            "messageTitle": "Add \u0027To be implemented\u0027 to BMI card",
            "messageBody": "",
            "fileTypesAndContributionMap": {
              "functional-code": {
                "insertions": 1,
                "deletions": 1
              }
            }
          },
          {
            "hash": "618d3ac3bdbf4159789298fc0499ace90ce9bbbf",
            "messageTitle": "Remove saturday and sunday from Day",
            "messageBody": "",
            "fileTypesAndContributionMap": {
              "functional-code": {
                "insertions": 1,
                "deletions": 3
              }
            }
          },
          {
            "hash": "acb2b0ec2909aee500a9cb94b064fd7de9c76274",
            "messageTitle": "Disable ab3 commands",
            "messageBody": "",
            "fileTypesAndContributionMap": {
              "functional-code": {
                "insertions": 0,
                "deletions": 15
              },
              "other": {
                "insertions": 2,
                "deletions": 2
              },
              "test-code": {
                "insertions": 0,
                "deletions": 69
              }
            }
          },
          {
            "hash": "c1805309e86f449864da88aa46059a44001a93eb",
            "messageTitle": "Fix checkstyle",
            "messageBody": "",
            "fileTypesAndContributionMap": {
              "functional-code": {
                "insertions": 0,
                "deletions": 5
              }
            }
          },
          {
            "hash": "eb56cb97cd1c90b5eaf75266be5f681cb268b271",
            "messageTitle": "Fix checkstyle",
            "messageBody": "",
            "fileTypesAndContributionMap": {
              "test-code": {
                "insertions": 1,
                "deletions": 26
              }
            }
          },
          {
            "hash": "0fbcd7ebbaacadab4eedbcbb265ead16dd686cba",
            "messageTitle": "Delete preferences.json",
            "messageBody": "",
            "fileTypesAndContributionMap": {
              "other": {
                "insertions": 0,
                "deletions": 11
              }
            }
          },
          {
            "hash": "ca7abea9b51b133e7b65884e6ccbda401d54cb03",
            "messageTitle": "Fix checkstyle",
            "messageBody": "",
            "fileTypesAndContributionMap": {
              "test-code": {
                "insertions": 0,
                "deletions": 2
              }
            }
          }
        ]
      }
    ],
    "patricktan6": [
      {
        "date": "2020-09-30",
        "commitResults": [
          {
            "hash": "1d7edbf4223dceb11bdea50fa10c68e606c2e9b3",
            "messageTitle": "Update AboutUs and image",
            "messageBody": "",
            "fileTypesAndContributionMap": {
              "docs": {
                "insertions": 5,
                "deletions": 5
              }
            }
          }
        ]
      },
      {
        "date": "2020-10-01",
        "commitResults": [
          {
            "hash": "368d750b51320b44a50d0f5b7115b28f127053c2",
            "messageTitle": "Update UserGuide",
            "messageBody": "",
            "fileTypesAndContributionMap": {
              "docs": {
                "insertions": 27,
                "deletions": 0
              }
            }
          }
        ]
      },
      {
        "date": "2020-10-14",
        "commitResults": [
          {
            "hash": "9337c34495fbdddb9d70948ff56307a5944d4724",
            "messageTitle": "Added feature to add height and weight",
            "messageBody": "",
            "fileTypesAndContributionMap": {
              "functional-code": {
                "insertions": 235,
                "deletions": 15
              }
            }
          }
        ]
      },
      {
        "date": "2020-10-15",
        "commitResults": [
          {
            "hash": "50d363951508bfa764e4d9be711056b5a317e340",
            "messageTitle": "Checked style",
            "messageBody": "",
            "fileTypesAndContributionMap": {
              "functional-code": {
                "insertions": 67,
                "deletions": 40
              },
              "test-code": {
                "insertions": 10,
                "deletions": 0
              }
            }
          }
        ]
      },
      {
        "date": "2020-10-16",
        "commitResults": [
          {
            "hash": "9099e3512c1742bd4b028ddacafd7818f680b553",
            "messageTitle": "Checked style",
            "messageBody": "",
            "fileTypesAndContributionMap": {
              "functional-code": {
                "insertions": 2,
                "deletions": 1
              }
            }
          }
        ]
      },
      {
        "date": "2020-10-21",
        "commitResults": [
          {
            "hash": "c1279dba20df763e430dd7b0a86ca450705e29bd",
            "messageTitle": "Added view bmi function",
            "messageBody": "",
            "fileTypesAndContributionMap": {
              "functional-code": {
                "insertions": 4,
                "deletions": 0
              }
            }
          },
          {
            "hash": "df464b2bad3bfe6e90fe1d0ef4feb1887e6cc03b",
            "messageTitle": "Added BMI command",
            "messageBody": "",
            "fileTypesAndContributionMap": {
              "functional-code": {
                "insertions": 67,
                "deletions": 42
              }
            }
          },
          {
            "hash": "0963e77573ea36d8842f376a92449f64fa91e61c",
            "messageTitle": "Checked style",
            "messageBody": "",
            "fileTypesAndContributionMap": {
              "functional-code": {
                "insertions": 48,
                "deletions": 13
              },
              "test-code": {
                "insertions": 7,
                "deletions": 2
              }
            }
          }
        ]
      },
      {
        "date": "2020-10-26",
        "commitResults": [
          {
            "hash": "ddaedda6626eb736450dfaf50cda9d9edeb59a00",
            "messageTitle": "Solved storage issue for height and weight",
            "messageBody": "",
            "fileTypesAndContributionMap": {
              "functional-code": {
                "insertions": 46,
                "deletions": 11
              }
            }
          },
          {
            "hash": "09cfb147a052f9567a53b33c696745e0775a1459",
            "messageTitle": "Checked style",
            "messageBody": "",
            "fileTypesAndContributionMap": {
              "functional-code": {
                "insertions": 18,
                "deletions": 3
              },
              "test-code": {
                "insertions": 12,
                "deletions": 0
              }
            }
          },
          {
            "hash": "40c975a4274e520c50b2471a454643a8eb2c2750",
            "messageTitle": "Fixed comments and command messages",
            "messageBody": "",
            "fileTypesAndContributionMap": {
              "functional-code": {
                "insertions": 3,
                "deletions": 3
              }
            }
          },
          {
            "hash": "39294f0df1bf9fae974ee0660e39594783d4062c",
            "messageTitle": "Fixed minor issues",
            "messageBody": "",
            "fileTypesAndContributionMap": {
              "functional-code": {
                "insertions": 0,
                "deletions": 2
              }
            }
          }
        ]
      }
    ],
    "khor-jingqian": [
      {
        "date": "2020-09-21",
        "commitResults": [
          {
            "hash": "71b2aff845e633bf76066be1fc8fe1b2efc90713",
            "messageTitle": "Update README.md",
            "messageBody": "",
            "fileTypesAndContributionMap": {
              "docs": {
                "insertions": 1,
                "deletions": 1
              }
            }
          }
        ]
      },
      {
        "date": "2020-09-23",
        "commitResults": [
          {
            "hash": "dd86674b9ab1c161289bb8b51bccba64bb4dec72",
            "messageTitle": "Update UG and DG, add user picture",
            "messageBody": "",
            "fileTypesAndContributionMap": {
              "docs": {
                "insertions": 41,
                "deletions": 0
              }
            }
          },
          {
            "hash": "854575c99ca9090b7ece5239d592f606ca946b2f",
            "messageTitle": "Update DG",
            "messageBody": "",
            "fileTypesAndContributionMap": {
              "docs": {
                "insertions": 10,
                "deletions": 1
              }
            }
          }
        ]
      },
      {
        "date": "2020-09-28",
        "commitResults": [
          {
            "hash": "16ca4f359d22abdf7c2a8a151b76b30d8cb8edf2",
            "messageTitle": "Rectify config file and clean up UserGuide",
            "messageBody": "",
            "fileTypesAndContributionMap": {
              "docs": {
                "insertions": 30,
                "deletions": 130
              }
            }
          }
        ]
      },
      {
        "date": "2020-10-04",
        "commitResults": [
          {
            "hash": "061b7798f5f35d5cc7bb3e74eb09c1ecf480d886",
            "messageTitle": "Remove all placeholder text from AboutUs",
            "messageBody": "",
            "fileTypesAndContributionMap": {
              "docs": {
                "insertions": 0,
                "deletions": 12
              }
            }
          }
        ]
      },
      {
        "date": "2020-10-13",
        "commitResults": [
          {
            "hash": "575f76adaed4679f6ac996616a67779ec4d5caab",
            "messageTitle": "Add Routine and basic functionalities",
            "messageBody": "",
            "fileTypesAndContributionMap": {
              "functional-code": {
                "insertions": 734,
                "deletions": 14
              }
            }
          }
        ]
      },
      {
        "date": "2020-10-18",
        "commitResults": [
          {
            "hash": "ea10729c932f0e3dbb24d2882bc4dc6d76d84b65",
            "messageTitle": "Save changes",
            "messageBody": "",
            "fileTypesAndContributionMap": {
              "functional-code": {
                "insertions": 50,
                "deletions": 2
              },
              "docs": {
                "insertions": 17,
                "deletions": 11
              }
            }
          }
        ]
      },
      {
        "date": "2020-10-19",
        "commitResults": [
          {
            "hash": "edfbcb84ddb501d35ec224cabecbdace5b432c8d",
            "messageTitle": "Add delete feature and allow Routine to appear on cards",
            "messageBody": "",
            "fileTypesAndContributionMap": {
              "functional-code": {
                "insertions": 429,
                "deletions": 31
              },
              "other": {
                "insertions": 48,
                "deletions": 22
              },
              "test-code": {
                "insertions": 327,
                "deletions": 6
              }
            }
          },
          {
            "hash": "cba2e8d746c68fc92a4b3bcfc13ec79bada47249",
            "messageTitle": "Implement Routine delete functionality and fixed saving Routine issues",
            "messageBody": "",
            "fileTypesAndContributionMap": {
              "functional-code": {
                "insertions": 217,
                "deletions": 4
              },
              "test-code": {
                "insertions": 5,
                "deletions": 0
              }
            }
          }
        ]
      },
      {
        "date": "2020-10-20",
        "commitResults": [
          {
            "hash": "95eeb7edccf4c6d62055757ebcc3aeb8b38b0657",
            "messageTitle": "Fix CI checkstyle errors",
            "messageBody": "",
            "fileTypesAndContributionMap": {
              "functional-code": {
                "insertions": 1,
                "deletions": 1
              },
              "docs": {
                "insertions": 4,
                "deletions": 4
              }
            }
          },
          {
            "hash": "7bc0792e735a562de4988c7754ecead722505bfe",
            "messageTitle": "Design interim layout of fitNUS",
            "messageBody": "",
            "fileTypesAndContributionMap": {
              "functional-code": {
                "insertions": 80,
                "deletions": 12
              }
            }
          },
          {
            "hash": "d45a1481d313e0099ac0a56d27ecbd0ac0a4459f",
            "messageTitle": "Enable assertions",
            "messageBody": "",
            "fileTypesAndContributionMap": {
              "other": {
                "insertions": 4,
                "deletions": 0
              }
            }
          },
          {
            "hash": "7ae6bc301c828ef377d693d65fb216f56d164c3f",
            "messageTitle": "Fix styling issues",
            "messageBody": "",
            "fileTypesAndContributionMap": {
              "functional-code": {
                "insertions": 2,
                "deletions": 6
              }
            }
          },
          {
            "hash": "0168c184e8fd21e388357f78a1aee840c70e1c23",
            "messageTitle": "Improve User Guide",
            "messageBody": "",
            "fileTypesAndContributionMap": {
              "functional-code": {
                "insertions": 12,
                "deletions": 12
              },
              "docs": {
                "insertions": 80,
                "deletions": 62
              }
            }
          },
          {
            "hash": "610b86393d6d62594f70370aa92cc83830048d95",
            "messageTitle": "Add find to Routine and improved view function",
            "messageBody": "",
            "fileTypesAndContributionMap": {
              "functional-code": {
                "insertions": 136,
                "deletions": 6
              }
            }
          },
          {
            "hash": "eb98f093d9670293f1a331c8ea81d57cba529d9e",
            "messageTitle": "Merge from upstream",
            "messageBody": "",
            "fileTypesAndContributionMap": {
              "functional-code": {
                "insertions": 12,
                "deletions": 10
              }
            }
          },
          {
            "hash": "20ba5f7be628d82b125b791ba2422c154a048acf",
            "messageTitle": "Merged from upstream",
            "messageBody": "",
            "fileTypesAndContributionMap": {
              "docs": {
                "insertions": 2,
                "deletions": 2
              }
            }
          }
        ]
      },
      {
        "date": "2020-10-21",
        "commitResults": [
          {
            "hash": "cdc94d48b9e33bec5ad44da550e47cfcc1ff9cb8",
            "messageTitle": "Update User Guide",
            "messageBody": "",
            "fileTypesAndContributionMap": {
              "docs": {
                "insertions": 52,
                "deletions": 4
              }
            }
          },
          {
            "hash": "98dde3bbe2b83508b6a9509b64495befceddba70",
            "messageTitle": "Fix checkstyle",
            "messageBody": "",
            "fileTypesAndContributionMap": {
              "functional-code": {
                "insertions": 1,
                "deletions": 2
              },
              "test-code": {
                "insertions": 5,
                "deletions": 0
              }
            }
          },
          {
            "hash": "6f81a19b7fd7a1b3bf1180a8425de2425454c368",
            "messageTitle": "Fix Github pages",
            "messageBody": "",
            "fileTypesAndContributionMap": {
              "docs": {
                "insertions": 1,
                "deletions": 0
              }
            }
          },
          {
            "hash": "3f451903967eb36e2d380317864f4e99584a86dd",
            "messageTitle": "Save changes to DG and UG",
            "messageBody": "",
            "fileTypesAndContributionMap": {
              "functional-code": {
                "insertions": 10,
                "deletions": 0
              },
              "docs": {
                "insertions": 103,
                "deletions": 22
              }
            }
          },
          {
            "hash": "3fa2a9018922653ab91b0737268056d0f45c06ba",
            "messageTitle": "Improve UG and DG",
            "messageBody": "",
            "fileTypesAndContributionMap": {
              "functional-code": {
                "insertions": 1,
                "deletions": 1
              },
              "docs": {
                "insertions": 148,
                "deletions": 189
              }
            }
          }
        ]
      },
      {
        "date": "2020-10-22",
        "commitResults": [
          {
            "hash": "3fe72ba3e3c6708c434b6ad129294cff74f868e6",
            "messageTitle": "Add contributions for CS2101",
            "messageBody": "",
            "fileTypesAndContributionMap": {
              "docs": {
                "insertions": 22,
                "deletions": 25
              }
            }
          },
          {
            "hash": "d204d7e075c5b960637cf7b492f1481ab98601a2",
            "messageTitle": "Add contributions",
            "messageBody": "",
            "fileTypesAndContributionMap": {
              "docs": {
                "insertions": 1,
                "deletions": 1
              }
            }
          }
        ]
      },
      {
        "date": "2020-10-24",
        "commitResults": [
          {
            "hash": "63233be94b11ac4481fa20d7c8d12bd4248f4922",
            "messageTitle": "Improve UG and DG based on feedback",
            "messageBody": "",
            "fileTypesAndContributionMap": {
              "functional-code": {
                "insertions": 17,
                "deletions": 2
              },
              "docs": {
                "insertions": 150,
                "deletions": 46
              }
            }
          }
        ]
      },
      {
        "date": "2020-10-26",
        "commitResults": [
          {
            "hash": "153978ff018ea805e5e70902dd91a5cad73df818",
            "messageTitle": "Implement Calorie features",
            "messageBody": "",
            "fileTypesAndContributionMap": {
              "functional-code": {
                "insertions": 796,
                "deletions": 7
              },
              "test-code": {
                "insertions": 55,
                "deletions": 3
              }
            }
          },
          {
            "hash": "75777a6918067278f7bb71f0b3a042e078267508",
            "messageTitle": "Rectify JavaDocs",
            "messageBody": "",
            "fileTypesAndContributionMap": {
              "functional-code": {
                "insertions": 19,
                "deletions": 19
              }
            }
          }
        ]
      },
      {
        "date": "2020-10-27",
        "commitResults": [
          {
            "hash": "a2d209780bb0fd9ede1911812fba98757ebef307",
            "messageTitle": "Implement Calorie Graph",
            "messageBody": "",
            "fileTypesAndContributionMap": {
              "functional-code": {
                "insertions": 153,
                "deletions": 21
              }
            }
          },
          {
            "hash": "d8d441d5bff98790d87281699bddcda178f5f96c",
            "messageTitle": "Fix checkstyle",
            "messageBody": "",
            "fileTypesAndContributionMap": {
              "functional-code": {
                "insertions": 0,
                "deletions": 4
              },
              "test-code": {
                "insertions": 5,
                "deletions": 0
              }
            }
          }
        ]
      },
      {
        "date": "2020-10-28",
        "commitResults": [
          {
            "hash": "2a91374726c7567ae6588692c1a19d26b487a223",
            "messageTitle": "Add tests for DailyCalorie, CalorieLog and RoutineCreateCommand",
            "messageBody": "",
            "fileTypesAndContributionMap": {
              "functional-code": {
                "insertions": 105,
                "deletions": 40
              },
              "test-code": {
                "insertions": 652,
                "deletions": 2
              }
            }
          },
          {
            "hash": "4bc78323a532ad079c80cf5eaaecb107f57ff7ec",
            "messageTitle": "Improve checkstyle",
            "messageBody": "",
            "fileTypesAndContributionMap": {
              "functional-code": {
                "insertions": 5,
                "deletions": 42
              },
              "test-code": {
                "insertions": 216,
                "deletions": 214
              }
            }
          }
        ]
      },
      {
        "date": "2020-10-29",
        "commitResults": [
          {
            "hash": "4a16aff748621d0f642c6ac7cbb9d979bfb1afe5",
            "messageTitle": "Change GUI to reflect fitNUS and savefile path and naming",
            "messageBody": "",
            "fileTypesAndContributionMap": {
              "functional-code": {
                "insertions": 5,
                "deletions": 5
              },
              "test-code": {
                "insertions": 1,
                "deletions": 1
              }
            }
          },
          {
            "hash": "86f49fc2b02f47a9806f365cde33d88691254325",
            "messageTitle": "Fix issue with storage tests",
            "messageBody": "",
            "fileTypesAndContributionMap": {
              "test-code": {
                "insertions": 3,
                "deletions": 3
              }
            }
          }
        ]
      },
      {
        "date": "2020-11-02",
        "commitResults": [
          {
            "hash": "0cdcb826b6e0494a20fa00bf19389fdec2cc43a5",
            "messageTitle": "Include PPP",
            "messageBody": "",
            "fileTypesAndContributionMap": {
              "docs": {
                "insertions": 106,
                "deletions": 0
              }
            }
          },
          {
            "hash": "2fa4615dbe9363a72fb7ab417530bcd59562da3d",
            "messageTitle": "Fix checkstyle",
            "messageBody": "",
            "fileTypesAndContributionMap": {
              "docs": {
                "insertions": 11,
                "deletions": 11
              }
            }
          }
        ]
      },
      {
        "date": "2020-11-03",
        "commitResults": [
          {
            "hash": "ab851879e96760ef6dd2df9020a601a2ddfe14e5",
            "messageTitle": "Fix several issues",
            "messageBody": "",
            "fileTypesAndContributionMap": {
              "functional-code": {
                "insertions": 45,
                "deletions": 29
              },
              "other": {
                "insertions": 15,
                "deletions": 15
              },
              "docs": {
                "insertions": 4,
                "deletions": 4
              }
            }
          },
          {
            "hash": "b432f6a392c2154aa0a9dbbd25047f241db675a3",
            "messageTitle": "Fix issues",
            "messageBody": "",
            "fileTypesAndContributionMap": {
              "functional-code": {
                "insertions": 14,
                "deletions": 21
              }
            }
          }
        ]
      }
    ],
    "Licheng-Wu": [
      {
        "date": "2020-09-16",
        "commitResults": [
          {
            "hash": "416aa5856e345ea1ad1bc569c868f422a8409d90",
            "messageTitle": "Update README.md",
            "messageBody": "",
            "fileTypesAndContributionMap": {
              "docs": {
                "insertions": 1,
                "deletions": 0
              }
            }
          }
        ]
      },
      {
        "date": "2020-09-22",
        "commitResults": [
          {
            "hash": "07e80dcac6231c9306cb53dad5fdf72ed29b5909",
            "messageTitle": "Update UserGuide.",
            "messageBody": "Added 4 functions - create new routine, delete routine, add exercise to routine and delete exercise routine descriptions to the UserGuide.\n",
            "fileTypesAndContributionMap": {
              "docs": {
                "insertions": 36,
                "deletions": 0
              }
            }
          }
        ]
      },
      {
        "date": "2020-09-23",
        "commitResults": [
          {
            "hash": "0716144b7869b86ae33abb523253e713ea0cdf7b",
            "messageTitle": "Update Developer Guide",
            "messageBody": "Added 4 use cases: Creating a new routine, deleting a routine, adding exercises to a routine, deleting exercises from a routine\n",
            "fileTypesAndContributionMap": {
              "docs": {
                "insertions": 102,
                "deletions": 0
              }
            }
          }
        ]
      },
      {
        "date": "2020-09-28",
        "commitResults": [
          {
            "hash": "492258ea7c81f13c25f2841b0fa15e489ef3f052",
            "messageTitle": "Update README.md",
            "messageBody": "",
            "fileTypesAndContributionMap": {
              "docs": {
                "insertions": 6,
                "deletions": 7
              }
            }
          },
          {
            "hash": "35e3583cb3ca0ce16976e777e4ac92c24cc1d328",
            "messageTitle": "Update AboutUs.md",
            "messageBody": "",
            "fileTypesAndContributionMap": {
              "docs": {
                "insertions": 5,
                "deletions": 5
              }
            }
          }
        ]
      },
      {
        "date": "2020-10-03",
        "commitResults": [
          {
            "hash": "fe8bca8e6b738525b23399f73752cc791dcdfd97",
            "messageTitle": "Add feature to add exercises to fitNUS",
            "messageBody": "Add Exercise class.\nAdd ExerciseAddCommand.\nAdd abstract method hasExercise(), addExercise() to Model Interface.\nAdd case ExerciseAddCommand to AddressBookParser.\nAdd ExerciseAddCommandParser class.\nAdd UniqueExerciseList class.\nAdd DuplicateExerciseException class.\nAdd ExerciseNotFoundException class.\nAdd hasExercise() and addExercise() to AddressBook class. Add new private final variable \"exercises\".\n\nNote: Currently there cannot be spaces in command words. Thus, I modified \"exercise add\" to \"exercise_add\" in Exercise class.\nAdding feature is working, based on a very rough test. \"list\" is unable to display exercises, because it loads from where persons are stored instead of exercises for now.\n",
            "fileTypesAndContributionMap": {
              "functional-code": {
                "insertions": 405,
                "deletions": 9
              }
            }
          },
          {
            "hash": "fa678780551f253424287489d5520750d96390d5",
            "messageTitle": "Fix style and errors in ModelStub",
            "messageBody": "",
            "fileTypesAndContributionMap": {
              "functional-code": {
                "insertions": 19,
                "deletions": 8
              },
              "test-code": {
                "insertions": 11,
                "deletions": 0
              }
            }
          },
          {
            "hash": "671dce5b888a3fd3c60d7aeca401d97b6387bb93",
            "messageTitle": "Edit commands to refer to fitNUS instead of address book",
            "messageBody": "",
            "fileTypesAndContributionMap": {
              "functional-code": {
                "insertions": 1,
                "deletions": 1
              }
            }
          }
        ]
      },
      {
        "date": "2020-10-14",
        "commitResults": [
          {
            "hash": "76801d598e3e3cbcfe82431c23eeb660a04e59da",
            "messageTitle": "Add feature to list exercises",
            "messageBody": "",
            "fileTypesAndContributionMap": {
              "functional-code": {
                "insertions": 353,
                "deletions": 2
              },
              "test-code": {
                "insertions": 12,
                "deletions": 0
              }
            }
          },
          {
            "hash": "a71e31c8735df9592368497792ae4da7e61c611e",
            "messageTitle": "Fix failed test cases",
            "messageBody": "",
            "fileTypesAndContributionMap": {
              "test-code": {
                "insertions": 17,
                "deletions": 0
              }
            }
          },
          {
            "hash": "14a52cd1f841e8ae3f44c816783b67e8cf786c3e",
            "messageTitle": "Fix list and list_exercise commands to hide other lists",
            "messageBody": "",
            "fileTypesAndContributionMap": {
              "functional-code": {
                "insertions": 2,
                "deletions": 0
              }
            }
          },
          {
            "hash": "14c61db3f509ba1d938bf38d6503f6f5a30fe0b6",
            "messageTitle": "Add feature to delete exercises",
            "messageBody": "",
            "fileTypesAndContributionMap": {
              "functional-code": {
                "insertions": 107,
                "deletions": 1
              },
              "test-code": {
                "insertions": 5,
                "deletions": 0
              }
            }
          }
        ]
      },
      {
        "date": "2020-10-18",
        "commitResults": [
          {
            "hash": "8bf9bbb51cfb13c20bb50477dc704618dbd5201f",
            "messageTitle": "Rearrange GUI of fitNUS",
            "messageBody": "",
            "fileTypesAndContributionMap": {
              "functional-code": {
                "insertions": 34,
                "deletions": 35
              }
            }
          },
          {
            "hash": "849585765c158d0b7e9525f6d1b2c65f602e3fa8",
            "messageTitle": "Modify GUI",
            "messageBody": "Change \"lesson_list\" command word to \"list_lessons\" for consistency.\n\"List\" commands now do not hide the other lists.\n",
            "fileTypesAndContributionMap": {
              "functional-code": {
                "insertions": 1,
                "deletions": 7
              }
            }
          }
        ]
      },
      {
        "date": "2020-10-19",
        "commitResults": [
          {
            "hash": "5077f393ebcbf267353a332219dcdf873708b7db",
            "messageTitle": "Add FindExercisesCommand class Add ExerciseNameContainsKeywordsPredicate class Add FindExercisesCommandParser class",
            "messageBody": "",
            "fileTypesAndContributionMap": {
              "functional-code": {
                "insertions": 111,
                "deletions": 1
              }
            }
          }
        ]
      },
      {
        "date": "2020-10-20",
        "commitResults": [
          {
            "hash": "7610cf7c3ccb2bffd47c689b2e19c77e10e878ba",
            "messageTitle": "Update Developer Guide to include Find Exercises feature",
            "messageBody": "Add sequence diagram for Find Exercises using PlantUML\n",
            "fileTypesAndContributionMap": {
              "docs": {
                "insertions": 83,
                "deletions": 0
              }
            }
          }
        ]
      },
      {
        "date": "2020-10-21",
        "commitResults": [
          {
            "hash": "4dae6218cad8b1d98222e9c03cdd1a6e7f07ec6f",
            "messageTitle": "Add Edit Exercise feature",
            "messageBody": "",
            "fileTypesAndContributionMap": {
              "functional-code": {
                "insertions": 282,
                "deletions": 1
              },
              "test-code": {
                "insertions": 5,
                "deletions": 0
              }
            }
          },
          {
            "hash": "33528e37d7d48ad8118751b31ede88a0bd13b991",
            "messageTitle": "Add Tabs to GUI",
            "messageBody": "Currently have \"HOME\" and \"TIMETABLE\" tabs, content in TIMETABLE tab is still a placeholder for now.\n\nUpdate UG UI.png\n",
            "fileTypesAndContributionMap": {
              "functional-code": {
                "insertions": 262,
                "deletions": 86
              }
            }
          },
          {
            "hash": "2e5a63260bace4bb551ccf3760ed4a31f73fe6ba",
            "messageTitle": "Update DG",
            "messageBody": "",
            "fileTypesAndContributionMap": {
              "docs": {
                "insertions": 32,
                "deletions": 0
              }
            }
          },
          {
            "hash": "bec7e97d4d093243cba0452d25bd461cde336cd9",
            "messageTitle": "Add test cases for Exercise class",
            "messageBody": "",
            "fileTypesAndContributionMap": {
              "test-code": {
                "insertions": 55,
                "deletions": 0
              }
            }
          },
          {
            "hash": "ef5fe7e219e2ef0f913c60bd8747f2bbffbbcaec",
            "messageTitle": "Fix checkstyle",
            "messageBody": "",
            "fileTypesAndContributionMap": {
              "test-code": {
                "insertions": 5,
                "deletions": 5
              }
            }
          }
        ]
      },
      {
        "date": "2020-10-26",
        "commitResults": [
          {
            "hash": "dee045efa796c79fd0eec433e244ee0191f66b85",
            "messageTitle": "Update GUI to include timetable",
            "messageBody": "",
            "fileTypesAndContributionMap": {
              "functional-code": {
                "insertions": 305,
                "deletions": 23
              },
              "test-code": {
                "insertions": 5,
                "deletions": 0
              }
            }
          }
        ]
      },
      {
        "date": "2020-10-27",
        "commitResults": [
          {
            "hash": "e628accf3243732d8ac0d37a117c9b906a5e4122",
            "messageTitle": "Merge branch \u0027master\u0027 of https://github.com/AY2021S1-CS2103T-T09-2/tp",
            "messageBody": "",
            "fileTypesAndContributionMap": {
              "functional-code": {
                "insertions": 924,
                "deletions": 32
              },
              "docs": {
                "insertions": 4,
                "deletions": 2
              },
              "test-code": {
                "insertions": 74,
                "deletions": 5
              }
            }
          }
        ]
      },
      {
        "date": "2020-10-29",
        "commitResults": [
          {
            "hash": "ecc87ab0338a46aad1e54b48b013652dbdb8500a",
            "messageTitle": "Add label for weekdays to Timetable view Revome print statements for FXML",
            "messageBody": "",
            "fileTypesAndContributionMap": {
              "functional-code": {
                "insertions": 25,
                "deletions": 7
              }
            }
          }
        ]
      }
    ]
  },
  "authorFileTypeContributionMap": {
    "iqbxl": {
      "docs": 498,
      "functional-code": 1717,
      "test-code": 1285
    },
    "nicholasyeo": {
      "docs": 277,
      "functional-code": 1390,
      "test-code": 72
    },
    "patricktan6": {
      "docs": 14,
      "functional-code": 351,
      "test-code": 26
    },
    "khor-jingqian": {
      "docs": 501,
      "functional-code": 2513,
      "test-code": 1066,
      "other": 4
    },
    "Licheng-Wu": {
      "docs": 216,
      "functional-code": 1723,
      "test-code": 106
    }
  },
  "authorContributionVariance": {
    "iqbxl": 104881.41,
    "nicholasyeo": 14756.436,
    "patricktan6": 1394.4824,
    "khor-jingqian": 53447.273,
    "Licheng-Wu": 25292.365
  },
  "authorDisplayNameMap": {
    "iqbxl": "CS2103T-T09-2 MUHA..MRAN",
    "nicholasyeo": "CS2103T-T09-2 NICH..LENG",
    "patricktan6": "CS2103T-T09-2 TAN .. ZHE",
    "khor-jingqian": "CS2103T-T09-2 KHOR..QIAN",
    "Licheng-Wu": "CS2103T-T09-2 WU L..HENG"
  }
}
