[
  {
    "path": "README.md",
    "fileType": "docs",
    "lines": [
      {
        "lineNumber": 1,
        "author": {
          "gitId": "Liu-2001"
        },
        "content": "[![CI Status](https://github.com/AY2021S1-CS2103T-W17-2/tp/workflows/Java%20CI/badge.svg)](https://github.com/AY2021S1-CS2103T-W17-2/tp/actions)"
      },
      {
        "lineNumber": 2,
        "author": {
          "gitId": "leeweiminsg"
        },
        "content": ""
      },
      {
        "lineNumber": 3,
        "author": {
          "gitId": "leeweiminsg"
        },
        "content": "# Calo"
      },
      {
        "lineNumber": 4,
        "author": {
          "gitId": "leeweiminsg"
        },
        "content": ""
      },
      {
        "lineNumber": 5,
        "author": {
          "gitId": "leeweiminsg"
        },
        "content": "**UI image coming soon**"
      },
      {
        "lineNumber": 6,
        "author": {
          "gitId": "leeweiminsg"
        },
        "content": ""
      },
      {
        "lineNumber": 7,
        "author": {
          "gitId": "leeweiminsg"
        },
        "content": "Tired of noting down your workouts?"
      },
      {
        "lineNumber": 8,
        "author": {
          "gitId": "leeweiminsg"
        },
        "content": ""
      },
      {
        "lineNumber": 9,
        "author": {
          "gitId": "leeweiminsg"
        },
        "content": "Meet Calo, your friendly workout app."
      },
      {
        "lineNumber": 10,
        "author": {
          "gitId": "leeweiminsg"
        },
        "content": ""
      },
      {
        "lineNumber": 11,
        "author": {
          "gitId": "leeweiminsg"
        },
        "content": "- Track your workouts"
      },
      {
        "lineNumber": 12,
        "author": {
          "gitId": "leeweiminsg"
        },
        "content": "- Track your calories burnt"
      },
      {
        "lineNumber": 13,
        "author": {
          "gitId": "leeweiminsg"
        },
        "content": "- Generate portable data"
      },
      {
        "lineNumber": 14,
        "author": {
          "gitId": "leeweiminsg"
        },
        "content": ""
      },
      {
        "lineNumber": 15,
        "author": {
          "gitId": "leeweiminsg"
        },
        "content": "Customised for the CLI lover and fast typer."
      },
      {
        "lineNumber": 16,
        "author": {
          "gitId": "leeweiminsg"
        },
        "content": ""
      },
      {
        "lineNumber": 17,
        "author": {
          "gitId": "leeweiminsg"
        },
        "content": "Try it now!"
      },
      {
        "lineNumber": 18,
        "author": {
          "gitId": "leeweiminsg"
        },
        "content": ""
      },
      {
        "lineNumber": 19,
        "author": {
          "gitId": "leeweiminsg"
        },
        "content": "## Acknowledgements"
      },
      {
        "lineNumber": 20,
        "author": {
          "gitId": "leeweiminsg"
        },
        "content": ""
      },
      {
        "lineNumber": 21,
        "author": {
          "gitId": "leeweiminsg"
        },
        "content": "This project is based on the AddressBook-Level3 project created by the [SE-EDU initiative](https://se-education.org)."
      },
      {
        "lineNumber": 22,
        "author": {
          "gitId": "leeweiminsg"
        },
        "content": ""
      },
      {
        "lineNumber": 23,
        "author": {
          "gitId": "leeweiminsg"
        },
        "content": "## License"
      },
      {
        "lineNumber": 24,
        "author": {
          "gitId": "leeweiminsg"
        },
        "content": ""
      },
      {
        "lineNumber": 25,
        "author": {
          "gitId": "leeweiminsg"
        },
        "content": "MIT"
      }
    ],
    "authorContributionMap": {
      "Liu-2001": 1,
      "leeweiminsg": 24
    }
  },
  {
    "path": "docs/AboutUs.md",
    "fileType": "docs",
    "lines": [
      {
        "lineNumber": 1,
        "author": {
          "gitId": "-"
        },
        "content": "---"
      },
      {
        "lineNumber": 2,
        "author": {
          "gitId": "-"
        },
        "content": "layout: page"
      },
      {
        "lineNumber": 3,
        "author": {
          "gitId": "-"
        },
        "content": "title: About Us"
      },
      {
        "lineNumber": 4,
        "author": {
          "gitId": "-"
        },
        "content": "---"
      },
      {
        "lineNumber": 5,
        "author": {
          "gitId": "-"
        },
        "content": ""
      },
      {
        "lineNumber": 6,
        "author": {
          "gitId": "Nahoyhp"
        },
        "content": "We are a group of students taking CS2103T: Software Engineering in the [School of Computing, National University of Singapore](http://www.comp.nus.edu.sg)."
      },
      {
        "lineNumber": 7,
        "author": {
          "gitId": "-"
        },
        "content": ""
      },
      {
        "lineNumber": 8,
        "author": {
          "gitId": "-"
        },
        "content": ""
      },
      {
        "lineNumber": 9,
        "author": {
          "gitId": "-"
        },
        "content": "## Project team"
      },
      {
        "lineNumber": 10,
        "author": {
          "gitId": "-"
        },
        "content": ""
      },
      {
        "lineNumber": 11,
        "author": {
          "gitId": "Nahoyhp"
        },
        "content": "|  | Name | Role | Project |"
      },
      {
        "lineNumber": 12,
        "author": {
          "gitId": "Nahoyhp"
        },
        "content": "|---|---|---|---|"
      },
      {
        "lineNumber": 13,
        "author": {
          "gitId": "Nahoyhp"
        },
        "content": "|\u003cimg src\u003d\"https://avatars3.githubusercontent.com/u/40591060?s\u003d400\u0026u\u003d4b5102975b010a42d7115cdb111d622c85ef729c\u0026v\u003d4\" width\u003d\"200px\"\u003e| Eugene Tan| Advisor | [github](https://github.com/eugenetyc) |"
      },
      {
        "lineNumber": 14,
        "author": {
          "gitId": "Nahoyhp"
        },
        "content": "|\u003cimg src\u003d\"images/leeweiminsg.png\" width\u003d\"200px\"\u003e|Lee Wei Min| Developer | [github](https://github.com/leeweiminsg) |"
      },
      {
        "lineNumber": 15,
        "author": {
          "gitId": "Nahoyhp"
        },
        "content": "|\u003cimg src\u003d\"images/liu-2001.png\" width\u003d\"200px\"\u003e|Liu Xinyi| Developer | [github](https://github.com/Liu-2001) |"
      },
      {
        "lineNumber": 16,
        "author": {
          "gitId": "Nahoyhp"
        },
        "content": "|\u003cimg src\u003d\"images/nauman-s.png\" width\u003d\"200px\"\u003e|Nauman Sajid| Developer | [github](https://github.com/Nauman-S) |"
      },
      {
        "lineNumber": 17,
        "author": {
          "gitId": "Nahoyhp"
        },
        "content": "|\u003cimg src\u003d\"images/nahoyhp.png\" width\u003d\"200px\"\u003e|Phyo Han| Developer | [github](https://github.com/Nahoyhp/) |"
      },
      {
        "lineNumber": 18,
        "author": {
          "gitId": "Nahoyhp"
        },
        "content": "|\u003cimg src\u003d\"images/royxuzeng.png\" width\u003d\"200px\"\u003e|Xu Zeng| Developer | [github](https://github.com/Royxuzeng) |"
      }
    ],
    "authorContributionMap": {
      "Nahoyhp": 9,
      "-": 9
    }
  },
  {
    "path": "docs/DeveloperGuide.md",
    "fileType": "docs",
    "lines": [
      {
        "lineNumber": 1,
        "author": {
          "gitId": "-"
        },
        "content": "---"
      },
      {
        "lineNumber": 2,
        "author": {
          "gitId": "-"
        },
        "content": "layout: page"
      },
      {
        "lineNumber": 3,
        "author": {
          "gitId": "-"
        },
        "content": "title: Developer Guide"
      },
      {
        "lineNumber": 4,
        "author": {
          "gitId": "-"
        },
        "content": "---"
      },
      {
        "lineNumber": 5,
        "author": {
          "gitId": "-"
        },
        "content": "* Table of Contents"
      },
      {
        "lineNumber": 6,
        "author": {
          "gitId": "-"
        },
        "content": "{:toc}"
      },
      {
        "lineNumber": 7,
        "author": {
          "gitId": "-"
        },
        "content": ""
      },
      {
        "lineNumber": 8,
        "author": {
          "gitId": "-"
        },
        "content": "--------------------------------------------------------------------------------------------------------------------"
      },
      {
        "lineNumber": 9,
        "author": {
          "gitId": "-"
        },
        "content": ""
      },
      {
        "lineNumber": 10,
        "author": {
          "gitId": "-"
        },
        "content": "## **Setting up, getting started**"
      },
      {
        "lineNumber": 11,
        "author": {
          "gitId": "-"
        },
        "content": ""
      },
      {
        "lineNumber": 12,
        "author": {
          "gitId": "-"
        },
        "content": "Refer to the guide [_Setting up and getting started_](SettingUp.md)."
      },
      {
        "lineNumber": 13,
        "author": {
          "gitId": "-"
        },
        "content": ""
      },
      {
        "lineNumber": 14,
        "author": {
          "gitId": "-"
        },
        "content": "--------------------------------------------------------------------------------------------------------------------"
      },
      {
        "lineNumber": 15,
        "author": {
          "gitId": "-"
        },
        "content": ""
      },
      {
        "lineNumber": 16,
        "author": {
          "gitId": "-"
        },
        "content": "## **Design**"
      },
      {
        "lineNumber": 17,
        "author": {
          "gitId": "-"
        },
        "content": ""
      },
      {
        "lineNumber": 18,
        "author": {
          "gitId": "-"
        },
        "content": "### Architecture"
      },
      {
        "lineNumber": 19,
        "author": {
          "gitId": "-"
        },
        "content": ""
      },
      {
        "lineNumber": 20,
        "author": {
          "gitId": "-"
        },
        "content": "\u003cimg src\u003d\"images/ArchitectureDiagram.png\" width\u003d\"450\" /\u003e"
      },
      {
        "lineNumber": 21,
        "author": {
          "gitId": "-"
        },
        "content": ""
      },
      {
        "lineNumber": 22,
        "author": {
          "gitId": "-"
        },
        "content": "The ***Architecture Diagram*** given above explains the high-level design of the App. Given below is a quick overview of each component."
      },
      {
        "lineNumber": 23,
        "author": {
          "gitId": "-"
        },
        "content": ""
      },
      {
        "lineNumber": 24,
        "author": {
          "gitId": "-"
        },
        "content": "\u003cdiv markdown\u003d\"span\" class\u003d\"alert alert-primary\"\u003e"
      },
      {
        "lineNumber": 25,
        "author": {
          "gitId": "-"
        },
        "content": ""
      },
      {
        "lineNumber": 26,
        "author": {
          "gitId": "-"
        },
        "content": ":bulb: **Tip:** The `.puml` files used to create diagrams in this document can be found in the [diagrams](https://github.com/se-edu/addressbook-level3/tree/master/docs/diagrams/) folder. Refer to the [_PlantUML Tutorial_ at se-edu/guides](https://se-education.org/guides/tutorials/plantUml.html) to learn how to create and edit diagrams."
      },
      {
        "lineNumber": 27,
        "author": {
          "gitId": "-"
        },
        "content": ""
      },
      {
        "lineNumber": 28,
        "author": {
          "gitId": "-"
        },
        "content": "\u003c/div\u003e"
      },
      {
        "lineNumber": 29,
        "author": {
          "gitId": "-"
        },
        "content": ""
      },
      {
        "lineNumber": 30,
        "author": {
          "gitId": "-"
        },
        "content": "**`Main`** has two classes called [`Main`](https://github.com/se-edu/addressbook-level3/tree/master/src/main/java/seedu/address/Main.java) and [`MainApp`](https://github.com/se-edu/addressbook-level3/tree/master/src/main/java/seedu/address/MainApp.java). It is responsible for,"
      },
      {
        "lineNumber": 31,
        "author": {
          "gitId": "-"
        },
        "content": "* At app launch: Initializes the components in the correct sequence, and connects them up with each other."
      },
      {
        "lineNumber": 32,
        "author": {
          "gitId": "-"
        },
        "content": "* At shut down: Shuts down the components and invokes cleanup methods where necessary."
      },
      {
        "lineNumber": 33,
        "author": {
          "gitId": "-"
        },
        "content": ""
      },
      {
        "lineNumber": 34,
        "author": {
          "gitId": "-"
        },
        "content": "[**`Commons`**](#common-classes) represents a collection of classes used by multiple other components."
      },
      {
        "lineNumber": 35,
        "author": {
          "gitId": "-"
        },
        "content": ""
      },
      {
        "lineNumber": 36,
        "author": {
          "gitId": "-"
        },
        "content": "The rest of the App consists of four components."
      },
      {
        "lineNumber": 37,
        "author": {
          "gitId": "-"
        },
        "content": ""
      },
      {
        "lineNumber": 38,
        "author": {
          "gitId": "-"
        },
        "content": "* [**`UI`**](#ui-component): The UI of the App."
      },
      {
        "lineNumber": 39,
        "author": {
          "gitId": "-"
        },
        "content": "* [**`Logic`**](#logic-component): The command executor."
      },
      {
        "lineNumber": 40,
        "author": {
          "gitId": "-"
        },
        "content": "* [**`Model`**](#model-component): Holds the data of the App in memory."
      },
      {
        "lineNumber": 41,
        "author": {
          "gitId": "-"
        },
        "content": "* [**`Storage`**](#storage-component): Reads data from, and writes data to, the hard disk."
      },
      {
        "lineNumber": 42,
        "author": {
          "gitId": "-"
        },
        "content": ""
      },
      {
        "lineNumber": 43,
        "author": {
          "gitId": "-"
        },
        "content": "Each of the four components,"
      },
      {
        "lineNumber": 44,
        "author": {
          "gitId": "-"
        },
        "content": ""
      },
      {
        "lineNumber": 45,
        "author": {
          "gitId": "-"
        },
        "content": "* defines its *API* in an `interface` with the same name as the Component."
      },
      {
        "lineNumber": 46,
        "author": {
          "gitId": "-"
        },
        "content": "* exposes its functionality using a concrete `{Component Name}Manager` class (which implements the corresponding API `interface` mentioned in the previous point."
      },
      {
        "lineNumber": 47,
        "author": {
          "gitId": "-"
        },
        "content": ""
      },
      {
        "lineNumber": 48,
        "author": {
          "gitId": "-"
        },
        "content": "For example, the `Logic` component (see the class diagram given below) defines its API in the `Logic.java` interface and exposes its functionality using the `LogicManager.java` class which implements the `Logic` interface."
      },
      {
        "lineNumber": 49,
        "author": {
          "gitId": "-"
        },
        "content": ""
      },
      {
        "lineNumber": 50,
        "author": {
          "gitId": "-"
        },
        "content": "![Class Diagram of the Logic Component](images/LogicClassDiagram.png)"
      },
      {
        "lineNumber": 51,
        "author": {
          "gitId": "-"
        },
        "content": ""
      },
      {
        "lineNumber": 52,
        "author": {
          "gitId": "-"
        },
        "content": "**How the architecture components interact with each other**"
      },
      {
        "lineNumber": 53,
        "author": {
          "gitId": "-"
        },
        "content": ""
      },
      {
        "lineNumber": 54,
        "author": {
          "gitId": "-"
        },
        "content": "The *Sequence Diagram* below shows how the components interact with each other for the scenario where the user issues the command `delete 1`."
      },
      {
        "lineNumber": 55,
        "author": {
          "gitId": "-"
        },
        "content": ""
      },
      {
        "lineNumber": 56,
        "author": {
          "gitId": "-"
        },
        "content": "\u003cimg src\u003d\"images/ArchitectureSequenceDiagram.png\" width\u003d\"574\" /\u003e"
      },
      {
        "lineNumber": 57,
        "author": {
          "gitId": "-"
        },
        "content": ""
      },
      {
        "lineNumber": 58,
        "author": {
          "gitId": "-"
        },
        "content": "The sections below give more details of each component."
      },
      {
        "lineNumber": 59,
        "author": {
          "gitId": "-"
        },
        "content": ""
      },
      {
        "lineNumber": 60,
        "author": {
          "gitId": "-"
        },
        "content": "### UI component"
      },
      {
        "lineNumber": 61,
        "author": {
          "gitId": "-"
        },
        "content": ""
      },
      {
        "lineNumber": 62,
        "author": {
          "gitId": "-"
        },
        "content": "![Structure of the UI Component](images/UiClassDiagram.png)"
      },
      {
        "lineNumber": 63,
        "author": {
          "gitId": "-"
        },
        "content": ""
      },
      {
        "lineNumber": 64,
        "author": {
          "gitId": "-"
        },
        "content": "**API** :"
      },
      {
        "lineNumber": 65,
        "author": {
          "gitId": "-"
        },
        "content": "[`Ui.java`](https://github.com/se-edu/addressbook-level3/tree/master/src/main/java/seedu/address/ui/Ui.java)"
      },
      {
        "lineNumber": 66,
        "author": {
          "gitId": "-"
        },
        "content": ""
      },
      {
        "lineNumber": 67,
        "author": {
          "gitId": "-"
        },
        "content": "The UI consists of a `MainWindow` that is made up of parts e.g.`CommandBox`, `ResultDisplay`, `PersonListPanel`, `StatusBarFooter` etc. All these, including the `MainWindow`, inherit from the abstract `UiPart` class."
      },
      {
        "lineNumber": 68,
        "author": {
          "gitId": "-"
        },
        "content": ""
      },
      {
        "lineNumber": 69,
        "author": {
          "gitId": "-"
        },
        "content": "The `UI` component uses JavaFx UI framework. The layout of these UI parts are defined in matching `.fxml` files that are in the `src/main/resources/view` folder. For example, the layout of the [`MainWindow`](https://github.com/se-edu/addressbook-level3/tree/master/src/main/java/seedu/address/ui/MainWindow.java) is specified in [`MainWindow.fxml`](https://github.com/se-edu/addressbook-level3/tree/master/src/main/resources/view/MainWindow.fxml)"
      },
      {
        "lineNumber": 70,
        "author": {
          "gitId": "-"
        },
        "content": ""
      },
      {
        "lineNumber": 71,
        "author": {
          "gitId": "-"
        },
        "content": "The `UI` component,"
      },
      {
        "lineNumber": 72,
        "author": {
          "gitId": "-"
        },
        "content": ""
      },
      {
        "lineNumber": 73,
        "author": {
          "gitId": "-"
        },
        "content": "* Executes user commands using the `Logic` component."
      },
      {
        "lineNumber": 74,
        "author": {
          "gitId": "-"
        },
        "content": "* Listens for changes to `Model` data so that the UI can be updated with the modified data."
      },
      {
        "lineNumber": 75,
        "author": {
          "gitId": "-"
        },
        "content": ""
      },
      {
        "lineNumber": 76,
        "author": {
          "gitId": "-"
        },
        "content": "### Logic component"
      },
      {
        "lineNumber": 77,
        "author": {
          "gitId": "-"
        },
        "content": ""
      },
      {
        "lineNumber": 78,
        "author": {
          "gitId": "-"
        },
        "content": "![Structure of the Logic Component](images/LogicClassDiagram.png)"
      },
      {
        "lineNumber": 79,
        "author": {
          "gitId": "-"
        },
        "content": ""
      },
      {
        "lineNumber": 80,
        "author": {
          "gitId": "-"
        },
        "content": "**API** :"
      },
      {
        "lineNumber": 81,
        "author": {
          "gitId": "-"
        },
        "content": "[`Logic.java`](https://github.com/se-edu/addressbook-level3/tree/master/src/main/java/seedu/address/logic/Logic.java)"
      },
      {
        "lineNumber": 82,
        "author": {
          "gitId": "-"
        },
        "content": ""
      },
      {
        "lineNumber": 83,
        "author": {
          "gitId": "-"
        },
        "content": "1. `Logic` uses the `AddressBookParser` class to parse the user command."
      },
      {
        "lineNumber": 84,
        "author": {
          "gitId": "-"
        },
        "content": "1. This results in a `Command` object which is executed by the `LogicManager`."
      },
      {
        "lineNumber": 85,
        "author": {
          "gitId": "-"
        },
        "content": "1. The command execution can affect the `Model` (e.g. adding a person)."
      },
      {
        "lineNumber": 86,
        "author": {
          "gitId": "-"
        },
        "content": "1. The result of the command execution is encapsulated as a `CommandResult` object which is passed back to the `Ui`."
      },
      {
        "lineNumber": 87,
        "author": {
          "gitId": "-"
        },
        "content": "1. In addition, the `CommandResult` object can also instruct the `Ui` to perform certain actions, such as displaying help to the user."
      },
      {
        "lineNumber": 88,
        "author": {
          "gitId": "-"
        },
        "content": ""
      },
      {
        "lineNumber": 89,
        "author": {
          "gitId": "-"
        },
        "content": "Given below is the Sequence Diagram for interactions within the `Logic` component for the `execute(\"delete 1\")` API call."
      },
      {
        "lineNumber": 90,
        "author": {
          "gitId": "-"
        },
        "content": ""
      },
      {
        "lineNumber": 91,
        "author": {
          "gitId": "-"
        },
        "content": "![Interactions Inside the Logic Component for the `delete 1` Command](images/DeleteSequenceDiagram.png)"
      },
      {
        "lineNumber": 92,
        "author": {
          "gitId": "-"
        },
        "content": ""
      },
      {
        "lineNumber": 93,
        "author": {
          "gitId": "-"
        },
        "content": "\u003cdiv markdown\u003d\"span\" class\u003d\"alert alert-info\"\u003e:information_source: **Note:** The lifeline for `DeleteCommandParser` should end at the destroy marker (X) but due to a limitation of PlantUML, the lifeline reaches the end of diagram."
      },
      {
        "lineNumber": 94,
        "author": {
          "gitId": "-"
        },
        "content": "\u003c/div\u003e"
      },
      {
        "lineNumber": 95,
        "author": {
          "gitId": "-"
        },
        "content": ""
      },
      {
        "lineNumber": 96,
        "author": {
          "gitId": "-"
        },
        "content": "### Model component"
      },
      {
        "lineNumber": 97,
        "author": {
          "gitId": "-"
        },
        "content": ""
      },
      {
        "lineNumber": 98,
        "author": {
          "gitId": "-"
        },
        "content": "![Structure of the Model Component](images/ModelClassDiagram.png)"
      },
      {
        "lineNumber": 99,
        "author": {
          "gitId": "-"
        },
        "content": ""
      },
      {
        "lineNumber": 100,
        "author": {
          "gitId": "-"
        },
        "content": "**API** : [`Model.java`](https://github.com/se-edu/addressbook-level3/tree/master/src/main/java/seedu/address/model/Model.java)"
      },
      {
        "lineNumber": 101,
        "author": {
          "gitId": "-"
        },
        "content": ""
      },
      {
        "lineNumber": 102,
        "author": {
          "gitId": "-"
        },
        "content": "The `Model`,"
      },
      {
        "lineNumber": 103,
        "author": {
          "gitId": "-"
        },
        "content": ""
      },
      {
        "lineNumber": 104,
        "author": {
          "gitId": "-"
        },
        "content": "* stores a `UserPref` object that represents the user’s preferences."
      },
      {
        "lineNumber": 105,
        "author": {
          "gitId": "-"
        },
        "content": "* stores the address book data."
      },
      {
        "lineNumber": 106,
        "author": {
          "gitId": "-"
        },
        "content": "* exposes an unmodifiable `ObservableList\u003cPerson\u003e` that can be \u0027observed\u0027 e.g. the UI can be bound to this list so that the UI automatically updates when the data in the list change."
      },
      {
        "lineNumber": 107,
        "author": {
          "gitId": "-"
        },
        "content": "* does not depend on any of the other three components."
      },
      {
        "lineNumber": 108,
        "author": {
          "gitId": "-"
        },
        "content": ""
      },
      {
        "lineNumber": 109,
        "author": {
          "gitId": "-"
        },
        "content": ""
      },
      {
        "lineNumber": 110,
        "author": {
          "gitId": "-"
        },
        "content": "\u003cdiv markdown\u003d\"span\" class\u003d\"alert alert-info\"\u003e:information_source: **Note:** An alternative (arguably, a more OOP) model is given below. It has a `Tag` list in the `AddressBook`, which `Person` references. This allows `AddressBook` to only require one `Tag` object per unique `Tag`, instead of each `Person` needing their own `Tag` object.\u003cbr\u003e"
      },
      {
        "lineNumber": 111,
        "author": {
          "gitId": "-"
        },
        "content": "![BetterModelClassDiagram](images/BetterModelClassDiagram.png)"
      },
      {
        "lineNumber": 112,
        "author": {
          "gitId": "-"
        },
        "content": ""
      },
      {
        "lineNumber": 113,
        "author": {
          "gitId": "-"
        },
        "content": "\u003c/div\u003e"
      },
      {
        "lineNumber": 114,
        "author": {
          "gitId": "-"
        },
        "content": ""
      },
      {
        "lineNumber": 115,
        "author": {
          "gitId": "-"
        },
        "content": ""
      },
      {
        "lineNumber": 116,
        "author": {
          "gitId": "-"
        },
        "content": "### Storage component"
      },
      {
        "lineNumber": 117,
        "author": {
          "gitId": "-"
        },
        "content": ""
      },
      {
        "lineNumber": 118,
        "author": {
          "gitId": "-"
        },
        "content": "![Structure of the Storage Component](images/StorageClassDiagram.png)"
      },
      {
        "lineNumber": 119,
        "author": {
          "gitId": "-"
        },
        "content": ""
      },
      {
        "lineNumber": 120,
        "author": {
          "gitId": "-"
        },
        "content": "**API** : [`Storage.java`](https://github.com/se-edu/addressbook-level3/tree/master/src/main/java/seedu/address/storage/Storage.java)"
      },
      {
        "lineNumber": 121,
        "author": {
          "gitId": "-"
        },
        "content": ""
      },
      {
        "lineNumber": 122,
        "author": {
          "gitId": "-"
        },
        "content": "The `Storage` component,"
      },
      {
        "lineNumber": 123,
        "author": {
          "gitId": "-"
        },
        "content": "* can save `UserPref` objects in json format and read it back."
      },
      {
        "lineNumber": 124,
        "author": {
          "gitId": "-"
        },
        "content": "* can save the address book data in json format and read it back."
      },
      {
        "lineNumber": 125,
        "author": {
          "gitId": "-"
        },
        "content": ""
      },
      {
        "lineNumber": 126,
        "author": {
          "gitId": "-"
        },
        "content": "### Common classes"
      },
      {
        "lineNumber": 127,
        "author": {
          "gitId": "-"
        },
        "content": ""
      },
      {
        "lineNumber": 128,
        "author": {
          "gitId": "-"
        },
        "content": "Classes used by multiple components are in the `seedu.addressbook.commons` package."
      },
      {
        "lineNumber": 129,
        "author": {
          "gitId": "-"
        },
        "content": ""
      },
      {
        "lineNumber": 130,
        "author": {
          "gitId": "-"
        },
        "content": "--------------------------------------------------------------------------------------------------------------------"
      },
      {
        "lineNumber": 131,
        "author": {
          "gitId": "-"
        },
        "content": ""
      },
      {
        "lineNumber": 132,
        "author": {
          "gitId": "-"
        },
        "content": "## **Implementation**"
      },
      {
        "lineNumber": 133,
        "author": {
          "gitId": "-"
        },
        "content": ""
      },
      {
        "lineNumber": 134,
        "author": {
          "gitId": "-"
        },
        "content": "This section describes some noteworthy details on how certain features are implemented."
      },
      {
        "lineNumber": 135,
        "author": {
          "gitId": "-"
        },
        "content": ""
      },
      {
        "lineNumber": 136,
        "author": {
          "gitId": "-"
        },
        "content": "### \\[Proposed\\] Undo/redo feature"
      },
      {
        "lineNumber": 137,
        "author": {
          "gitId": "-"
        },
        "content": ""
      },
      {
        "lineNumber": 138,
        "author": {
          "gitId": "-"
        },
        "content": "#### Proposed Implementation"
      },
      {
        "lineNumber": 139,
        "author": {
          "gitId": "-"
        },
        "content": ""
      },
      {
        "lineNumber": 140,
        "author": {
          "gitId": "-"
        },
        "content": "The proposed undo/redo mechanism is facilitated by `VersionedAddressBook`. It extends `AddressBook` with an undo/redo history, stored internally as an `addressBookStateList` and `currentStatePointer`. Additionally, it implements the following operations:"
      },
      {
        "lineNumber": 141,
        "author": {
          "gitId": "-"
        },
        "content": ""
      },
      {
        "lineNumber": 142,
        "author": {
          "gitId": "-"
        },
        "content": "* `VersionedAddressBook#commit()` — Saves the current address book state in its history."
      },
      {
        "lineNumber": 143,
        "author": {
          "gitId": "-"
        },
        "content": "* `VersionedAddressBook#undo()` — Restores the previous address book state from its history."
      },
      {
        "lineNumber": 144,
        "author": {
          "gitId": "-"
        },
        "content": "* `VersionedAddressBook#redo()` — Restores a previously undone address book state from its history."
      },
      {
        "lineNumber": 145,
        "author": {
          "gitId": "-"
        },
        "content": ""
      },
      {
        "lineNumber": 146,
        "author": {
          "gitId": "-"
        },
        "content": "These operations are exposed in the `Model` interface as `Model#commitAddressBook()`, `Model#undoAddressBook()` and `Model#redoAddressBook()` respectively."
      },
      {
        "lineNumber": 147,
        "author": {
          "gitId": "-"
        },
        "content": ""
      },
      {
        "lineNumber": 148,
        "author": {
          "gitId": "-"
        },
        "content": "Given below is an example usage scenario and how the undo/redo mechanism behaves at each step."
      },
      {
        "lineNumber": 149,
        "author": {
          "gitId": "-"
        },
        "content": ""
      },
      {
        "lineNumber": 150,
        "author": {
          "gitId": "-"
        },
        "content": "Step 1. The user launches the application for the first time. The `VersionedAddressBook` will be initialized with the initial address book state, and the `currentStatePointer` pointing to that single address book state."
      },
      {
        "lineNumber": 151,
        "author": {
          "gitId": "-"
        },
        "content": ""
      },
      {
        "lineNumber": 152,
        "author": {
          "gitId": "-"
        },
        "content": "![UndoRedoState0](images/UndoRedoState0.png)"
      },
      {
        "lineNumber": 153,
        "author": {
          "gitId": "-"
        },
        "content": ""
      },
      {
        "lineNumber": 154,
        "author": {
          "gitId": "-"
        },
        "content": "Step 2. The user executes `delete 5` command to delete the 5th person in the address book. The `delete` command calls `Model#commitAddressBook()`, causing the modified state of the address book after the `delete 5` command executes to be saved in the `addressBookStateList`, and the `currentStatePointer` is shifted to the newly inserted address book state."
      },
      {
        "lineNumber": 155,
        "author": {
          "gitId": "-"
        },
        "content": ""
      },
      {
        "lineNumber": 156,
        "author": {
          "gitId": "-"
        },
        "content": "![UndoRedoState1](images/UndoRedoState1.png)"
      },
      {
        "lineNumber": 157,
        "author": {
          "gitId": "-"
        },
        "content": ""
      },
      {
        "lineNumber": 158,
        "author": {
          "gitId": "-"
        },
        "content": "Step 3. The user executes `add n/David …​` to add a new person. The `add` command also calls `Model#commitAddressBook()`, causing another modified address book state to be saved into the `addressBookStateList`."
      },
      {
        "lineNumber": 159,
        "author": {
          "gitId": "-"
        },
        "content": ""
      },
      {
        "lineNumber": 160,
        "author": {
          "gitId": "-"
        },
        "content": "![UndoRedoState2](images/UndoRedoState2.png)"
      },
      {
        "lineNumber": 161,
        "author": {
          "gitId": "-"
        },
        "content": ""
      },
      {
        "lineNumber": 162,
        "author": {
          "gitId": "-"
        },
        "content": "\u003cdiv markdown\u003d\"span\" class\u003d\"alert alert-info\"\u003e:information_source: **Note:** If a command fails its execution, it will not call `Model#commitAddressBook()`, so the address book state will not be saved into the `addressBookStateList`."
      },
      {
        "lineNumber": 163,
        "author": {
          "gitId": "-"
        },
        "content": ""
      },
      {
        "lineNumber": 164,
        "author": {
          "gitId": "-"
        },
        "content": "\u003c/div\u003e"
      },
      {
        "lineNumber": 165,
        "author": {
          "gitId": "-"
        },
        "content": ""
      },
      {
        "lineNumber": 166,
        "author": {
          "gitId": "-"
        },
        "content": "Step 4. The user now decides that adding the person was a mistake, and decides to undo that action by executing the `undo` command. The `undo` command will call `Model#undoAddressBook()`, which will shift the `currentStatePointer` once to the left, pointing it to the previous address book state, and restores the address book to that state."
      },
      {
        "lineNumber": 167,
        "author": {
          "gitId": "-"
        },
        "content": ""
      },
      {
        "lineNumber": 168,
        "author": {
          "gitId": "-"
        },
        "content": "![UndoRedoState3](images/UndoRedoState3.png)"
      },
      {
        "lineNumber": 169,
        "author": {
          "gitId": "-"
        },
        "content": ""
      },
      {
        "lineNumber": 170,
        "author": {
          "gitId": "-"
        },
        "content": "\u003cdiv markdown\u003d\"span\" class\u003d\"alert alert-info\"\u003e:information_source: **Note:** If the `currentStatePointer` is at index 0, pointing to the initial AddressBook state, then there are no previous AddressBook states to restore. The `undo` command uses `Model#canUndoAddressBook()` to check if this is the case. If so, it will return an error to the user rather"
      },
      {
        "lineNumber": 171,
        "author": {
          "gitId": "-"
        },
        "content": "than attempting to perform the undo."
      },
      {
        "lineNumber": 172,
        "author": {
          "gitId": "-"
        },
        "content": ""
      },
      {
        "lineNumber": 173,
        "author": {
          "gitId": "-"
        },
        "content": "\u003c/div\u003e"
      },
      {
        "lineNumber": 174,
        "author": {
          "gitId": "-"
        },
        "content": ""
      },
      {
        "lineNumber": 175,
        "author": {
          "gitId": "-"
        },
        "content": "The following sequence diagram shows how the undo operation works:"
      },
      {
        "lineNumber": 176,
        "author": {
          "gitId": "-"
        },
        "content": ""
      },
      {
        "lineNumber": 177,
        "author": {
          "gitId": "-"
        },
        "content": "![UndoSequenceDiagram](images/UndoSequenceDiagram.png)"
      },
      {
        "lineNumber": 178,
        "author": {
          "gitId": "-"
        },
        "content": ""
      },
      {
        "lineNumber": 179,
        "author": {
          "gitId": "-"
        },
        "content": "\u003cdiv markdown\u003d\"span\" class\u003d\"alert alert-info\"\u003e:information_source: **Note:** The lifeline for `UndoCommand` should end at the destroy marker (X) but due to a limitation of PlantUML, the lifeline reaches the end of diagram."
      },
      {
        "lineNumber": 180,
        "author": {
          "gitId": "-"
        },
        "content": ""
      },
      {
        "lineNumber": 181,
        "author": {
          "gitId": "-"
        },
        "content": "\u003c/div\u003e"
      },
      {
        "lineNumber": 182,
        "author": {
          "gitId": "-"
        },
        "content": ""
      },
      {
        "lineNumber": 183,
        "author": {
          "gitId": "-"
        },
        "content": "The `redo` command does the opposite — it calls `Model#redoAddressBook()`, which shifts the `currentStatePointer` once to the right, pointing to the previously undone state, and restores the address book to that state."
      },
      {
        "lineNumber": 184,
        "author": {
          "gitId": "-"
        },
        "content": ""
      },
      {
        "lineNumber": 185,
        "author": {
          "gitId": "-"
        },
        "content": "\u003cdiv markdown\u003d\"span\" class\u003d\"alert alert-info\"\u003e:information_source: **Note:** If the `currentStatePointer` is at index `addressBookStateList.size() - 1`, pointing to the latest address book state, then there are no undone AddressBook states to restore. The `redo` command uses `Model#canRedoAddressBook()` to check if this is the case. If so, it will return an error to the user rather than attempting to perform the redo."
      },
      {
        "lineNumber": 186,
        "author": {
          "gitId": "-"
        },
        "content": ""
      },
      {
        "lineNumber": 187,
        "author": {
          "gitId": "-"
        },
        "content": "\u003c/div\u003e"
      },
      {
        "lineNumber": 188,
        "author": {
          "gitId": "-"
        },
        "content": ""
      },
      {
        "lineNumber": 189,
        "author": {
          "gitId": "-"
        },
        "content": "Step 5. The user then decides to execute the command `list`. Commands that do not modify the address book, such as `list`, will usually not call `Model#commitAddressBook()`, `Model#undoAddressBook()` or `Model#redoAddressBook()`. Thus, the `addressBookStateList` remains unchanged."
      },
      {
        "lineNumber": 190,
        "author": {
          "gitId": "-"
        },
        "content": ""
      },
      {
        "lineNumber": 191,
        "author": {
          "gitId": "-"
        },
        "content": "![UndoRedoState4](images/UndoRedoState4.png)"
      },
      {
        "lineNumber": 192,
        "author": {
          "gitId": "-"
        },
        "content": ""
      },
      {
        "lineNumber": 193,
        "author": {
          "gitId": "-"
        },
        "content": "Step 6. The user executes `clear`, which calls `Model#commitAddressBook()`. Since the `currentStatePointer` is not pointing at the end of the `addressBookStateList`, all address book states after the `currentStatePointer` will be purged. Reason: It no longer makes sense to redo the `add n/David …​` command. This is the behavior that most modern desktop applications follow."
      },
      {
        "lineNumber": 194,
        "author": {
          "gitId": "-"
        },
        "content": ""
      },
      {
        "lineNumber": 195,
        "author": {
          "gitId": "-"
        },
        "content": "![UndoRedoState5](images/UndoRedoState5.png)"
      },
      {
        "lineNumber": 196,
        "author": {
          "gitId": "-"
        },
        "content": ""
      },
      {
        "lineNumber": 197,
        "author": {
          "gitId": "-"
        },
        "content": "The following activity diagram summarizes what happens when a user executes a new command:"
      },
      {
        "lineNumber": 198,
        "author": {
          "gitId": "-"
        },
        "content": ""
      },
      {
        "lineNumber": 199,
        "author": {
          "gitId": "-"
        },
        "content": "![CommitActivityDiagram](images/CommitActivityDiagram.png)"
      },
      {
        "lineNumber": 200,
        "author": {
          "gitId": "-"
        },
        "content": ""
      },
      {
        "lineNumber": 201,
        "author": {
          "gitId": "-"
        },
        "content": "#### Design consideration:"
      },
      {
        "lineNumber": 202,
        "author": {
          "gitId": "-"
        },
        "content": ""
      },
      {
        "lineNumber": 203,
        "author": {
          "gitId": "-"
        },
        "content": "##### Aspect: How undo \u0026 redo executes"
      },
      {
        "lineNumber": 204,
        "author": {
          "gitId": "-"
        },
        "content": ""
      },
      {
        "lineNumber": 205,
        "author": {
          "gitId": "-"
        },
        "content": "* **Alternative 1 (current choice):** Saves the entire address book."
      },
      {
        "lineNumber": 206,
        "author": {
          "gitId": "-"
        },
        "content": "  * Pros: Easy to implement."
      },
      {
        "lineNumber": 207,
        "author": {
          "gitId": "-"
        },
        "content": "  * Cons: May have performance issues in terms of memory usage."
      },
      {
        "lineNumber": 208,
        "author": {
          "gitId": "-"
        },
        "content": ""
      },
      {
        "lineNumber": 209,
        "author": {
          "gitId": "-"
        },
        "content": "* **Alternative 2:** Individual command knows how to undo/redo by"
      },
      {
        "lineNumber": 210,
        "author": {
          "gitId": "-"
        },
        "content": "  itself."
      },
      {
        "lineNumber": 211,
        "author": {
          "gitId": "-"
        },
        "content": "  * Pros: Will use less memory (e.g. for `delete`, just save the person being deleted)."
      },
      {
        "lineNumber": 212,
        "author": {
          "gitId": "-"
        },
        "content": "  * Cons: We must ensure that the implementation of each individual command are correct."
      },
      {
        "lineNumber": 213,
        "author": {
          "gitId": "-"
        },
        "content": ""
      },
      {
        "lineNumber": 214,
        "author": {
          "gitId": "-"
        },
        "content": "_{more aspects and alternatives to be added}_"
      },
      {
        "lineNumber": 215,
        "author": {
          "gitId": "-"
        },
        "content": ""
      },
      {
        "lineNumber": 216,
        "author": {
          "gitId": "-"
        },
        "content": "### \\[Proposed\\] Data archiving"
      },
      {
        "lineNumber": 217,
        "author": {
          "gitId": "-"
        },
        "content": ""
      },
      {
        "lineNumber": 218,
        "author": {
          "gitId": "-"
        },
        "content": "_{Explain here how the data archiving feature will be implemented}_"
      },
      {
        "lineNumber": 219,
        "author": {
          "gitId": "-"
        },
        "content": ""
      },
      {
        "lineNumber": 220,
        "author": {
          "gitId": "-"
        },
        "content": ""
      },
      {
        "lineNumber": 221,
        "author": {
          "gitId": "-"
        },
        "content": "--------------------------------------------------------------------------------------------------------------------"
      },
      {
        "lineNumber": 222,
        "author": {
          "gitId": "-"
        },
        "content": ""
      },
      {
        "lineNumber": 223,
        "author": {
          "gitId": "-"
        },
        "content": "## **Documentation, logging, testing, configuration, dev-ops**"
      },
      {
        "lineNumber": 224,
        "author": {
          "gitId": "-"
        },
        "content": ""
      },
      {
        "lineNumber": 225,
        "author": {
          "gitId": "-"
        },
        "content": "* [Documentation guide](Documentation.md)"
      },
      {
        "lineNumber": 226,
        "author": {
          "gitId": "-"
        },
        "content": "* [Testing guide](Testing.md)"
      },
      {
        "lineNumber": 227,
        "author": {
          "gitId": "-"
        },
        "content": "* [Logging guide](Logging.md)"
      },
      {
        "lineNumber": 228,
        "author": {
          "gitId": "-"
        },
        "content": "* [Configuration guide](Configuration.md)"
      },
      {
        "lineNumber": 229,
        "author": {
          "gitId": "-"
        },
        "content": "* [DevOps guide](DevOps.md)"
      },
      {
        "lineNumber": 230,
        "author": {
          "gitId": "-"
        },
        "content": ""
      },
      {
        "lineNumber": 231,
        "author": {
          "gitId": "-"
        },
        "content": "--------------------------------------------------------------------------------------------------------------------"
      },
      {
        "lineNumber": 232,
        "author": {
          "gitId": "-"
        },
        "content": ""
      },
      {
        "lineNumber": 233,
        "author": {
          "gitId": "-"
        },
        "content": "## **Appendix: Requirements**"
      },
      {
        "lineNumber": 234,
        "author": {
          "gitId": "-"
        },
        "content": ""
      },
      {
        "lineNumber": 235,
        "author": {
          "gitId": "-"
        },
        "content": "### Product scope"
      },
      {
        "lineNumber": 236,
        "author": {
          "gitId": "-"
        },
        "content": ""
      },
      {
        "lineNumber": 237,
        "author": {
          "gitId": "-"
        },
        "content": "**Target user profile**:"
      },
      {
        "lineNumber": 238,
        "author": {
          "gitId": "-"
        },
        "content": ""
      },
      {
        "lineNumber": 239,
        "author": {
          "gitId": "leeweiminsg"
        },
        "content": "* has a need to manage their workouts"
      },
      {
        "lineNumber": 240,
        "author": {
          "gitId": "-"
        },
        "content": "* prefer desktop apps over other types"
      },
      {
        "lineNumber": 241,
        "author": {
          "gitId": "-"
        },
        "content": "* can type fast"
      },
      {
        "lineNumber": 242,
        "author": {
          "gitId": "-"
        },
        "content": "* prefers typing to mouse interactions"
      },
      {
        "lineNumber": 243,
        "author": {
          "gitId": "-"
        },
        "content": "* is reasonably comfortable using CLI apps"
      },
      {
        "lineNumber": 244,
        "author": {
          "gitId": "-"
        },
        "content": ""
      },
      {
        "lineNumber": 245,
        "author": {
          "gitId": "leeweiminsg"
        },
        "content": "**Value proposition**: manage workouts faster than a typical mouse/GUI driven desktop/mobile app"
      },
      {
        "lineNumber": 246,
        "author": {
          "gitId": "-"
        },
        "content": ""
      },
      {
        "lineNumber": 247,
        "author": {
          "gitId": "-"
        },
        "content": ""
      },
      {
        "lineNumber": 248,
        "author": {
          "gitId": "-"
        },
        "content": "### User stories"
      },
      {
        "lineNumber": 249,
        "author": {
          "gitId": "-"
        },
        "content": ""
      },
      {
        "lineNumber": 250,
        "author": {
          "gitId": "-"
        },
        "content": "Priorities: High (must have) - `* * *`, Medium (nice to have) - `* *`, Low (unlikely to have) - `*`"
      },
      {
        "lineNumber": 251,
        "author": {
          "gitId": "-"
        },
        "content": ""
      },
      {
        "lineNumber": 252,
        "author": {
          "gitId": "-"
        },
        "content": "| Priority | As a …​                                    | I want to …​                     | So that I can…​                                                        |"
      },
      {
        "lineNumber": 253,
        "author": {
          "gitId": "-"
        },
        "content": "| -------- | ------------------------------------------ | ------------------------------ | ---------------------------------------------------------------------- |"
      },
      {
        "lineNumber": 254,
        "author": {
          "gitId": "Royxuzeng"
        },
        "content": "| `* * *`  | user                                       | add an exercise                | keep track of calories burnt through the day                           |"
      },
      {
        "lineNumber": 255,
        "author": {
          "gitId": "Royxuzeng"
        },
        "content": "| `* * *`  | user                                       | have a system that tolerate invalid/incomplete command      |                                                                        |"
      },
      {
        "lineNumber": 256,
        "author": {
          "gitId": "Royxuzeng"
        },
        "content": "| `* * *`  | data conscious user                        | list down all the exercises for the day       | monitor the calories burned accurately                                   |"
      },
      {
        "lineNumber": 257,
        "author": {
          "gitId": "Royxuzeng"
        },
        "content": "| `* * *`  | user                                       | delete an exercise in case I key in wrongly          |  |"
      },
      {
        "lineNumber": 258,
        "author": {
          "gitId": "Royxuzeng"
        },
        "content": "| `* *`    | user                                       | update an exercise             |                 |"
      },
      {
        "lineNumber": 259,
        "author": {
          "gitId": "Royxuzeng"
        },
        "content": "| `* *`    | user                                       | save my data in a file         | import the saved data into the new computer                                                 |"
      },
      {
        "lineNumber": 260,
        "author": {
          "gitId": "-"
        },
        "content": ""
      },
      {
        "lineNumber": 261,
        "author": {
          "gitId": "-"
        },
        "content": "*{More to be added}*"
      },
      {
        "lineNumber": 262,
        "author": {
          "gitId": "-"
        },
        "content": ""
      },
      {
        "lineNumber": 263,
        "author": {
          "gitId": "-"
        },
        "content": "### Use cases"
      },
      {
        "lineNumber": 264,
        "author": {
          "gitId": "-"
        },
        "content": ""
      },
      {
        "lineNumber": 265,
        "author": {
          "gitId": "Liu-2001"
        },
        "content": "(For all use cases below, the **System** is the `Calo` and the **Actor** is the `user`, unless specified otherwise)"
      },
      {
        "lineNumber": 266,
        "author": {
          "gitId": "-"
        },
        "content": ""
      },
      {
        "lineNumber": 267,
        "author": {
          "gitId": "Liu-2001"
        },
        "content": "  #### **Use case: add an exercise**"
      },
      {
        "lineNumber": 268,
        "author": {
          "gitId": "-"
        },
        "content": "  "
      },
      {
        "lineNumber": 269,
        "author": {
          "gitId": "Nahoyhp"
        },
        "content": "  *MSS*"
      },
      {
        "lineNumber": 270,
        "author": {
          "gitId": "-"
        },
        "content": "  "
      },
      {
        "lineNumber": 271,
        "author": {
          "gitId": "Liu-2001"
        },
        "content": "1.  User requests to add an exercise"
      },
      {
        "lineNumber": 272,
        "author": {
          "gitId": "-"
        },
        "content": ""
      },
      {
        "lineNumber": 273,
        "author": {
          "gitId": "Liu-2001"
        },
        "content": "2.  Calo adds the exercise"
      },
      {
        "lineNumber": 274,
        "author": {
          "gitId": "Liu-2001"
        },
        "content": "  "
      },
      {
        "lineNumber": 275,
        "author": {
          "gitId": "Liu-2001"
        },
        "content": "  Use case ends."
      },
      {
        "lineNumber": 276,
        "author": {
          "gitId": "Liu-2001"
        },
        "content": "      "
      },
      {
        "lineNumber": 277,
        "author": {
          "gitId": "Liu-2001"
        },
        "content": "#### **Use case: Find exercises with a keyword**"
      },
      {
        "lineNumber": 278,
        "author": {
          "gitId": "Liu-2001"
        },
        "content": ""
      },
      {
        "lineNumber": 279,
        "author": {
          "gitId": "Nahoyhp"
        },
        "content": "*MSS*"
      },
      {
        "lineNumber": 280,
        "author": {
          "gitId": "-"
        },
        "content": ""
      },
      {
        "lineNumber": 281,
        "author": {
          "gitId": "Liu-2001"
        },
        "content": "1.  User requests to find exercises with a keyword"
      },
      {
        "lineNumber": 282,
        "author": {
          "gitId": "Liu-2001"
        },
        "content": "2.  Calo shows a list of exercises which contain the keyword"
      },
      {
        "lineNumber": 283,
        "author": {
          "gitId": "-"
        },
        "content": ""
      },
      {
        "lineNumber": 284,
        "author": {
          "gitId": "-"
        },
        "content": "    Use case ends."
      },
      {
        "lineNumber": 285,
        "author": {
          "gitId": "-"
        },
        "content": ""
      },
      {
        "lineNumber": 286,
        "author": {
          "gitId": "Nahoyhp"
        },
        "content": "*Extensions*"
      },
      {
        "lineNumber": 287,
        "author": {
          "gitId": "Nahoyhp"
        },
        "content": "\u003cp\u003e"
      },
      {
        "lineNumber": 288,
        "author": {
          "gitId": "Nahoyhp"
        },
        "content": "    The list is empty \u003cbr\u003e"
      },
      {
        "lineNumber": 289,
        "author": {
          "gitId": "Nahoyhp"
        },
        "content": "      1a1. Calo shows a message indicating that no such exercise exists.\u003cbr\u003e"
      },
      {
        "lineNumber": 290,
        "author": {
          "gitId": "Nahoyhp"
        },
        "content": "    Use case ends."
      },
      {
        "lineNumber": 291,
        "author": {
          "gitId": "Nahoyhp"
        },
        "content": "\u003c/p\u003e"
      },
      {
        "lineNumber": 292,
        "author": {
          "gitId": "-"
        },
        "content": "  "
      },
      {
        "lineNumber": 293,
        "author": {
          "gitId": "Liu-2001"
        },
        "content": "#### **Use case: Update an exercise**"
      },
      {
        "lineNumber": 294,
        "author": {
          "gitId": "-"
        },
        "content": ""
      },
      {
        "lineNumber": 295,
        "author": {
          "gitId": "Nahoyhp"
        },
        "content": "*MSS*"
      },
      {
        "lineNumber": 296,
        "author": {
          "gitId": "-"
        },
        "content": ""
      },
      {
        "lineNumber": 297,
        "author": {
          "gitId": "Liu-2001"
        },
        "content": "1.  User requests to update a specific exercise in the list"
      },
      {
        "lineNumber": 298,
        "author": {
          "gitId": "Liu-2001"
        },
        "content": "2.  Calo updates the exercise"
      },
      {
        "lineNumber": 299,
        "author": {
          "gitId": "-"
        },
        "content": ""
      },
      {
        "lineNumber": 300,
        "author": {
          "gitId": "Liu-2001"
        },
        "content": "    Use case ends.  "
      },
      {
        "lineNumber": 301,
        "author": {
          "gitId": "-"
        },
        "content": ""
      },
      {
        "lineNumber": 302,
        "author": {
          "gitId": "Nahoyhp"
        },
        "content": "*Extensions*"
      },
      {
        "lineNumber": 303,
        "author": {
          "gitId": "Nahoyhp"
        },
        "content": "\u003cp\u003e"
      },
      {
        "lineNumber": 304,
        "author": {
          "gitId": "Nahoyhp"
        },
        "content": "    1a. The index is invalid\u003cbr\u003e"
      },
      {
        "lineNumber": 305,
        "author": {
          "gitId": "Nahoyhp"
        },
        "content": "      1a1. Calo shows a message indicating that no such exercise exists.\u003cbr\u003e"
      },
      {
        "lineNumber": 306,
        "author": {
          "gitId": "Nahoyhp"
        },
        "content": "    Use case ends."
      },
      {
        "lineNumber": 307,
        "author": {
          "gitId": "Nahoyhp"
        },
        "content": "\u003c/p\u003e"
      },
      {
        "lineNumber": 308,
        "author": {
          "gitId": "Liu-2001"
        },
        "content": "  "
      },
      {
        "lineNumber": 309,
        "author": {
          "gitId": "Liu-2001"
        },
        "content": "#### **Use case: Delete an exercise**"
      },
      {
        "lineNumber": 310,
        "author": {
          "gitId": "-"
        },
        "content": ""
      },
      {
        "lineNumber": 311,
        "author": {
          "gitId": "Nahoyhp"
        },
        "content": "*MSS*"
      },
      {
        "lineNumber": 312,
        "author": {
          "gitId": "-"
        },
        "content": ""
      },
      {
        "lineNumber": 313,
        "author": {
          "gitId": "Nahoyhp"
        },
        "content": "1.  User requests to delete a specific exercise in the list."
      },
      {
        "lineNumber": 314,
        "author": {
          "gitId": "Liu-2001"
        },
        "content": "2.  Calo deletes the exercise"
      },
      {
        "lineNumber": 315,
        "author": {
          "gitId": "Liu-2001"
        },
        "content": ""
      },
      {
        "lineNumber": 316,
        "author": {
          "gitId": "Liu-2001"
        },
        "content": "    Use case ends."
      },
      {
        "lineNumber": 317,
        "author": {
          "gitId": "Liu-2001"
        },
        "content": ""
      },
      {
        "lineNumber": 318,
        "author": {
          "gitId": "Nahoyhp"
        },
        "content": "*Extensions*"
      },
      {
        "lineNumber": 319,
        "author": {
          "gitId": "Nahoyhp"
        },
        "content": "\u003cp\u003e"
      },
      {
        "lineNumber": 320,
        "author": {
          "gitId": "Nahoyhp"
        },
        "content": "    1a. The index is invalid\u003cbr\u003e"
      },
      {
        "lineNumber": 321,
        "author": {
          "gitId": "Nahoyhp"
        },
        "content": "      1a1. Calo shows a message indicating that no such exercise exists.\u003cbr\u003e"
      },
      {
        "lineNumber": 322,
        "author": {
          "gitId": "Nahoyhp"
        },
        "content": "    Use case ends."
      },
      {
        "lineNumber": 323,
        "author": {
          "gitId": "Nahoyhp"
        },
        "content": "\u003c/p\u003e"
      },
      {
        "lineNumber": 324,
        "author": {
          "gitId": "Liu-2001"
        },
        "content": "  "
      },
      {
        "lineNumber": 325,
        "author": {
          "gitId": "Nahoyhp"
        },
        "content": "  #### **Use case: Archive data**"
      },
      {
        "lineNumber": 326,
        "author": {
          "gitId": "Nahoyhp"
        },
        "content": "  *MSS*"
      },
      {
        "lineNumber": 327,
        "author": {
          "gitId": "Liu-2001"
        },
        "content": "    "
      },
      {
        "lineNumber": 328,
        "author": {
          "gitId": "Liu-2001"
        },
        "content": "  1.  User requests to archive data to a different file location"
      },
      {
        "lineNumber": 329,
        "author": {
          "gitId": "Liu-2001"
        },
        "content": "  2.  Calo archives data to the specified location"
      },
      {
        "lineNumber": 330,
        "author": {
          "gitId": "Liu-2001"
        },
        "content": "      Use case ends."
      },
      {
        "lineNumber": 331,
        "author": {
          "gitId": "Liu-2001"
        },
        "content": "  "
      },
      {
        "lineNumber": 332,
        "author": {
          "gitId": "Nahoyhp"
        },
        "content": "*Extensions*"
      },
      {
        "lineNumber": 333,
        "author": {
          "gitId": "Nahoyhp"
        },
        "content": "\u003cp\u003e"
      },
      {
        "lineNumber": 334,
        "author": {
          "gitId": "Nahoyhp"
        },
        "content": "    1a. User does not have permission to create file at specified location \u003cbr\u003e"
      },
      {
        "lineNumber": 335,
        "author": {
          "gitId": "Nahoyhp"
        },
        "content": "      1a1. Calo shows a message indicating that file cannot be created at specified file.\u003cbr\u003e"
      },
      {
        "lineNumber": 336,
        "author": {
          "gitId": "Nahoyhp"
        },
        "content": "    Use case ends."
      },
      {
        "lineNumber": 337,
        "author": {
          "gitId": "Nahoyhp"
        },
        "content": "\u003c/p\u003e"
      },
      {
        "lineNumber": 338,
        "author": {
          "gitId": "Nahoyhp"
        },
        "content": "  "
      },
      {
        "lineNumber": 339,
        "author": {
          "gitId": "Liu-2001"
        },
        "content": "  #### **Use case: List exercises**"
      },
      {
        "lineNumber": 340,
        "author": {
          "gitId": "Liu-2001"
        },
        "content": "  "
      },
      {
        "lineNumber": 341,
        "author": {
          "gitId": "Nahoyhp"
        },
        "content": "  *MSS*"
      },
      {
        "lineNumber": 342,
        "author": {
          "gitId": "Liu-2001"
        },
        "content": "  "
      },
      {
        "lineNumber": 343,
        "author": {
          "gitId": "Liu-2001"
        },
        "content": "  1.  User requests to list exercises"
      },
      {
        "lineNumber": 344,
        "author": {
          "gitId": "Liu-2001"
        },
        "content": "  2.  Calo shows a list of exercises"
      },
      {
        "lineNumber": 345,
        "author": {
          "gitId": "Liu-2001"
        },
        "content": "      Use case ends."
      },
      {
        "lineNumber": 346,
        "author": {
          "gitId": "-"
        },
        "content": ""
      },
      {
        "lineNumber": 347,
        "author": {
          "gitId": "-"
        },
        "content": "### Non-Functional Requirements"
      },
      {
        "lineNumber": 348,
        "author": {
          "gitId": "-"
        },
        "content": ""
      },
      {
        "lineNumber": 349,
        "author": {
          "gitId": "-"
        },
        "content": "1.  Should work on any _mainstream OS_ as long as it has Java `11` or above installed."
      },
      {
        "lineNumber": 350,
        "author": {
          "gitId": "Royxuzeng"
        },
        "content": "2.  Should be able to hold up to 1000 exercise items without a noticeable sluggishness in performance for typical usage."
      },
      {
        "lineNumber": 351,
        "author": {
          "gitId": "-"
        },
        "content": "3.  A user with above average typing speed for regular English text (i.e. not code, not system admin commands) should be able to accomplish most of the tasks faster using commands than using the mouse."
      },
      {
        "lineNumber": 352,
        "author": {
          "gitId": "-"
        },
        "content": ""
      },
      {
        "lineNumber": 353,
        "author": {
          "gitId": "-"
        },
        "content": "### Glossary"
      },
      {
        "lineNumber": 354,
        "author": {
          "gitId": "-"
        },
        "content": ""
      },
      {
        "lineNumber": 355,
        "author": {
          "gitId": "-"
        },
        "content": "* **Mainstream OS**: Windows, Linux, Unix, OS-X"
      },
      {
        "lineNumber": 356,
        "author": {
          "gitId": "Liu-2001"
        },
        "content": "* **Exercise**: an exercise record entered by the user, consisting of exercise name, description, and date (optionally calories) "
      },
      {
        "lineNumber": 357,
        "author": {
          "gitId": "-"
        },
        "content": ""
      },
      {
        "lineNumber": 358,
        "author": {
          "gitId": "-"
        },
        "content": "--------------------------------------------------------------------------------------------------------------------"
      },
      {
        "lineNumber": 359,
        "author": {
          "gitId": "-"
        },
        "content": ""
      },
      {
        "lineNumber": 360,
        "author": {
          "gitId": "-"
        },
        "content": "## **Appendix: Instructions for manual testing**"
      },
      {
        "lineNumber": 361,
        "author": {
          "gitId": "-"
        },
        "content": ""
      },
      {
        "lineNumber": 362,
        "author": {
          "gitId": "-"
        },
        "content": "Given below are instructions to test the app manually."
      },
      {
        "lineNumber": 363,
        "author": {
          "gitId": "-"
        },
        "content": ""
      },
      {
        "lineNumber": 364,
        "author": {
          "gitId": "-"
        },
        "content": "\u003cdiv markdown\u003d\"span\" class\u003d\"alert alert-info\"\u003e:information_source: **Note:** These instructions only provide a starting point for testers to work on;"
      },
      {
        "lineNumber": 365,
        "author": {
          "gitId": "-"
        },
        "content": "testers are expected to do more *exploratory* testing."
      },
      {
        "lineNumber": 366,
        "author": {
          "gitId": "-"
        },
        "content": ""
      },
      {
        "lineNumber": 367,
        "author": {
          "gitId": "-"
        },
        "content": "\u003c/div\u003e"
      },
      {
        "lineNumber": 368,
        "author": {
          "gitId": "-"
        },
        "content": ""
      },
      {
        "lineNumber": 369,
        "author": {
          "gitId": "-"
        },
        "content": "### Launch and shutdown"
      },
      {
        "lineNumber": 370,
        "author": {
          "gitId": "-"
        },
        "content": ""
      },
      {
        "lineNumber": 371,
        "author": {
          "gitId": "-"
        },
        "content": "1. Initial launch"
      },
      {
        "lineNumber": 372,
        "author": {
          "gitId": "-"
        },
        "content": ""
      },
      {
        "lineNumber": 373,
        "author": {
          "gitId": "-"
        },
        "content": "   1. Download the jar file and copy into an empty folder"
      },
      {
        "lineNumber": 374,
        "author": {
          "gitId": "-"
        },
        "content": ""
      },
      {
        "lineNumber": 375,
        "author": {
          "gitId": "-"
        },
        "content": "   1. Double-click the jar file Expected: Shows the GUI with a set of sample contacts. The window size may not be optimum."
      },
      {
        "lineNumber": 376,
        "author": {
          "gitId": "-"
        },
        "content": ""
      },
      {
        "lineNumber": 377,
        "author": {
          "gitId": "-"
        },
        "content": "1. Saving window preferences"
      },
      {
        "lineNumber": 378,
        "author": {
          "gitId": "-"
        },
        "content": ""
      },
      {
        "lineNumber": 379,
        "author": {
          "gitId": "-"
        },
        "content": "   1. Resize the window to an optimum size. Move the window to a different location. Close the window."
      },
      {
        "lineNumber": 380,
        "author": {
          "gitId": "-"
        },
        "content": ""
      },
      {
        "lineNumber": 381,
        "author": {
          "gitId": "-"
        },
        "content": "   1. Re-launch the app by double-clicking the jar file.\u003cbr\u003e"
      },
      {
        "lineNumber": 382,
        "author": {
          "gitId": "-"
        },
        "content": "       Expected: The most recent window size and location is retained."
      },
      {
        "lineNumber": 383,
        "author": {
          "gitId": "-"
        },
        "content": ""
      },
      {
        "lineNumber": 384,
        "author": {
          "gitId": "-"
        },
        "content": "1. _{ more test cases …​ }_"
      },
      {
        "lineNumber": 385,
        "author": {
          "gitId": "-"
        },
        "content": ""
      },
      {
        "lineNumber": 386,
        "author": {
          "gitId": "-"
        },
        "content": "### Deleting a person"
      },
      {
        "lineNumber": 387,
        "author": {
          "gitId": "-"
        },
        "content": ""
      },
      {
        "lineNumber": 388,
        "author": {
          "gitId": "-"
        },
        "content": "1. Deleting a person while all persons are being shown"
      },
      {
        "lineNumber": 389,
        "author": {
          "gitId": "-"
        },
        "content": ""
      },
      {
        "lineNumber": 390,
        "author": {
          "gitId": "-"
        },
        "content": "   1. Prerequisites: List all persons using the `list` command. Multiple persons in the list."
      },
      {
        "lineNumber": 391,
        "author": {
          "gitId": "-"
        },
        "content": ""
      },
      {
        "lineNumber": 392,
        "author": {
          "gitId": "-"
        },
        "content": "   1. Test case: `delete 1`\u003cbr\u003e"
      },
      {
        "lineNumber": 393,
        "author": {
          "gitId": "-"
        },
        "content": "      Expected: First contact is deleted from the list. Details of the deleted contact shown in the status message. Timestamp in the status bar is updated."
      },
      {
        "lineNumber": 394,
        "author": {
          "gitId": "-"
        },
        "content": ""
      },
      {
        "lineNumber": 395,
        "author": {
          "gitId": "-"
        },
        "content": "   1. Test case: `delete 0`\u003cbr\u003e"
      },
      {
        "lineNumber": 396,
        "author": {
          "gitId": "-"
        },
        "content": "      Expected: No person is deleted. Error details shown in the status message. Status bar remains the same."
      },
      {
        "lineNumber": 397,
        "author": {
          "gitId": "-"
        },
        "content": ""
      },
      {
        "lineNumber": 398,
        "author": {
          "gitId": "-"
        },
        "content": "   1. Other incorrect delete commands to try: `delete`, `delete x`, `...` (where x is larger than the list size)\u003cbr\u003e"
      },
      {
        "lineNumber": 399,
        "author": {
          "gitId": "-"
        },
        "content": "      Expected: Similar to previous."
      },
      {
        "lineNumber": 400,
        "author": {
          "gitId": "-"
        },
        "content": ""
      },
      {
        "lineNumber": 401,
        "author": {
          "gitId": "-"
        },
        "content": "1. _{ more test cases …​ }_"
      },
      {
        "lineNumber": 402,
        "author": {
          "gitId": "-"
        },
        "content": ""
      },
      {
        "lineNumber": 403,
        "author": {
          "gitId": "Nauman-S"
        },
        "content": ""
      },
      {
        "lineNumber": 404,
        "author": {
          "gitId": "-"
        },
        "content": "### Saving data"
      },
      {
        "lineNumber": 405,
        "author": {
          "gitId": "-"
        },
        "content": ""
      },
      {
        "lineNumber": 406,
        "author": {
          "gitId": "-"
        },
        "content": "1. Dealing with missing/corrupted data files"
      },
      {
        "lineNumber": 407,
        "author": {
          "gitId": "-"
        },
        "content": ""
      },
      {
        "lineNumber": 408,
        "author": {
          "gitId": "-"
        },
        "content": "   1. _{explain how to simulate a missing/corrupted file, and the expected behavior}_"
      },
      {
        "lineNumber": 409,
        "author": {
          "gitId": "-"
        },
        "content": ""
      },
      {
        "lineNumber": 410,
        "author": {
          "gitId": "-"
        },
        "content": "1. _{ more test cases …​ }_"
      }
    ],
    "authorContributionMap": {
      "Royxuzeng": 7,
      "Liu-2001": 34,
      "leeweiminsg": 2,
      "Nahoyhp": 33,
      "Nauman-S": 1,
      "-": 333
    }
  },
  {
    "path": "docs/UserGuide.md",
    "fileType": "docs",
    "lines": [
      {
        "lineNumber": 1,
        "author": {
          "gitId": "-"
        },
        "content": "---"
      },
      {
        "lineNumber": 2,
        "author": {
          "gitId": "-"
        },
        "content": "layout: page"
      },
      {
        "lineNumber": 3,
        "author": {
          "gitId": "-"
        },
        "content": "title: User Guide"
      },
      {
        "lineNumber": 4,
        "author": {
          "gitId": "-"
        },
        "content": "---"
      },
      {
        "lineNumber": 5,
        "author": {
          "gitId": "-"
        },
        "content": ""
      },
      {
        "lineNumber": 6,
        "author": {
          "gitId": "Nahoyhp"
        },
        "content": "Calo is a desktop app that is **designed for keeping track of calories burnt throughout the day**. It is optimized for use via a **Command Line Interface (CLI)** while still having Graphical User Interface (GUI). If you are a skilled typer, you can carry out various tasks such as adding new exercises and checking records for previous days much faster than the traditional GUI apps."
      },
      {
        "lineNumber": 7,
        "author": {
          "gitId": "-"
        },
        "content": ""
      },
      {
        "lineNumber": 8,
        "author": {
          "gitId": "leeweiminsg"
        },
        "content": "- Table of Contents"
      },
      {
        "lineNumber": 9,
        "author": {
          "gitId": "-"
        },
        "content": "  {:toc}"
      },
      {
        "lineNumber": 10,
        "author": {
          "gitId": "-"
        },
        "content": ""
      },
      {
        "lineNumber": 11,
        "author": {
          "gitId": "leeweiminsg"
        },
        "content": "---"
      },
      {
        "lineNumber": 12,
        "author": {
          "gitId": "-"
        },
        "content": ""
      },
      {
        "lineNumber": 13,
        "author": {
          "gitId": "-"
        },
        "content": "## Quick start"
      },
      {
        "lineNumber": 14,
        "author": {
          "gitId": "-"
        },
        "content": ""
      },
      {
        "lineNumber": 15,
        "author": {
          "gitId": "-"
        },
        "content": "1. Ensure you have Java `11` or above installed in your Computer."
      },
      {
        "lineNumber": 16,
        "author": {
          "gitId": "-"
        },
        "content": ""
      },
      {
        "lineNumber": 17,
        "author": {
          "gitId": "leeweiminsg"
        },
        "content": "2. Download the latest `Calo.jar`."
      },
      {
        "lineNumber": 18,
        "author": {
          "gitId": "-"
        },
        "content": ""
      },
      {
        "lineNumber": 19,
        "author": {
          "gitId": "leeweiminsg"
        },
        "content": "3. Copy the file to the folder you want to use as the _home folder_ for your Calo."
      },
      {
        "lineNumber": 20,
        "author": {
          "gitId": "-"
        },
        "content": ""
      },
      {
        "lineNumber": 21,
        "author": {
          "gitId": "leeweiminsg"
        },
        "content": "4. Double-click the file to start the app. The GUI similar to the below should appear in a few seconds. Note how the app contains some sample data."
      },
      {
        "lineNumber": 22,
        "author": {
          "gitId": "-"
        },
        "content": ""
      },
      {
        "lineNumber": 23,
        "author": {
          "gitId": "leeweiminsg"
        },
        "content": "5. Type the command in the command box and press Enter to execute it. For the details of each command, refer to the Features below."
      },
      {
        "lineNumber": 24,
        "author": {
          "gitId": "-"
        },
        "content": ""
      },
      {
        "lineNumber": 25,
        "author": {
          "gitId": "leeweiminsg"
        },
        "content": "---"
      },
      {
        "lineNumber": 26,
        "author": {
          "gitId": "-"
        },
        "content": ""
      },
      {
        "lineNumber": 27,
        "author": {
          "gitId": "-"
        },
        "content": "## Features"
      },
      {
        "lineNumber": 28,
        "author": {
          "gitId": "-"
        },
        "content": ""
      },
      {
        "lineNumber": 29,
        "author": {
          "gitId": "-"
        },
        "content": "\u003cdiv markdown\u003d\"block\" class\u003d\"alert alert-info\"\u003e"
      },
      {
        "lineNumber": 30,
        "author": {
          "gitId": "-"
        },
        "content": ""
      },
      {
        "lineNumber": 31,
        "author": {
          "gitId": "-"
        },
        "content": "**:information_source: Notes about the command format:**\u003cbr\u003e"
      },
      {
        "lineNumber": 32,
        "author": {
          "gitId": "-"
        },
        "content": ""
      },
      {
        "lineNumber": 33,
        "author": {
          "gitId": "leeweiminsg"
        },
        "content": "- Words in `UPPER_CASE` are the parameters to be supplied by the user.\u003cbr\u003e"
      },
      {
        "lineNumber": 34,
        "author": {
          "gitId": "Nahoyhp"
        },
        "content": "  e.g. in `add e/EXERCISE c/CALORIES`, `NAME` is a parameter which can be used as `add e/Push Up c/1000`."
      },
      {
        "lineNumber": 35,
        "author": {
          "gitId": "-"
        },
        "content": ""
      },
      {
        "lineNumber": 36,
        "author": {
          "gitId": "leeweiminsg"
        },
        "content": "- Items in square brackets are optional.\u003cbr\u003e"
      },
      {
        "lineNumber": 37,
        "author": {
          "gitId": "Nahoyhp"
        },
        "content": "  e.g `e/EXERCISE c/CALORIES [at/DATE]` can be used as `e/Push Up c/1000 at/29-09-2020` or as `e/Push Up c/1000`."
      },
      {
        "lineNumber": 38,
        "author": {
          "gitId": "-"
        },
        "content": ""
      },
      {
        "lineNumber": 39,
        "author": {
          "gitId": "leeweiminsg"
        },
        "content": "- Parameters can be in any order.\u003cbr\u003e"
      },
      {
        "lineNumber": 40,
        "author": {
          "gitId": "Nahoyhp"
        },
        "content": "  e.g. if the command specifies `e/EXERCISE c/CALORIES`, `c/CALORIES e/EXERCISE` is also acceptable."
      },
      {
        "lineNumber": 41,
        "author": {
          "gitId": "-"
        },
        "content": ""
      },
      {
        "lineNumber": 42,
        "author": {
          "gitId": "-"
        },
        "content": "\u003c/div\u003e"
      },
      {
        "lineNumber": 43,
        "author": {
          "gitId": "-"
        },
        "content": ""
      },
      {
        "lineNumber": 44,
        "author": {
          "gitId": "Liu-2001"
        },
        "content": "#### Add exercises : `add`"
      },
      {
        "lineNumber": 45,
        "author": {
          "gitId": "-"
        },
        "content": ""
      },
      {
        "lineNumber": 46,
        "author": {
          "gitId": "Liu-2001"
        },
        "content": "Add an exercise to the application, with calories burnt (optional)."
      },
      {
        "lineNumber": 47,
        "author": {
          "gitId": "-"
        },
        "content": ""
      },
      {
        "lineNumber": 48,
        "author": {
          "gitId": "Liu-2001"
        },
        "content": "Format: `add e/EXERCISE d/DESCRIPTION at/DATE [c/CALORIES]`"
      },
      {
        "lineNumber": 49,
        "author": {
          "gitId": "-"
        },
        "content": ""
      },
      {
        "lineNumber": 50,
        "author": {
          "gitId": "Liu-2001"
        },
        "content": "- The format for the DATE should be in the form of DD-MM-YYYY."
      },
      {
        "lineNumber": 51,
        "author": {
          "gitId": "-"
        },
        "content": ""
      },
      {
        "lineNumber": 52,
        "author": {
          "gitId": "-"
        },
        "content": "Examples:"
      },
      {
        "lineNumber": 53,
        "author": {
          "gitId": "-"
        },
        "content": ""
      },
      {
        "lineNumber": 54,
        "author": {
          "gitId": "Liu-2001"
        },
        "content": "- `add e/Push up d/10 at/14-09-2020 c/30`"
      },
      {
        "lineNumber": 55,
        "author": {
          "gitId": "Liu-2001"
        },
        "content": "- `add e/Sit up d/10 at/14-09-2020`"
      },
      {
        "lineNumber": 56,
        "author": {
          "gitId": "-"
        },
        "content": ""
      },
      {
        "lineNumber": 57,
        "author": {
          "gitId": "Nahoyhp"
        },
        "content": "#### Update exercises : `update`"
      },
      {
        "lineNumber": 58,
        "author": {
          "gitId": "-"
        },
        "content": ""
      },
      {
        "lineNumber": 59,
        "author": {
          "gitId": "leeweiminsg"
        },
        "content": "Update an existing exercise."
      },
      {
        "lineNumber": 60,
        "author": {
          "gitId": "-"
        },
        "content": ""
      },
      {
        "lineNumber": 61,
        "author": {
          "gitId": "Nahoyhp"
        },
        "content": "Format: `update INDEX [e/EXERCISE] [d/DESCRIPTION] [at/DATE] [c/CALORIES]`"
      },
      {
        "lineNumber": 62,
        "author": {
          "gitId": "-"
        },
        "content": ""
      },
      {
        "lineNumber": 63,
        "author": {
          "gitId": "leeweiminsg"
        },
        "content": "- Edits the workout at the specified `INDEX`. The index refers to the index number shown in the displayed workout list. The index **must be a positive integer** 1, 2, 3, …​"
      },
      {
        "lineNumber": 64,
        "author": {
          "gitId": "leeweiminsg"
        },
        "content": "- Existing values will be updated to the input values."
      },
      {
        "lineNumber": 65,
        "author": {
          "gitId": "-"
        },
        "content": ""
      },
      {
        "lineNumber": 66,
        "author": {
          "gitId": "-"
        },
        "content": "Examples:"
      },
      {
        "lineNumber": 67,
        "author": {
          "gitId": "-"
        },
        "content": ""
      },
      {
        "lineNumber": 68,
        "author": {
          "gitId": "leeweiminsg"
        },
        "content": "- `update 1 e/Push up d/30 at/09-07-2020 c/260` Updates the exercise, the description, the date and the calories burnt of the 1st exercise to be `push up`, `30`,  `07-09-2020`, `260` respectively."
      },
      {
        "lineNumber": 69,
        "author": {
          "gitId": "-"
        },
        "content": ""
      },
      {
        "lineNumber": 70,
        "author": {
          "gitId": "Royxuzeng"
        },
        "content": "#### Delete : `delete`"
      },
      {
        "lineNumber": 71,
        "author": {
          "gitId": "Royxuzeng"
        },
        "content": "Deletes an exercise that a user has previously added."
      },
      {
        "lineNumber": 72,
        "author": {
          "gitId": "-"
        },
        "content": ""
      },
      {
        "lineNumber": 73,
        "author": {
          "gitId": "-"
        },
        "content": "Format: `delete INDEX`"
      },
      {
        "lineNumber": 74,
        "author": {
          "gitId": "-"
        },
        "content": ""
      },
      {
        "lineNumber": 75,
        "author": {
          "gitId": "Royxuzeng"
        },
        "content": "- Deletes an exercise at the specified `INDEX`."
      },
      {
        "lineNumber": 76,
        "author": {
          "gitId": "Royxuzeng"
        },
        "content": "- The index refers to the index number shown in the displayed workout list."
      },
      {
        "lineNumber": 77,
        "author": {
          "gitId": "Royxuzeng"
        },
        "content": "- The index must be a positive integer: 1, 2, 3, …​"
      },
      {
        "lineNumber": 78,
        "author": {
          "gitId": "Royxuzeng"
        },
        "content": " "
      },
      {
        "lineNumber": 79,
        "author": {
          "gitId": "Royxuzeng"
        },
        "content": "Example:"
      },
      {
        "lineNumber": 80,
        "author": {
          "gitId": "-"
        },
        "content": ""
      },
      {
        "lineNumber": 81,
        "author": {
          "gitId": "Royxuzeng"
        },
        "content": "- `delete 2` Deletes the second exercise in the displayed list."
      },
      {
        "lineNumber": 82,
        "author": {
          "gitId": "-"
        },
        "content": ""
      },
      {
        "lineNumber": 83,
        "author": {
          "gitId": "Nauman-S"
        },
        "content": "#### List: `list`"
      },
      {
        "lineNumber": 84,
        "author": {
          "gitId": "Nauman-S"
        },
        "content": "Lists out all the exercises that the user has keyed in"
      },
      {
        "lineNumber": 85,
        "author": {
          "gitId": "-"
        },
        "content": ""
      },
      {
        "lineNumber": 86,
        "author": {
          "gitId": "Nauman-S"
        },
        "content": "Format: `list`"
      },
      {
        "lineNumber": 87,
        "author": {
          "gitId": "-"
        },
        "content": ""
      },
      {
        "lineNumber": 88,
        "author": {
          "gitId": "Nauman-S"
        },
        "content": "#### Find exercises: `find`"
      },
      {
        "lineNumber": 89,
        "author": {
          "gitId": "Nauman-S"
        },
        "content": "Finds exercises whose name contain any of the given keywords."
      },
      {
        "lineNumber": 90,
        "author": {
          "gitId": "-"
        },
        "content": ""
      },
      {
        "lineNumber": 91,
        "author": {
          "gitId": "Nauman-S"
        },
        "content": "Format: `find KEYWORD`"
      },
      {
        "lineNumber": 92,
        "author": {
          "gitId": "Nauman-S"
        },
        "content": "- The search is case-insensitive. e.g Squats will match squats."
      },
      {
        "lineNumber": 93,
        "author": {
          "gitId": "-"
        },
        "content": ""
      },
      {
        "lineNumber": 94,
        "author": {
          "gitId": "Nauman-S"
        },
        "content": "Example:"
      },
      {
        "lineNumber": 95,
        "author": {
          "gitId": "Nauman-S"
        },
        "content": "- find Push up"
      },
      {
        "lineNumber": 96,
        "author": {
          "gitId": "-"
        },
        "content": ""
      },
      {
        "lineNumber": 97,
        "author": {
          "gitId": "-"
        },
        "content": ""
      },
      {
        "lineNumber": 98,
        "author": {
          "gitId": "Nahoyhp"
        },
        "content": "#### Save"
      },
      {
        "lineNumber": 99,
        "author": {
          "gitId": "Nahoyhp"
        },
        "content": "The application will save the data automatically to the default file path after any command that changes the data. There is no need to save the data manually."
      },
      {
        "lineNumber": 100,
        "author": {
          "gitId": "-"
        },
        "content": ""
      },
      {
        "lineNumber": 101,
        "author": {
          "gitId": "Nahoyhp"
        },
        "content": "#### Archive : `archive`"
      },
      {
        "lineNumber": 102,
        "author": {
          "gitId": "Nahoyhp"
        },
        "content": "Archive the data into a different file location."
      },
      {
        "lineNumber": 103,
        "author": {
          "gitId": "-"
        },
        "content": ""
      },
      {
        "lineNumber": 104,
        "author": {
          "gitId": "Nahoyhp"
        },
        "content": "Format: `archive FILE_LOCATION`  "
      },
      {
        "lineNumber": 105,
        "author": {
          "gitId": "Nahoyhp"
        },
        "content": "The file location takes reference from the home folder that the .jar file is located at."
      },
      {
        "lineNumber": 106,
        "author": {
          "gitId": "-"
        },
        "content": ""
      },
      {
        "lineNumber": 107,
        "author": {
          "gitId": "-"
        },
        "content": "Examples:  "
      },
      {
        "lineNumber": 108,
        "author": {
          "gitId": "Nahoyhp"
        },
        "content": "archive data\\file_name.txt If the file is located at C:\\Users\\Desktop\\App, the archived file will be saved to  C:\\Users\\Desktop\\App\\data\\file_name.txt.  "
      },
      {
        "lineNumber": 109,
        "author": {
          "gitId": "-"
        },
        "content": "   "
      },
      {
        "lineNumber": 110,
        "author": {
          "gitId": "Nahoyhp"
        },
        "content": "---"
      },
      {
        "lineNumber": 111,
        "author": {
          "gitId": "-"
        },
        "content": "## FAQ"
      },
      {
        "lineNumber": 112,
        "author": {
          "gitId": "-"
        },
        "content": ""
      },
      {
        "lineNumber": 113,
        "author": {
          "gitId": "Nahoyhp"
        },
        "content": "*Q*: How do I transfer my data to another Computer?\u003cbr\u003e"
      },
      {
        "lineNumber": 114,
        "author": {
          "gitId": "Nahoyhp"
        },
        "content": "*A*: Transfer the file “data” that is contained in the same file as your .jar file from your old computer to your new computer."
      },
      {
        "lineNumber": 115,
        "author": {
          "gitId": "-"
        },
        "content": ""
      },
      {
        "lineNumber": 116,
        "author": {
          "gitId": "Nahoyhp"
        },
        "content": "*Q*: How to load my archived file?\u003cbr\u003e"
      },
      {
        "lineNumber": 117,
        "author": {
          "gitId": "Nahoyhp"
        },
        "content": "*A*: For now, you can delete the `entry.txt` file in the `data` folder and rename the archived file of your choices to `entry.txt`. In subsequent updates, we will introduce a command to load archived files via Command Line Interface."
      },
      {
        "lineNumber": 118,
        "author": {
          "gitId": "-"
        },
        "content": ""
      },
      {
        "lineNumber": 119,
        "author": {
          "gitId": "leeweiminsg"
        },
        "content": "---"
      },
      {
        "lineNumber": 120,
        "author": {
          "gitId": "-"
        },
        "content": ""
      },
      {
        "lineNumber": 121,
        "author": {
          "gitId": "-"
        },
        "content": "## Command summary"
      },
      {
        "lineNumber": 122,
        "author": {
          "gitId": "-"
        },
        "content": ""
      },
      {
        "lineNumber": 123,
        "author": {
          "gitId": "leeweiminsg"
        },
        "content": "| Action     | Format, Examples                                                                                                                                                      |"
      },
      {
        "lineNumber": 124,
        "author": {
          "gitId": "leeweiminsg"
        },
        "content": "| ---------- | --------------------------------------------------------------------------------------------------------------------------------------------------------------------- |"
      },
      {
        "lineNumber": 125,
        "author": {
          "gitId": "Nahoyhp"
        },
        "content": "| *Add*    | `add e/EXERCISE d/DESCRIPTION at/DATE [c/CALORIES]` \u003cbr\u003e e.g. `add e/Push up d/10 at/14-09-2020 c/30` |"
      },
      {
        "lineNumber": 126,
        "author": {
          "gitId": "Nahoyhp"
        },
        "content": "| *Delete* | `delete INDEX`\u003cbr\u003e e.g., `delete 2`                                                                                                                                   |"
      },
      {
        "lineNumber": 127,
        "author": {
          "gitId": "Nahoyhp"
        },
        "content": "| *Update*   | `update INDEX [e/EXERCISE] [d/DESCRIPTION] [at/DATE] [c/CALORIES]​`\u003cbr\u003e e.g.,`update 1 e/Push up d/30 at/09-07-2020 c/260`                                           |"
      },
      {
        "lineNumber": 128,
        "author": {
          "gitId": "Nahoyhp"
        },
        "content": "| *Find*  | `find KEYWORD [MORE_KEYWORDS]`\u003cbr\u003e e.g., `find James Jake`                                                                                                            |"
      },
      {
        "lineNumber": 129,
        "author": {
          "gitId": "Nahoyhp"
        },
        "content": "| *List*   | `list`                                                                                                                                                                |"
      },
      {
        "lineNumber": 130,
        "author": {
          "gitId": "Nahoyhp"
        },
        "content": "| *Archive*   | `archive FILE_LOCATION`    \u003cbr\u003e e.g.,`archive data\\file_name.txt`                                                                                                                                                                    |"
      }
    ],
    "authorContributionMap": {
      "Royxuzeng": 8,
      "Liu-2001": 6,
      "leeweiminsg": 17,
      "Nahoyhp": 24,
      "Nauman-S": 9,
      "-": 66
    }
  }
]
