{
  "authorDailyContributionsMap": {
    "hoperawr": [
      {
        "date": "2020-10-01",
        "commitResults": [
          {
            "hash": "1eab07852c01345f72326d57cf1f6334fc6beb60",
            "messageTitle": "Update features in user guide",
            "messageBody": "",
            "fileTypesAndContributionMap": {
              "docs": {
                "insertions": 31,
                "deletions": 75
              }
            }
          }
        ]
      },
      {
        "date": "2020-10-14",
        "commitResults": [
          {
            "hash": "1934b98e156f217a92f40d816391d8bcdeda7164",
            "messageTitle": "Removal of Address and Email and implementation of Storage",
            "messageBody": "",
            "fileTypesAndContributionMap": {
              "functional-code": {
                "insertions": 188,
                "deletions": 79
              },
              "test-code": {
                "insertions": 75,
                "deletions": 79
              }
            }
          },
          {
            "hash": "85206a8da8bb4d00ec0d634d0a1a39ae30337859",
            "messageTitle": "Implement Storage",
            "messageBody": "",
            "fileTypesAndContributionMap": {
              "functional-code": {
                "insertions": 2,
                "deletions": 2
              },
              "test-code": {
                "insertions": 19,
                "deletions": 44
              }
            }
          }
        ]
      },
      {
        "date": "2020-10-15",
        "commitResults": [
          {
            "hash": "d254b9703a03c9bc786fbbd0f0ea95775a4c0f0b",
            "messageTitle": "Storage bug fix",
            "messageBody": "",
            "fileTypesAndContributionMap": {
              "functional-code": {
                "insertions": 36,
                "deletions": 4
              }
            }
          },
          {
            "hash": "63d1fe1a6d74689ef3d8cc638772f25dbc90749a",
            "messageTitle": "Bug fixes",
            "messageBody": "",
            "fileTypesAndContributionMap": {
              "functional-code": {
                "insertions": 0,
                "deletions": 1
              }
            }
          }
        ]
      }
    ],
    "ethanso56": [
      {
        "date": "2020-09-22",
        "commitResults": [
          {
            "hash": "9947f1c0b7f4852d333ff999e59892d4f1f1f209",
            "messageTitle": "Add remark command",
            "messageBody": "",
            "fileTypesAndContributionMap": {
              "functional-code": {
                "insertions": 230,
                "deletions": 13
              },
              "test-code": {
                "insertions": 159,
                "deletions": 10
              }
            }
          }
        ]
      },
      {
        "date": "2020-09-28",
        "commitResults": [
          {
            "hash": "f3b0d241f54f954951cbbb67fa8c4317ccbc01ae",
            "messageTitle": "Update about us",
            "messageBody": "",
            "fileTypesAndContributionMap": {
              "docs": {
                "insertions": 5,
                "deletions": 5
              }
            }
          }
        ]
      },
      {
        "date": "2020-09-30",
        "commitResults": [
          {
            "hash": "a7d3556ce304f350b392f9cc8cd173a6cd729075",
            "messageTitle": "Update dg - target user profile, user stories and use cases",
            "messageBody": "",
            "fileTypesAndContributionMap": {
              "docs": {
                "insertions": 25,
                "deletions": 20
              }
            }
          }
        ]
      },
      {
        "date": "2020-10-05",
        "commitResults": [
          {
            "hash": "3b51a67219caef4f59af2c293cdc1b24416d69c9",
            "messageTitle": "Update Person class into Day class",
            "messageBody": "",
            "fileTypesAndContributionMap": {
              "functional-code": {
                "insertions": 340,
                "deletions": 340
              },
              "other": {
                "insertions": 89,
                "deletions": 51
              },
              "docs": {
                "insertions": 35,
                "deletions": 35
              },
              "test-code": {
                "insertions": 386,
                "deletions": 386
              }
            }
          },
          {
            "hash": "61dee426447d3b8db457ec3c68aa4f46565d2985",
            "messageTitle": "Commented code to pass CI",
            "messageBody": "",
            "fileTypesAndContributionMap": {
              "functional-code": {
                "insertions": 9,
                "deletions": 9
              }
            }
          },
          {
            "hash": "8bacee46611f25bedee091c30e5a39c11dd617f2",
            "messageTitle": "Fix checkstyle",
            "messageBody": "",
            "fileTypesAndContributionMap": {
              "functional-code": {
                "insertions": 10,
                "deletions": 9
              }
            }
          }
        ]
      },
      {
        "date": "2020-10-06",
        "commitResults": [
          {
            "hash": "c3cd74d04f07386c236f25379e87d59cab1a5561",
            "messageTitle": "Fix checkstyle",
            "messageBody": "",
            "fileTypesAndContributionMap": {
              "test-code": {
                "insertions": 7,
                "deletions": 7
              }
            }
          }
        ]
      },
      {
        "date": "2020-10-13",
        "commitResults": [
          {
            "hash": "4c87acb13102939379f70bc7b9ac829dde9e39c0",
            "messageTitle": "Change Name class to Date class",
            "messageBody": "",
            "fileTypesAndContributionMap": {
              "functional-code": {
                "insertions": 194,
                "deletions": 203
              },
              "other": {
                "insertions": 95,
                "deletions": 95
              },
              "docs": {
                "insertions": 2,
                "deletions": 2
              },
              "test-code": {
                "insertions": 616,
                "deletions": 614
              }
            }
          },
          {
            "hash": "e4a8fa287c8e01c35fec6a951de5a2679c159bf2",
            "messageTitle": "Fix fxml",
            "messageBody": "",
            "fileTypesAndContributionMap": {
              "functional-code": {
                "insertions": 1,
                "deletions": 1
              }
            }
          }
        ]
      }
    ],
    "wayne987": [
      {
        "date": "2020-10-01",
        "commitResults": [
          {
            "hash": "a843fb807022eda36dd0e8445f13b09ff0389707",
            "messageTitle": "DG nfr and glossary",
            "messageBody": "",
            "fileTypesAndContributionMap": {
              "docs": {
                "insertions": 7,
                "deletions": 2
              }
            }
          }
        ]
      },
      {
        "date": "2020-10-05",
        "commitResults": [
          {
            "hash": "9fca7c6687d1c5f24e19eb69167f6cbc692686b7",
            "messageTitle": "Add Calorie Class to model after calorie input/output",
            "messageBody": "",
            "fileTypesAndContributionMap": {
              "functional-code": {
                "insertions": 151,
                "deletions": 0
              }
            }
          },
          {
            "hash": "cae32134762b05c08b0b8da2d66ca4103e6191b4",
            "messageTitle": "Add parser for CalorieCommand",
            "messageBody": "",
            "fileTypesAndContributionMap": {
              "functional-code": {
                "insertions": 123,
                "deletions": 15
              },
              "docs": {
                "insertions": 5,
                "deletions": 5
              }
            }
          },
          {
            "hash": "f1bbbc2ff0ad12e8363c872f8a1f24b445a1d834",
            "messageTitle": "fix bug in isValidTime method in Time",
            "messageBody": "",
            "fileTypesAndContributionMap": {
              "functional-code": {
                "insertions": 19,
                "deletions": 8
              }
            }
          },
          {
            "hash": "922f643667a3a9e20ce675042c8018bb5645d817",
            "messageTitle": "corrected code style",
            "messageBody": "",
            "fileTypesAndContributionMap": {
              "functional-code": {
                "insertions": 102,
                "deletions": 57
              }
            }
          }
        ]
      },
      {
        "date": "2020-10-12",
        "commitResults": [
          {
            "hash": "480fd0a786fc1a8653157f9c630b8e2a809da6ec",
            "messageTitle": "no message",
            "messageBody": "",
            "fileTypesAndContributionMap": {
              "functional-code": {
                "insertions": 443,
                "deletions": 537
              },
              "other": {
                "insertions": 82,
                "deletions": 121
              },
              "docs": {
                "insertions": 41,
                "deletions": 76
              },
              "test-code": {
                "insertions": 521,
                "deletions": 522
              }
            }
          },
          {
            "hash": "9422b06334e4980f6c7bd63d6e99958fc96b0d9a",
            "messageTitle": "Revert \"no message\"",
            "messageBody": "This reverts commit 480fd0a786fc1a8653157f9c630b8e2a809da6ec.\n",
            "fileTypesAndContributionMap": {
              "functional-code": {
                "insertions": 537,
                "deletions": 443
              },
              "other": {
                "insertions": 121,
                "deletions": 82
              },
              "docs": {
                "insertions": 76,
                "deletions": 41
              },
              "test-code": {
                "insertions": 522,
                "deletions": 521
              }
            }
          },
          {
            "hash": "5c56e5994d50e5215a298bbf16e8790eba450c20",
            "messageTitle": "Add method contains, getDate in UniqueDayList class and AddCalorieOutput, getTotalCalorieOutput in Day class",
            "messageBody": "",
            "fileTypesAndContributionMap": {
              "functional-code": {
                "insertions": 112,
                "deletions": 12
              }
            }
          },
          {
            "hash": "cd195da1b0ea651be05464255494e74fe4b51ede",
            "messageTitle": "fix bug",
            "messageBody": "",
            "fileTypesAndContributionMap": {
              "test-code": {
                "insertions": 10,
                "deletions": 0
              }
            }
          },
          {
            "hash": "14fe295ef6c92eaf01ffd5e1c20c6e68de3c39e6",
            "messageTitle": "fix checkstyle",
            "messageBody": "",
            "fileTypesAndContributionMap": {
              "functional-code": {
                "insertions": 2,
                "deletions": 1
              },
              "test-code": {
                "insertions": 20,
                "deletions": 22
              }
            }
          }
        ]
      },
      {
        "date": "2020-10-13",
        "commitResults": [
          {
            "hash": "495d80882d9fd12546ed6ce19cf2f4df1f1a29f8",
            "messageTitle": "Change sample names in SampleDataUtil to date",
            "messageBody": "",
            "fileTypesAndContributionMap": {
              "functional-code": {
                "insertions": 6,
                "deletions": 6
              }
            }
          },
          {
            "hash": "0a1650909f1278d7be6c788729f139cccac1308d",
            "messageTitle": "Fix bugs",
            "messageBody": "",
            "fileTypesAndContributionMap": {
              "functional-code": {
                "insertions": 4,
                "deletions": 4
              }
            }
          },
          {
            "hash": "4b132059a8e07431f7c42a1b5c7d960db584e4c5",
            "messageTitle": "change test cases",
            "messageBody": "",
            "fileTypesAndContributionMap": {
              "functional-code": {
                "insertions": 1,
                "deletions": 1
              },
              "test-code": {
                "insertions": 11,
                "deletions": 16
              }
            }
          },
          {
            "hash": "70f26701e5a0f6d1c5e2d82494982afdf7bfc37f",
            "messageTitle": "fix checkstyle",
            "messageBody": "",
            "fileTypesAndContributionMap": {
              "test-code": {
                "insertions": 6,
                "deletions": 5
              }
            }
          },
          {
            "hash": "2824915e167313caa9131be2f49df94498f1c158",
            "messageTitle": "Change calorie to abstract class",
            "messageBody": "",
            "fileTypesAndContributionMap": {
              "functional-code": {
                "insertions": 5,
                "deletions": 7
              }
            }
          },
          {
            "hash": "7384d3f51c302b5d1429eafda523865021935543",
            "messageTitle": "Add test for CalorieCount, Exercise, Food, Time",
            "messageBody": "",
            "fileTypesAndContributionMap": {
              "functional-code": {
                "insertions": 1,
                "deletions": 4
              },
              "test-code": {
                "insertions": 156,
                "deletions": 0
              }
            }
          },
          {
            "hash": "d35163995c4ebf6cf46ee3fd02f034ad139cc1c2",
            "messageTitle": "Add equals method for Input and Output class",
            "messageBody": "",
            "fileTypesAndContributionMap": {
              "functional-code": {
                "insertions": 32,
                "deletions": 4
              }
            }
          }
        ]
      },
      {
        "date": "2020-10-14",
        "commitResults": [
          {
            "hash": "57c411680a80cc9d3b5b1fd5f69721274fb959cc",
            "messageTitle": "Edit CalorieCommand to fix UI Bugs",
            "messageBody": "",
            "fileTypesAndContributionMap": {
              "functional-code": {
                "insertions": 8,
                "deletions": 2
              }
            }
          },
          {
            "hash": "2d829ad9288cc70e18fd4e8c71fe0729d84ad5a2",
            "messageTitle": "Fix bug in output",
            "messageBody": "",
            "fileTypesAndContributionMap": {
              "functional-code": {
                "insertions": 3,
                "deletions": 0
              },
              "test-code": {
                "insertions": 42,
                "deletions": 0
              }
            }
          }
        ]
      }
    ],
    "junhui-phoon": [
      {
        "date": "2020-09-29",
        "commitResults": [
          {
            "hash": "9b28db007507bcad58990211c970578693ed5757",
            "messageTitle": "Fix failed CI",
            "messageBody": "",
            "fileTypesAndContributionMap": {
              "functional-code": {
                "insertions": 3,
                "deletions": 3
              },
              "test-code": {
                "insertions": 1,
                "deletions": 1
              }
            }
          },
          {
            "hash": "681be86067d5aa365c9323bbcfcf3f294c8748e3",
            "messageTitle": "Add remark command",
            "messageBody": "",
            "fileTypesAndContributionMap": {
              "functional-code": {
                "insertions": 11,
                "deletions": 3
              }
            }
          },
          {
            "hash": "35aec1602fa0190c3725d98b469faa68c0377051",
            "messageTitle": "Fix checkstyle errors",
            "messageBody": "",
            "fileTypesAndContributionMap": {
              "test-code": {
                "insertions": 11,
                "deletions": 5
              }
            }
          },
          {
            "hash": "312f1b67f361c2f4e5143236ed076b91c2de7f1f",
            "messageTitle": "reset codebase back to default AB3",
            "messageBody": "",
            "fileTypesAndContributionMap": {
              "functional-code": {
                "insertions": 13,
                "deletions": 238
              },
              "test-code": {
                "insertions": 10,
                "deletions": 165
              }
            }
          }
        ]
      },
      {
        "date": "2020-09-30",
        "commitResults": [
          {
            "hash": "8effb423c0e5a28ad60010b00cbedf666169fd0f",
            "messageTitle": "Edit AboutUs.md",
            "messageBody": "",
            "fileTypesAndContributionMap": {
              "docs": {
                "insertions": 19,
                "deletions": 18
              }
            }
          },
          {
            "hash": "20f73a844303890bb0669068d024e6d607d9869a",
            "messageTitle": "Edit README.md",
            "messageBody": "",
            "fileTypesAndContributionMap": {
              "docs": {
                "insertions": 13,
                "deletions": 11
              }
            }
          },
          {
            "hash": "9a5ef1cb30827ce9303c371927f7572a2225b4c1",
            "messageTitle": "Fix markdown syntax errors",
            "messageBody": "",
            "fileTypesAndContributionMap": {
              "docs": {
                "insertions": 3,
                "deletions": 3
              }
            }
          }
        ]
      },
      {
        "date": "2020-10-01",
        "commitResults": [
          {
            "hash": "2b57666f5df054b69d76e0c74b72053ff6ef7976",
            "messageTitle": "Update index.md",
            "messageBody": "",
            "fileTypesAndContributionMap": {
              "docs": {
                "insertions": 5,
                "deletions": 4
              }
            }
          },
          {
            "hash": "9dce1be031498ab39ea6882103c806f3bd4c9b51",
            "messageTitle": "Update JavaCI badge link in README.md",
            "messageBody": "",
            "fileTypesAndContributionMap": {
              "docs": {
                "insertions": 1,
                "deletions": 1
              }
            }
          }
        ]
      },
      {
        "date": "2020-10-09",
        "commitResults": [
          {
            "hash": "98083ffed3b883a1d2b82e72fc446983e1ef5f45",
            "messageTitle": "Replace Phone.java to Weight.java (In progress)",
            "messageBody": "",
            "fileTypesAndContributionMap": {
              "other": {
                "insertions": 8,
                "deletions": 8
              }
            }
          },
          {
            "hash": "defce445401fb8e7cc9f91fb6e111f50ad594c18",
            "messageTitle": "Replace \u0027Phone\u0027 references to \u0027Weight\u0027 in these classes",
            "messageBody": "#ParserUtil.java\nReplaced \u0027parsePhone\u0027 method to \u0027parseWeight\u0027 method\n\n#Day.java\nReplaced \u0027Phone\u0027 references to \u0027Weight\u0027\n\n#Weight.class\nReplaced \u0027Phone\u0027 class to \u0027Weight\u0027 class.\nRemoved \u0027equals\u0027 method since weight can be duplicated among days.\n\n#JsonAdaptedPerson.java\nReplaced \u0027Phone\u0027 references to \u0027Weight\u0027\n",
            "fileTypesAndContributionMap": {
              "functional-code": {
                "insertions": 36,
                "deletions": 44
              }
            }
          },
          {
            "hash": "4a722b1f71d7386ee7821320e9d7a0551cb65e65",
            "messageTitle": "Replace \u0027Phone\u0027 references in these classes.",
            "messageBody": "#/logic/commands/EditCommand.java\nReplaced \u0027Phone\u0027 references with \u0027Weight\u0027.\n\n#/logic/parser/AddCommandParser.java\nReplaced \u0027Phone\u0027 references with \u0027Weight\u0027.\n\n#logic/parser/CliSyntax.java\nAdded a new prefix \u0027w/\u0027 to add weight using \u0027Add\u0027 command.\n\n#/logic/parser/EditCommandParser.java\nReplaced \u0027Phone\u0027 references with \u0027Weight\u0027.\n\n#/model/util/SampleDataUtil.java\nRemoved phone number sample data and replaced with weight sample data.\n\n#/ui/PersonCard.java\nChanged UI to display \u0027weight\u0027 instead of \u0027phone\u0027 number\n",
            "fileTypesAndContributionMap": {
              "functional-code": {
                "insertions": 32,
                "deletions": 37
              }
            }
          },
          {
            "hash": "302cfbc6f577470229510023144124574750a121",
            "messageTitle": "Replace \u0027Phone\u0027 references to \u0027Weight\u0027 in these classes",
            "messageBody": "#AddCommandParser.java\nRemoved \u0027PREFIX_PHONE\u0027 and replaced with \u0027PREFIX_WEIGHT\u0027 in \u0027parse\u0027 method.\n",
            "fileTypesAndContributionMap": {
              "functional-code": {
                "insertions": 2,
                "deletions": 2
              }
            }
          },
          {
            "hash": "fa58674e96210d4c9115c73df490e61443bb9138",
            "messageTitle": "Fix Checkstyle errors",
            "messageBody": "",
            "fileTypesAndContributionMap": {
              "functional-code": {
                "insertions": 11,
                "deletions": 3
              }
            }
          },
          {
            "hash": "de2f45b3d1dd571f0634440a5717f8e267f8cf58",
            "messageTitle": "Fix bug in PersonListCard.fxml",
            "messageBody": "#/resources/view/PersonListCard.fxml\nFixed fxml label to display weight instead of phone. This fixes the PersonCard UI not loaded during run.\n",
            "fileTypesAndContributionMap": {
              "functional-code": {
                "insertions": 1,
                "deletions": 1
              }
            }
          },
          {
            "hash": "bf292dfe2838016390ff0c7956b77ccdd3043484",
            "messageTitle": "Add kg symbol to display beside the \u0027weight\u0027 value",
            "messageBody": "#/ui/PersonCard.java\nAdded kg symbol to display beside the \u0027weight\u0027 value\n",
            "fileTypesAndContributionMap": {
              "functional-code": {
                "insertions": 1,
                "deletions": 1
              }
            }
          }
        ]
      },
      {
        "date": "2020-10-10",
        "commitResults": [
          {
            "hash": "29389f043ebbb1c2510b64c1bc234429f241da97",
            "messageTitle": "Rewrote all the test cases that referenced \u0027Phone\u0027 to \u0027Weight\u0027",
            "messageBody": "",
            "fileTypesAndContributionMap": {
              "functional-code": {
                "insertions": 2,
                "deletions": 2
              },
              "test-code": {
                "insertions": 180,
                "deletions": 181
              }
            }
          },
          {
            "hash": "46cbfa118c2575ee456796d95fd421f5a4a1878f",
            "messageTitle": "Fix all failed test cases",
            "messageBody": "",
            "fileTypesAndContributionMap": {
              "functional-code": {
                "insertions": 12,
                "deletions": 3
              },
              "test-code": {
                "insertions": 4,
                "deletions": 2
              }
            }
          },
          {
            "hash": "d86126f37fb07ed8645e6609f6274de60121bded",
            "messageTitle": "Fix Checkstyle errors for test codes",
            "messageBody": "",
            "fileTypesAndContributionMap": {
              "test-code": {
                "insertions": 15,
                "deletions": 15
              }
            }
          },
          {
            "hash": "dbdbef1f34770e8ffd00e3283fad75c4f3364b32",
            "messageTitle": "Edit DeveloperGuide and UserGuide on adding and editing \u0027weight\u0027 record",
            "messageBody": "#DeveloperGuide.md\nAdded a use case for adding a daily weight record\nAdded a use case for editing a daily weight record\n\n#UserGuide.md\nAdded the guide on adding and editing weight record under \u0027Features\u0027 section\nAdded the commands for adding and editing weight record under \u0027Command summary\u0027 section\n",
            "fileTypesAndContributionMap": {
              "docs": {
                "insertions": 35,
                "deletions": 0
              }
            }
          },
          {
            "hash": "5f6de300f0fdf818b21e3a5b2c3b6c9242b8753e",
            "messageTitle": "Fix typo in index.md",
            "messageBody": "",
            "fileTypesAndContributionMap": {
              "docs": {
                "insertions": 2,
                "deletions": 2
              }
            }
          },
          {
            "hash": "885a62500d04d01f4e8e5f366d014f615ee529e4",
            "messageTitle": "Fix typo in UserGuide.md",
            "messageBody": "#UserGuide.md\nFix a typo on the command syntax for edit weight\n",
            "fileTypesAndContributionMap": {
              "docs": {
                "insertions": 3,
                "deletions": 3
              }
            }
          },
          {
            "hash": "86472546b8d6a596779fec23973b7d8467530881",
            "messageTitle": "Fix user guide link for the help window",
            "messageBody": "",
            "fileTypesAndContributionMap": {
              "functional-code": {
                "insertions": 1,
                "deletions": 1
              }
            }
          }
        ]
      },
      {
        "date": "2020-10-12",
        "commitResults": [
          {
            "hash": "9d026c9cce5340d22f890100f1f410c0702309b4",
            "messageTitle": "Modify UI elements",
            "messageBody": "#PersonCard.java\nReplaced fxml references of AB-3 to My Fitness Buddy (incomplete for model/Day.java class references).\n\n#UIManager.java\nRenamed CSS filename to ArmyTheme.css\n\n#ArmyTheme.css\nChanged the hex code of the UI colours to army green.\n\n#MainWindow.fxml\n#PersonListCard.fxml\n#ResultDisplay.fxml\nReordering of the UI elements.\n",
            "fileTypesAndContributionMap": {
              "functional-code": {
                "insertions": 30,
                "deletions": 34
              }
            }
          },
          {
            "hash": "47539d0f6931adf92d3bfd86e326d41726249a61",
            "messageTitle": "Fix checkstyle errors",
            "messageBody": "",
            "fileTypesAndContributionMap": {
              "functional-code": {
                "insertions": 1,
                "deletions": 9
              }
            }
          },
          {
            "hash": "5c98700d1d15ca96551046d565a57e123f097657",
            "messageTitle": "Add label for \u0027weight\u0027",
            "messageBody": "",
            "fileTypesAndContributionMap": {
              "functional-code": {
                "insertions": 1,
                "deletions": 1
              }
            }
          }
        ]
      },
      {
        "date": "2020-10-14",
        "commitResults": [
          {
            "hash": "1e873091379cf56f80260ca85c932e4290149b77",
            "messageTitle": "Add UI labels for clarity",
            "messageBody": "",
            "fileTypesAndContributionMap": {
              "functional-code": {
                "insertions": 3,
                "deletions": 3
              }
            }
          },
          {
            "hash": "6f38bc28e5d4884f0490db8b565e84e8a73bfdbd",
            "messageTitle": "Fix Java CI errors",
            "messageBody": "",
            "fileTypesAndContributionMap": {
              "functional-code": {
                "insertions": 1,
                "deletions": 1
              }
            }
          },
          {
            "hash": "8e673e193b0be90febf30686fa48f78ac4d95abb",
            "messageTitle": "Remove unused \u0027add\u0027 command parameters",
            "messageBody": "",
            "fileTypesAndContributionMap": {
              "functional-code": {
                "insertions": 10,
                "deletions": 28
              }
            }
          },
          {
            "hash": "abbba53143a0e085d89ca9894e4d8bbb3c241693",
            "messageTitle": "Fix \u0027add\u0027 command successful execute message",
            "messageBody": "#Day.java\nFixed \u0027add\u0027 command successful execute message\n\n#LogicManagerTest.java\n#CommandTestUtil.java\n#AddCommandParserTest.java\nRemoved \u0027address\u0027 and \u0027email\u0027 parameters in test methods\n",
            "fileTypesAndContributionMap": {
              "functional-code": {
                "insertions": 2,
                "deletions": 3
              },
              "test-code": {
                "insertions": 23,
                "deletions": 60
              }
            }
          }
        ]
      }
    ],
    "jiaax": [
      {
        "date": "2020-10-01",
        "commitResults": [
          {
            "hash": "851767cd7f2abe552d2c7616ffed3c833fed78cc",
            "messageTitle": "Updated UG -- command summary and intro",
            "messageBody": "",
            "fileTypesAndContributionMap": {
              "docs": {
                "insertions": 24,
                "deletions": 38
              }
            }
          },
          {
            "hash": "a3aac1e9f5f6953a38a1494f139134991bedde6e",
            "messageTitle": "Newline at EOF",
            "messageBody": "",
            "fileTypesAndContributionMap": {
              "docs": {
                "insertions": 1,
                "deletions": 1
              }
            }
          },
          {
            "hash": "0d6f0a1196175b21543e81d107327e9b4ad9ad61",
            "messageTitle": "Corrected typo \u0027eva.jar\u0027",
            "messageBody": "",
            "fileTypesAndContributionMap": {
              "docs": {
                "insertions": 1,
                "deletions": 1
              }
            }
          }
        ]
      },
      {
        "date": "2020-10-09",
        "commitResults": [
          {
            "hash": "ac538994a92146c0b4888dc12d786e914686895d",
            "messageTitle": "Added calorie input and modified user guide",
            "messageBody": "",
            "fileTypesAndContributionMap": {
              "functional-code": {
                "insertions": 102,
                "deletions": 24
              },
              "docs": {
                "insertions": 6,
                "deletions": 6
              }
            }
          },
          {
            "hash": "ff3be4f008f69972db4295f28416e24e9c5421e2",
            "messageTitle": "Checkstyle errors",
            "messageBody": "",
            "fileTypesAndContributionMap": {
              "functional-code": {
                "insertions": 9,
                "deletions": 4
              }
            }
          },
          {
            "hash": "cc5874ab061a3351a84d91c48bc1831f041560cf",
            "messageTitle": "Fix checkstyle errors",
            "messageBody": "",
            "fileTypesAndContributionMap": {
              "functional-code": {
                "insertions": 8,
                "deletions": 1
              }
            }
          }
        ]
      },
      {
        "date": "2020-10-13",
        "commitResults": [
          {
            "hash": "836c241e68359b87c2debad4fcfaa94be295f223",
            "messageTitle": "Removed date and added totalCalorieInput methods",
            "messageBody": "",
            "fileTypesAndContributionMap": {
              "functional-code": {
                "insertions": 40,
                "deletions": 45
              }
            }
          },
          {
            "hash": "a5d8d688e555adbf3504e8cfbb0ba275e1ffa581",
            "messageTitle": "Added time",
            "messageBody": "",
            "fileTypesAndContributionMap": {
              "functional-code": {
                "insertions": 28,
                "deletions": 14
              }
            }
          },
          {
            "hash": "3456e6c0331283956ba51461df545f4911760ee5",
            "messageTitle": "Added tests for Input and TotalCalories",
            "messageBody": "",
            "fileTypesAndContributionMap": {
              "functional-code": {
                "insertions": 5,
                "deletions": 2
              },
              "test-code": {
                "insertions": 117,
                "deletions": 2
              }
            }
          }
        ]
      },
      {
        "date": "2020-10-14",
        "commitResults": [
          {
            "hash": "97f3aac4f2f6b1575b28b27fd2aadcf202721fec",
            "messageTitle": "Checkstyle test errors fixed",
            "messageBody": "",
            "fileTypesAndContributionMap": {
              "test-code": {
                "insertions": 19,
                "deletions": 13
              }
            }
          },
          {
            "hash": "19dee888dd1bd67cdd1f64e6d1997ceedd9e8fcd",
            "messageTitle": "Updating of method name",
            "messageBody": "",
            "fileTypesAndContributionMap": {
              "functional-code": {
                "insertions": 1,
                "deletions": 1
              }
            }
          }
        ]
      }
    ]
  },
  "authorFileTypeContributionMap": {
    "hoperawr": {
      "docs": 20,
      "functional-code": 219,
      "test-code": 72
    },
    "ethanso56": {
      "docs": 64,
      "functional-code": 286,
      "test-code": 816
    },
    "wayne987": {
      "docs": 11,
      "functional-code": 610,
      "test-code": 235
    },
    "junhui-phoon": {
      "docs": 66,
      "functional-code": 94,
      "test-code": 111
    },
    "jiaax": {
      "docs": 26,
      "functional-code": 128,
      "test-code": 121
    }
  },
  "authorContributionVariance": {
    "hoperawr": 3883.5015,
    "ethanso56": 97264.22,
    "wayne987": 372480.53,
    "junhui-phoon": 7329.777,
    "jiaax": 1443.5511
  },
  "authorDisplayNameMap": {
    "hoperawr": "CS2103T-W11-3 LEON..HOPE",
    "ethanso56": "CS2103T-W11-3 SO W..THAN",
    "wayne987": "CS2103T-W11-3 CHAN.. WAI",
    "junhui-phoon": "CS2103T-W11-3 PHOO.. HUI",
    "jiaax": "CS2103T-W11-3 NG J.. XIN"
  }
}
