{
  "authorDailyContributionsMap": {
    "IsaacTin": [
      {
        "date": "2020-09-21",
        "commitResults": [
          {
            "hash": "f164096b30128f1bb7754e8617a02b73d20b5169",
            "messageTitle": "Update DeveloperGuide.md",
            "messageBody": "",
            "fileTypesAndContributionMap": {
              "docs": {
                "insertions": 11,
                "deletions": 12
              }
            }
          },
          {
            "hash": "3a986480591cb38cd1cf1eb1645d3a0e4a938513",
            "messageTitle": "Update DeveloperGuide.md",
            "messageBody": "",
            "fileTypesAndContributionMap": {
              "docs": {
                "insertions": 2,
                "deletions": 0
              }
            }
          },
          {
            "hash": "51605823550c1d11acb2a33ad6eb84af65290734",
            "messageTitle": "Update DeveloperGuide.md",
            "messageBody": "",
            "fileTypesAndContributionMap": {
              "docs": {
                "insertions": 93,
                "deletions": 10
              }
            }
          },
          {
            "hash": "bc8e55da8eb4d2595d6ca75af5dc91b067420eda",
            "messageTitle": "Update DeveloperGuide.md",
            "messageBody": "",
            "fileTypesAndContributionMap": {
              "docs": {
                "insertions": 3,
                "deletions": 0
              }
            }
          },
          {
            "hash": "34d062fbfdf13a84d930e14a5c9b936b37c9fffd",
            "messageTitle": "Update DeveloperGuide.md",
            "messageBody": "",
            "fileTypesAndContributionMap": {
              "docs": {
                "insertions": 1,
                "deletions": 20
              }
            }
          },
          {
            "hash": "3a27ac5dee3fa82e6ae59f6a04b83719c3d53596",
            "messageTitle": "Update DeveloperGuide.md",
            "messageBody": "",
            "fileTypesAndContributionMap": {
              "docs": {
                "insertions": 4,
                "deletions": 0
              }
            }
          },
          {
            "hash": "5c8bfe3e590f6268bdef22dc41fb69defe777633",
            "messageTitle": "Update DeveloperGuide.md",
            "messageBody": "",
            "fileTypesAndContributionMap": {
              "docs": {
                "insertions": 4,
                "deletions": 4
              }
            }
          }
        ]
      },
      {
        "date": "2020-09-30",
        "commitResults": [
          {
            "hash": "bde065cbfcff3505f1b399acf578800ed48c9e6a",
            "messageTitle": "Add Isaac Info",
            "messageBody": "",
            "fileTypesAndContributionMap": {
              "docs": {
                "insertions": 46,
                "deletions": 0
              }
            }
          },
          {
            "hash": "9eb32a0550111a01eca38d3aef315f81c6d5033a",
            "messageTitle": "Add Isaac Info",
            "messageBody": "",
            "fileTypesAndContributionMap": {
              "docs": {
                "insertions": 6,
                "deletions": 6
              }
            }
          },
          {
            "hash": "7c07bcd65b872a0dfca6fe93387a5aa8d473227a",
            "messageTitle": "Add Isaac Info",
            "messageBody": "",
            "fileTypesAndContributionMap": {
              "docs": {
                "insertions": 1,
                "deletions": 1
              }
            }
          },
          {
            "hash": "7bf9354bf117051f30d966884aff4d717b190067",
            "messageTitle": "Add isaac info",
            "messageBody": "",
            "fileTypesAndContributionMap": {
              "docs": {
                "insertions": 1,
                "deletions": 1
              }
            }
          },
          {
            "hash": "0cd323104d413b05cfe9963d3287ed225526dc64",
            "messageTitle": "Delete isaactin.md",
            "messageBody": "",
            "fileTypesAndContributionMap": {
              "docs": {
                "insertions": 0,
                "deletions": 46
              }
            }
          },
          {
            "hash": "e3a2f0e0ff207c9581547ee538d71351c0ead82b",
            "messageTitle": "Add isaac info",
            "messageBody": "",
            "fileTypesAndContributionMap": {
              "docs": {
                "insertions": 46,
                "deletions": 0
              }
            }
          },
          {
            "hash": "75bf86eb0844dbef2a0ef6ed9f28f55dda0e3dc2",
            "messageTitle": "Add isaac info",
            "messageBody": "",
            "fileTypesAndContributionMap": {
              "docs": {
                "insertions": 1,
                "deletions": 1
              }
            }
          },
          {
            "hash": "c063f1d809dbe00e2f13a858813592af52377f14",
            "messageTitle": "Add isaac info",
            "messageBody": "",
            "fileTypesAndContributionMap": {
              "docs": {
                "insertions": 1,
                "deletions": 1
              }
            }
          }
        ]
      },
      {
        "date": "2020-10-02",
        "commitResults": [
          {
            "hash": "8ceb5af7b455ff138b1cbdaa2d1ea933df5f38a0",
            "messageTitle": "Edit based on reviews",
            "messageBody": "",
            "fileTypesAndContributionMap": {
              "functional-code": {
                "insertions": 11,
                "deletions": 12
              },
              "docs": {
                "insertions": 3,
                "deletions": 3
              },
              "test-code": {
                "insertions": 2,
                "deletions": 2
              }
            }
          }
        ]
      },
      {
        "date": "2020-10-11",
        "commitResults": [
          {
            "hash": "2ca8559133a3b64fa76e38ac24c9bbe915f6c173",
            "messageTitle": "Add comments",
            "messageBody": "",
            "fileTypesAndContributionMap": {
              "functional-code": {
                "insertions": 579,
                "deletions": 14
              }
            }
          }
        ]
      },
      {
        "date": "2020-10-14",
        "commitResults": [
          {
            "hash": "ff831550d0a2fa03b621cbad71bc548ac0d01254",
            "messageTitle": "Update delete comment message",
            "messageBody": "",
            "fileTypesAndContributionMap": {
              "functional-code": {
                "insertions": 3,
                "deletions": 1
              }
            }
          }
        ]
      },
      {
        "date": "2020-10-18",
        "commitResults": [
          {
            "hash": "9e3acb0cec495d474471601acb3ccf8968f58cc1",
            "messageTitle": "Refine Add Commands",
            "messageBody": "",
            "fileTypesAndContributionMap": {
              "functional-code": {
                "insertions": 174,
                "deletions": 15
              }
            }
          },
          {
            "hash": "2b0b35c3be13f520d3b3f3b6a27dfaddf4ac3c86",
            "messageTitle": "Refine Add Commands",
            "messageBody": "",
            "fileTypesAndContributionMap": {
              "functional-code": {
                "insertions": 7,
                "deletions": 2
              },
              "test-code": {
                "insertions": 1,
                "deletions": 1
              }
            }
          }
        ]
      },
      {
        "date": "2020-10-21",
        "commitResults": [
          {
            "hash": "a3c75d503a3e1e4ad348135bf255896b4eed7e39",
            "messageTitle": "Update ugdg and add/delete functions",
            "messageBody": "",
            "fileTypesAndContributionMap": {
              "functional-code": {
                "insertions": 316,
                "deletions": 115
              },
              "docs": {
                "insertions": 205,
                "deletions": 16
              },
              "test-code": {
                "insertions": 1,
                "deletions": 1
              }
            }
          },
          {
            "hash": "a66552ca6e25498ae126d64badb80cf81ed94f5b",
            "messageTitle": "Correct Checkstyle",
            "messageBody": "",
            "fileTypesAndContributionMap": {
              "functional-code": {
                "insertions": 56,
                "deletions": 42
              }
            }
          },
          {
            "hash": "450a65a478e96c4ba04c8e94ae74c0a2e78fd940",
            "messageTitle": "Fixed tests",
            "messageBody": "",
            "fileTypesAndContributionMap": {
              "functional-code": {
                "insertions": 7,
                "deletions": 3
              },
              "test-code": {
                "insertions": 117,
                "deletions": 14
              }
            }
          },
          {
            "hash": "56d11aa9e1f22ead71dafb0b3feab1f8f1f5c071",
            "messageTitle": "update Dg)",
            "messageBody": "_\n}\n)\n(\n",
            "fileTypesAndContributionMap": {
              "functional-code": {
                "insertions": 2,
                "deletions": 0
              },
              "other": {
                "insertions": 3,
                "deletions": 0
              },
              "docs": {
                "insertions": 15,
                "deletions": 61
              }
            }
          },
          {
            "hash": "ed63bda8bb69678cc73510bbe448e4c3303db3af",
            "messageTitle": "Correct assert",
            "messageBody": "",
            "fileTypesAndContributionMap": {
              "functional-code": {
                "insertions": 0,
                "deletions": 1
              }
            }
          }
        ]
      },
      {
        "date": "2020-10-25",
        "commitResults": [
          {
            "hash": "1e24a88966cad816c0994709dab2bad72d15d108",
            "messageTitle": "Add edit commands",
            "messageBody": "",
            "fileTypesAndContributionMap": {
              "functional-code": {
                "insertions": 154,
                "deletions": 20
              },
              "test-code": {
                "insertions": 18,
                "deletions": 16
              }
            }
          },
          {
            "hash": "ee2633fb23f8eb451de1d663309224db3be6c5ac",
            "messageTitle": "Refine Edit Commands",
            "messageBody": "",
            "fileTypesAndContributionMap": {
              "functional-code": {
                "insertions": 18,
                "deletions": 13
              }
            }
          },
          {
            "hash": "02de8a86905a51987d507da4a850208f0f74017a",
            "messageTitle": "Refine Edit Commands",
            "messageBody": "",
            "fileTypesAndContributionMap": {
              "functional-code": {
                "insertions": 8,
                "deletions": 2
              }
            }
          }
        ]
      },
      {
        "date": "2020-10-26",
        "commitResults": [
          {
            "hash": "3b3ba490a35c6b2b27f5427afc41ce21e39a1417",
            "messageTitle": "Correct small bug)",
            "messageBody": "",
            "fileTypesAndContributionMap": {
              "functional-code": {
                "insertions": 3,
                "deletions": 3
              }
            }
          },
          {
            "hash": "d589a2e0b895b4b18d1057020374e024ac5614bb",
            "messageTitle": "Fix small bug",
            "messageBody": "",
            "fileTypesAndContributionMap": {
              "functional-code": {
                "insertions": 1,
                "deletions": 1
              }
            }
          },
          {
            "hash": "b83da60068ef362844eaaf29f5af0a55b9bf5613",
            "messageTitle": "Under progress",
            "messageBody": "",
            "fileTypesAndContributionMap": {
              "functional-code": {
                "insertions": 51,
                "deletions": 13
              },
              "test-code": {
                "insertions": 2,
                "deletions": 2
              }
            }
          },
          {
            "hash": "eaf1e4c920d5a979bb25f343bae39cad84132d82",
            "messageTitle": "Refine Syntax",
            "messageBody": "",
            "fileTypesAndContributionMap": {
              "functional-code": {
                "insertions": 76,
                "deletions": 64
              },
              "test-code": {
                "insertions": 11,
                "deletions": 11
              }
            }
          },
          {
            "hash": "bd05d74f89a702be6ca6e5a6557b1ea036aea571",
            "messageTitle": "Took out unnecessary prefix",
            "messageBody": "",
            "fileTypesAndContributionMap": {
              "functional-code": {
                "insertions": 1,
                "deletions": 2
              }
            }
          },
          {
            "hash": "c7183cb784cce6b4433c35407063c496d393fa83",
            "messageTitle": "Fix CI",
            "messageBody": "",
            "fileTypesAndContributionMap": {
              "test-code": {
                "insertions": 3,
                "deletions": 2
              }
            }
          },
          {
            "hash": "4438b896a46f9ff266bf15638dd782a24d34b51a",
            "messageTitle": "Fix CI",
            "messageBody": "",
            "fileTypesAndContributionMap": {
              "functional-code": {
                "insertions": 2,
                "deletions": 1
              },
              "test-code": {
                "insertions": 2,
                "deletions": 3
              }
            }
          },
          {
            "hash": "5ce1752121a0b279aded97c74181de49a74c8f2f",
            "messageTitle": "Under progress",
            "messageBody": "",
            "fileTypesAndContributionMap": {
              "docs": {
                "insertions": 11,
                "deletions": 11
              }
            }
          },
          {
            "hash": "87454ffde12e4bda764143c35aa8c3af6beaff71",
            "messageTitle": "Change title prefix",
            "messageBody": "",
            "fileTypesAndContributionMap": {
              "functional-code": {
                "insertions": 2,
                "deletions": 2
              }
            }
          },
          {
            "hash": "397241e56c77e1bb893ace9faa63721f0193ad2f",
            "messageTitle": "In progress",
            "messageBody": "",
            "fileTypesAndContributionMap": {
              "docs": {
                "insertions": 36,
                "deletions": 6
              }
            }
          },
          {
            "hash": "03681fdbd4ab8b000498c476595e4a38fe29e104",
            "messageTitle": "In progress",
            "messageBody": "",
            "fileTypesAndContributionMap": {
              "functional-code": {
                "insertions": 5,
                "deletions": 0
              },
              "docs": {
                "insertions": 32,
                "deletions": 2
              }
            }
          }
        ]
      },
      {
        "date": "2020-10-27",
        "commitResults": [
          {
            "hash": "0a5964352057c4085637692899fb7a79f39d7d2a",
            "messageTitle": "Update UG",
            "messageBody": "",
            "fileTypesAndContributionMap": {
              "functional-code": {
                "insertions": 0,
                "deletions": 1
              },
              "docs": {
                "insertions": 18,
                "deletions": 13
              }
            }
          },
          {
            "hash": "3f4ab8d9d9015414ae69992706fe16d2343c6549",
            "messageTitle": "Fix small part of comments",
            "messageBody": "",
            "fileTypesAndContributionMap": {
              "functional-code": {
                "insertions": 14,
                "deletions": 2
              }
            }
          },
          {
            "hash": "4d247a665f0f3c098dba291702a9c01d0284df26",
            "messageTitle": "Fix small part of comments",
            "messageBody": "",
            "fileTypesAndContributionMap": {
              "functional-code": {
                "insertions": 2,
                "deletions": 2
              }
            }
          },
          {
            "hash": "580956e449edb63993ba4e23f77a0d2224915e4e",
            "messageTitle": "Fix small part of comments",
            "messageBody": "",
            "fileTypesAndContributionMap": {
              "functional-code": {
                "insertions": 10,
                "deletions": 5
              }
            }
          },
          {
            "hash": "e9ed2212cfb3a8474ee52b74b6089051cf16160a",
            "messageTitle": "Add comment UI into Staff Profile",
            "messageBody": "",
            "fileTypesAndContributionMap": {
              "functional-code": {
                "insertions": 9,
                "deletions": 10
              },
              "other": {
                "insertions": 6,
                "deletions": 6
              }
            }
          },
          {
            "hash": "fe5ba38dc201a273d131bb1271e01e48e61e0e78",
            "messageTitle": "Added addcomment and deletecomment comamnds",
            "messageBody": "",
            "fileTypesAndContributionMap": {
              "functional-code": {
                "insertions": 82,
                "deletions": 154
              }
            }
          },
          {
            "hash": "ad0ee4662c85679edf1a044f79924926493cd364",
            "messageTitle": "Added proper edit commands",
            "messageBody": "",
            "fileTypesAndContributionMap": {
              "functional-code": {
                "insertions": 661,
                "deletions": 51
              }
            }
          }
        ]
      },
      {
        "date": "2020-10-28",
        "commitResults": [
          {
            "hash": "a90070f7f58d998d47049d42ff9a79e5f1601b78",
            "messageTitle": "Update UG",
            "messageBody": "",
            "fileTypesAndContributionMap": {
              "docs": {
                "insertions": 200,
                "deletions": 54
              }
            }
          },
          {
            "hash": "9917dd3f1cba2daa44f48ed6135acfea14bf962f",
            "messageTitle": "Fix typo in commentcommand message",
            "messageBody": "",
            "fileTypesAndContributionMap": {
              "functional-code": {
                "insertions": 1,
                "deletions": 1
              }
            }
          }
        ]
      }
    ],
    "Ben-Hanan": [
      {
        "date": "2020-09-27",
        "commitResults": [
          {
            "hash": "137ad039d0f0d0e152f6cd59006be2394bc5bfd1",
            "messageTitle": "add individual about me pages",
            "messageBody": "",
            "fileTypesAndContributionMap": {
              "docs": {
                "insertions": 186,
                "deletions": 2
              }
            }
          }
        ]
      },
      {
        "date": "2020-09-30",
        "commitResults": [
          {
            "hash": "449ab0b3267f6a1292b0b59ee696c418c6511a47",
            "messageTitle": "add aboutus info",
            "messageBody": "",
            "fileTypesAndContributionMap": {
              "docs": {
                "insertions": 5,
                "deletions": 209
              }
            }
          },
          {
            "hash": "678a41cc3c45d3130bbf90249b652cefe824686d",
            "messageTitle": "change ppp",
            "messageBody": "",
            "fileTypesAndContributionMap": {
              "docs": {
                "insertions": 0,
                "deletions": 2
              }
            }
          },
          {
            "hash": "00705413e9c202941b0f8e81a7c55a3aca1abaad",
            "messageTitle": "update index.md",
            "messageBody": "",
            "fileTypesAndContributionMap": {
              "docs": {
                "insertions": 6,
                "deletions": 6
              }
            }
          },
          {
            "hash": "4fee53cff933615ef729111dee80b133817afe6b",
            "messageTitle": "update according to checkstyle",
            "messageBody": "",
            "fileTypesAndContributionMap": {
              "docs": {
                "insertions": 1,
                "deletions": 1
              }
            }
          }
        ]
      },
      {
        "date": "2020-10-01",
        "commitResults": [
          {
            "hash": "da354c991d33a64cd85ffbc7e4b331e8c2106d5f",
            "messageTitle": "refactor project from AB-3 to eva",
            "messageBody": "",
            "fileTypesAndContributionMap": {
              "other": {
                "insertions": 786,
                "deletions": 764
              },
              "docs": {
                "insertions": 2,
                "deletions": 2
              },
              "test-code": {
                "insertions": 3,
                "deletions": 3
              }
            }
          }
        ]
      },
      {
        "date": "2020-10-05",
        "commitResults": [
          {
            "hash": "4c326853c6421121d9309f9094abea911dd34787",
            "messageTitle": "add leave class",
            "messageBody": "",
            "fileTypesAndContributionMap": {
              "functional-code": {
                "insertions": 234,
                "deletions": 0
              }
            }
          }
        ]
      },
      {
        "date": "2020-10-06",
        "commitResults": [
          {
            "hash": "9d7a69773da9997e0ba2296505057c92e26604c6",
            "messageTitle": "change javadoc, more abstraction",
            "messageBody": "",
            "fileTypesAndContributionMap": {
              "functional-code": {
                "insertions": 46,
                "deletions": 39
              }
            }
          }
        ]
      },
      {
        "date": "2020-10-10",
        "commitResults": [
          {
            "hash": "367d4fc08ecad3d65d4105465e4bb44a775b5612",
            "messageTitle": "add addleave command",
            "messageBody": "",
            "fileTypesAndContributionMap": {
              "functional-code": {
                "insertions": 220,
                "deletions": 13
              },
              "test-code": {
                "insertions": 12,
                "deletions": 0
              }
            }
          }
        ]
      },
      {
        "date": "2020-10-12",
        "commitResults": [
          {
            "hash": "133a27df5d2dd9d27d29b01ebb62462de133867b",
            "messageTitle": "improve implmentation",
            "messageBody": "",
            "fileTypesAndContributionMap": {
              "functional-code": {
                "insertions": 40,
                "deletions": 7
              }
            }
          }
        ]
      },
      {
        "date": "2020-10-17",
        "commitResults": [
          {
            "hash": "7edd97256bd8c5fcac022f7118a54c1a8ccbab17",
            "messageTitle": "change ui to fit eva app",
            "messageBody": "",
            "fileTypesAndContributionMap": {
              "functional-code": {
                "insertions": 41,
                "deletions": 33
              },
              "other": {
                "insertions": 73,
                "deletions": 53
              }
            }
          },
          {
            "hash": "8277a7b890b051298c840f5904c9d09e26f0d3a1",
            "messageTitle": "add skeleton for delete leave",
            "messageBody": "",
            "fileTypesAndContributionMap": {
              "functional-code": {
                "insertions": 26,
                "deletions": 0
              },
              "other": {
                "insertions": 11,
                "deletions": 3
              },
              "test-code": {
                "insertions": 3,
                "deletions": 0
              }
            }
          },
          {
            "hash": "9fd65d8f53a89dd9978f4e1f4b30a56d472217d2",
            "messageTitle": "change default size of GUI",
            "messageBody": "",
            "fileTypesAndContributionMap": {
              "functional-code": {
                "insertions": 2,
                "deletions": 2
              }
            }
          }
        ]
      },
      {
        "date": "2020-10-19",
        "commitResults": [
          {
            "hash": "e605e80c65a8c2d957dd0557a796f259ae9d2695",
            "messageTitle": "add functionality to add multiple leaves using the same command",
            "messageBody": "",
            "fileTypesAndContributionMap": {
              "functional-code": {
                "insertions": 100,
                "deletions": 47
              },
              "other": {
                "insertions": 1,
                "deletions": 1
              }
            }
          },
          {
            "hash": "77514aa4a7b37b41c9942739ba0c9ce526764dce",
            "messageTitle": "enhance ui",
            "messageBody": "",
            "fileTypesAndContributionMap": {
              "functional-code": {
                "insertions": 5,
                "deletions": 4
              }
            }
          }
        ]
      },
      {
        "date": "2020-10-20",
        "commitResults": [
          {
            "hash": "e5e71ecfdbc0a3c211322c304a67ee12c56100c7",
            "messageTitle": "add function to delete leaves",
            "messageBody": "",
            "fileTypesAndContributionMap": {
              "functional-code": {
                "insertions": 174,
                "deletions": 29
              },
              "test-code": {
                "insertions": 7,
                "deletions": 0
              }
            }
          },
          {
            "hash": "36eaa3b08666012c2584fc1923ce9e808e59bcc9",
            "messageTitle": "fix errors",
            "messageBody": "",
            "fileTypesAndContributionMap": {
              "functional-code": {
                "insertions": 14,
                "deletions": 1
              },
              "test-code": {
                "insertions": 5,
                "deletions": 0
              }
            }
          },
          {
            "hash": "13083d4fb9deb0bff7b1af9745566c4bd5363067",
            "messageTitle": "update user guide",
            "messageBody": "",
            "fileTypesAndContributionMap": {
              "docs": {
                "insertions": 26,
                "deletions": 9
              }
            }
          },
          {
            "hash": "6b73000cbbd344e83c455bf3d7cba38592b129ad",
            "messageTitle": "update UG for add and delete leave",
            "messageBody": "",
            "fileTypesAndContributionMap": {
              "docs": {
                "insertions": 39,
                "deletions": 13
              }
            }
          },
          {
            "hash": "a2316374819737bea2836ab0c1c7539a6c0b3724",
            "messageTitle": "fix being able to add overlapping leaves",
            "messageBody": "",
            "fileTypesAndContributionMap": {
              "functional-code": {
                "insertions": 44,
                "deletions": 16
              }
            }
          },
          {
            "hash": "2e412f9a1a60ec968512540dce59fe7b7ed085f9",
            "messageTitle": "fix errors",
            "messageBody": "",
            "fileTypesAndContributionMap": {
              "test-code": {
                "insertions": 5,
                "deletions": 0
              }
            }
          }
        ]
      },
      {
        "date": "2020-10-21",
        "commitResults": [
          {
            "hash": "a5fc792413a8b6fa8497214ef5c6b744a9009577",
            "messageTitle": "update dg",
            "messageBody": "",
            "fileTypesAndContributionMap": {
              "functional-code": {
                "insertions": 1,
                "deletions": 8
              },
              "docs": {
                "insertions": 107,
                "deletions": 34
              }
            }
          }
        ]
      },
      {
        "date": "2020-10-23",
        "commitResults": [
          {
            "hash": "170913f1e2e72880548d5076d3c3e54c7dc461fc",
            "messageTitle": "add logic to change panels between list and profile",
            "messageBody": "",
            "fileTypesAndContributionMap": {
              "functional-code": {
                "insertions": 934,
                "deletions": 80
              },
              "other": {
                "insertions": 28,
                "deletions": 13
              },
              "test-code": {
                "insertions": 52,
                "deletions": 16
              }
            }
          },
          {
            "hash": "e1cffc7ec75d5382dc62b2c28600f21256ca7f35",
            "messageTitle": "resolve merge conflicts",
            "messageBody": "",
            "fileTypesAndContributionMap": {
              "functional-code": {
                "insertions": 31,
                "deletions": 31
              }
            }
          },
          {
            "hash": "2556376530f6b48fa1a6c85a36b35ef26bd5de37",
            "messageTitle": "resolve errors",
            "messageBody": "",
            "fileTypesAndContributionMap": {
              "functional-code": {
                "insertions": 25,
                "deletions": 24
              }
            }
          }
        ]
      },
      {
        "date": "2020-10-24",
        "commitResults": [
          {
            "hash": "d5550df88184ad0e933145d9ed5a55cf51330999",
            "messageTitle": "change javadoc",
            "messageBody": "",
            "fileTypesAndContributionMap": {
              "functional-code": {
                "insertions": 3,
                "deletions": 1
              }
            }
          }
        ]
      },
      {
        "date": "2020-10-25",
        "commitResults": [
          {
            "hash": "2c1c5111fd7496e0f4549dc8ad90e32b38b88522",
            "messageTitle": "improve impementation",
            "messageBody": "",
            "fileTypesAndContributionMap": {
              "functional-code": {
                "insertions": 374,
                "deletions": 75
              },
              "test-code": {
                "insertions": 14,
                "deletions": 3
              }
            }
          }
        ]
      },
      {
        "date": "2020-10-26",
        "commitResults": [
          {
            "hash": "7e74bb4a54b311e2e42979a2404efc85d7bfacb9",
            "messageTitle": "link leave to staff profile panel",
            "messageBody": "",
            "fileTypesAndContributionMap": {
              "functional-code": {
                "insertions": 176,
                "deletions": 2
              }
            }
          },
          {
            "hash": "ceb2e53a7d2d831c3e329e981cc8ee8abb529a07",
            "messageTitle": "introduce basic styling for staff profile page",
            "messageBody": "",
            "fileTypesAndContributionMap": {
              "functional-code": {
                "insertions": 14,
                "deletions": 39
              }
            }
          },
          {
            "hash": "640082fa42616d1c14df2b79dc58e42359a9a044",
            "messageTitle": "update UG for leave, list, view",
            "messageBody": "",
            "fileTypesAndContributionMap": {
              "functional-code": {
                "insertions": 3,
                "deletions": 2
              },
              "docs": {
                "insertions": 62,
                "deletions": 46
              }
            }
          },
          {
            "hash": "bc291afc01982aa71f89ed76c2a43b94b1a70c6f",
            "messageTitle": "fix tables",
            "messageBody": "",
            "fileTypesAndContributionMap": {
              "docs": {
                "insertions": 23,
                "deletions": 23
              }
            }
          },
          {
            "hash": "6f164eb9305168a38ef51c9843e78f47ed78ca50",
            "messageTitle": "fix tables",
            "messageBody": "",
            "fileTypesAndContributionMap": {
              "docs": {
                "insertions": 4,
                "deletions": 0
              }
            }
          },
          {
            "hash": "b5a3f3ca3cfcbbd9cc992a7662a110ebcb4709da",
            "messageTitle": "update UG",
            "messageBody": "",
            "fileTypesAndContributionMap": {
              "docs": {
                "insertions": 9,
                "deletions": 6
              }
            }
          }
        ]
      },
      {
        "date": "2020-10-27",
        "commitResults": [
          {
            "hash": "aa77e69384458ff81f37ca1d42baea659de7c14f",
            "messageTitle": "add use cases for list, view",
            "messageBody": "",
            "fileTypesAndContributionMap": {
              "docs": {
                "insertions": 43,
                "deletions": 12
              }
            }
          },
          {
            "hash": "b2ad71201427268e566e7d0599c3865f33400491",
            "messageTitle": "fix bug, unable to view profile on app start",
            "messageBody": "",
            "fileTypesAndContributionMap": {
              "functional-code": {
                "insertions": 11,
                "deletions": 1
              }
            }
          },
          {
            "hash": "a83baf0b9deb1661fc393eac78f7dfb159611e73",
            "messageTitle": "fix javadoc",
            "messageBody": "",
            "fileTypesAndContributionMap": {
              "functional-code": {
                "insertions": 1,
                "deletions": 1
              }
            }
          },
          {
            "hash": "85f25f14f1236aa1e8c439fa3be1f9e7d652a27a",
            "messageTitle": "change success message for list",
            "messageBody": "",
            "fileTypesAndContributionMap": {
              "functional-code": {
                "insertions": 4,
                "deletions": 2
              }
            }
          },
          {
            "hash": "87678ea8378003fc06a413b82e0d2eaf1a190775",
            "messageTitle": "add javadoc for GUI related classes and methods",
            "messageBody": "",
            "fileTypesAndContributionMap": {
              "functional-code": {
                "insertions": 53,
                "deletions": 22
              }
            }
          },
          {
            "hash": "1ef732c51f5292dad02e3fe143c6c36f755f24d1",
            "messageTitle": "add applicant ui logic",
            "messageBody": "",
            "fileTypesAndContributionMap": {
              "functional-code": {
                "insertions": 150,
                "deletions": 6
              },
              "other": {
                "insertions": 16,
                "deletions": 16
              }
            }
          },
          {
            "hash": "cb386d923a63b756a46d15647025b0bada69c132",
            "messageTitle": "link applicant to UI, enable panel change to persist after app closure.",
            "messageBody": "",
            "fileTypesAndContributionMap": {
              "functional-code": {
                "insertions": 287,
                "deletions": 32
              }
            }
          },
          {
            "hash": "ccc8900d7b01767f017729f04fe1e0294d3ba85e",
            "messageTitle": "fix checkstyle",
            "messageBody": "",
            "fileTypesAndContributionMap": {
              "functional-code": {
                "insertions": 0,
                "deletions": 6
              }
            }
          }
        ]
      },
      {
        "date": "2020-10-28",
        "commitResults": [
          {
            "hash": "88025ed416924b95855cfa56e3f2f54bb269ed2e",
            "messageTitle": "fix GUI not updating",
            "messageBody": "",
            "fileTypesAndContributionMap": {
              "functional-code": {
                "insertions": 2,
                "deletions": 0
              }
            }
          }
        ]
      }
    ],
    "TheSpaceCuber": [
      {
        "date": "2020-09-06",
        "commitResults": [
          {
            "hash": "f70aa3aed1d026cb2b78b0d6148bee758f5f585c",
            "messageTitle": "Update README.md",
            "messageBody": "Added a blank line to create pull request.",
            "fileTypesAndContributionMap": {
              "docs": {
                "insertions": 1,
                "deletions": 0
              }
            }
          }
        ]
      },
      {
        "date": "2020-09-27",
        "commitResults": [
          {
            "hash": "9ff0ced6d10241590c143d22dd8c0aa5b1a4a748",
            "messageTitle": "Modify README for our project and update UI.png",
            "messageBody": "* delete original readme for address book\n* update description, info, acknowledgement\n* new Ui.png from Ben designed with FluidUI\n",
            "fileTypesAndContributionMap": {
              "docs": {
                "insertions": 11,
                "deletions": 10
              }
            }
          }
        ]
      },
      {
        "date": "2020-09-30",
        "commitResults": [
          {
            "hash": "374ee3459e017a504bd7df4a16e98c7627ad39b9",
            "messageTitle": "Add TheSpaceCuber md file",
            "messageBody": "",
            "fileTypesAndContributionMap": {
              "docs": {
                "insertions": 24,
                "deletions": 1
              }
            }
          },
          {
            "hash": "6d2165c57c7dd2850e67c0e675be5b85fd4bec6c",
            "messageTitle": "update thespacecuber md file",
            "messageBody": "",
            "fileTypesAndContributionMap": {
              "docs": {
                "insertions": 1,
                "deletions": 0
              }
            }
          }
        ]
      },
      {
        "date": "2020-10-12",
        "commitResults": [
          {
            "hash": "3128e82f4823d3f37c05430bce32bd1c45174958",
            "messageTitle": "Create DeleteStaffCommand and wait for stafflist.",
            "messageBody": "",
            "fileTypesAndContributionMap": {
              "functional-code": {
                "insertions": 103,
                "deletions": 0
              }
            }
          }
        ]
      },
      {
        "date": "2020-10-13",
        "commitResults": [
          {
            "hash": "78c7fe4cc01b95cd8f2dd961dc86bb8103eba08a",
            "messageTitle": "Update delete-staff branch that works with addstaff",
            "messageBody": "Things to note:\n* Double database causes an issue since\npersons are duplicated in staff\n",
            "fileTypesAndContributionMap": {
              "functional-code": {
                "insertions": 3,
                "deletions": 15
              }
            }
          }
        ]
      },
      {
        "date": "2020-10-20",
        "commitResults": [
          {
            "hash": "412c9a1e16f7c3f8aa24f5026bbbd8bc86434aa2",
            "messageTitle": "Add Application, Experience and Education classes Partial implementation of AddApplication command",
            "messageBody": "",
            "fileTypesAndContributionMap": {
              "functional-code": {
                "insertions": 339,
                "deletions": 2
              }
            }
          }
        ]
      },
      {
        "date": "2020-10-21",
        "commitResults": [
          {
            "hash": "3d2d76d1c786a3e477e0a227dbe509ad56b9bcdf",
            "messageTitle": "Complete most logic for application adding Json storage not incorporated yet",
            "messageBody": "",
            "fileTypesAndContributionMap": {
              "functional-code": {
                "insertions": 54,
                "deletions": 11
              },
              "test-code": {
                "insertions": 12,
                "deletions": 3
              }
            }
          },
          {
            "hash": "7c142e968f76be3cb24adf3767554cd9d585ae36",
            "messageTitle": "Update JsonAdapted for Application and related",
            "messageBody": "",
            "fileTypesAndContributionMap": {
              "functional-code": {
                "insertions": 6,
                "deletions": 0
              }
            }
          },
          {
            "hash": "0a1ae9e89373dfa9b3527e37a4abd81ab3f1781b",
            "messageTitle": "Update Storage and Application",
            "messageBody": "",
            "fileTypesAndContributionMap": {
              "functional-code": {
                "insertions": 265,
                "deletions": 35
              }
            }
          },
          {
            "hash": "8f0b7fa1686e885327a7fc2a4a18e46ad953eee7",
            "messageTitle": "Update UserGuide and DeveloperGuide",
            "messageBody": "* New delete seq diagram\n* Fix and deconflict use cases\n* Add addapplication usages to Use case and UG\n",
            "fileTypesAndContributionMap": {
              "docs": {
                "insertions": 105,
                "deletions": 144
              }
            }
          }
        ]
      },
      {
        "date": "2020-10-24",
        "commitResults": [
          {
            "hash": "21407343499d02322f771c6bff62653b5c834c45",
            "messageTitle": "Complete json adapted storage for Application",
            "messageBody": "",
            "fileTypesAndContributionMap": {
              "functional-code": {
                "insertions": 70,
                "deletions": 52
              },
              "test-code": {
                "insertions": 9,
                "deletions": 0
              }
            }
          },
          {
            "hash": "a200745458fbc2745b6b5cd85ba0d08dc6aab136",
            "messageTitle": "Fix checkstyle and merge conflict",
            "messageBody": "",
            "fileTypesAndContributionMap": {
              "functional-code": {
                "insertions": 4,
                "deletions": 4
              },
              "test-code": {
                "insertions": 0,
                "deletions": 9
              }
            }
          }
        ]
      },
      {
        "date": "2020-10-25",
        "commitResults": [
          {
            "hash": "dda0b3a3a103523c582480682d5c206ba23b698d",
            "messageTitle": "Refactor education and experience with small tweak",
            "messageBody": "",
            "fileTypesAndContributionMap": {
              "functional-code": {
                "insertions": 8,
                "deletions": 12
              }
            }
          },
          {
            "hash": "43e1bd438bf3d369274570fa123b4ac3479891a4",
            "messageTitle": "Add assert statement for tag",
            "messageBody": "",
            "fileTypesAndContributionMap": {
              "functional-code": {
                "insertions": 1,
                "deletions": 1
              }
            }
          },
          {
            "hash": "4c1248842079d63be0a14d88d7c5cf86251a4445",
            "messageTitle": "Set Use case headings for standardization",
            "messageBody": "",
            "fileTypesAndContributionMap": {
              "docs": {
                "insertions": 52,
                "deletions": 13
              }
            }
          }
        ]
      },
      {
        "date": "2020-10-26",
        "commitResults": [
          {
            "hash": "f4998922ce4ff928189cff61954506f3add7eac5",
            "messageTitle": "Update UG formatting and add contribution",
            "messageBody": "Fix readme links as well\n",
            "fileTypesAndContributionMap": {
              "docs": {
                "insertions": 126,
                "deletions": 59
              }
            }
          },
          {
            "hash": "3900cc3b328f1e13801b85f726791d72988fa696",
            "messageTitle": "Fix table of contents links for UG",
            "messageBody": "",
            "fileTypesAndContributionMap": {
              "docs": {
                "insertions": 27,
                "deletions": 27
              }
            }
          },
          {
            "hash": "25bbbbe8742fc66a6d45bed6a69ade61a535c918",
            "messageTitle": "Update use case for DG",
            "messageBody": "",
            "fileTypesAndContributionMap": {
              "docs": {
                "insertions": 35,
                "deletions": 10
              }
            }
          }
        ]
      },
      {
        "date": "2020-10-27",
        "commitResults": [
          {
            "hash": "f552dc6f705a1df1c33d10d5a33d8252458da23e",
            "messageTitle": "Add delapplication command functionality",
            "messageBody": "",
            "fileTypesAndContributionMap": {
              "functional-code": {
                "insertions": 86,
                "deletions": 0
              },
              "test-code": {
                "insertions": 4,
                "deletions": 0
              }
            }
          },
          {
            "hash": "d7ab24fbf1479ca534f598096a73c05b0d22c0cb",
            "messageTitle": "Update application functional aspects",
            "messageBody": "* Include sample command with sample resume\n* \"addapplication 1 sample\" will scan the sample resume\n* Fix minor bugs\n* Update error messages\n",
            "fileTypesAndContributionMap": {
              "functional-code": {
                "insertions": 22,
                "deletions": 20
              }
            }
          }
        ]
      },
      {
        "date": "2020-10-29",
        "commitResults": [
          {
            "hash": "b4beea6bb60acb27c75344a584c66c3462203cef",
            "messageTitle": "Implement styling for application",
            "messageBody": "",
            "fileTypesAndContributionMap": {
              "functional-code": {
                "insertions": 69,
                "deletions": 7
              }
            }
          },
          {
            "hash": "10cc182e15d555072feb4f952d8a2a7a8c4c91c9",
            "messageTitle": "Fix checkstyle by deleting unnec comments",
            "messageBody": "",
            "fileTypesAndContributionMap": {
              "functional-code": {
                "insertions": 0,
                "deletions": 3
              }
            }
          },
          {
            "hash": "11acc3317a2bede38fd5e588d1e940e779688612",
            "messageTitle": "Add ability to scan sample resume example to UG",
            "messageBody": "",
            "fileTypesAndContributionMap": {
              "docs": {
                "insertions": 3,
                "deletions": 0
              }
            }
          },
          {
            "hash": "9ce7a8a1845341d5fbb9eca3fef56921ec59510a",
            "messageTitle": "Styling bug fix",
            "messageBody": "",
            "fileTypesAndContributionMap": {
              "functional-code": {
                "insertions": 4,
                "deletions": 4
              }
            }
          }
        ]
      }
    ],
    "Nikhilalalalala": [
      {
        "date": "2020-09-23",
        "commitResults": [
          {
            "hash": "5a5b5b0a929a74664d5bb7e98187ff909ee0060b",
            "messageTitle": "Fill in About Us Page",
            "messageBody": "",
            "fileTypesAndContributionMap": {
              "docs": {
                "insertions": 14,
                "deletions": 18
              }
            }
          },
          {
            "hash": "0d45e5863e13627e08c4fcd6a0c56f4b5f69b959",
            "messageTitle": "Revert \"Fill in About Us Page\"",
            "messageBody": "This reverts commit 5a5b5b0a929a74664d5bb7e98187ff909ee0060b.\n",
            "fileTypesAndContributionMap": {
              "docs": {
                "insertions": 18,
                "deletions": 14
              }
            }
          },
          {
            "hash": "7284afdd4865e93961fa4121657a7ad06b73b6a2",
            "messageTitle": "Update information on About Us Page",
            "messageBody": "",
            "fileTypesAndContributionMap": {
              "docs": {
                "insertions": 14,
                "deletions": 18
              }
            }
          }
        ]
      },
      {
        "date": "2020-09-25",
        "commitResults": [
          {
            "hash": "671330b39ca51b41eece8121a92df1693b701cf8",
            "messageTitle": "Update image filenames",
            "messageBody": "",
            "fileTypesAndContributionMap": {
              "docs": {
                "insertions": 5,
                "deletions": 5
              }
            }
          },
          {
            "hash": "7c257464e3f9d5f3eac4f583d3507c91d6a8d4e8",
            "messageTitle": "Update image filenames",
            "messageBody": "",
            "fileTypesAndContributionMap": {
              "docs": {
                "insertions": 1,
                "deletions": 1
              }
            }
          }
        ]
      },
      {
        "date": "2020-09-28",
        "commitResults": [
          {
            "hash": "15fdcd33640b528ccb68c31f72b1cc1a1eb4f49d",
            "messageTitle": "Change image filenames",
            "messageBody": "",
            "fileTypesAndContributionMap": {
              "docs": {
                "insertions": 5,
                "deletions": 5
              }
            }
          }
        ]
      },
      {
        "date": "2020-09-30",
        "commitResults": [
          {
            "hash": "ffb8115f196f14f83a02050da17b9762b3282bec",
            "messageTitle": "Update saving data section of user guide",
            "messageBody": "",
            "fileTypesAndContributionMap": {
              "docs": {
                "insertions": 3,
                "deletions": 2
              }
            }
          },
          {
            "hash": "ba4c0782709357566a76ac889b369ac1b7405207",
            "messageTitle": "Add PPP for contributions",
            "messageBody": "",
            "fileTypesAndContributionMap": {
              "docs": {
                "insertions": 10,
                "deletions": 217
              }
            }
          },
          {
            "hash": "4bbf9f52bef833bb77c8a7e386eb4d24aba5a276",
            "messageTitle": "Resolve checks",
            "messageBody": "",
            "fileTypesAndContributionMap": {
              "docs": {
                "insertions": 1,
                "deletions": 1
              }
            }
          },
          {
            "hash": "e6553e23330e4d669439f216f97c970237b739e9",
            "messageTitle": "Update about us to show images",
            "messageBody": "",
            "fileTypesAndContributionMap": {
              "docs": {
                "insertions": 4,
                "deletions": 4
              }
            }
          },
          {
            "hash": "6080629e90440eacf3956e9862544ea3c8cc68cf",
            "messageTitle": "Update about us to show images",
            "messageBody": "",
            "fileTypesAndContributionMap": {
              "docs": {
                "insertions": 1,
                "deletions": 1
              }
            }
          },
          {
            "hash": "6f01b9012ead94b10e26a55c5ba97870650cf189",
            "messageTitle": "Change addressbook to eva in user guide",
            "messageBody": "",
            "fileTypesAndContributionMap": {
              "docs": {
                "insertions": 13,
                "deletions": 12
              }
            }
          }
        ]
      },
      {
        "date": "2020-10-01",
        "commitResults": [
          {
            "hash": "fc959e3d6cc1877ba1927769b233430076263428",
            "messageTitle": "Add interview date to model",
            "messageBody": "",
            "fileTypesAndContributionMap": {
              "functional-code": {
                "insertions": 80,
                "deletions": 5
              }
            }
          },
          {
            "hash": "a0cb751005acfa224ba6c402d37d6ef8bfc150cd",
            "messageTitle": "Add applicant and application status to model",
            "messageBody": "",
            "fileTypesAndContributionMap": {
              "functional-code": {
                "insertions": 95,
                "deletions": 7
              }
            }
          }
        ]
      },
      {
        "date": "2020-10-02",
        "commitResults": [
          {
            "hash": "72ee18d29567c8b2b77508fdbbab290e5a8932f5",
            "messageTitle": "Fix checkstyle issues",
            "messageBody": "",
            "fileTypesAndContributionMap": {
              "functional-code": {
                "insertions": 58,
                "deletions": 16
              }
            }
          }
        ]
      },
      {
        "date": "2020-10-05",
        "commitResults": [
          {
            "hash": "44aece0199d43f35d965718dc6e4d358bf0a7c6c",
            "messageTitle": "Change visibility as advised in code review",
            "messageBody": "",
            "fileTypesAndContributionMap": {
              "functional-code": {
                "insertions": 5,
                "deletions": 5
              },
              "other": {
                "insertions": 6,
                "deletions": 6
              }
            }
          }
        ]
      },
      {
        "date": "2020-10-11",
        "commitResults": [
          {
            "hash": "84347643eed035260d1ec95192af3e47f3c61252",
            "messageTitle": "Add backbone of adding staff",
            "messageBody": "",
            "fileTypesAndContributionMap": {
              "functional-code": {
                "insertions": 157,
                "deletions": 0
              }
            }
          },
          {
            "hash": "bb1c89ad1439b9f857b2e9ea19b50d921cfe56ff",
            "messageTitle": "Add tests for AddStaffCommand",
            "messageBody": "",
            "fileTypesAndContributionMap": {
              "functional-code": {
                "insertions": 16,
                "deletions": 10
              },
              "test-code": {
                "insertions": 75,
                "deletions": 0
              }
            }
          },
          {
            "hash": "7a902dcc6e65653e0d3586372f39f71520d0e690",
            "messageTitle": "Fix checkstyle issues",
            "messageBody": "",
            "fileTypesAndContributionMap": {
              "functional-code": {
                "insertions": 38,
                "deletions": 48
              }
            }
          },
          {
            "hash": "95cd6979322a5e9abd9c7c2f7462056ddc5168c3",
            "messageTitle": "Fix checkstyle issues",
            "messageBody": "",
            "fileTypesAndContributionMap": {
              "test-code": {
                "insertions": 2,
                "deletions": 10
              }
            }
          },
          {
            "hash": "039789349338d8553aa09567a81b7d9e6b9cbb07",
            "messageTitle": "Fix checkstyle issues",
            "messageBody": "",
            "fileTypesAndContributionMap": {
              "test-code": {
                "insertions": 5,
                "deletions": 17
              }
            }
          },
          {
            "hash": "4beae229a5edcae6d50c4b25152b42cb6e349859",
            "messageTitle": "Add tests to applicants and application status",
            "messageBody": "",
            "fileTypesAndContributionMap": {
              "functional-code": {
                "insertions": 45,
                "deletions": 3
              },
              "test-code": {
                "insertions": 83,
                "deletions": 6
              }
            }
          }
        ]
      },
      {
        "date": "2020-10-13",
        "commitResults": [
          {
            "hash": "4176e357b3ce7869cf06c576d6939803ac886ca0",
            "messageTitle": "Fix adding of staff",
            "messageBody": "",
            "fileTypesAndContributionMap": {
              "functional-code": {
                "insertions": 5,
                "deletions": 4
              }
            }
          },
          {
            "hash": "76dacd52852c6fbf4821f8794b2d8a21becb314b",
            "messageTitle": "Add staff database file path methods where necessary",
            "messageBody": "",
            "fileTypesAndContributionMap": {
              "functional-code": {
                "insertions": 55,
                "deletions": 11
              },
              "test-code": {
                "insertions": 6,
                "deletions": 6
              }
            }
          },
          {
            "hash": "28e60025630cc789cd464ae1f95e8998a674e007",
            "messageTitle": "Fix error for CI",
            "messageBody": "",
            "fileTypesAndContributionMap": {
              "functional-code": {
                "insertions": 5,
                "deletions": 2
              },
              "test-code": {
                "insertions": 1,
                "deletions": 1
              }
            }
          },
          {
            "hash": "4812052f7c6be333e09d7d5f2bdc9247e9ae4574",
            "messageTitle": "Fix error for CI",
            "messageBody": "",
            "fileTypesAndContributionMap": {
              "functional-code": {
                "insertions": 4,
                "deletions": 4
              }
            }
          },
          {
            "hash": "48612dd791c386365266c358c14ac04506fc31b8",
            "messageTitle": "Fix error for CI",
            "messageBody": "",
            "fileTypesAndContributionMap": {
              "functional-code": {
                "insertions": 3,
                "deletions": 2
              }
            }
          },
          {
            "hash": "b566b4e76c683af0409e651a509f058d746ab9c7",
            "messageTitle": "Fix error for CI",
            "messageBody": "",
            "fileTypesAndContributionMap": {
              "test-code": {
                "insertions": 6,
                "deletions": 3
              }
            }
          },
          {
            "hash": "b38ae7c739d62980fe863e53edf89a5246f42833",
            "messageTitle": "Fix error for CI",
            "messageBody": "",
            "fileTypesAndContributionMap": {
              "test-code": {
                "insertions": 2,
                "deletions": 2
              }
            }
          },
          {
            "hash": "50c3190ed536d684f1662ea3a942de0dac42757f",
            "messageTitle": "Fix error for CI",
            "messageBody": "",
            "fileTypesAndContributionMap": {
              "test-code": {
                "insertions": 3,
                "deletions": 3
              }
            }
          },
          {
            "hash": "b09b1a23a8bf21737275d591da4648e87673ab6b",
            "messageTitle": "Fix error for CI",
            "messageBody": "",
            "fileTypesAndContributionMap": {
              "test-code": {
                "insertions": 1,
                "deletions": 0
              }
            }
          }
        ]
      },
      {
        "date": "2020-10-15",
        "commitResults": [
          {
            "hash": "f5290d589a6565290851df8158f2ae13cbbcfe94",
            "messageTitle": "Edit tests to suit implementation",
            "messageBody": "",
            "fileTypesAndContributionMap": {
              "functional-code": {
                "insertions": 2,
                "deletions": 1
              },
              "test-code": {
                "insertions": 10,
                "deletions": 0
              }
            }
          }
        ]
      },
      {
        "date": "2020-10-19",
        "commitResults": [
          {
            "hash": "6821111e5afe18da0303cfb3d865ea24d1f99371",
            "messageTitle": "Change all instances of addressbook to eva database in comments",
            "messageBody": "",
            "fileTypesAndContributionMap": {
              "functional-code": {
                "insertions": 53,
                "deletions": 53
              },
              "docs": {
                "insertions": 21,
                "deletions": 21
              },
              "test-code": {
                "insertions": 6,
                "deletions": 6
              }
            }
          },
          {
            "hash": "628577b2a05a810e22375ef079f3fb733d7d4318",
            "messageTitle": "Add add command to add applicant",
            "messageBody": "",
            "fileTypesAndContributionMap": {
              "functional-code": {
                "insertions": 131,
                "deletions": 15
              }
            }
          },
          {
            "hash": "49f8c85ef2ff69aaac8e2e3fab9fe0599f159d5e",
            "messageTitle": "Fix parsing of dates",
            "messageBody": "",
            "fileTypesAndContributionMap": {
              "functional-code": {
                "insertions": 6,
                "deletions": 3
              }
            }
          },
          {
            "hash": "31eb77b5a05a0737867034de7988dce629591c47",
            "messageTitle": "Add display for individual applicants",
            "messageBody": "",
            "fileTypesAndContributionMap": {
              "functional-code": {
                "insertions": 154,
                "deletions": 23
              }
            }
          },
          {
            "hash": "3463a04e7b4590dcbf9b979abbb446d7b7980801",
            "messageTitle": "Add list display for applicants",
            "messageBody": "",
            "fileTypesAndContributionMap": {
              "functional-code": {
                "insertions": 75,
                "deletions": 3
              }
            }
          },
          {
            "hash": "31b8a091fd0110b2274626d8e0d1a9b3f5b92c9c",
            "messageTitle": "Tie in add applicant command with views",
            "messageBody": "",
            "fileTypesAndContributionMap": {
              "functional-code": {
                "insertions": 20,
                "deletions": 14
              },
              "other": {
                "insertions": 6,
                "deletions": 8
              }
            }
          },
          {
            "hash": "4c91300bfb038f2fddfeca0a39241124c6c7e603",
            "messageTitle": "Fix Checkstyle",
            "messageBody": "",
            "fileTypesAndContributionMap": {
              "functional-code": {
                "insertions": 69,
                "deletions": 34
              }
            }
          },
          {
            "hash": "c0efba35f9998a08805c6363399842b520ffca1d",
            "messageTitle": "Remove some raw types of evadatabase in tests",
            "messageBody": "",
            "fileTypesAndContributionMap": {
              "functional-code": {
                "insertions": 3,
                "deletions": 3
              },
              "other": {
                "insertions": 4,
                "deletions": 0
              },
              "test-code": {
                "insertions": 9,
                "deletions": 8
              }
            }
          },
          {
            "hash": "b8d0dfc1a39f00a584fd2f927ffab85a8af41b65",
            "messageTitle": "Fix checkstyle in Test folder",
            "messageBody": "",
            "fileTypesAndContributionMap": {
              "other": {
                "insertions": 0,
                "deletions": 3
              },
              "test-code": {
                "insertions": 1,
                "deletions": 1
              }
            }
          },
          {
            "hash": "de255fd9d0e4bf1aa23dfd2ad5fc1f55dce04909",
            "messageTitle": "Fix checkstyle in main folder",
            "messageBody": "",
            "fileTypesAndContributionMap": {
              "functional-code": {
                "insertions": 0,
                "deletions": 3
              }
            }
          }
        ]
      },
      {
        "date": "2020-10-20",
        "commitResults": [
          {
            "hash": "2b9694c4a9b2b9f1a406b87d09beaf93f322aa0e",
            "messageTitle": "Change staff to applicant in some javadocs",
            "messageBody": "",
            "fileTypesAndContributionMap": {
              "functional-code": {
                "insertions": 5,
                "deletions": 5
              }
            }
          },
          {
            "hash": "7f9ee4e9943a3bcaad625e1ec8d7727b7daf1819",
            "messageTitle": "Remove unnecessary prefixes checking method",
            "messageBody": "",
            "fileTypesAndContributionMap": {
              "functional-code": {
                "insertions": 0,
                "deletions": 8
              }
            }
          },
          {
            "hash": "174f815d3a3d855ae0442f33fa3e6bf0edb191a9",
            "messageTitle": "Change staff to applicant in some javadocs",
            "messageBody": "",
            "fileTypesAndContributionMap": {
              "functional-code": {
                "insertions": 1,
                "deletions": 0
              }
            }
          },
          {
            "hash": "09f56a4d733fe37f5113dc05f96d8c791bf9983e",
            "messageTitle": "Change logger accordingly",
            "messageBody": "",
            "fileTypesAndContributionMap": {
              "functional-code": {
                "insertions": 1,
                "deletions": 1
              }
            }
          },
          {
            "hash": "a048444485fd0cfb80762e5a13bc3e5a5cdf34df",
            "messageTitle": "Remove unused import",
            "messageBody": "",
            "fileTypesAndContributionMap": {
              "functional-code": {
                "insertions": 0,
                "deletions": 1
              }
            }
          },
          {
            "hash": "502a17cf8fcd8271c2e7e11dab87614115e373bf",
            "messageTitle": "Change application status to enum",
            "messageBody": "",
            "fileTypesAndContributionMap": {
              "functional-code": {
                "insertions": 32,
                "deletions": 9
              }
            }
          },
          {
            "hash": "12f1b8b36308a996df609b27807525beb72f9528",
            "messageTitle": "Remove unused import",
            "messageBody": "",
            "fileTypesAndContributionMap": {
              "functional-code": {
                "insertions": 0,
                "deletions": 1
              }
            }
          },
          {
            "hash": "ac62fa07db605c88987ebdaddea5ca88c6d020b9",
            "messageTitle": "Add in information about add staff, applicant into user guide",
            "messageBody": "",
            "fileTypesAndContributionMap": {
              "docs": {
                "insertions": 40,
                "deletions": 2
              }
            }
          },
          {
            "hash": "62b85b464ada62c50c2a0ed4ad563f951f315477",
            "messageTitle": "Add in information about add staff, applicant into user guide",
            "messageBody": "",
            "fileTypesAndContributionMap": {
              "docs": {
                "insertions": 1,
                "deletions": 1
              }
            }
          },
          {
            "hash": "40d2ea99f9d373803ec3a30cfbd7490bea78217a",
            "messageTitle": "Adding minor fixes",
            "messageBody": "",
            "fileTypesAndContributionMap": {
              "docs": {
                "insertions": 3,
                "deletions": 3
              }
            }
          },
          {
            "hash": "b0e852b52d3c8add1a3ede46bc321cb17118c6ac",
            "messageTitle": "Adding minor fixes",
            "messageBody": "",
            "fileTypesAndContributionMap": {
              "docs": {
                "insertions": 3,
                "deletions": 3
              }
            }
          },
          {
            "hash": "c685a4404816884daf9fffaac5cf5c19e6edaeaa",
            "messageTitle": "Add lightbulbs where necessary",
            "messageBody": "",
            "fileTypesAndContributionMap": {
              "docs": {
                "insertions": 4,
                "deletions": 20
              }
            }
          },
          {
            "hash": "f8e136deb5a78eed9e053815b83eb5a2e2d9b1c3",
            "messageTitle": "Update ug with applicant",
            "messageBody": "",
            "fileTypesAndContributionMap": {
              "docs": {
                "insertions": 13,
                "deletions": 10
              }
            }
          },
          {
            "hash": "6510ec98c082845fb9172639991c366e595e09eb",
            "messageTitle": "Try anchor",
            "messageBody": "",
            "fileTypesAndContributionMap": {
              "docs": {
                "insertions": 6,
                "deletions": 5
              }
            }
          },
          {
            "hash": "8593d487f2089ecd2d94d43ce5b4fa40baf62b95",
            "messageTitle": "Try anchor",
            "messageBody": "",
            "fileTypesAndContributionMap": {
              "docs": {
                "insertions": 8,
                "deletions": 6
              }
            }
          },
          {
            "hash": "1f2519d661426443c35c5bb57f96b7129be04db4",
            "messageTitle": "Try anchor",
            "messageBody": "",
            "fileTypesAndContributionMap": {
              "docs": {
                "insertions": 5,
                "deletions": 6
              }
            }
          },
          {
            "hash": "a2f24bdf673368c61deef5be63cdcc07daf04a6b",
            "messageTitle": "Try anchor",
            "messageBody": "",
            "fileTypesAndContributionMap": {
              "docs": {
                "insertions": 5,
                "deletions": 3
              }
            }
          },
          {
            "hash": "ace7b2feefa56f3c01ce80fb85b77e5a90402df4",
            "messageTitle": "Minor Fixes",
            "messageBody": "",
            "fileTypesAndContributionMap": {
              "docs": {
                "insertions": 3,
                "deletions": 2
              }
            }
          },
          {
            "hash": "e49e56ab08c5e344e48c4587a08f665f18dc5207",
            "messageTitle": "Update examples",
            "messageBody": "",
            "fileTypesAndContributionMap": {
              "functional-code": {
                "insertions": 1,
                "deletions": 1
              },
              "docs": {
                "insertions": 10,
                "deletions": 9
              }
            }
          },
          {
            "hash": "b237d566780739ebe20b00f456471ef60b454c09",
            "messageTitle": "Minor Fixes",
            "messageBody": "",
            "fileTypesAndContributionMap": {
              "docs": {
                "insertions": 1,
                "deletions": 4
              }
            }
          },
          {
            "hash": "1735170ad137750d14bde2cb2ad9ed74b50fb688",
            "messageTitle": "Minor Fixes",
            "messageBody": "",
            "fileTypesAndContributionMap": {
              "docs": {
                "insertions": 1,
                "deletions": 0
              }
            }
          },
          {
            "hash": "a2be50555cab33d7221977c66e4ef030574035e7",
            "messageTitle": "Minor Fixes",
            "messageBody": "",
            "fileTypesAndContributionMap": {
              "docs": {
                "insertions": 1,
                "deletions": 1
              }
            }
          }
        ]
      },
      {
        "date": "2020-10-21",
        "commitResults": [
          {
            "hash": "c3e60a4137667028161e1d2385074e067117543d",
            "messageTitle": "Update add and delete applicant use cases into dev guide",
            "messageBody": "",
            "fileTypesAndContributionMap": {
              "docs": {
                "insertions": 71,
                "deletions": 23
              }
            }
          },
          {
            "hash": "dc8f8b1c6b9c1f0ade5360b94482141eb641f2de",
            "messageTitle": " Update sequence diag",
            "messageBody": "",
            "fileTypesAndContributionMap": {
              "docs": {
                "insertions": 5,
                "deletions": 4
              }
            }
          },
          {
            "hash": "9af9f05a345332388c24618c69eed5fcad103674",
            "messageTitle": " Update sequence diag",
            "messageBody": "",
            "fileTypesAndContributionMap": {
              "docs": {
                "insertions": 1,
                "deletions": 1
              }
            }
          },
          {
            "hash": "0b2cf2e22ebf5ee370b20187a95ad5806d3ca12f",
            "messageTitle": " Update sequence diag",
            "messageBody": "",
            "fileTypesAndContributionMap": {
              "docs": {
                "insertions": 2,
                "deletions": 2
              }
            }
          }
        ]
      },
      {
        "date": "2020-10-22",
        "commitResults": [
          {
            "hash": "29b2434575584f165e605df6173f0c1eb74aae6d",
            "messageTitle": "Add functionality of deleting applicant",
            "messageBody": "",
            "fileTypesAndContributionMap": {
              "functional-code": {
                "insertions": 96,
                "deletions": 6
              },
              "other": {
                "insertions": 7,
                "deletions": 3
              }
            }
          },
          {
            "hash": "1009d3eef4744c2bbe2a53b72d83ea7beac388ba",
            "messageTitle": "Change interview date prefix",
            "messageBody": "",
            "fileTypesAndContributionMap": {
              "functional-code": {
                "insertions": 8,
                "deletions": 6
              }
            }
          }
        ]
      },
      {
        "date": "2020-10-24",
        "commitResults": [
          {
            "hash": "3c800446f7f4d49d596695f137d4fb225dcf60f0",
            "messageTitle": "Change version number",
            "messageBody": "",
            "fileTypesAndContributionMap": {
              "functional-code": {
                "insertions": 1,
                "deletions": 1
              }
            }
          }
        ]
      },
      {
        "date": "2020-10-25",
        "commitResults": [
          {
            "hash": "70b4154e3b1a727192a5a2f660dc5bf4e49ae5ba",
            "messageTitle": "Add assertion",
            "messageBody": "",
            "fileTypesAndContributionMap": {
              "functional-code": {
                "insertions": 1,
                "deletions": 0
              }
            }
          },
          {
            "hash": "88575e0b50b165e83a1acdf341f785392790c17c",
            "messageTitle": "Add assertion",
            "messageBody": "",
            "fileTypesAndContributionMap": {
              "functional-code": {
                "insertions": 2,
                "deletions": 1
              }
            }
          },
          {
            "hash": "19d91f7ef9e844a7ddb69c4abdff2ca3762b5355",
            "messageTitle": "Edit test",
            "messageBody": "",
            "fileTypesAndContributionMap": {
              "test-code": {
                "insertions": 0,
                "deletions": 7
              }
            }
          },
          {
            "hash": "73d1f00df12c21390c4e5eb45879454f90b35acf",
            "messageTitle": "Add assertion",
            "messageBody": "",
            "fileTypesAndContributionMap": {
              "test-code": {
                "insertions": 0,
                "deletions": 1
              }
            }
          },
          {
            "hash": "64b150cc18e9ad9403fd584d17b59a574828cec4",
            "messageTitle": "Rearrange order of commands",
            "messageBody": "",
            "fileTypesAndContributionMap": {
              "docs": {
                "insertions": 55,
                "deletions": 47
              }
            }
          }
        ]
      },
      {
        "date": "2020-10-27",
        "commitResults": [
          {
            "hash": "6d825f4c766a339e396b62685defdf3793793177",
            "messageTitle": "Add details about delapplicant",
            "messageBody": "",
            "fileTypesAndContributionMap": {
              "docs": {
                "insertions": 9,
                "deletions": 1
              }
            }
          },
          {
            "hash": "7620a5a0afb4969a287c688bffb529bc9e837aaf",
            "messageTitle": "Set application status user docs",
            "messageBody": "",
            "fileTypesAndContributionMap": {
              "docs": {
                "insertions": 25,
                "deletions": 4
              }
            }
          },
          {
            "hash": "12b5ba013c8095cfbd20498479580c0911869458",
            "messageTitle": "Standardise headings to root word",
            "messageBody": "",
            "fileTypesAndContributionMap": {
              "docs": {
                "insertions": 50,
                "deletions": 45
              }
            }
          },
          {
            "hash": "8a05482d024cbdc3239cbbbd372029501d9fd482",
            "messageTitle": "Change links accordingly",
            "messageBody": "",
            "fileTypesAndContributionMap": {
              "docs": {
                "insertions": 11,
                "deletions": 11
              }
            }
          },
          {
            "hash": "98116462a2c8032623b478f9cef894d17e0c466f",
            "messageTitle": "Change examples to example where necessary",
            "messageBody": "",
            "fileTypesAndContributionMap": {
              "docs": {
                "insertions": 7,
                "deletions": 7
              }
            }
          },
          {
            "hash": "d15b7c9a2aed65beca1bad3d373e130c228e2b8e",
            "messageTitle": "Clarify angular brackets",
            "messageBody": "",
            "fileTypesAndContributionMap": {
              "docs": {
                "insertions": 1,
                "deletions": 1
              }
            }
          },
          {
            "hash": "434599dc020ed0b6b2e30213162a9555c3ed25fb",
            "messageTitle": "Change users to you",
            "messageBody": "",
            "fileTypesAndContributionMap": {
              "docs": {
                "insertions": 3,
                "deletions": 3
              }
            }
          },
          {
            "hash": "90f4fbd64ee4091ecfa61ecd1a16b8f90da181c5",
            "messageTitle": "Add new lines where necessary",
            "messageBody": "",
            "fileTypesAndContributionMap": {
              "docs": {
                "insertions": 2,
                "deletions": 2
              }
            }
          },
          {
            "hash": "3f2046b5e83439221f995847b183e670d45fe56a",
            "messageTitle": "Standardise staff",
            "messageBody": "",
            "fileTypesAndContributionMap": {
              "docs": {
                "insertions": 4,
                "deletions": 4
              }
            }
          },
          {
            "hash": "e0e995bd3e862ee0c57d5adeec5e9f5ba7f5136f",
            "messageTitle": "Change angular brackets to uppercase",
            "messageBody": "",
            "fileTypesAndContributionMap": {
              "docs": {
                "insertions": 19,
                "deletions": 19
              }
            }
          },
          {
            "hash": "60a5c6e81572a6ee47b524b1f7b52abecc30650b",
            "messageTitle": "Minor addition to ug",
            "messageBody": "Add in coming soon for edit leave feature on ug",
            "fileTypesAndContributionMap": {
              "docs": {
                "insertions": 1,
                "deletions": 0
              }
            }
          }
        ]
      }
    ],
    "Hou-Rui": [
      {
        "date": "2020-09-30",
        "commitResults": [
          {
            "hash": "569105f4db4db23325d76e847a005c0d0d270c4a",
            "messageTitle": "Hou-Rui.md: Add Hou Rui\u0027s information",
            "messageBody": "",
            "fileTypesAndContributionMap": {
              "docs": {
                "insertions": 27,
                "deletions": 0
              }
            }
          },
          {
            "hash": "df8d1db07aa17623e8d9bfc7fac6273ee822bddd",
            "messageTitle": "Hou-Rui.md: Move to docs/team",
            "messageBody": "",
            "fileTypesAndContributionMap": {
              "docs": {
                "insertions": 0,
                "deletions": 0
              }
            }
          },
          {
            "hash": "43bc951d3b35db4e3f4b9da48a1f01aadb78fe28",
            "messageTitle": "build.gradle: change archiveName to Eva.jar",
            "messageBody": "",
            "fileTypesAndContributionMap": {
              "other": {
                "insertions": 1,
                "deletions": 1
              }
            }
          },
          {
            "hash": "bac37164005b80c164de0d172a03e187be5b266d",
            "messageTitle": "DeveloperGuide.md: Remove Addressbook traces",
            "messageBody": "",
            "fileTypesAndContributionMap": {
              "docs": {
                "insertions": 10,
                "deletions": 11
              }
            }
          },
          {
            "hash": "b82a01678678d4b552eaaaae87c4b907782b5c7b",
            "messageTitle": "UserGuide.md: create conflicts",
            "messageBody": "",
            "fileTypesAndContributionMap": {
              "docs": {
                "insertions": 1,
                "deletions": 1
              }
            }
          },
          {
            "hash": "abea14b0eaf909e74296141b8961476807e90d08",
            "messageTitle": "UserGuide.md: cancel conflicts",
            "messageBody": "",
            "fileTypesAndContributionMap": {
              "docs": {
                "insertions": 1,
                "deletions": 1
              }
            }
          }
        ]
      },
      {
        "date": "2020-10-11",
        "commitResults": [
          {
            "hash": "096a0a78353c381239df7a65d5e65f57c0c5161a",
            "messageTitle": "DateUtil.java: add dateToString() method",
            "messageBody": "",
            "fileTypesAndContributionMap": {
              "functional-code": {
                "insertions": 120,
                "deletions": 0
              }
            }
          },
          {
            "hash": "d8ef141b2c738d199b6210657984a96f32385adc",
            "messageTitle": "Leave.java: Add getters",
            "messageBody": "",
            "fileTypesAndContributionMap": {
              "functional-code": {
                "insertions": 8,
                "deletions": 0
              }
            }
          },
          {
            "hash": "33ec178fbb386ccfc37d029a16c4e2b8c69b30e7",
            "messageTitle": "JsonAdaptedLeave.java: Add Jackson-friendly Leave",
            "messageBody": "",
            "fileTypesAndContributionMap": {
              "functional-code": {
                "insertions": 31,
                "deletions": 1
              }
            }
          },
          {
            "hash": "f6980aa921d6e4be2d659f90ac06896f393657e3",
            "messageTitle": "JsonAdaptedStaff.java: Add Jackson-friendly Staff",
            "messageBody": "",
            "fileTypesAndContributionMap": {
              "functional-code": {
                "insertions": 36,
                "deletions": 20
              }
            }
          },
          {
            "hash": "66659119178be426f64f31b26fdbced46cc5361e",
            "messageTitle": "Change AddressBook to EvaDatabase",
            "messageBody": "",
            "fileTypesAndContributionMap": {
              "functional-code": {
                "insertions": 67,
                "deletions": 70
              },
              "other": {
                "insertions": 121,
                "deletions": 118
              },
              "docs": {
                "insertions": 12,
                "deletions": 12
              },
              "test-code": {
                "insertions": 50,
                "deletions": 50
              }
            }
          },
          {
            "hash": "772d43d286eeae37a8302e63151f20fe6e5151f1",
            "messageTitle": "Fix checkstyle errors",
            "messageBody": "",
            "fileTypesAndContributionMap": {
              "functional-code": {
                "insertions": 26,
                "deletions": 12
              }
            }
          },
          {
            "hash": "01df142b4149c98a146ad82762a49ac886a5803b",
            "messageTitle": "Fix check style errors in test",
            "messageBody": "",
            "fileTypesAndContributionMap": {
              "test-code": {
                "insertions": 2,
                "deletions": 2
              }
            }
          }
        ]
      },
      {
        "date": "2020-10-12",
        "commitResults": [
          {
            "hash": "ba551198380bcf37dbb263776e387162325eaf27",
            "messageTitle": "Finish adapting storage",
            "messageBody": "",
            "fileTypesAndContributionMap": {
              "functional-code": {
                "insertions": 406,
                "deletions": 108
              },
              "other": {
                "insertions": 18,
                "deletions": 18
              },
              "test-code": {
                "insertions": 198,
                "deletions": 107
              }
            }
          }
        ]
      },
      {
        "date": "2020-10-13",
        "commitResults": [
          {
            "hash": "46f4a8dc80ae83b569b47f3a728458fc07b5e216",
            "messageTitle": "Separate files for person and staff database",
            "messageBody": "",
            "fileTypesAndContributionMap": {
              "functional-code": {
                "insertions": 53,
                "deletions": 33
              },
              "other": {
                "insertions": 1,
                "deletions": 1
              },
              "docs": {
                "insertions": 1,
                "deletions": 1
              },
              "test-code": {
                "insertions": 13,
                "deletions": 11
              }
            }
          },
          {
            "hash": "03d9de928bbc3cffc381b6c9fe30f566d5670787",
            "messageTitle": "fix checkstyle errors",
            "messageBody": "",
            "fileTypesAndContributionMap": {
              "functional-code": {
                "insertions": 10,
                "deletions": 0
              }
            }
          },
          {
            "hash": "d7a0688de1422e08206945d7a891753bb5b4d334",
            "messageTitle": "Fix tests",
            "messageBody": "",
            "fileTypesAndContributionMap": {
              "test-code": {
                "insertions": 1,
                "deletions": 1
              }
            }
          },
          {
            "hash": "66b3510f0a7c28dd450a095631803a8669585470",
            "messageTitle": "Fix staff path errors",
            "messageBody": "",
            "fileTypesAndContributionMap": {
              "functional-code": {
                "insertions": 19,
                "deletions": 2
              }
            }
          }
        ]
      },
      {
        "date": "2020-10-17",
        "commitResults": [
          {
            "hash": "3051113b6d512c7be0adf9772557a9d866d9c972",
            "messageTitle": "Adapt storage to applicants",
            "messageBody": "",
            "fileTypesAndContributionMap": {
              "functional-code": {
                "insertions": 548,
                "deletions": 39
              },
              "test-code": {
                "insertions": 125,
                "deletions": 29
              }
            }
          }
        ]
      },
      {
        "date": "2020-10-20",
        "commitResults": [
          {
            "hash": "954d67da9d02b1405770b5b5044f26ee0101b992",
            "messageTitle": "Update diagrams and DG for storage and model",
            "messageBody": "",
            "fileTypesAndContributionMap": {
              "docs": {
                "insertions": 68,
                "deletions": 25
              }
            }
          }
        ]
      },
      {
        "date": "2020-10-25",
        "commitResults": [
          {
            "hash": "811bb27091d23b8c2f905a0bc98a4643959238ee",
            "messageTitle": "Implement find for staff and applicants",
            "messageBody": "",
            "fileTypesAndContributionMap": {
              "functional-code": {
                "insertions": 112,
                "deletions": 10
              },
              "test-code": {
                "insertions": 28,
                "deletions": 22
              }
            }
          }
        ]
      },
      {
        "date": "2020-10-27",
        "commitResults": [
          {
            "hash": "1e42967822a61c879d3de47bf68b42add4040834",
            "messageTitle": "Update User guide for find",
            "messageBody": "",
            "fileTypesAndContributionMap": {
              "functional-code": {
                "insertions": 2,
                "deletions": 2
              },
              "docs": {
                "insertions": 11,
                "deletions": 1
              }
            }
          }
        ]
      }
    ]
  },
  "authorFileTypeContributionMap": {
    "IsaacTin": {
      "docs": 379,
      "functional-code": 1955,
      "test-code": 180,
      "other": 3
    },
    "Ben-Hanan": {
      "docs": 239,
      "functional-code": 3156,
      "test-code": 472,
      "other": 4
    },
    "TheSpaceCuber": {
      "docs": 232,
      "functional-code": 872,
      "test-code": 16
    },
    "Nikhilalalalala": {
      "docs": 223,
      "functional-code": 959,
      "test-code": 165,
      "other": 1
    },
    "Hou-Rui": {
      "docs": 117,
      "functional-code": 1276,
      "test-code": 385,
      "other": 2
    }
  },
  "authorContributionVariance": {
    "IsaacTin": 32926.61,
    "Ben-Hanan": 61443.234,
    "TheSpaceCuber": 8065.1333,
    "Nikhilalalalala": 13243.114,
    "Hou-Rui": 23548.447
  },
  "authorDisplayNameMap": {
    "IsaacTin": "CS2103T-W13-1 TIN ..SAAC",
    "Ben-Hanan": "CS2103T-W13-1 BEN-..KAAY",
    "TheSpaceCuber": "CS2103T-W13-1 ROYC.. YEE",
    "Nikhilalalalala": "CS2103T-W13-1 UDAY.. SAI",
    "Hou-Rui": "CS2103T-W13-1 HOU .. RUI"
  }
}
