{
  "authorDailyContributionsMap": {
    "Jaylenlee": [],
    "hakiem526": [],
    "marcus2k": [
      {
        "date": "2020-09-21",
        "commitResults": [
          {
            "hash": "6c6877242ab81bd1fc6678e8356ceb2b9ed24d38",
            "messageTitle": "Update README.md",
            "messageBody": "",
            "fileTypesAndContributionMap": {
              "docs": {
                "insertions": 4,
                "deletions": 3
              }
            }
          },
          {
            "hash": "02abfad266d77014802619f754ba27889d0d5bd6",
            "messageTitle": "Add newline at EOF",
            "messageBody": "",
            "fileTypesAndContributionMap": {
              "docs": {
                "insertions": 2,
                "deletions": 1
              }
            }
          }
        ]
      },
      {
        "date": "2020-09-22",
        "commitResults": [
          {
            "hash": "f5b2bcfefc3b0f7014519cc48074a050785bd4e1",
            "messageTitle": "Update README.md",
            "messageBody": "",
            "fileTypesAndContributionMap": {
              "docs": {
                "insertions": 4,
                "deletions": 0
              }
            }
          }
        ]
      }
    ],
    "maxxyh": [
      {
        "date": "2020-09-14",
        "commitResults": [
          {
            "hash": "96d46b74402ee8d70652b70cc4bd5ab9b1a092d7",
            "messageTitle": "Update README.md",
            "messageBody": "",
            "fileTypesAndContributionMap": {
              "docs": {
                "insertions": 2,
                "deletions": 0
              }
            }
          }
        ]
      }
    ],
    "lebencwb": []
  },
  "authorFileTypeContributionMap": {
    "Jaylenlee": {
      "docs": 0,
      "functional-code": 0,
      "test-code": 0
    },
    "hakiem526": {
      "docs": 0,
      "functional-code": 0,
      "test-code": 0
    },
    "marcus2k": {
      "docs": 9,
      "functional-code": 0,
      "test-code": 0
    },
    "maxxyh": {
      "docs": 0,
      "functional-code": 0,
      "test-code": 0
    },
    "lebencwb": {
      "docs": 0,
      "functional-code": 0,
      "test-code": 0
    }
  },
  "authorContributionVariance": {
    "Jaylenlee": 0.0,
    "hakiem526": 0.0,
    "marcus2k": 2.7774997,
    "maxxyh": 0.09750001,
    "lebencwb": 0.0
  },
  "authorDisplayNameMap": {
    "Jaylenlee": "CS2103-W14-3 LEE .. HUI",
    "hakiem526": "CS2103-W14-3 MOHA..ASID",
    "marcus2k": "CS2103-W14-3 MARC..RCUS",
    "maxxyh": "CS2103-W14-3 MAXX..HANG",
    "lebencwb": "CS2103-W14-3 LEBE.. BIN"
  }
}
