{
  "authorDailyContributionsMap": {
    "CodyChew": [
      {
        "date": "2020-09-24",
        "commitResults": [
          {
            "hash": "e807892129057252cc8163ccc2c21c884d76b538",
            "messageTitle": "Update AboutUs.md and UserGuide.md",
            "messageBody": "- add command summary for UserGuide.md\n- add cody, supervisor and lecturer details for AboutUs.md\n",
            "fileTypesAndContributionMap": {
              "docs": {
                "insertions": 41,
                "deletions": 15
              }
            }
          },
          {
            "hash": "7d2a7447b0e7e08692eb37f27b2836ef5a6b9064",
            "messageTitle": "Update UserGuide.md",
            "messageBody": "",
            "fileTypesAndContributionMap": {
              "docs": {
                "insertions": 2,
                "deletions": 2
              }
            }
          },
          {
            "hash": "c51a6c93d46d79fb96469f9cd7615105b5c956a4",
            "messageTitle": "Minor Bug Fix",
            "messageBody": "",
            "fileTypesAndContributionMap": {
              "docs": {
                "insertions": 5,
                "deletions": 5
              }
            }
          },
          {
            "hash": "5f01fc3cd39169033549c701a6283b852869244d",
            "messageTitle": "Update UserGuide.md",
            "messageBody": "",
            "fileTypesAndContributionMap": {
              "docs": {
                "insertions": 2,
                "deletions": 2
              }
            }
          },
          {
            "hash": "93bc67408c7e8604525e150b3102efe42a334a43",
            "messageTitle": "Update UserGuide.md",
            "messageBody": "",
            "fileTypesAndContributionMap": {
              "docs": {
                "insertions": 4,
                "deletions": 4
              }
            }
          }
        ]
      },
      {
        "date": "2020-09-25",
        "commitResults": [
          {
            "hash": "deb38bd35334ba78cc5b1bda60ecb991b8c46a10",
            "messageTitle": "Update UserGuide.md",
            "messageBody": "",
            "fileTypesAndContributionMap": {
              "docs": {
                "insertions": 26,
                "deletions": 26
              }
            }
          },
          {
            "hash": "ba67b0a6fd82c7a8edbc57a0c4fda2c5197d12aa",
            "messageTitle": "Update UserGuide.md",
            "messageBody": "",
            "fileTypesAndContributionMap": {
              "docs": {
                "insertions": 2,
                "deletions": 0
              }
            }
          }
        ]
      },
      {
        "date": "2020-09-26",
        "commitResults": [
          {
            "hash": "7e3d1457e7c2b0196c458627ee2f95fbdb39030e",
            "messageTitle": "Update DeveloperGuide.md",
            "messageBody": "",
            "fileTypesAndContributionMap": {
              "docs": {
                "insertions": 12,
                "deletions": 7
              }
            }
          }
        ]
      },
      {
        "date": "2020-09-28",
        "commitResults": [
          {
            "hash": "c9d01d45831d71a05d033da80d90d7c234f5a391",
            "messageTitle": "Update UserGuide.md",
            "messageBody": "",
            "fileTypesAndContributionMap": {
              "docs": {
                "insertions": 85,
                "deletions": 1
              }
            }
          },
          {
            "hash": "8b3ba9e755ee0a57deb7468f9a5d5ccb92f1ada5",
            "messageTitle": "Update AboutUs.md",
            "messageBody": "",
            "fileTypesAndContributionMap": {
              "docs": {
                "insertions": 1,
                "deletions": 1
              }
            }
          }
        ]
      },
      {
        "date": "2020-10-04",
        "commitResults": [
          {
            "hash": "10d753e3be16c4c6191dd369f792dae02f5a4ac8",
            "messageTitle": "Add Document class",
            "messageBody": "Currently:\n-Takes in a String name and String validation.\n-Stores it as a single String value \"name, reference\" in the Json file\n-Has no validation for reference and only checks for empty name\n",
            "fileTypesAndContributionMap": {
              "functional-code": {
                "insertions": 190,
                "deletions": 12
              },
              "test-code": {
                "insertions": 53,
                "deletions": 11
              }
            }
          }
        ]
      },
      {
        "date": "2020-10-05",
        "commitResults": [
          {
            "hash": "b590a62799493aaa86c86ae9d47daf11027690b5",
            "messageTitle": "Add Reference class",
            "messageBody": "Update Document class to use Name and Reference Object.\nDocument class stored as Name and Reference in Json file.\nReferences are stored in the default file path ./data/references/\nInclude validation for reference path.\n",
            "fileTypesAndContributionMap": {
              "functional-code": {
                "insertions": 91,
                "deletions": 38
              },
              "test-code": {
                "insertions": 17,
                "deletions": 8
              }
            }
          },
          {
            "hash": "7d23ba2f81cf3dd17e5b3adfb5acac2ae48b6fc0",
            "messageTitle": "Add Alphanumeric class",
            "messageBody": "The common behaviours across different classes for naming purposes\ncause code duplication.\n\nExtracting the common bahaviour into an abstract class allows us to use\npolymorphism when dealing with names for different purposes. For\nexample, the error message can be overridden for the Name of a person\nand a Title of a document.\n\nLet\u0027s pull up bahviours common to all naming attribute classes into a\nnew abstract class named Alphanumeric. It has the same methods as the\noriginal Name class.\n",
            "fileTypesAndContributionMap": {
              "functional-code": {
                "insertions": 55,
                "deletions": 39
              }
            }
          }
        ]
      },
      {
        "date": "2020-10-06",
        "commitResults": [
          {
            "hash": "90e893b468a6f6aed21fa28d343592184de3e76c",
            "messageTitle": "Minor changes to PersonBuilder class",
            "messageBody": "withDocument method now sets a new single document to the person.\n",
            "fileTypesAndContributionMap": {
              "functional-code": {
                "insertions": 1,
                "deletions": 1
              },
              "test-code": {
                "insertions": 2,
                "deletions": 1
              }
            }
          },
          {
            "hash": "147ad4fbdd35da8451fd58403c05c1c309ab3389",
            "messageTitle": "Minor bug fix",
            "messageBody": "",
            "fileTypesAndContributionMap": {
              "functional-code": {
                "insertions": 2,
                "deletions": 1
              }
            }
          },
          {
            "hash": "3fd33b7077ad1d386828d32cbeea67014ed91f40",
            "messageTitle": "Minor bug fix",
            "messageBody": "",
            "fileTypesAndContributionMap": {
              "functional-code": {
                "insertions": 1,
                "deletions": 0
              }
            }
          },
          {
            "hash": "08b033d6a4e95d327360e75e4989faef719d4043",
            "messageTitle": "Update Reference storage location",
            "messageBody": "",
            "fileTypesAndContributionMap": {
              "functional-code": {
                "insertions": 1,
                "deletions": 1
              },
              "other": {
                "insertions": 0,
                "deletions": 0
              }
            }
          },
          {
            "hash": "c49c6226a29acd0b5270e243344881c7f20c0169",
            "messageTitle": "Update Alphanumeric class",
            "messageBody": "",
            "fileTypesAndContributionMap": {
              "functional-code": {
                "insertions": 16,
                "deletions": 16
              },
              "test-code": {
                "insertions": 4,
                "deletions": 4
              }
            }
          }
        ]
      },
      {
        "date": "2020-10-07",
        "commitResults": [
          {
            "hash": "df3cbf38169a72c6129b3923f40486f466c99b12",
            "messageTitle": "Add Title class",
            "messageBody": "-Refactor Name field in Person class to Title\n-Title with prefix \"t:\"\n-Test case still uses original valid and invalid Names as they\ninherit from the same abstract Alphanumeric Class\n-Test cases to be ammended further to customize for PIVOT app\n",
            "fileTypesAndContributionMap": {
              "functional-code": {
                "insertions": 95,
                "deletions": 74
              },
              "test-code": {
                "insertions": 78,
                "deletions": 75
              }
            }
          },
          {
            "hash": "ed3a6160c50c5cd169569d4eee227e5a58e1cbab",
            "messageTitle": "Refactor Alphanumeric Class",
            "messageBody": "",
            "fileTypesAndContributionMap": {
              "functional-code": {
                "insertions": 10,
                "deletions": 2
              }
            }
          },
          {
            "hash": "da5713e2c4fee4fa827d7895d8543af13c63e27b",
            "messageTitle": "Update privacy status of Alphanumeric",
            "messageBody": "",
            "fileTypesAndContributionMap": {
              "functional-code": {
                "insertions": 3,
                "deletions": 3
              }
            }
          },
          {
            "hash": "b2c543110e42a5de7cf2e5249908b71cc6b241ee",
            "messageTitle": "Remove unused Name Prefix",
            "messageBody": "",
            "fileTypesAndContributionMap": {
              "functional-code": {
                "insertions": 0,
                "deletions": 1
              }
            }
          }
        ]
      },
      {
        "date": "2020-10-09",
        "commitResults": [
          {
            "hash": "6770718862bc7b89caeec88c04d202d6ea9d9f20",
            "messageTitle": "Add StateManager to PIVOT",
            "messageBody": "",
            "fileTypesAndContributionMap": {
              "functional-code": {
                "insertions": 30,
                "deletions": 0
              }
            }
          }
        ]
      },
      {
        "date": "2020-10-11",
        "commitResults": [
          {
            "hash": "172a70fb36944fe4c4e98a124289b396cd607d99",
            "messageTitle": "Update StateManager.java",
            "messageBody": "-Include resetState()\n-Include javaDoc comments\n-update getState method to return null if state is empty.\n",
            "fileTypesAndContributionMap": {
              "functional-code": {
                "insertions": 32,
                "deletions": 1
              }
            }
          },
          {
            "hash": "c4c9107bc6e8c8242ba8543de069e70e556a7d92",
            "messageTitle": "Add OpenCase Command.",
            "messageBody": "Let\u0027s create an abstract OpenCommand to accomodate for open case and\nopen document. The OpenCaseCommand extends from OpenCommand.\nAn OpenCommandParser parses the arguments to return the correct\nOpenCommand object given an input type and index.\n",
            "fileTypesAndContributionMap": {
              "functional-code": {
                "insertions": 125,
                "deletions": 0
              }
            }
          },
          {
            "hash": "009ca38d89979f7762eb40e9e30b0d35b6ad18c2",
            "messageTitle": "Update State of program with OpenCaseCommand",
            "messageBody": "",
            "fileTypesAndContributionMap": {
              "functional-code": {
                "insertions": 2,
                "deletions": 1
              }
            }
          }
        ]
      },
      {
        "date": "2020-10-12",
        "commitResults": [
          {
            "hash": "5d4ac5103384103b79eb6a47927629d7e9fd3ecf",
            "messageTitle": "Add Return Command",
            "messageBody": "",
            "fileTypesAndContributionMap": {
              "functional-code": {
                "insertions": 32,
                "deletions": 0
              }
            }
          },
          {
            "hash": "0f4b4e21c139ca29b4632ae72b387aebdb62f902",
            "messageTitle": "Update OpenCommandParser.java",
            "messageBody": "-Update check for exception ordering for future implementation\n extensions when checking for state.\n",
            "fileTypesAndContributionMap": {
              "functional-code": {
                "insertions": 21,
                "deletions": 17
              }
            }
          }
        ]
      },
      {
        "date": "2020-10-14",
        "commitResults": [
          {
            "hash": "0b37b66deacf094c054233278d2759b786c7ef49",
            "messageTitle": "Add Document to opened investigation case",
            "messageBody": "",
            "fileTypesAndContributionMap": {
              "functional-code": {
                "insertions": 147,
                "deletions": 3
              }
            }
          },
          {
            "hash": "5f65ce87806e3f82959036bd5ea62c868907b4b0",
            "messageTitle": "Update AddDocumentCommand.java",
            "messageBody": "",
            "fileTypesAndContributionMap": {
              "functional-code": {
                "insertions": 2,
                "deletions": 0
              }
            }
          },
          {
            "hash": "9b5ca2f07db14b5f29766d648c035fa6dbc6409a",
            "messageTitle": "Update ParserUtil.java",
            "messageBody": "",
            "fileTypesAndContributionMap": {
              "functional-code": {
                "insertions": 19,
                "deletions": 9
              }
            }
          },
          {
            "hash": "5f6f1b520f47380c349bc50cc56afa5698bf3e6a",
            "messageTitle": "Update AddDocumandCommand.java",
            "messageBody": "",
            "fileTypesAndContributionMap": {
              "functional-code": {
                "insertions": 8,
                "deletions": 0
              }
            }
          },
          {
            "hash": "23e538b0a88ebe92238586a436d815a67fe69cd8",
            "messageTitle": "Add DeleteDocumentCommand",
            "messageBody": "",
            "fileTypesAndContributionMap": {
              "functional-code": {
                "insertions": 85,
                "deletions": 2
              },
              "other": {
                "insertions": 3,
                "deletions": 1
              }
            }
          },
          {
            "hash": "44a25ad26ac96c19ec2399a137d5e231ff5b1ab2",
            "messageTitle": "Update assertions",
            "messageBody": "",
            "fileTypesAndContributionMap": {
              "functional-code": {
                "insertions": 8,
                "deletions": 22
              }
            }
          }
        ]
      },
      {
        "date": "2020-10-15",
        "commitResults": [
          {
            "hash": "916d72939de97cc086845ecc1472f2cb6ba98055",
            "messageTitle": "Update SampleDataUtil",
            "messageBody": "",
            "fileTypesAndContributionMap": {
              "functional-code": {
                "insertions": 12,
                "deletions": 12
              }
            }
          },
          {
            "hash": "eba948a2521924c9a87483f5e578ad8d7b96d7ea",
            "messageTitle": "Update MainWindow.dxml",
            "messageBody": "",
            "fileTypesAndContributionMap": {
              "functional-code": {
                "insertions": 1,
                "deletions": 1
              }
            }
          }
        ]
      },
      {
        "date": "2020-10-18",
        "commitResults": [
          {
            "hash": "366cf7f94de5949a97158ee89cf6d5b23d38fc7e",
            "messageTitle": "Add ReferenceStorage.java",
            "messageBody": "",
            "fileTypesAndContributionMap": {
              "functional-code": {
                "insertions": 50,
                "deletions": 4
              },
              "test-code": {
                "insertions": 4,
                "deletions": 3
              }
            }
          }
        ]
      },
      {
        "date": "2020-10-21",
        "commitResults": [
          {
            "hash": "2d4dc7dfaf325fd5ef4de0077ef9e073e77cc381",
            "messageTitle": "Update Reference.java to separate validity and existence",
            "messageBody": "",
            "fileTypesAndContributionMap": {
              "functional-code": {
                "insertions": 22,
                "deletions": 8
              },
              "test-code": {
                "insertions": 1,
                "deletions": 1
              }
            }
          },
          {
            "hash": "6777010d0f43c1848b38859ad120c44856e0581c",
            "messageTitle": "Update test case",
            "messageBody": "",
            "fileTypesAndContributionMap": {
              "test-code": {
                "insertions": 1,
                "deletions": 1
              }
            }
          }
        ]
      },
      {
        "date": "2020-10-22",
        "commitResults": [
          {
            "hash": "888322bad19b982b51e636d7b06d95cd5b398cca",
            "messageTitle": "Minor change",
            "messageBody": "",
            "fileTypesAndContributionMap": {
              "functional-code": {
                "insertions": 8,
                "deletions": 3
              }
            }
          },
          {
            "hash": "843acca77232b2930244582856f5e5fd14ebb395",
            "messageTitle": "Update test case for invalid document",
            "messageBody": "",
            "fileTypesAndContributionMap": {
              "functional-code": {
                "insertions": 1,
                "deletions": 6
              },
              "test-code": {
                "insertions": 1,
                "deletions": 1
              }
            }
          },
          {
            "hash": "bfe2fdbf53dd2c6c96f3adbd90a72a10899b8735",
            "messageTitle": "Update DeveloperGuide with Document Implementation",
            "messageBody": "",
            "fileTypesAndContributionMap": {
              "docs": {
                "insertions": 74,
                "deletions": 0
              }
            }
          }
        ]
      },
      {
        "date": "2020-10-23",
        "commitResults": [
          {
            "hash": "2e0486c0b4b72ef26496d1ddaf61837387da5c58",
            "messageTitle": "Update DeveloperGuide",
            "messageBody": "",
            "fileTypesAndContributionMap": {
              "docs": {
                "insertions": 2,
                "deletions": 0
              }
            }
          },
          {
            "hash": "c363783ac71b6915f20260b4ddf0f9251da80807",
            "messageTitle": "Update DeveloperGuide",
            "messageBody": "",
            "fileTypesAndContributionMap": {
              "docs": {
                "insertions": 1,
                "deletions": 1
              }
            }
          }
        ]
      }
    ],
    "Jargonx": [
      {
        "date": "2020-09-24",
        "commitResults": [
          {
            "hash": "4cd04b6699858aeb69d0ebbd405c6eb2ace6f513",
            "messageTitle": "Updated Personal Information",
            "messageBody": "",
            "fileTypesAndContributionMap": {
              "docs": {
                "insertions": 5,
                "deletions": 5
              }
            }
          },
          {
            "hash": "b65fc4a1502e250a26de13bf4aee438bf4ecf2df",
            "messageTitle": "Update User Guide",
            "messageBody": "",
            "fileTypesAndContributionMap": {
              "docs": {
                "insertions": 84,
                "deletions": 0
              }
            }
          }
        ]
      },
      {
        "date": "2020-09-28",
        "commitResults": [
          {
            "hash": "f905bbcf7985efdc9e9702640ed27f3d3e8b5a8c",
            "messageTitle": "Update About Us, README",
            "messageBody": "",
            "fileTypesAndContributionMap": {
              "docs": {
                "insertions": 1,
                "deletions": 1
              }
            }
          }
        ]
      },
      {
        "date": "2020-09-29",
        "commitResults": [
          {
            "hash": "4531c1e8a5e8663f3f5e0105f0364024e49bc7fb",
            "messageTitle": "Update Developer Guide",
            "messageBody": "",
            "fileTypesAndContributionMap": {
              "docs": {
                "insertions": 81,
                "deletions": 0
              }
            }
          }
        ]
      },
      {
        "date": "2020-10-03",
        "commitResults": [
          {
            "hash": "081970c83b21b80aff337b121f109c81b3668deb",
            "messageTitle": "Update Person to contain list of Witnesses",
            "messageBody": "",
            "fileTypesAndContributionMap": {
              "functional-code": {
                "insertions": 188,
                "deletions": 13
              },
              "test-code": {
                "insertions": 57,
                "deletions": 14
              }
            }
          }
        ]
      },
      {
        "date": "2020-10-06",
        "commitResults": [
          {
            "hash": "993a8f4fa6ad93a71aa602bd562e7709255c08af",
            "messageTitle": "Modify Prefixes",
            "messageBody": "",
            "fileTypesAndContributionMap": {
              "functional-code": {
                "insertions": 5,
                "deletions": 5
              }
            }
          },
          {
            "hash": "9f9b66962a520b63cfb23cddb96aca3ad5fd4f70",
            "messageTitle": "Edit Delete Command to take in deleteType",
            "messageBody": "",
            "fileTypesAndContributionMap": {
              "functional-code": {
                "insertions": 22,
                "deletions": 5
              },
              "test-code": {
                "insertions": 7,
                "deletions": 3
              }
            }
          }
        ]
      },
      {
        "date": "2020-10-07",
        "commitResults": [
          {
            "hash": "472ca233029bcde7bc3ca5260b0442eaddb12ffc",
            "messageTitle": "Fix Checkstyle Errors",
            "messageBody": "",
            "fileTypesAndContributionMap": {
              "functional-code": {
                "insertions": 8,
                "deletions": 7
              },
              "test-code": {
                "insertions": 1,
                "deletions": 1
              }
            }
          },
          {
            "hash": "033a326f33565156b3b54587cc5730dde68b9090",
            "messageTitle": "Remove Email Field from Person Class",
            "messageBody": "",
            "fileTypesAndContributionMap": {
              "functional-code": {
                "insertions": 22,
                "deletions": 74
              },
              "test-code": {
                "insertions": 63,
                "deletions": 156
              }
            }
          }
        ]
      },
      {
        "date": "2020-10-11",
        "commitResults": [
          {
            "hash": "dab5440d86aca21619de11a069d9481a5a021387",
            "messageTitle": "DeleteCommand Class is now abstract, DeleteCaseCommand added",
            "messageBody": "",
            "fileTypesAndContributionMap": {
              "functional-code": {
                "insertions": 53,
                "deletions": 28
              },
              "other": {
                "insertions": 12,
                "deletions": 11
              },
              "test-code": {
                "insertions": 5,
                "deletions": 3
              }
            }
          }
        ]
      },
      {
        "date": "2020-10-12",
        "commitResults": [
          {
            "hash": "ae9a81a1e44e58b8052603e0a867c0b7008d6fcf",
            "messageTitle": "Check for State before Deleting Case",
            "messageBody": "",
            "fileTypesAndContributionMap": {
              "functional-code": {
                "insertions": 23,
                "deletions": 15
              }
            }
          }
        ]
      },
      {
        "date": "2020-10-13",
        "commitResults": [
          {
            "hash": "db89f23f2d2366017dbb35f9c73eb98a703f79ea",
            "messageTitle": "Update equals, remove abstract execute DeleteCommand",
            "messageBody": "",
            "fileTypesAndContributionMap": {
              "functional-code": {
                "insertions": 6,
                "deletions": 10
              }
            }
          }
        ]
      },
      {
        "date": "2020-10-15",
        "commitResults": [
          {
            "hash": "d9c4ef685ab6cef9386d70d434b5dc4cd50d2f7c",
            "messageTitle": "Add and Delete Witness",
            "messageBody": "",
            "fileTypesAndContributionMap": {
              "functional-code": {
                "insertions": 193,
                "deletions": 2
              }
            }
          }
        ]
      },
      {
        "date": "2020-10-16",
        "commitResults": [
          {
            "hash": "57f9605225b94b46fee9ee7adaf71e5286fa828c",
            "messageTitle": "Update User Guide",
            "messageBody": "",
            "fileTypesAndContributionMap": {
              "docs": {
                "insertions": 69,
                "deletions": 59
              }
            }
          }
        ]
      }
    ],
    "esmanda3w": [
      {
        "date": "2020-09-23",
        "commitResults": [
          {
            "hash": "3ab2a9c6fc16db729a0818da9f745c76e81e397a",
            "messageTitle": "Add personal information in AboutUs",
            "messageBody": "",
            "fileTypesAndContributionMap": {
              "docs": {
                "insertions": 5,
                "deletions": 5
              }
            }
          },
          {
            "hash": "0f7646f7a4b8573e51c21eebf484b7cc8ce80ed1",
            "messageTitle": "Update User Guide",
            "messageBody": "",
            "fileTypesAndContributionMap": {
              "docs": {
                "insertions": 22,
                "deletions": 163
              }
            }
          },
          {
            "hash": "1b7c10f432ad814aca0a46f3ef06254900663165",
            "messageTitle": "Edit README and UserGuide to pass checkstyle",
            "messageBody": "",
            "fileTypesAndContributionMap": {
              "docs": {
                "insertions": 3,
                "deletions": 3
              }
            }
          }
        ]
      },
      {
        "date": "2020-09-24",
        "commitResults": [
          {
            "hash": "a3847bade9592a9166bbdd963782e3d8f7753268",
            "messageTitle": "Update filename in AboutUs",
            "messageBody": "",
            "fileTypesAndContributionMap": {
              "docs": {
                "insertions": 1,
                "deletions": 1
              }
            }
          }
        ]
      },
      {
        "date": "2020-09-26",
        "commitResults": [
          {
            "hash": "53107236d1c5ce7015867ece799e54326e8ab65b",
            "messageTitle": "Update use case in Developer Guide",
            "messageBody": "",
            "fileTypesAndContributionMap": {
              "docs": {
                "insertions": 67,
                "deletions": 10
              }
            }
          }
        ]
      },
      {
        "date": "2020-10-03",
        "commitResults": [
          {
            "hash": "e7a209d49cb2fc8f112c05a36a99db1425d48379",
            "messageTitle": "Add Status field to Person",
            "messageBody": "",
            "fileTypesAndContributionMap": {
              "functional-code": {
                "insertions": 112,
                "deletions": 18
              },
              "test-code": {
                "insertions": 102,
                "deletions": 26
              }
            }
          }
        ]
      },
      {
        "date": "2020-10-04",
        "commitResults": [
          {
            "hash": "a5a6bbc2e91618e0f634aad5d6a609d1a50b4d9c",
            "messageTitle": "Update status field to receive lower case inputs",
            "messageBody": "",
            "fileTypesAndContributionMap": {
              "functional-code": {
                "insertions": 11,
                "deletions": 11
              },
              "test-code": {
                "insertions": 6,
                "deletions": 6
              }
            }
          }
        ]
      },
      {
        "date": "2020-10-06",
        "commitResults": [
          {
            "hash": "fb5fee5ae10275c5ded58df161ba34e58ed0db98",
            "messageTitle": "Update Add Command to include case in command word",
            "messageBody": "",
            "fileTypesAndContributionMap": {
              "functional-code": {
                "insertions": 21,
                "deletions": 3
              },
              "test-code": {
                "insertions": 48,
                "deletions": 39
              }
            }
          }
        ]
      },
      {
        "date": "2020-10-07",
        "commitResults": [
          {
            "hash": "fd9e9bd613e15abbeaa9a876ae39d1eb8086b3cf",
            "messageTitle": "Refactor Person to Case",
            "messageBody": "",
            "fileTypesAndContributionMap": {
              "functional-code": {
                "insertions": 410,
                "deletions": 411
              },
              "other": {
                "insertions": 144,
                "deletions": 143
              },
              "test-code": {
                "insertions": 443,
                "deletions": 441
              }
            }
          }
        ]
      },
      {
        "date": "2020-10-12",
        "commitResults": [
          {
            "hash": "331669a95140cd2a5699cdae8095ce364e125f17",
            "messageTitle": "Make AddCommand abstract and add AddCaseCommand",
            "messageBody": "",
            "fileTypesAndContributionMap": {
              "functional-code": {
                "insertions": 74,
                "deletions": 51
              },
              "other": {
                "insertions": 17,
                "deletions": 16
              },
              "test-code": {
                "insertions": 19,
                "deletions": 17
              }
            }
          }
        ]
      },
      {
        "date": "2020-10-13",
        "commitResults": [
          {
            "hash": "e0b1ff76a9d8b6c74fc7f9cb653cac1dc2784a55",
            "messageTitle": "Abstract AddCommandParser to AddCaseCommandParser",
            "messageBody": "",
            "fileTypesAndContributionMap": {
              "functional-code": {
                "insertions": 64,
                "deletions": 52
              },
              "other": {
                "insertions": 34,
                "deletions": 45
              },
              "test-code": {
                "insertions": 7,
                "deletions": 4
              }
            }
          }
        ]
      },
      {
        "date": "2020-10-14",
        "commitResults": [
          {
            "hash": "d7f8aa8b6f05d80f63b4bad79976deb387f9dbfc",
            "messageTitle": "Add AddSuspectCommand",
            "messageBody": "",
            "fileTypesAndContributionMap": {
              "functional-code": {
                "insertions": 116,
                "deletions": 2
              },
              "test-code": {
                "insertions": 60,
                "deletions": 0
              }
            }
          },
          {
            "hash": "cd97ee37ac9370d3877c3f11deee5f7e59e5921c",
            "messageTitle": "Add DeleteSuspectCommand",
            "messageBody": "",
            "fileTypesAndContributionMap": {
              "functional-code": {
                "insertions": 57,
                "deletions": 1
              }
            }
          },
          {
            "hash": "c279776fcfaa023121b6d76e882d84fdb333933c",
            "messageTitle": "Remove StateManager dependency from AddSuspectCommand",
            "messageBody": "",
            "fileTypesAndContributionMap": {
              "functional-code": {
                "insertions": 15,
                "deletions": 6
              },
              "test-code": {
                "insertions": 20,
                "deletions": 3
              }
            }
          }
        ]
      },
      {
        "date": "2020-10-15",
        "commitResults": [
          {
            "hash": "4baafa3d3e70981a342a8c132454868943954617",
            "messageTitle": "Update Message Usages for Commands",
            "messageBody": "",
            "fileTypesAndContributionMap": {
              "functional-code": {
                "insertions": 4,
                "deletions": 3
              }
            }
          }
        ]
      },
      {
        "date": "2020-10-17",
        "commitResults": [
          {
            "hash": "a2850cbc188bb27a7f371c2e6f3532d17a6c9065",
            "messageTitle": "Refactor AddressBook to PIVOT",
            "messageBody": "",
            "fileTypesAndContributionMap": {
              "functional-code": {
                "insertions": 298,
                "deletions": 297
              },
              "other": {
                "insertions": 1134,
                "deletions": 1134
              },
              "test-code": {
                "insertions": 84,
                "deletions": 84
              }
            }
          }
        ]
      },
      {
        "date": "2020-10-18",
        "commitResults": [
          {
            "hash": "bd17870214275a6fc1c44c975a8b9a11250fcfc4",
            "messageTitle": "Refactor AddressBook to Pivot in tests",
            "messageBody": "",
            "fileTypesAndContributionMap": {
              "functional-code": {
                "insertions": 32,
                "deletions": 32
              },
              "test-code": {
                "insertions": 95,
                "deletions": 95
              }
            }
          }
        ]
      },
      {
        "date": "2020-10-22",
        "commitResults": [
          {
            "hash": "a023180d273784692c74f31c21f2ef70d4e4a4c2",
            "messageTitle": "Update Developer Guide without diagrams",
            "messageBody": "",
            "fileTypesAndContributionMap": {
              "docs": {
                "insertions": 15,
                "deletions": 41
              }
            }
          },
          {
            "hash": "d75e210e244f8007389e52c0eae8540b17967ba8",
            "messageTitle": "Add logging for Delete, Return and Open Commands",
            "messageBody": "",
            "fileTypesAndContributionMap": {
              "functional-code": {
                "insertions": 46,
                "deletions": 0
              }
            }
          },
          {
            "hash": "90de4991f961647b32b3582d96a76670256dce91",
            "messageTitle": "Abide to Checkstyle",
            "messageBody": "",
            "fileTypesAndContributionMap": {
              "functional-code": {
                "insertions": 2,
                "deletions": 2
              }
            }
          },
          {
            "hash": "d979d7ce92401a5d85716f79d8c046c7f2a22836",
            "messageTitle": "Standardise capitalisation of Pivot",
            "messageBody": "",
            "fileTypesAndContributionMap": {
              "docs": {
                "insertions": 10,
                "deletions": 10
              }
            }
          }
        ]
      },
      {
        "date": "2020-10-23",
        "commitResults": [
          {
            "hash": "880e6e48f9485c2c087ef220d51100aa29a64fa5",
            "messageTitle": "Add alternative implementation for Undo",
            "messageBody": "",
            "fileTypesAndContributionMap": {
              "docs": {
                "insertions": 13,
                "deletions": 0
              }
            }
          },
          {
            "hash": "77a42a5790152e5dd512afe46dbecd7e01b229ea",
            "messageTitle": "Fix bug",
            "messageBody": "",
            "fileTypesAndContributionMap": {
              "docs": {
                "insertions": 2,
                "deletions": 0
              }
            }
          }
        ]
      }
    ],
    "Vielheim": [
      {
        "date": "2020-09-06",
        "commitResults": [
          {
            "hash": "1b26aa98bff46674d2c55d03a9f2ff1f588f5843",
            "messageTitle": "Update README.md",
            "messageBody": "",
            "fileTypesAndContributionMap": {
              "docs": {
                "insertions": 3,
                "deletions": 12
              }
            }
          }
        ]
      },
      {
        "date": "2020-09-23",
        "commitResults": [
          {
            "hash": "e023effc5ce45c0ed7b4864a80e4de335a5d00b7",
            "messageTitle": "Update README.md",
            "messageBody": "",
            "fileTypesAndContributionMap": {
              "docs": {
                "insertions": 25,
                "deletions": 3
              }
            }
          },
          {
            "hash": "1b4bdc556ffd8d7e824b8bf3995508237982c21f",
            "messageTitle": "Update README.md",
            "messageBody": "",
            "fileTypesAndContributionMap": {
              "docs": {
                "insertions": 9,
                "deletions": 0
              }
            }
          },
          {
            "hash": "7076f60afcfbf988007d76ca4304e476210c4092",
            "messageTitle": "Update UserGuide.md",
            "messageBody": "Change description to fit PIVOT\nChange Quick Start (to be updated)\n",
            "fileTypesAndContributionMap": {
              "docs": {
                "insertions": 3,
                "deletions": 2
              }
            }
          },
          {
            "hash": "ea56d80128d6ce8ca4b07d9fa3b81e3c7f577861",
            "messageTitle": "Update README",
            "messageBody": "Change Quick Start to suit tP. Update more when doing releases\n",
            "fileTypesAndContributionMap": {
              "docs": {
                "insertions": 5,
                "deletions": 7
              }
            }
          }
        ]
      },
      {
        "date": "2020-09-24",
        "commitResults": [
          {
            "hash": "b144efbcbd7001c573cee93508a9e2e743901ba1",
            "messageTitle": "Update AboutUs.md",
            "messageBody": "Update personal information.\n",
            "fileTypesAndContributionMap": {
              "docs": {
                "insertions": 5,
                "deletions": 5
              }
            }
          }
        ]
      },
      {
        "date": "2020-09-25",
        "commitResults": [
          {
            "hash": "5049b092bb0e7dba27c189305b678b963c7b3e75",
            "messageTitle": "Update DeveloperGuide.md",
            "messageBody": "Update Target User Profile, Value Proposition and User Stories\n",
            "fileTypesAndContributionMap": {
              "docs": {
                "insertions": 26,
                "deletions": 8
              }
            }
          },
          {
            "hash": "f41fa1a5cc1fcc7abcee3d465606b9191051f7f5",
            "messageTitle": "Update layout of Value Proposition in DeveloperGuide.md",
            "messageBody": "",
            "fileTypesAndContributionMap": {
              "docs": {
                "insertions": 2,
                "deletions": 1
              }
            }
          }
        ]
      },
      {
        "date": "2020-09-26",
        "commitResults": [
          {
            "hash": "3c4491593c2a15f406ba35349eadb4df50622985",
            "messageTitle": "Update DeveloperGuide.md",
            "messageBody": "Add NFR and Glossary. Following Forking Workflow\n",
            "fileTypesAndContributionMap": {
              "docs": {
                "insertions": 6,
                "deletions": 2
              }
            }
          },
          {
            "hash": "f501371082f33b334f519f9c6ae6e4d3ae6d4b6a",
            "messageTitle": "Edit format for DeveloperGuide.md",
            "messageBody": "Edit format under Glossary (for file path)\n",
            "fileTypesAndContributionMap": {
              "docs": {
                "insertions": 1,
                "deletions": 0
              }
            }
          }
        ]
      },
      {
        "date": "2020-10-04",
        "commitResults": [
          {
            "hash": "3e68b16253bf24a538fc10bdb645a3583113bd4e",
            "messageTitle": "Add Suspect to Person class",
            "messageBody": "",
            "fileTypesAndContributionMap": {
              "functional-code": {
                "insertions": 178,
                "deletions": 14
              },
              "test-code": {
                "insertions": 61,
                "deletions": 10
              }
            }
          },
          {
            "hash": "5601d873f6cc3449261c75bb5fc03397128a3fa4",
            "messageTitle": "Fix bug under EditCommand",
            "messageBody": "Removed equal check for suspects\n",
            "fileTypesAndContributionMap": {
              "functional-code": {
                "insertions": 0,
                "deletions": 1
              }
            }
          }
        ]
      },
      {
        "date": "2020-10-05",
        "commitResults": [
          {
            "hash": "61e4a8124abc5d9e4f63dfa1e22a80f7d4896f16",
            "messageTitle": "Update Victim class and dependencies",
            "messageBody": "1. Minor fixes to the code\n",
            "fileTypesAndContributionMap": {
              "functional-code": {
                "insertions": 2,
                "deletions": 2
              },
              "test-code": {
                "insertions": 14,
                "deletions": 1
              }
            }
          },
          {
            "hash": "aa4766bf9254ea9bd577b928f1b85963678e627e",
            "messageTitle": "Add Description field to Person",
            "messageBody": "",
            "fileTypesAndContributionMap": {
              "functional-code": {
                "insertions": 119,
                "deletions": 18
              },
              "test-code": {
                "insertions": 51,
                "deletions": 13
              }
            }
          },
          {
            "hash": "c0108554335691e072894bf891a85df3218751cf",
            "messageTitle": "Update fields for Description",
            "messageBody": "- MESSAGE_CONSTRAINTS: can be blank\n- EditCommand - change description to updatedDescription\n",
            "fileTypesAndContributionMap": {
              "functional-code": {
                "insertions": 3,
                "deletions": 3
              }
            }
          },
          {
            "hash": "f3c5ac3c08c631ea8350a21c5b55928d5ca9f012",
            "messageTitle": "Edit test case for Description (bug fix)",
            "messageBody": "",
            "fileTypesAndContributionMap": {
              "functional-code": {
                "insertions": 1,
                "deletions": 1
              }
            }
          }
        ]
      },
      {
        "date": "2020-10-07",
        "commitResults": [
          {
            "hash": "1ab1a36235aec8afd9d29164a56af6278f3e0b5c",
            "messageTitle": "Refactor Description class",
            "messageBody": "Extend Description class from Alphanumeric class\nRefactor Alphanumeric class to handle checks for empty inputs\n",
            "fileTypesAndContributionMap": {
              "functional-code": {
                "insertions": 13,
                "deletions": 45
              }
            }
          }
        ]
      },
      {
        "date": "2020-10-08",
        "commitResults": [
          {
            "hash": "6046abbb01773a7d1546b6d4ed02eb5ee2e9b6bf",
            "messageTitle": "Merge branch \u0027master\u0027 into tutorial-removing-field",
            "messageBody": "Refactor (Delete) Address from the program\n\n* master: (71 commits)\n  Standardise TYPE_CASE variable usage from Command class\n  Refactor Description class\n  Update privacy status of Alphanumeric\n  Refactor Alphanumeric Class\n  Fix Checkstyle Errors\n  Update Alphanumeric class\n  Edit Delete Command to take in deleteType\n  Update Reference storage location\n  Modify Prefixes\n  Minor bug fix\n  Minor bug fix\n  Minor changes to PersonBuilder class\n  Edit to allow \u0027list case\u0027 with extra user input to work as normal\n  Update Add Command to include case in command word\n  Edit list command to \u0027list case\u0027\n  Add Alphanumeric class\n  Edit test case for Description (bug fix)\n  Update fields for Description\n  Add Description field to Person\n  Add Reference class\n  ...\n\n# Conflicts:\n#\tsrc/main/java/seedu/address/logic/commands/AddCommand.java\n#\tsrc/main/java/seedu/address/logic/commands/EditCommand.java\n#\tsrc/main/java/seedu/address/logic/parser/AddCommandParser.java\n#\tsrc/main/java/seedu/address/logic/parser/CliSyntax.java\n#\tsrc/main/java/seedu/address/logic/parser/EditCommandParser.java\n#\tsrc/main/java/seedu/address/model/person/Person.java\n#\tsrc/main/java/seedu/address/model/util/SampleDataUtil.java\n#\tsrc/main/java/seedu/address/storage/JsonAdaptedPerson.java\n#\tsrc/test/data/JsonAddressBookStorageTest/invalidAndValidPersonAddressBook.json\n#\tsrc/test/data/JsonAddressBookStorageTest/invalidPersonAddressBook.json\n#\tsrc/test/data/JsonSerializableAddressBookTest/duplicatePersonAddressBook.json\n#\tsrc/test/data/JsonSerializableAddressBookTest/invalidPersonAddressBook.json\n#\tsrc/test/data/JsonSerializableAddressBookTest/typicalPersonsAddressBook.json\n#\tsrc/test/java/seedu/address/logic/LogicManagerTest.java\n#\tsrc/test/java/seedu/address/logic/commands/CommandTestUtil.java\n#\tsrc/test/java/seedu/address/logic/parser/AddCommandParserTest.java\n#\tsrc/test/java/seedu/address/storage/JsonAdaptedPersonTest.java\n#\tsrc/test/java/seedu/address/testutil/EditPersonDescriptorBuilder.java\n#\tsrc/test/java/seedu/address/testutil/PersonBuilder.java\n#\tsrc/test/java/seedu/address/testutil/PersonUtil.java\n#\tsrc/test/java/seedu/address/testutil/TypicalPersons.java\n",
            "fileTypesAndContributionMap": {
              "functional-code": {
                "insertions": 14,
                "deletions": 143
              },
              "test-code": {
                "insertions": 76,
                "deletions": 238
              }
            }
          }
        ]
      },
      {
        "date": "2020-10-09",
        "commitResults": [
          {
            "hash": "08f0b95581dbf7a6d49a6e67b9102b04ddd7576b",
            "messageTitle": "Add SplitPane layout in MainWindow.fxml",
            "messageBody": "Add a SplitPane (caseDisplayPlaceholder) under the StackPane (resultDisplayPlaceholder)\nMove VBox (caseList) under the SplitPane (caseDisplayPlaceholder).\nWill update the other side of the SplitPane later\n",
            "fileTypesAndContributionMap": {
              "functional-code": {
                "insertions": 58,
                "deletions": 48
              }
            }
          },
          {
            "hash": "ae4766855393a5487e5dc6529adf54ef603798be",
            "messageTitle": "Edit layout in MainWindow.fxml",
            "messageBody": "",
            "fileTypesAndContributionMap": {
              "functional-code": {
                "insertions": 2,
                "deletions": 2
              }
            }
          },
          {
            "hash": "a621f9ee008a17ca36bb870cfc6d17aacacd9eba",
            "messageTitle": "Edit layout in MainWindow.fxml",
            "messageBody": "",
            "fileTypesAndContributionMap": {
              "functional-code": {
                "insertions": 1,
                "deletions": 1
              }
            }
          },
          {
            "hash": "0b38c625d58c7947ec5295b4b36140c127ec089d",
            "messageTitle": "Adjust layout for GUI",
            "messageBody": "Shifted StackPanes (commandBoxPlaceholder, resultDisplayPlaceholder) to bottom of the GUI.\n",
            "fileTypesAndContributionMap": {
              "functional-code": {
                "insertions": 26,
                "deletions": 28
              }
            }
          },
          {
            "hash": "fc867457e0cdca9118a98ceee72dd887fc710d3d",
            "messageTitle": "Edit layout in MainWindow.fxml",
            "messageBody": "",
            "fileTypesAndContributionMap": {
              "functional-code": {
                "insertions": 6,
                "deletions": 1
              }
            }
          },
          {
            "hash": "10ea4f45be9433e703986e511d360eaaf436a451",
            "messageTitle": "Add panes for Case fields in MainWindow.fxml",
            "messageBody": "",
            "fileTypesAndContributionMap": {
              "functional-code": {
                "insertions": 81,
                "deletions": 20
              }
            }
          },
          {
            "hash": "87424dff0802aa51a8ebd50d0ba5b727230b581c",
            "messageTitle": "Add id to labels in fxml fields in MainWindow.fxml",
            "messageBody": "",
            "fileTypesAndContributionMap": {
              "functional-code": {
                "insertions": 4,
                "deletions": 4
              }
            }
          }
        ]
      },
      {
        "date": "2020-10-12",
        "commitResults": [
          {
            "hash": "660e5699301a3284e536c41e82208cb1d6c44f68",
            "messageTitle": "Update GUI to display Documents",
            "messageBody": "",
            "fileTypesAndContributionMap": {
              "functional-code": {
                "insertions": 221,
                "deletions": 8
              }
            }
          },
          {
            "hash": "beefc9c5f8caf1b42e4c5a39fc9f457e94de5afd",
            "messageTitle": "Update GUI to display Documents, Suspects, Witnesses and Victims",
            "messageBody": "",
            "fileTypesAndContributionMap": {
              "functional-code": {
                "insertions": 216,
                "deletions": 86
              }
            }
          },
          {
            "hash": "ba5c11b0a4472c71b8dca0a8ef529f5c05cc2307",
            "messageTitle": "Add integration for StateManager with MainWindow.java (NOT COMPLETE)",
            "messageBody": "",
            "fileTypesAndContributionMap": {
              "functional-code": {
                "insertions": 73,
                "deletions": 30
              }
            }
          },
          {
            "hash": "58544caa55f2a3b4740187e7cf978afb646ed4f6",
            "messageTitle": "Integrate StateManager with GUI",
            "messageBody": "",
            "fileTypesAndContributionMap": {
              "functional-code": {
                "insertions": 9,
                "deletions": 1
              }
            }
          },
          {
            "hash": "800788906ea1380c162da63743caee0def8a2d2c",
            "messageTitle": "Update files using CheckStyle",
            "messageBody": "",
            "fileTypesAndContributionMap": {
              "functional-code": {
                "insertions": 0,
                "deletions": 3
              }
            }
          }
        ]
      },
      {
        "date": "2020-10-14",
        "commitResults": [
          {
            "hash": "94c9cff8ece493cbffb62df7e43d9a0bc0979d15",
            "messageTitle": "Add Command to create Description inside an opened case",
            "messageBody": "1. User first open a case\n2. \"Add desc d:[description\" will update opened case with provided description\n\nAdd: AddDescriptionCommandParser and AddDescriptionCommand\n\nWill need to integrate with team development\n",
            "fileTypesAndContributionMap": {
              "functional-code": {
                "insertions": 166,
                "deletions": 3
              }
            }
          },
          {
            "hash": "7c6e1333145217d13432cc0d112382c24febf0d9",
            "messageTitle": "Add comment for notes",
            "messageBody": "",
            "fileTypesAndContributionMap": {
              "functional-code": {
                "insertions": 1,
                "deletions": 0
              }
            }
          },
          {
            "hash": "e1430ea488f35f8ea1d988289402b6dc7502f2ab",
            "messageTitle": "Update AddDescriptionCommand and AddDescriptionCommandParser",
            "messageBody": "Remove dependency from EditCommand for better implementation.\n",
            "fileTypesAndContributionMap": {
              "functional-code": {
                "insertions": 23,
                "deletions": 55
              }
            }
          },
          {
            "hash": "248fdba763826661c8379edc2120f555e8a3fbd5",
            "messageTitle": "Update MESSAGE_USAGE in AddCaseCommand and AddDescriptionCommand",
            "messageBody": "Commands were missing their respective types\n",
            "fileTypesAndContributionMap": {
              "functional-code": {
                "insertions": 2,
                "deletions": 0
              }
            }
          },
          {
            "hash": "5ced5265c190f67790ffc077c6ca1e6ecaf268bc",
            "messageTitle": "Refactor PREFIX_DESCRIPTION to PREFIX_DESC",
            "messageBody": "To standardise with TYPE_DESC\n",
            "fileTypesAndContributionMap": {
              "functional-code": {
                "insertions": 8,
                "deletions": 8
              }
            }
          },
          {
            "hash": "b39254aa61388bfdefde0a68bcaf160758db130b",
            "messageTitle": "Update ParserUtil.java",
            "messageBody": "Rectify my mistakes ;_;",
            "fileTypesAndContributionMap": {
              "functional-code": {
                "insertions": 0,
                "deletions": 15
              }
            }
          },
          {
            "hash": "b2a0ba4f747bc91aee33ae4806f291c52764a2aa",
            "messageTitle": "Adjust GUI Implementation",
            "messageBody": "Separated GUI implementation in StateManager to UIStateManager class.\n",
            "fileTypesAndContributionMap": {
              "functional-code": {
                "insertions": 42,
                "deletions": 13
              }
            }
          }
        ]
      },
      {
        "date": "2020-10-17",
        "commitResults": [
          {
            "hash": "8e380f7ece27455b9bce8840754d162f56a006b8",
            "messageTitle": "Improve Code Quality",
            "messageBody": "",
            "fileTypesAndContributionMap": {
              "functional-code": {
                "insertions": 86,
                "deletions": 58
              },
              "other": {
                "insertions": 4,
                "deletions": 0
              },
              "test-code": {
                "insertions": 5,
                "deletions": 4
              }
            }
          }
        ]
      },
      {
        "date": "2020-10-18",
        "commitResults": [
          {
            "hash": "b769cb73e5387de41385f1e8c6479387fe9d2e9d",
            "messageTitle": "Remove fields from EditCommandDescriptor. Save for testing",
            "messageBody": "",
            "fileTypesAndContributionMap": {
              "functional-code": {
                "insertions": 5,
                "deletions": 5
              }
            }
          },
          {
            "hash": "490a90fbe1d53578657f926c498a638ade5541ae",
            "messageTitle": "Standardise Code Formatting and abstraction",
            "messageBody": "",
            "fileTypesAndContributionMap": {
              "functional-code": {
                "insertions": 160,
                "deletions": 116
              },
              "test-code": {
                "insertions": 4,
                "deletions": 4
              }
            }
          },
          {
            "hash": "0840360ccb53644172f2ac918e20e56e312a82d0",
            "messageTitle": "Standardise Code Formatting and abstraction for GUI",
            "messageBody": "",
            "fileTypesAndContributionMap": {
              "functional-code": {
                "insertions": 29,
                "deletions": 43
              }
            }
          }
        ]
      },
      {
        "date": "2020-10-22",
        "commitResults": [
          {
            "hash": "03cb014617cb38b9c86b48ed98d90d8ce6dad8ca",
            "messageTitle": "Update Case model",
            "messageBody": "Bug fix: Change unmodifiable list to return a copy\n",
            "fileTypesAndContributionMap": {
              "functional-code": {
                "insertions": 5,
                "deletions": 4
              }
            }
          },
          {
            "hash": "ac8b123c923f93ce4cd90670c4e305e19ec05210",
            "messageTitle": "Add logging to PIVOT",
            "messageBody": "",
            "fileTypesAndContributionMap": {
              "functional-code": {
                "insertions": 74,
                "deletions": 1
              }
            }
          },
          {
            "hash": "1dfc1a81e90aaa81b6901bbafc1bfa965b49bc07",
            "messageTitle": "Add State to Architecture Diagram under Developer Guide",
            "messageBody": "",
            "fileTypesAndContributionMap": {
              "docs": {
                "insertions": 16,
                "deletions": 2
              }
            }
          },
          {
            "hash": "b0e67294ca7fa6356dc6f33eb11e660a4bc8b5fd",
            "messageTitle": "Update State Component in Developer Guide with UiStateManager",
            "messageBody": "",
            "fileTypesAndContributionMap": {
              "docs": {
                "insertions": 12,
                "deletions": 4
              }
            }
          },
          {
            "hash": "22bde10b86a6d3d8995975754988cbe950db2baf",
            "messageTitle": "Add Documentation for UI-Component",
            "messageBody": "Extend the current diagram of UI with the newly added classes\n",
            "fileTypesAndContributionMap": {
              "docs": {
                "insertions": 5,
                "deletions": 4
              }
            }
          },
          {
            "hash": "d8d098df6502736e3c31d7aa212534e09cf3d251",
            "messageTitle": "Update links for UI-Component",
            "messageBody": "",
            "fileTypesAndContributionMap": {
              "docs": {
                "insertions": 1,
                "deletions": 1
              }
            }
          },
          {
            "hash": "9c874b5522162a5e6e60cee3a0f98c6b6715ee09",
            "messageTitle": "Update DG for OpenCaseCommand",
            "messageBody": "",
            "fileTypesAndContributionMap": {
              "docs": {
                "insertions": 24,
                "deletions": 0
              }
            }
          },
          {
            "hash": "337df621eedab2eda354c60b267962810b94a54e",
            "messageTitle": "Add diagrams for OpenCaseCommand in DG",
            "messageBody": "",
            "fileTypesAndContributionMap": {
              "docs": {
                "insertions": 2,
                "deletions": 1
              }
            }
          },
          {
            "hash": "bf1081af1f494b6c0831f5c95a4ce7435b2c21a9",
            "messageTitle": "Update DG",
            "messageBody": "1. Return Command\n2. Update State Component with diagram\n3. Update Ui Component with diagram\n",
            "fileTypesAndContributionMap": {
              "docs": {
                "insertions": 18,
                "deletions": 1
              }
            }
          }
        ]
      },
      {
        "date": "2020-10-23",
        "commitResults": [
          {
            "hash": "d750c438d74241f85908c5bafbd03beed64a678e",
            "messageTitle": "Update logging",
            "messageBody": "",
            "fileTypesAndContributionMap": {
              "functional-code": {
                "insertions": 1,
                "deletions": 1
              }
            }
          }
        ]
      }
    ],
    "constancensq": [
      {
        "date": "2020-09-23",
        "commitResults": [
          {
            "hash": "a707dc9e6b0fd299d034c8c48b025180ca4d0a4e",
            "messageTitle": "Update README.md to include UI mockup and links",
            "messageBody": "",
            "fileTypesAndContributionMap": {
              "docs": {
                "insertions": 12,
                "deletions": 4
              }
            }
          },
          {
            "hash": "fea7c834b9d4d0c4715a638df5fc8e9592824a9d",
            "messageTitle": "Update UserGuide.md",
            "messageBody": "",
            "fileTypesAndContributionMap": {
              "docs": {
                "insertions": 25,
                "deletions": 96
              }
            }
          }
        ]
      },
      {
        "date": "2020-09-24",
        "commitResults": [
          {
            "hash": "ad762a9995da06ff76da5761fdaf7f3cff120487",
            "messageTitle": "Update AboutUs.md",
            "messageBody": "",
            "fileTypesAndContributionMap": {
              "docs": {
                "insertions": 5,
                "deletions": 5
              }
            }
          }
        ]
      },
      {
        "date": "2020-09-27",
        "commitResults": [
          {
            "hash": "6148cea7be1da30b55bd62ad6c02349b946656d5",
            "messageTitle": "Update DeveloperGuide.md",
            "messageBody": "",
            "fileTypesAndContributionMap": {
              "docs": {
                "insertions": 111,
                "deletions": 0
              }
            }
          },
          {
            "hash": "e9ea1edf15d39737d43feac651fa5282481153bd",
            "messageTitle": "Update PIVOT Product Website main page",
            "messageBody": "",
            "fileTypesAndContributionMap": {
              "docs": {
                "insertions": 6,
                "deletions": 6
              }
            }
          }
        ]
      },
      {
        "date": "2020-10-01",
        "commitResults": [
          {
            "hash": "17c0fbacba1877d4e7a2897e43829d46ea53d7da",
            "messageTitle": "Update email for AboutUs.md",
            "messageBody": "",
            "fileTypesAndContributionMap": {
              "docs": {
                "insertions": 1,
                "deletions": 1
              }
            }
          }
        ]
      },
      {
        "date": "2020-10-03",
        "commitResults": [
          {
            "hash": "cdaf4fc4faa042c58176c517f4782bd1b1c4e8f0",
            "messageTitle": "Update Person to contain a list of victims",
            "messageBody": "",
            "fileTypesAndContributionMap": {
              "functional-code": {
                "insertions": 157,
                "deletions": 11
              },
              "test-code": {
                "insertions": 44,
                "deletions": 11
              }
            }
          }
        ]
      },
      {
        "date": "2020-10-04",
        "commitResults": [
          {
            "hash": "66507e2dba672959ca1e08405f2c2b2d09694e5b",
            "messageTitle": "Edit name variable in Victim to type Name",
            "messageBody": "",
            "fileTypesAndContributionMap": {
              "functional-code": {
                "insertions": 29,
                "deletions": 32
              }
            }
          }
        ]
      },
      {
        "date": "2020-10-06",
        "commitResults": [
          {
            "hash": "4fc00a27dd8925d1c0e579fbe1e3ce2ccbf1e5d0",
            "messageTitle": "Edit list command to \u0027list case\u0027",
            "messageBody": "",
            "fileTypesAndContributionMap": {
              "functional-code": {
                "insertions": 39,
                "deletions": 2
              },
              "test-code": {
                "insertions": 33,
                "deletions": 3
              }
            }
          },
          {
            "hash": "dbef261c4ba6e3cc5f97918828ebf1d92c87e0d0",
            "messageTitle": "Edit to allow \u0027list case\u0027 with extra user input to work as normal",
            "messageBody": "",
            "fileTypesAndContributionMap": {
              "functional-code": {
                "insertions": 15,
                "deletions": 7
              },
              "test-code": {
                "insertions": 2,
                "deletions": 2
              }
            }
          }
        ]
      },
      {
        "date": "2020-10-07",
        "commitResults": [
          {
            "hash": "47d7b6ee72d7ca529ac8ddb6fe6b26a87df365fc",
            "messageTitle": "Standardise TYPE_CASE variable usage from Command class",
            "messageBody": "",
            "fileTypesAndContributionMap": {
              "functional-code": {
                "insertions": 7,
                "deletions": 8
              },
              "test-code": {
                "insertions": 31,
                "deletions": 30
              }
            }
          }
        ]
      },
      {
        "date": "2020-10-08",
        "commitResults": [
          {
            "hash": "5945df5650cb5bd1ac06acc6b6e9a9405fcb9453",
            "messageTitle": "Delete Phone field from Person Class",
            "messageBody": "",
            "fileTypesAndContributionMap": {
              "functional-code": {
                "insertions": 17,
                "deletions": 140
              },
              "test-code": {
                "insertions": 75,
                "deletions": 257
              }
            }
          },
          {
            "hash": "fd98d99bbedfdc2d199fc1c81a8ed72bb11f534e",
            "messageTitle": "Delete Email and EmailTest class",
            "messageBody": "",
            "fileTypesAndContributionMap": {
              "functional-code": {
                "insertions": 1,
                "deletions": 68
              },
              "test-code": {
                "insertions": 0,
                "deletions": 61
              }
            }
          }
        ]
      },
      {
        "date": "2020-10-12",
        "commitResults": [
          {
            "hash": "bccc2944a381ae8cf6be881c529adbfa00a1dcc2",
            "messageTitle": "Make list command an abstract class",
            "messageBody": "",
            "fileTypesAndContributionMap": {
              "functional-code": {
                "insertions": 33,
                "deletions": 16
              },
              "other": {
                "insertions": 3,
                "deletions": 3
              },
              "test-code": {
                "insertions": 11,
                "deletions": 6
              }
            }
          },
          {
            "hash": "a40245f0b2c696f71646d2a83380fe6d349fabe4",
            "messageTitle": "Check state of page for list command",
            "messageBody": "",
            "fileTypesAndContributionMap": {
              "functional-code": {
                "insertions": 11,
                "deletions": 3
              }
            }
          },
          {
            "hash": "effc3c549c3b191fdfd120937c20501d1d3b4356",
            "messageTitle": "Edit checkstyle",
            "messageBody": "",
            "fileTypesAndContributionMap": {
              "functional-code": {
                "insertions": 2,
                "deletions": 4
              }
            }
          }
        ]
      },
      {
        "date": "2020-10-13",
        "commitResults": [
          {
            "hash": "772a5139595e27359c0fca5c9e7e8a0dbe0399c2",
            "messageTitle": "Remove redundant code in list command",
            "messageBody": "",
            "fileTypesAndContributionMap": {
              "functional-code": {
                "insertions": 1,
                "deletions": 8
              }
            }
          }
        ]
      },
      {
        "date": "2020-10-14",
        "commitResults": [
          {
            "hash": "9a6049701daab185098ab92911eb01aa0c57e831",
            "messageTitle": "Reformat parsing for AddCommand",
            "messageBody": "",
            "fileTypesAndContributionMap": {
              "functional-code": {
                "insertions": 82,
                "deletions": 16
              }
            }
          },
          {
            "hash": "cf61ff52fd0b3acf5f0c41e2baa614378665f195",
            "messageTitle": "Edit Checkstyle",
            "messageBody": "",
            "fileTypesAndContributionMap": {
              "functional-code": {
                "insertions": 26,
                "deletions": 26
              }
            }
          },
          {
            "hash": "c03c70196198a22b309ae6423d3a9cb0f15cf400",
            "messageTitle": "Reformat parsing for DeleteCommand",
            "messageBody": "",
            "fileTypesAndContributionMap": {
              "functional-code": {
                "insertions": 72,
                "deletions": 18
              },
              "test-code": {
                "insertions": 8,
                "deletions": 4
              }
            }
          },
          {
            "hash": "8934740cb1fcdca79aac9a5e486bb60aac5369e2",
            "messageTitle": "Add try-catch block for index for case page",
            "messageBody": "",
            "fileTypesAndContributionMap": {
              "functional-code": {
                "insertions": 12,
                "deletions": 2
              }
            }
          },
          {
            "hash": "9f6d99e3d2694d95fd99aeb05775f963e6215af1",
            "messageTitle": "Add command to add victim to case",
            "messageBody": "",
            "fileTypesAndContributionMap": {
              "functional-code": {
                "insertions": 129,
                "deletions": 1
              }
            }
          },
          {
            "hash": "fdc5642aec3d2f296961da200f0d4c6a6cb36dd9",
            "messageTitle": "Add command to delete victim from case",
            "messageBody": "",
            "fileTypesAndContributionMap": {
              "functional-code": {
                "insertions": 83,
                "deletions": 11
              }
            }
          },
          {
            "hash": "aca130a9b235257356ad569201abbdba28ce634d",
            "messageTitle": "Minor edits to variable names",
            "messageBody": "",
            "fileTypesAndContributionMap": {
              "functional-code": {
                "insertions": 21,
                "deletions": 20
              }
            }
          },
          {
            "hash": "0c837b25c36cad5d9b2de6c32b77ea992e1a9a48",
            "messageTitle": "Update parseName method",
            "messageBody": "",
            "fileTypesAndContributionMap": {
              "functional-code": {
                "insertions": 1,
                "deletions": 1
              }
            }
          }
        ]
      },
      {
        "date": "2020-10-17",
        "commitResults": [
          {
            "hash": "ae1772484087dc4740754b3b817a072e6c3962fe",
            "messageTitle": "Improve error messages",
            "messageBody": "",
            "fileTypesAndContributionMap": {
              "functional-code": {
                "insertions": 61,
                "deletions": 27
              },
              "other": {
                "insertions": 4,
                "deletions": 0
              }
            }
          }
        ]
      },
      {
        "date": "2020-10-18",
        "commitResults": [
          {
            "hash": "cf3c3ca8a84d9ee47f93d093ac32bc3585994eae",
            "messageTitle": "Improve code quality",
            "messageBody": "",
            "fileTypesAndContributionMap": {
              "functional-code": {
                "insertions": 116,
                "deletions": 114
              },
              "test-code": {
                "insertions": 4,
                "deletions": 3
              }
            }
          }
        ]
      },
      {
        "date": "2020-10-22",
        "commitResults": [
          {
            "hash": "0353f8c2c91a886fe3eb43312f5bdafd833d1fdf",
            "messageTitle": "Add logging to add/list commands",
            "messageBody": "",
            "fileTypesAndContributionMap": {
              "functional-code": {
                "insertions": 40,
                "deletions": 0
              }
            }
          },
          {
            "hash": "1acb22844f3f4504d804f37d2a1a50d31c263dc7",
            "messageTitle": "Update Model component for Developer Guide",
            "messageBody": "",
            "fileTypesAndContributionMap": {
              "docs": {
                "insertions": 2,
                "deletions": 4
              }
            }
          },
          {
            "hash": "514e0cf766d680654dd19e84de713e75018ee4bd",
            "messageTitle": "Update Storage Component for Developer Guide",
            "messageBody": "",
            "fileTypesAndContributionMap": {
              "docs": {
                "insertions": 2,
                "deletions": 2
              }
            }
          },
          {
            "hash": "0a5ee81eff08930745da9ddbfa91d5bc02f92519",
            "messageTitle": "Update minor details of DG",
            "messageBody": "",
            "fileTypesAndContributionMap": {
              "docs": {
                "insertions": 1,
                "deletions": 6
              }
            }
          }
        ]
      }
    ]
  },
  "authorFileTypeContributionMap": {
    "CodyChew": {
      "docs": 154,
      "functional-code": 732,
      "test-code": 54
    },
    "Jargonx": {
      "docs": 146,
      "functional-code": 320,
      "test-code": 59
    },
    "esmanda3w": {
      "docs": 94,
      "functional-code": 1600,
      "test-code": 1163,
      "other": 2
    },
    "Vielheim": {
      "docs": 140,
      "functional-code": 1160,
      "test-code": 102
    },
    "constancensq": {
      "docs": 152,
      "functional-code": 562,
      "test-code": 92,
      "other": 4
    }
  },
  "authorContributionVariance": {
    "CodyChew": 5036.547,
    "Jargonx": 3465.3743,
    "esmanda3w": 181289.66,
    "Vielheim": 14303.165,
    "constancensq": 10818.809
  },
  "authorDisplayNameMap": {
    "CodyChew": "CS2103-F09-2 CHEW.. YAP",
    "Jargonx": "CS2103-F09-2 NEIL..UPTA",
    "esmanda3w": "CS2103-F09-2 WONG..ANDA",
    "Vielheim": "CS2103-F09-2 TERE..YANG",
    "constancensq": "CS2103-F09-2 NG S..ANCE"
  }
}
