{
  "authorDailyContributionsMap": {
    "CodyChew": [
      {
        "date": "2020-09-24",
        "commitResults": [
          {
            "hash": "e807892129057252cc8163ccc2c21c884d76b538",
            "messageTitle": "Update AboutUs.md and UserGuide.md",
            "messageBody": "- add command summary for UserGuide.md\n- add cody, supervisor and lecturer details for AboutUs.md\n",
            "fileTypesAndContributionMap": {
              "docs": {
                "insertions": 41,
                "deletions": 15
              }
            }
          },
          {
            "hash": "7d2a7447b0e7e08692eb37f27b2836ef5a6b9064",
            "messageTitle": "Update UserGuide.md",
            "messageBody": "",
            "fileTypesAndContributionMap": {
              "docs": {
                "insertions": 2,
                "deletions": 2
              }
            }
          },
          {
            "hash": "c51a6c93d46d79fb96469f9cd7615105b5c956a4",
            "messageTitle": "Minor Bug Fix",
            "messageBody": "",
            "fileTypesAndContributionMap": {
              "docs": {
                "insertions": 5,
                "deletions": 5
              }
            }
          },
          {
            "hash": "5f01fc3cd39169033549c701a6283b852869244d",
            "messageTitle": "Update UserGuide.md",
            "messageBody": "",
            "fileTypesAndContributionMap": {
              "docs": {
                "insertions": 2,
                "deletions": 2
              }
            }
          },
          {
            "hash": "93bc67408c7e8604525e150b3102efe42a334a43",
            "messageTitle": "Update UserGuide.md",
            "messageBody": "",
            "fileTypesAndContributionMap": {
              "docs": {
                "insertions": 4,
                "deletions": 4
              }
            }
          }
        ]
      },
      {
        "date": "2020-09-25",
        "commitResults": [
          {
            "hash": "deb38bd35334ba78cc5b1bda60ecb991b8c46a10",
            "messageTitle": "Update UserGuide.md",
            "messageBody": "",
            "fileTypesAndContributionMap": {
              "docs": {
                "insertions": 26,
                "deletions": 26
              }
            }
          },
          {
            "hash": "ba67b0a6fd82c7a8edbc57a0c4fda2c5197d12aa",
            "messageTitle": "Update UserGuide.md",
            "messageBody": "",
            "fileTypesAndContributionMap": {
              "docs": {
                "insertions": 2,
                "deletions": 0
              }
            }
          }
        ]
      },
      {
        "date": "2020-09-26",
        "commitResults": [
          {
            "hash": "7e3d1457e7c2b0196c458627ee2f95fbdb39030e",
            "messageTitle": "Update DeveloperGuide.md",
            "messageBody": "",
            "fileTypesAndContributionMap": {
              "docs": {
                "insertions": 12,
                "deletions": 7
              }
            }
          }
        ]
      },
      {
        "date": "2020-09-28",
        "commitResults": [
          {
            "hash": "c9d01d45831d71a05d033da80d90d7c234f5a391",
            "messageTitle": "Update UserGuide.md",
            "messageBody": "",
            "fileTypesAndContributionMap": {
              "docs": {
                "insertions": 85,
                "deletions": 1
              }
            }
          },
          {
            "hash": "8b3ba9e755ee0a57deb7468f9a5d5ccb92f1ada5",
            "messageTitle": "Update AboutUs.md",
            "messageBody": "",
            "fileTypesAndContributionMap": {
              "docs": {
                "insertions": 1,
                "deletions": 1
              }
            }
          }
        ]
      },
      {
        "date": "2020-10-04",
        "commitResults": [
          {
            "hash": "10d753e3be16c4c6191dd369f792dae02f5a4ac8",
            "messageTitle": "Add Document class",
            "messageBody": "Currently:\n-Takes in a String name and String validation.\n-Stores it as a single String value \"name, reference\" in the Json file\n-Has no validation for reference and only checks for empty name\n",
            "fileTypesAndContributionMap": {
              "functional-code": {
                "insertions": 190,
                "deletions": 12
              },
              "test-code": {
                "insertions": 53,
                "deletions": 11
              }
            }
          }
        ]
      },
      {
        "date": "2020-10-05",
        "commitResults": [
          {
            "hash": "b590a62799493aaa86c86ae9d47daf11027690b5",
            "messageTitle": "Add Reference class",
            "messageBody": "Update Document class to use Name and Reference Object.\nDocument class stored as Name and Reference in Json file.\nReferences are stored in the default file path ./data/references/\nInclude validation for reference path.\n",
            "fileTypesAndContributionMap": {
              "functional-code": {
                "insertions": 91,
                "deletions": 38
              },
              "test-code": {
                "insertions": 17,
                "deletions": 8
              }
            }
          },
          {
            "hash": "7d23ba2f81cf3dd17e5b3adfb5acac2ae48b6fc0",
            "messageTitle": "Add Alphanumeric class",
            "messageBody": "The common behaviours across different classes for naming purposes\ncause code duplication.\n\nExtracting the common bahaviour into an abstract class allows us to use\npolymorphism when dealing with names for different purposes. For\nexample, the error message can be overridden for the Name of a person\nand a Title of a document.\n\nLet\u0027s pull up bahviours common to all naming attribute classes into a\nnew abstract class named Alphanumeric. It has the same methods as the\noriginal Name class.\n",
            "fileTypesAndContributionMap": {
              "functional-code": {
                "insertions": 55,
                "deletions": 39
              }
            }
          }
        ]
      },
      {
        "date": "2020-10-06",
        "commitResults": [
          {
            "hash": "90e893b468a6f6aed21fa28d343592184de3e76c",
            "messageTitle": "Minor changes to PersonBuilder class",
            "messageBody": "withDocument method now sets a new single document to the person.\n",
            "fileTypesAndContributionMap": {
              "functional-code": {
                "insertions": 1,
                "deletions": 1
              },
              "test-code": {
                "insertions": 2,
                "deletions": 1
              }
            }
          },
          {
            "hash": "147ad4fbdd35da8451fd58403c05c1c309ab3389",
            "messageTitle": "Minor bug fix",
            "messageBody": "",
            "fileTypesAndContributionMap": {
              "functional-code": {
                "insertions": 2,
                "deletions": 1
              }
            }
          },
          {
            "hash": "3fd33b7077ad1d386828d32cbeea67014ed91f40",
            "messageTitle": "Minor bug fix",
            "messageBody": "",
            "fileTypesAndContributionMap": {
              "functional-code": {
                "insertions": 1,
                "deletions": 0
              }
            }
          },
          {
            "hash": "08b033d6a4e95d327360e75e4989faef719d4043",
            "messageTitle": "Update Reference storage location",
            "messageBody": "",
            "fileTypesAndContributionMap": {
              "functional-code": {
                "insertions": 1,
                "deletions": 1
              },
              "other": {
                "insertions": 0,
                "deletions": 0
              }
            }
          },
          {
            "hash": "c49c6226a29acd0b5270e243344881c7f20c0169",
            "messageTitle": "Update Alphanumeric class",
            "messageBody": "",
            "fileTypesAndContributionMap": {
              "functional-code": {
                "insertions": 16,
                "deletions": 16
              },
              "test-code": {
                "insertions": 4,
                "deletions": 4
              }
            }
          }
        ]
      }
    ],
    "Jargonx": [
      {
        "date": "2020-09-24",
        "commitResults": [
          {
            "hash": "4cd04b6699858aeb69d0ebbd405c6eb2ace6f513",
            "messageTitle": "Updated Personal Information",
            "messageBody": "",
            "fileTypesAndContributionMap": {
              "docs": {
                "insertions": 5,
                "deletions": 5
              }
            }
          },
          {
            "hash": "b65fc4a1502e250a26de13bf4aee438bf4ecf2df",
            "messageTitle": "Update User Guide",
            "messageBody": "",
            "fileTypesAndContributionMap": {
              "docs": {
                "insertions": 84,
                "deletions": 0
              }
            }
          }
        ]
      },
      {
        "date": "2020-09-28",
        "commitResults": [
          {
            "hash": "f905bbcf7985efdc9e9702640ed27f3d3e8b5a8c",
            "messageTitle": "Update About Us, README",
            "messageBody": "",
            "fileTypesAndContributionMap": {
              "docs": {
                "insertions": 1,
                "deletions": 1
              }
            }
          }
        ]
      },
      {
        "date": "2020-09-29",
        "commitResults": [
          {
            "hash": "4531c1e8a5e8663f3f5e0105f0364024e49bc7fb",
            "messageTitle": "Update Developer Guide",
            "messageBody": "",
            "fileTypesAndContributionMap": {
              "docs": {
                "insertions": 81,
                "deletions": 0
              }
            }
          }
        ]
      },
      {
        "date": "2020-10-03",
        "commitResults": [
          {
            "hash": "081970c83b21b80aff337b121f109c81b3668deb",
            "messageTitle": "Update Person to contain list of Witnesses",
            "messageBody": "",
            "fileTypesAndContributionMap": {
              "functional-code": {
                "insertions": 188,
                "deletions": 13
              },
              "test-code": {
                "insertions": 57,
                "deletions": 14
              }
            }
          }
        ]
      },
      {
        "date": "2020-10-06",
        "commitResults": [
          {
            "hash": "993a8f4fa6ad93a71aa602bd562e7709255c08af",
            "messageTitle": "Modify Prefixes",
            "messageBody": "",
            "fileTypesAndContributionMap": {
              "functional-code": {
                "insertions": 5,
                "deletions": 5
              }
            }
          },
          {
            "hash": "9f9b66962a520b63cfb23cddb96aca3ad5fd4f70",
            "messageTitle": "Edit Delete Command to take in deleteType",
            "messageBody": "",
            "fileTypesAndContributionMap": {
              "functional-code": {
                "insertions": 22,
                "deletions": 5
              },
              "test-code": {
                "insertions": 7,
                "deletions": 3
              }
            }
          }
        ]
      },
      {
        "date": "2020-10-07",
        "commitResults": [
          {
            "hash": "472ca233029bcde7bc3ca5260b0442eaddb12ffc",
            "messageTitle": "Fix Checkstyle Errors",
            "messageBody": "",
            "fileTypesAndContributionMap": {
              "functional-code": {
                "insertions": 8,
                "deletions": 7
              },
              "test-code": {
                "insertions": 1,
                "deletions": 1
              }
            }
          }
        ]
      }
    ],
    "esmanda3w": [
      {
        "date": "2020-09-23",
        "commitResults": [
          {
            "hash": "3ab2a9c6fc16db729a0818da9f745c76e81e397a",
            "messageTitle": "Add personal information in AboutUs",
            "messageBody": "",
            "fileTypesAndContributionMap": {
              "docs": {
                "insertions": 5,
                "deletions": 5
              }
            }
          },
          {
            "hash": "0f7646f7a4b8573e51c21eebf484b7cc8ce80ed1",
            "messageTitle": "Update User Guide",
            "messageBody": "",
            "fileTypesAndContributionMap": {
              "docs": {
                "insertions": 22,
                "deletions": 163
              }
            }
          },
          {
            "hash": "1b7c10f432ad814aca0a46f3ef06254900663165",
            "messageTitle": "Edit README and UserGuide to pass checkstyle",
            "messageBody": "",
            "fileTypesAndContributionMap": {
              "docs": {
                "insertions": 3,
                "deletions": 3
              }
            }
          }
        ]
      },
      {
        "date": "2020-09-24",
        "commitResults": [
          {
            "hash": "a3847bade9592a9166bbdd963782e3d8f7753268",
            "messageTitle": "Update filename in AboutUs",
            "messageBody": "",
            "fileTypesAndContributionMap": {
              "docs": {
                "insertions": 1,
                "deletions": 1
              }
            }
          }
        ]
      },
      {
        "date": "2020-09-26",
        "commitResults": [
          {
            "hash": "53107236d1c5ce7015867ece799e54326e8ab65b",
            "messageTitle": "Update use case in Developer Guide",
            "messageBody": "",
            "fileTypesAndContributionMap": {
              "docs": {
                "insertions": 67,
                "deletions": 10
              }
            }
          }
        ]
      },
      {
        "date": "2020-10-03",
        "commitResults": [
          {
            "hash": "e7a209d49cb2fc8f112c05a36a99db1425d48379",
            "messageTitle": "Add Status field to Person",
            "messageBody": "",
            "fileTypesAndContributionMap": {
              "functional-code": {
                "insertions": 112,
                "deletions": 18
              },
              "test-code": {
                "insertions": 102,
                "deletions": 26
              }
            }
          }
        ]
      },
      {
        "date": "2020-10-04",
        "commitResults": [
          {
            "hash": "a5a6bbc2e91618e0f634aad5d6a609d1a50b4d9c",
            "messageTitle": "Update status field to receive lower case inputs",
            "messageBody": "",
            "fileTypesAndContributionMap": {
              "functional-code": {
                "insertions": 11,
                "deletions": 11
              },
              "test-code": {
                "insertions": 6,
                "deletions": 6
              }
            }
          }
        ]
      }
    ],
    "Vielheim": [
      {
        "date": "2020-09-06",
        "commitResults": [
          {
            "hash": "1b26aa98bff46674d2c55d03a9f2ff1f588f5843",
            "messageTitle": "Update README.md",
            "messageBody": "",
            "fileTypesAndContributionMap": {
              "docs": {
                "insertions": 3,
                "deletions": 12
              }
            }
          }
        ]
      },
      {
        "date": "2020-09-23",
        "commitResults": [
          {
            "hash": "e023effc5ce45c0ed7b4864a80e4de335a5d00b7",
            "messageTitle": "Update README.md",
            "messageBody": "",
            "fileTypesAndContributionMap": {
              "docs": {
                "insertions": 25,
                "deletions": 3
              }
            }
          },
          {
            "hash": "1b4bdc556ffd8d7e824b8bf3995508237982c21f",
            "messageTitle": "Update README.md",
            "messageBody": "",
            "fileTypesAndContributionMap": {
              "docs": {
                "insertions": 9,
                "deletions": 0
              }
            }
          },
          {
            "hash": "7076f60afcfbf988007d76ca4304e476210c4092",
            "messageTitle": "Update UserGuide.md",
            "messageBody": "Change description to fit PIVOT\nChange Quick Start (to be updated)\n",
            "fileTypesAndContributionMap": {
              "docs": {
                "insertions": 3,
                "deletions": 2
              }
            }
          },
          {
            "hash": "ea56d80128d6ce8ca4b07d9fa3b81e3c7f577861",
            "messageTitle": "Update README",
            "messageBody": "Change Quick Start to suit tP. Update more when doing releases\n",
            "fileTypesAndContributionMap": {
              "docs": {
                "insertions": 5,
                "deletions": 7
              }
            }
          }
        ]
      },
      {
        "date": "2020-09-24",
        "commitResults": [
          {
            "hash": "b144efbcbd7001c573cee93508a9e2e743901ba1",
            "messageTitle": "Update AboutUs.md",
            "messageBody": "Update personal information.\n",
            "fileTypesAndContributionMap": {
              "docs": {
                "insertions": 5,
                "deletions": 5
              }
            }
          }
        ]
      },
      {
        "date": "2020-09-25",
        "commitResults": [
          {
            "hash": "5049b092bb0e7dba27c189305b678b963c7b3e75",
            "messageTitle": "Update DeveloperGuide.md",
            "messageBody": "Update Target User Profile, Value Proposition and User Stories\n",
            "fileTypesAndContributionMap": {
              "docs": {
                "insertions": 26,
                "deletions": 8
              }
            }
          },
          {
            "hash": "f41fa1a5cc1fcc7abcee3d465606b9191051f7f5",
            "messageTitle": "Update layout of Value Proposition in DeveloperGuide.md",
            "messageBody": "",
            "fileTypesAndContributionMap": {
              "docs": {
                "insertions": 2,
                "deletions": 1
              }
            }
          }
        ]
      },
      {
        "date": "2020-09-26",
        "commitResults": [
          {
            "hash": "3c4491593c2a15f406ba35349eadb4df50622985",
            "messageTitle": "Update DeveloperGuide.md",
            "messageBody": "Add NFR and Glossary. Following Forking Workflow\n",
            "fileTypesAndContributionMap": {
              "docs": {
                "insertions": 6,
                "deletions": 2
              }
            }
          },
          {
            "hash": "f501371082f33b334f519f9c6ae6e4d3ae6d4b6a",
            "messageTitle": "Edit format for DeveloperGuide.md",
            "messageBody": "Edit format under Glossary (for file path)\n",
            "fileTypesAndContributionMap": {
              "docs": {
                "insertions": 1,
                "deletions": 0
              }
            }
          }
        ]
      },
      {
        "date": "2020-10-04",
        "commitResults": [
          {
            "hash": "3e68b16253bf24a538fc10bdb645a3583113bd4e",
            "messageTitle": "Add Suspect to Person class",
            "messageBody": "",
            "fileTypesAndContributionMap": {
              "functional-code": {
                "insertions": 178,
                "deletions": 14
              },
              "test-code": {
                "insertions": 61,
                "deletions": 10
              }
            }
          },
          {
            "hash": "5601d873f6cc3449261c75bb5fc03397128a3fa4",
            "messageTitle": "Fix bug under EditCommand",
            "messageBody": "Removed equal check for suspects\n",
            "fileTypesAndContributionMap": {
              "functional-code": {
                "insertions": 0,
                "deletions": 1
              }
            }
          }
        ]
      },
      {
        "date": "2020-10-05",
        "commitResults": [
          {
            "hash": "61e4a8124abc5d9e4f63dfa1e22a80f7d4896f16",
            "messageTitle": "Update Victim class and dependencies",
            "messageBody": "1. Minor fixes to the code\n",
            "fileTypesAndContributionMap": {
              "functional-code": {
                "insertions": 2,
                "deletions": 2
              },
              "test-code": {
                "insertions": 14,
                "deletions": 1
              }
            }
          }
        ]
      }
    ],
    "constancensq": [
      {
        "date": "2020-09-23",
        "commitResults": [
          {
            "hash": "a707dc9e6b0fd299d034c8c48b025180ca4d0a4e",
            "messageTitle": "Update README.md to include UI mockup and links",
            "messageBody": "",
            "fileTypesAndContributionMap": {
              "docs": {
                "insertions": 12,
                "deletions": 4
              }
            }
          },
          {
            "hash": "fea7c834b9d4d0c4715a638df5fc8e9592824a9d",
            "messageTitle": "Update UserGuide.md",
            "messageBody": "",
            "fileTypesAndContributionMap": {
              "docs": {
                "insertions": 25,
                "deletions": 96
              }
            }
          }
        ]
      },
      {
        "date": "2020-09-24",
        "commitResults": [
          {
            "hash": "ad762a9995da06ff76da5761fdaf7f3cff120487",
            "messageTitle": "Update AboutUs.md",
            "messageBody": "",
            "fileTypesAndContributionMap": {
              "docs": {
                "insertions": 5,
                "deletions": 5
              }
            }
          }
        ]
      },
      {
        "date": "2020-09-27",
        "commitResults": [
          {
            "hash": "6148cea7be1da30b55bd62ad6c02349b946656d5",
            "messageTitle": "Update DeveloperGuide.md",
            "messageBody": "",
            "fileTypesAndContributionMap": {
              "docs": {
                "insertions": 111,
                "deletions": 0
              }
            }
          },
          {
            "hash": "e9ea1edf15d39737d43feac651fa5282481153bd",
            "messageTitle": "Update PIVOT Product Website main page",
            "messageBody": "",
            "fileTypesAndContributionMap": {
              "docs": {
                "insertions": 6,
                "deletions": 6
              }
            }
          }
        ]
      },
      {
        "date": "2020-10-01",
        "commitResults": [
          {
            "hash": "17c0fbacba1877d4e7a2897e43829d46ea53d7da",
            "messageTitle": "Update email for AboutUs.md",
            "messageBody": "",
            "fileTypesAndContributionMap": {
              "docs": {
                "insertions": 1,
                "deletions": 1
              }
            }
          }
        ]
      },
      {
        "date": "2020-10-03",
        "commitResults": [
          {
            "hash": "cdaf4fc4faa042c58176c517f4782bd1b1c4e8f0",
            "messageTitle": "Update Person to contain a list of victims",
            "messageBody": "",
            "fileTypesAndContributionMap": {
              "functional-code": {
                "insertions": 157,
                "deletions": 11
              },
              "test-code": {
                "insertions": 44,
                "deletions": 11
              }
            }
          }
        ]
      },
      {
        "date": "2020-10-04",
        "commitResults": [
          {
            "hash": "66507e2dba672959ca1e08405f2c2b2d09694e5b",
            "messageTitle": "Edit name variable in Victim to type Name",
            "messageBody": "",
            "fileTypesAndContributionMap": {
              "functional-code": {
                "insertions": 29,
                "deletions": 32
              }
            }
          }
        ]
      }
    ]
  },
  "authorFileTypeContributionMap": {
    "CodyChew": {
      "docs": 111,
      "functional-code": 300,
      "test-code": 48
    },
    "Jargonx": {
      "docs": 84,
      "functional-code": 226,
      "test-code": 62
    },
    "esmanda3w": {
      "docs": 88,
      "functional-code": 101,
      "test-code": 90
    },
    "Vielheim": {
      "docs": 75,
      "functional-code": 166,
      "test-code": 51
    },
    "constancensq": {
      "docs": 155,
      "functional-code": 125,
      "test-code": 23
    }
  },
  "authorContributionVariance": {
    "CodyChew": 2558.8318,
    "Jargonx": 1583.6019,
    "esmanda3w": 1965.549,
    "Vielheim": 1304.0253,
    "constancensq": 1487.8428
  },
  "authorDisplayNameMap": {
    "CodyChew": "CS2103-F09-2 CHEW.. YAP",
    "Jargonx": "CS2103-F09-2 NEIL..UPTA",
    "esmanda3w": "CS2103-F09-2 WONG..ANDA",
    "Vielheim": "CS2103-F09-2 TERE..YANG",
    "constancensq": "CS2103-F09-2 NG S..ANCE"
  }
}
