{
  "authorDailyContributionsMap": {
    "ChooJiaXin": [
      {
        "date": "2020-09-24",
        "commitResults": [
          {
            "hash": "f75c73f49dbab66569adb10110f5eb0a965ce414",
            "messageTitle": "Update AboutUs page with Jia Xin information",
            "messageBody": "",
            "fileTypesAndContributionMap": {
              "docs": {
                "insertions": 52,
                "deletions": 6
              }
            }
          },
          {
            "hash": "8db25961a6c89dc3ba1d1fd6de39f421e359c99f",
            "messageTitle": "Fix checkstyle errors",
            "messageBody": "",
            "fileTypesAndContributionMap": {
              "docs": {
                "insertions": 1,
                "deletions": 1
              }
            }
          }
        ]
      }
    ],
    "hyngkng": [
      {
        "date": "2020-09-25",
        "commitResults": [
          {
            "hash": "6874f8bd3e386f33b69a0a14023bb33711ea49e0",
            "messageTitle": "Add Yong Kang AboutUs information",
            "messageBody": "",
            "fileTypesAndContributionMap": {
              "docs": {
                "insertions": 52,
                "deletions": 6
              }
            }
          }
        ]
      }
    ],
    "andreatanky": [
      {
        "date": "2020-09-15",
        "commitResults": [
          {
            "hash": "4d741852c98e20f39bbe190eb2e781fa0539fbdc",
            "messageTitle": "Update README",
            "messageBody": "",
            "fileTypesAndContributionMap": {
              "docs": {
                "insertions": 1,
                "deletions": 1
              }
            }
          }
        ]
      },
      {
        "date": "2020-09-23",
        "commitResults": [
          {
            "hash": "1234e3aa9f875f8ec1e6bb702da7ee9ca3091d37",
            "messageTitle": "Add Andrea AboutUs information",
            "messageBody": "",
            "fileTypesAndContributionMap": {
              "docs": {
                "insertions": 55,
                "deletions": 6
              }
            }
          },
          {
            "hash": "f145142a30f19c50f83eaea41ccbac16342ecc9f",
            "messageTitle": "Update UG for list command",
            "messageBody": "",
            "fileTypesAndContributionMap": {
              "docs": {
                "insertions": 2,
                "deletions": 2
              }
            }
          }
        ]
      },
      {
        "date": "2020-09-25",
        "commitResults": [
          {
            "hash": "8eabd340ec8a6235144f0772605063bb50b68b1a",
            "messageTitle": "Update list command",
            "messageBody": "",
            "fileTypesAndContributionMap": {
              "functional-code": {
                "insertions": 1,
                "deletions": 1
              }
            }
          },
          {
            "hash": "c0757be319378665ebaa16cf9893ce6a91987ec0",
            "messageTitle": "Add more changes to UG",
            "messageBody": "",
            "fileTypesAndContributionMap": {
              "docs": {
                "insertions": 27,
                "deletions": 70
              }
            }
          }
        ]
      }
    ],
    "minhhhnguyen2000": [
      {
        "date": "2020-09-25",
        "commitResults": [
          {
            "hash": "275dff0c8ada9dbea0be9b40358c8db15e67635d",
            "messageTitle": "Fix delete command",
            "messageBody": "",
            "fileTypesAndContributionMap": {
              "functional-code": {
                "insertions": 5,
                "deletions": 5
              },
              "test-code": {
                "insertions": 2,
                "deletions": 2
              }
            }
          },
          {
            "hash": "6be536af7acbe3f9dccb4f84d9d6297ade32811e",
            "messageTitle": "no message",
            "messageBody": "",
            "fileTypesAndContributionMap": {
              "docs": {
                "insertions": 7,
                "deletions": 7
              }
            }
          },
          {
            "hash": "bf7cb7cd2da57700045cb86c46bf793e8ba19321",
            "messageTitle": "no message",
            "messageBody": "",
            "fileTypesAndContributionMap": {
              "docs": {
                "insertions": 46,
                "deletions": 0
              }
            }
          }
        ]
      }
    ],
    "printinghelloworld": [
      {
        "date": "2020-09-25",
        "commitResults": [
          {
            "hash": "b8c53e55846fdd70eb6e90e373dadae8f08043ec",
            "messageTitle": "Update AboutUs",
            "messageBody": "- Add my personal info and photo\n",
            "fileTypesAndContributionMap": {
              "docs": {
                "insertions": 4,
                "deletions": 4
              }
            }
          },
          {
            "hash": "589779c27082cfcd0371a1d4e3350becdf578763",
            "messageTitle": "Update AboutUs",
            "messageBody": "- Edit github link\n",
            "fileTypesAndContributionMap": {
              "docs": {
                "insertions": 1,
                "deletions": 1
              }
            }
          },
          {
            "hash": "c69c952142f5ace04381f17c5f11ed8db2843fd4",
            "messageTitle": "Update AboutUs",
            "messageBody": "- Rename photo\n",
            "fileTypesAndContributionMap": {
              "docs": {
                "insertions": 1,
                "deletions": 1
              }
            }
          },
          {
            "hash": "151416a7d0749cd72aad91c14f5d18b141b38654",
            "messageTitle": "Add portfolio md file",
            "messageBody": "",
            "fileTypesAndContributionMap": {
              "docs": {
                "insertions": 1,
                "deletions": 1
              }
            }
          },
          {
            "hash": "7fe2beedfceb9b9c9a654373bfb70ae8e962c39e",
            "messageTitle": "Add back Johndoe.md",
            "messageBody": "",
            "fileTypesAndContributionMap": {
              "docs": {
                "insertions": 46,
                "deletions": 0
              }
            }
          }
        ]
      }
    ]
  },
  "authorFileTypeContributionMap": {
    "ChooJiaXin": {
      "docs": 52,
      "functional-code": 0,
      "test-code": 0
    },
    "hyngkng": {
      "docs": 52,
      "functional-code": 0,
      "test-code": 0
    },
    "andreatanky": {
      "docs": 83,
      "functional-code": 1,
      "test-code": 0
    },
    "minhhhnguyen2000": {
      "docs": 53,
      "functional-code": 5,
      "test-code": 2
    },
    "printinghelloworld": {
      "docs": 6,
      "functional-code": 0,
      "test-code": 0
    }
  },
  "authorContributionVariance": {
    "ChooJiaXin": 81.77393,
    "hyngkng": 76.41319,
    "andreatanky": 311.3759,
    "minhhhnguyen2000": 124.38723,
    "printinghelloworld": 81.77393
  },
  "authorDisplayNameMap": {
    "ChooJiaXin": "CS2103T-F11-3 CHOO.. XIN",
    "hyngkng": "CS2103T-F11-3 HWAN..KANG",
    "andreatanky": "CS2103T-F11-3 ANDR.. YUE",
    "minhhhnguyen2000": "CS2103T-F11-3 NGUY..MINH",
    "printinghelloworld": "CS2103T-F11-3 JERR.. JIE"
  }
}
