{
  "authorDailyContributionsMap": {
    "ChooJiaXin": [
      {
        "date": "2020-09-24",
        "commitResults": [
          {
            "hash": "f75c73f49dbab66569adb10110f5eb0a965ce414",
            "messageTitle": "Update AboutUs page with Jia Xin information",
            "messageBody": "",
            "fileTypesAndContributionMap": {
              "docs": {
                "insertions": 52,
                "deletions": 6
              }
            }
          },
          {
            "hash": "8db25961a6c89dc3ba1d1fd6de39f421e359c99f",
            "messageTitle": "Fix checkstyle errors",
            "messageBody": "",
            "fileTypesAndContributionMap": {
              "docs": {
                "insertions": 1,
                "deletions": 1
              }
            }
          },
          {
            "hash": "e069d43084a48b11c7e09da2ac42d8d9326a1313",
            "messageTitle": "Add remind command",
            "messageBody": "",
            "fileTypesAndContributionMap": {
              "functional-code": {
                "insertions": 170,
                "deletions": 11
              },
              "test-code": {
                "insertions": 5,
                "deletions": 1
              }
            }
          },
          {
            "hash": "c353e60d64b81ba5ac61aba224ad90b93828aa5e",
            "messageTitle": "Write tests for RemindCommand and fix bugs in RemindCommand",
            "messageBody": "",
            "fileTypesAndContributionMap": {
              "functional-code": {
                "insertions": 1,
                "deletions": 1
              },
              "test-code": {
                "insertions": 99,
                "deletions": 0
              }
            }
          },
          {
            "hash": "dfa4b50e9dc5c139a031b7d0d29c86da580051ab",
            "messageTitle": "Add more tests for RemindCommand and RemindCommandParser",
            "messageBody": "",
            "fileTypesAndContributionMap": {
              "test-code": {
                "insertions": 70,
                "deletions": 0
              }
            }
          },
          {
            "hash": "0f0712443f6f28a71789493f7dc6b295ef974b6b",
            "messageTitle": "Add tests for isAlreadyReminded method",
            "messageBody": "",
            "fileTypesAndContributionMap": {
              "test-code": {
                "insertions": 39,
                "deletions": 1
              }
            }
          }
        ]
      },
      {
        "date": "2020-09-25",
        "commitResults": [
          {
            "hash": "f0d53210b9594e75e7b5a8b42cb2b0f0d5b569fb",
            "messageTitle": "Add JavaDocs and resolve checkstyle violations",
            "messageBody": "",
            "fileTypesAndContributionMap": {
              "functional-code": {
                "insertions": 17,
                "deletions": 0
              },
              "test-code": {
                "insertions": 5,
                "deletions": 3
              }
            }
          },
          {
            "hash": "b144761d5cfdaf64fcaa2c46510e52b6f04fb6df",
            "messageTitle": "Replace Phone to Deadline",
            "messageBody": "",
            "fileTypesAndContributionMap": {
              "functional-code": {
                "insertions": 118,
                "deletions": 64
              },
              "test-code": {
                "insertions": 110,
                "deletions": 109
              }
            }
          }
        ]
      },
      {
        "date": "2020-09-26",
        "commitResults": [
          {
            "hash": "583faf44ba89197ab9491002fb4da4cf00a0efba",
            "messageTitle": "Update UserGuide.md",
            "messageBody": "",
            "fileTypesAndContributionMap": {
              "docs": {
                "insertions": 15,
                "deletions": 8
              }
            }
          },
          {
            "hash": "124a57de6c41160f9d8118e85e2d28cbecdfc152",
            "messageTitle": "Edit phrasing of remind feature description",
            "messageBody": "",
            "fileTypesAndContributionMap": {
              "docs": {
                "insertions": 2,
                "deletions": 2
              }
            }
          }
        ]
      },
      {
        "date": "2020-09-29",
        "commitResults": [
          {
            "hash": "64125f7da12e11304f6c477b772bc9dbe13a322c",
            "messageTitle": "Implement parser to parse valid deadlines in the appropriate format",
            "messageBody": "",
            "fileTypesAndContributionMap": {
              "functional-code": {
                "insertions": 25,
                "deletions": 13
              },
              "test-code": {
                "insertions": 20,
                "deletions": 20
              }
            }
          },
          {
            "hash": "edb30167458ee736a08abf159a379a31c09d6698",
            "messageTitle": "Add JUnit testing",
            "messageBody": "",
            "fileTypesAndContributionMap": {
              "functional-code": {
                "insertions": 5,
                "deletions": 4
              },
              "test-code": {
                "insertions": 54,
                "deletions": 0
              }
            }
          }
        ]
      },
      {
        "date": "2020-09-30",
        "commitResults": [
          {
            "hash": "ff4bf3e5ed48fb63f8a2ecf8f16159da719d2bae",
            "messageTitle": "Edit DateTime format",
            "messageBody": "",
            "fileTypesAndContributionMap": {
              "functional-code": {
                "insertions": 11,
                "deletions": 11
              },
              "test-code": {
                "insertions": 43,
                "deletions": 42
              }
            }
          },
          {
            "hash": "422dde7cf14136955484f410854d000a75a836a1",
            "messageTitle": "Add user stories to README",
            "messageBody": "",
            "fileTypesAndContributionMap": {
              "docs": {
                "insertions": 9,
                "deletions": 0
              }
            }
          },
          {
            "hash": "21293a20c404ea7e07d4ad2f3f165f6f4bf46789",
            "messageTitle": "Update Non-functional requirements and glossary",
            "messageBody": "",
            "fileTypesAndContributionMap": {
              "docs": {
                "insertions": 5,
                "deletions": 2
              }
            }
          },
          {
            "hash": "8ed88aa330ed386620e10ec970b1751939f584ea",
            "messageTitle": "Update user stories",
            "messageBody": "",
            "fileTypesAndContributionMap": {
              "docs": {
                "insertions": 7,
                "deletions": 7
              }
            }
          }
        ]
      },
      {
        "date": "2020-10-01",
        "commitResults": [
          {
            "hash": "6e7a49f484f9b53a1c8238a5a5ef0490be2db4ff",
            "messageTitle": "Update README according to review comments",
            "messageBody": "",
            "fileTypesAndContributionMap": {
              "docs": {
                "insertions": 5,
                "deletions": 5
              }
            }
          }
        ]
      },
      {
        "date": "2020-10-02",
        "commitResults": [
          {
            "hash": "7753295e9818debd3a0c95e725792196bb46662d",
            "messageTitle": "Create abstract Task class",
            "messageBody": "",
            "fileTypesAndContributionMap": {
              "functional-code": {
                "insertions": 50,
                "deletions": 32
              },
              "test-code": {
                "insertions": 8,
                "deletions": 8
              }
            }
          },
          {
            "hash": "7cd256b4a65e18fce75340be44f66518fbea9438",
            "messageTitle": "Edit field type in Task class",
            "messageBody": "",
            "fileTypesAndContributionMap": {
              "functional-code": {
                "insertions": 21,
                "deletions": 22
              },
              "test-code": {
                "insertions": 8,
                "deletions": 8
              }
            }
          },
          {
            "hash": "ca7dff2c0eef75f8db67db1a6169c1ea84b25899",
            "messageTitle": "Remove comments for phone and address field",
            "messageBody": "",
            "fileTypesAndContributionMap": {
              "functional-code": {
                "insertions": 0,
                "deletions": 6
              }
            }
          },
          {
            "hash": "f2ac5957fe4a83d39614c7f1cdfbb9d1081707fd",
            "messageTitle": "Add reminded assignment list",
            "messageBody": "",
            "fileTypesAndContributionMap": {
              "functional-code": {
                "insertions": 27,
                "deletions": 3
              },
              "test-code": {
                "insertions": 21,
                "deletions": 8
              }
            }
          },
          {
            "hash": "0f5c09914f044c2882311f85bc1522db01d085f9",
            "messageTitle": "Fix typos",
            "messageBody": "",
            "fileTypesAndContributionMap": {
              "functional-code": {
                "insertions": 1,
                "deletions": 1
              }
            }
          }
        ]
      },
      {
        "date": "2020-10-04",
        "commitResults": [
          {
            "hash": "f151eebe720371a7da271e276300db91fa9a7b60",
            "messageTitle": "Delete Phone class",
            "messageBody": "",
            "fileTypesAndContributionMap": {
              "functional-code": {
                "insertions": 10,
                "deletions": 63
              },
              "test-code": {
                "insertions": 44,
                "deletions": 82
              }
            }
          }
        ]
      },
      {
        "date": "2020-10-07",
        "commitResults": [
          {
            "hash": "6f8431db5ed199e0a7fe846e14e0a826f15992fa",
            "messageTitle": "Fix bugs",
            "messageBody": "",
            "fileTypesAndContributionMap": {
              "functional-code": {
                "insertions": 10,
                "deletions": 1
              }
            }
          }
        ]
      },
      {
        "date": "2020-10-14",
        "commitResults": [
          {
            "hash": "0c31567f528f309f5ac19c2b78e954b07eb9c4f5",
            "messageTitle": "Delete TaskCard and TaskListCard",
            "messageBody": "",
            "fileTypesAndContributionMap": {
              "functional-code": {
                "insertions": 5,
                "deletions": 116
              }
            }
          }
        ]
      },
      {
        "date": "2020-10-15",
        "commitResults": [
          {
            "hash": "fdf298b4b8b615c05b866a75c5e4e3ea0b35b3bb",
            "messageTitle": "Delete JsonAdaptedTask.java",
            "messageBody": "",
            "fileTypesAndContributionMap": {
              "functional-code": {
                "insertions": 0,
                "deletions": 105
              }
            }
          },
          {
            "hash": "9ca9e48af649bc619d9bb13dd83eedb3283e1e24",
            "messageTitle": "Fix NullPointerError bug",
            "messageBody": "",
            "fileTypesAndContributionMap": {
              "test-code": {
                "insertions": 49,
                "deletions": 49
              }
            }
          },
          {
            "hash": "996b65bc9ee398d0ac9e5a23473bdc33472d0c2b",
            "messageTitle": "Fix bugs",
            "messageBody": "",
            "fileTypesAndContributionMap": {
              "functional-code": {
                "insertions": 0,
                "deletions": 105
              }
            }
          },
          {
            "hash": "ad9f9bb52bbab2ed6fb2b14cc42b8191a2e9415c",
            "messageTitle": "Fix bugs",
            "messageBody": "",
            "fileTypesAndContributionMap": {
              "functional-code": {
                "insertions": 15,
                "deletions": 4
              }
            }
          },
          {
            "hash": "d44dda24e1a473f2ff477af9df35471dffab3c6e",
            "messageTitle": "Remove unused or duplicate methods",
            "messageBody": "",
            "fileTypesAndContributionMap": {
              "functional-code": {
                "insertions": 2,
                "deletions": 47
              },
              "test-code": {
                "insertions": 0,
                "deletions": 11
              }
            }
          },
          {
            "hash": "cdf4e79a1ac43149a7fdf5b4e8a77af30b045cd6",
            "messageTitle": "Update UserGuide.md",
            "messageBody": "",
            "fileTypesAndContributionMap": {
              "docs": {
                "insertions": 26,
                "deletions": 27
              }
            }
          }
        ]
      },
      {
        "date": "2020-10-16",
        "commitResults": [
          {
            "hash": "ee0e1f6b478be7d8f5e3674da9307ac080391232",
            "messageTitle": "Improve code quality",
            "messageBody": "",
            "fileTypesAndContributionMap": {
              "functional-code": {
                "insertions": 52,
                "deletions": 38
              }
            }
          }
        ]
      },
      {
        "date": "2020-10-17",
        "commitResults": [
          {
            "hash": "6d382f43c85c25e1f18e267773f87ddf136feeeb",
            "messageTitle": "Create NegateCommand abstract class",
            "messageBody": "",
            "fileTypesAndContributionMap": {
              "functional-code": {
                "insertions": 20,
                "deletions": 0
              }
            }
          },
          {
            "hash": "62464369292641d945c5da9752a4b5fd7e2769f7",
            "messageTitle": "Add JavaDocs",
            "messageBody": "",
            "fileTypesAndContributionMap": {
              "functional-code": {
                "insertions": 10,
                "deletions": 1
              }
            }
          },
          {
            "hash": "dd6d87cd9ab4cc0f0f5a5ed5b77e605fb17dfe07",
            "messageTitle": "Implement unremind feature",
            "messageBody": "",
            "fileTypesAndContributionMap": {
              "functional-code": {
                "insertions": 127,
                "deletions": 8
              }
            }
          },
          {
            "hash": "b4a60b452afa1114884c821c7c4244a8ee4d55dd",
            "messageTitle": "Add tests for unremind command and parser",
            "messageBody": "",
            "fileTypesAndContributionMap": {
              "functional-code": {
                "insertions": 2,
                "deletions": 2
              },
              "test-code": {
                "insertions": 184,
                "deletions": 0
              }
            }
          },
          {
            "hash": "08940bd265d7c818c2ba583b3c8a06ac98430d3a",
            "messageTitle": "Fix typos is error message",
            "messageBody": "",
            "fileTypesAndContributionMap": {
              "functional-code": {
                "insertions": 3,
                "deletions": 3
              },
              "test-code": {
                "insertions": 1,
                "deletions": 1
              }
            }
          },
          {
            "hash": "e6c06e285dec72483b82917a8b0b255cd810f5fd",
            "messageTitle": "Fix typos according to github reviews",
            "messageBody": "",
            "fileTypesAndContributionMap": {
              "functional-code": {
                "insertions": 2,
                "deletions": 2
              },
              "test-code": {
                "insertions": 1,
                "deletions": 1
              }
            }
          }
        ]
      },
      {
        "date": "2020-10-21",
        "commitResults": [
          {
            "hash": "9cba6b9770694106de940f73b27013d5ae79dfec",
            "messageTitle": "Add unremind description and edit remind",
            "messageBody": "",
            "fileTypesAndContributionMap": {
              "docs": {
                "insertions": 15,
                "deletions": 3
              }
            }
          }
        ]
      },
      {
        "date": "2020-10-22",
        "commitResults": [
          {
            "hash": "12a9c7d7b99b4523eb917a2eadb270f66e36c39e",
            "messageTitle": "Refactor model packages",
            "messageBody": "",
            "fileTypesAndContributionMap": {
              "functional-code": {
                "insertions": 67,
                "deletions": 61
              },
              "other": {
                "insertions": 7,
                "deletions": 7
              },
              "test-code": {
                "insertions": 24,
                "deletions": 24
              }
            }
          },
          {
            "hash": "13a9f4878a482d78448108657315f66904803bcf",
            "messageTitle": "Fix import statement bug",
            "messageBody": "",
            "fileTypesAndContributionMap": {
              "test-code": {
                "insertions": 2,
                "deletions": 1
              }
            }
          },
          {
            "hash": "7ddbeb5ab313a45152eeec42e9bbef88a2a5ebe3",
            "messageTitle": "Update Storage component in DG",
            "messageBody": "",
            "fileTypesAndContributionMap": {
              "docs": {
                "insertions": 1,
                "deletions": 1
              }
            }
          },
          {
            "hash": "b53dd57277b5ac833ddb24265884b38b5ded0f0c",
            "messageTitle": "Update DG with remind implementation",
            "messageBody": "",
            "fileTypesAndContributionMap": {
              "docs": {
                "insertions": 22,
                "deletions": 1
              }
            }
          },
          {
            "hash": "7cb60e71548d29ff9fa33dff17e30495defd9199",
            "messageTitle": "Fix typos",
            "messageBody": "",
            "fileTypesAndContributionMap": {
              "docs": {
                "insertions": 1,
                "deletions": 1
              }
            }
          }
        ]
      }
    ],
    "hyngkng": [
      {
        "date": "2020-09-20",
        "commitResults": [
          {
            "hash": "916993c4ab943fa7b7c59c0f8d616a9898c4682c",
            "messageTitle": "Create TimetableImporter class and test http get request",
            "messageBody": "",
            "fileTypesAndContributionMap": {
              "functional-code": {
                "insertions": 37,
                "deletions": 0
              }
            }
          },
          {
            "hash": "10fbc8023e6298b46d7828b8238e19248efdc60a",
            "messageTitle": "Add json-simple dependency to gradle",
            "messageBody": "",
            "fileTypesAndContributionMap": {
              "functional-code": {
                "insertions": 3,
                "deletions": 0
              },
              "other": {
                "insertions": 2,
                "deletions": 0
              }
            }
          }
        ]
      },
      {
        "date": "2020-09-23",
        "commitResults": [
          {
            "hash": "e7e9c937dd3fff9b8afc8c2ebb21e3a6a7293410",
            "messageTitle": "Implement basic timetable import function",
            "messageBody": "",
            "fileTypesAndContributionMap": {
              "functional-code": {
                "insertions": 129,
                "deletions": 19
              }
            }
          },
          {
            "hash": "265e362153f12cd141c8bb7e6ddb3d7a037b1f02",
            "messageTitle": "Remove unused classes and improve printing",
            "messageBody": "",
            "fileTypesAndContributionMap": {
              "functional-code": {
                "insertions": 12,
                "deletions": 11
              }
            }
          },
          {
            "hash": "ced943f95dab8220008e0b8b62b64be6a66d37f6",
            "messageTitle": "Fix coding style",
            "messageBody": "",
            "fileTypesAndContributionMap": {
              "functional-code": {
                "insertions": 6,
                "deletions": 3
              }
            }
          },
          {
            "hash": "74a06a7789b0251a40a4bf7ac63474eb4b3ed742",
            "messageTitle": "Add OOP",
            "messageBody": "",
            "fileTypesAndContributionMap": {
              "functional-code": {
                "insertions": 198,
                "deletions": 128
              }
            }
          }
        ]
      },
      {
        "date": "2020-09-24",
        "commitResults": [
          {
            "hash": "c8d1a0702054d2c95257246dc603cba3c6301fea",
            "messageTitle": "Tidy up code",
            "messageBody": "",
            "fileTypesAndContributionMap": {
              "functional-code": {
                "insertions": 2,
                "deletions": 15
              }
            }
          }
        ]
      },
      {
        "date": "2020-09-25",
        "commitResults": [
          {
            "hash": "6874f8bd3e386f33b69a0a14023bb33711ea49e0",
            "messageTitle": "Add Yong Kang AboutUs information",
            "messageBody": "",
            "fileTypesAndContributionMap": {
              "docs": {
                "insertions": 52,
                "deletions": 6
              }
            }
          }
        ]
      },
      {
        "date": "2020-09-28",
        "commitResults": [
          {
            "hash": "36070f5daf438389c47f5e34dbb079d62a63a2ab",
            "messageTitle": "Update UserGuide with import - Yong Kang",
            "messageBody": "",
            "fileTypesAndContributionMap": {
              "docs": {
                "insertions": 12,
                "deletions": 0
              }
            }
          }
        ]
      },
      {
        "date": "2020-09-29",
        "commitResults": [
          {
            "hash": "c04cfc3ba61353c51a11077ec5facd9680994d1b",
            "messageTitle": "Update AboutUs.md",
            "messageBody": "",
            "fileTypesAndContributionMap": {
              "docs": {
                "insertions": 7,
                "deletions": 7
              }
            }
          }
        ]
      },
      {
        "date": "2020-09-30",
        "commitResults": [
          {
            "hash": "5ad9914c5dbbe76b67ee39137cd33d394dd46b2c",
            "messageTitle": "Update import and remind use cases",
            "messageBody": "",
            "fileTypesAndContributionMap": {
              "docs": {
                "insertions": 24,
                "deletions": 15
              }
            }
          }
        ]
      },
      {
        "date": "2020-10-01",
        "commitResults": [
          {
            "hash": "7b0530e9a9f88abeca8a44dfcc20205de159e83c",
            "messageTitle": "Fix use cases",
            "messageBody": "",
            "fileTypesAndContributionMap": {
              "docs": {
                "insertions": 3,
                "deletions": 4
              }
            }
          }
        ]
      },
      {
        "date": "2020-10-05",
        "commitResults": [
          {
            "hash": "5fe5edae65d6e9a0c96c7ba8bd8e2462c7d01327",
            "messageTitle": "Add Lesson.java and fields",
            "messageBody": "",
            "fileTypesAndContributionMap": {
              "functional-code": {
                "insertions": 393,
                "deletions": 0
              }
            }
          },
          {
            "hash": "72b8feb7afc341a8f025b04e00ff6e9cbffc4a65",
            "messageTitle": "Add tests",
            "messageBody": "",
            "fileTypesAndContributionMap": {
              "functional-code": {
                "insertions": 6,
                "deletions": 6
              },
              "other": {
                "insertions": 4,
                "deletions": 4
              },
              "test-code": {
                "insertions": 298,
                "deletions": 0
              }
            }
          }
        ]
      },
      {
        "date": "2020-10-06",
        "commitResults": [
          {
            "hash": "a7af4f352156cde0b8c63420bff844274c5bbf8d",
            "messageTitle": "Merge master to add-lesson-class branch",
            "messageBody": "",
            "fileTypesAndContributionMap": {
              "functional-code": {
                "insertions": 54,
                "deletions": 222
              },
              "other": {
                "insertions": 21,
                "deletions": 21
              },
              "docs": {
                "insertions": 2,
                "deletions": 2
              },
              "test-code": {
                "insertions": 62,
                "deletions": 175
              }
            }
          },
          {
            "hash": "2a847294402a88df355c9adb33410d9453375c70",
            "messageTitle": "Update test case to be more relevant",
            "messageBody": "",
            "fileTypesAndContributionMap": {
              "functional-code": {
                "insertions": 3,
                "deletions": 3
              },
              "test-code": {
                "insertions": 1,
                "deletions": 1
              }
            }
          },
          {
            "hash": "2ed0f24e1c30a0188d1350489916b6dc3df462f9",
            "messageTitle": "Rename \"deadline\" to \"time\" in lessons",
            "messageBody": "",
            "fileTypesAndContributionMap": {
              "functional-code": {
                "insertions": 4,
                "deletions": 8
              },
              "test-code": {
                "insertions": 13,
                "deletions": 13
              }
            }
          }
        ]
      },
      {
        "date": "2020-10-10",
        "commitResults": [
          {
            "hash": "94f7ee6542cc3f16a9ed3afa332a254a288080c6",
            "messageTitle": "Add endTime field to lesson",
            "messageBody": "",
            "fileTypesAndContributionMap": {
              "functional-code": {
                "insertions": 19,
                "deletions": 4
              },
              "test-code": {
                "insertions": 19,
                "deletions": 1
              }
            }
          },
          {
            "hash": "f8f459c1e8e868e119012cbed1beebfc7c7ca1d3",
            "messageTitle": "Add import command",
            "messageBody": "",
            "fileTypesAndContributionMap": {
              "functional-code": {
                "insertions": 198,
                "deletions": 17
              },
              "test-code": {
                "insertions": 45,
                "deletions": 2
              }
            }
          }
        ]
      },
      {
        "date": "2020-10-11",
        "commitResults": [
          {
            "hash": "46d82b0fedae0bb8e1f40d7e893928ce103c2f6d",
            "messageTitle": "SLAP TimetableRetriever; Fix hashCode of AddressBook",
            "messageBody": "",
            "fileTypesAndContributionMap": {
              "functional-code": {
                "insertions": 0,
                "deletions": 28
              }
            }
          },
          {
            "hash": "9fbd26536efe3154f96eb669b309d840eb6ac115",
            "messageTitle": "SLAP TimetableRetriever; Fix hashCode of AddressBook",
            "messageBody": "",
            "fileTypesAndContributionMap": {
              "functional-code": {
                "insertions": 69,
                "deletions": 48
              }
            }
          },
          {
            "hash": "b0caa788d597eaef47df312cac2af5f104778daf",
            "messageTitle": "Add tests for TimetableData",
            "messageBody": "",
            "fileTypesAndContributionMap": {
              "functional-code": {
                "insertions": 17,
                "deletions": 1
              },
              "test-code": {
                "insertions": 119,
                "deletions": 1
              }
            }
          }
        ]
      },
      {
        "date": "2020-10-12",
        "commitResults": [
          {
            "hash": "22b9f62a34eabb743bcab0a6ead4a59c75f36668",
            "messageTitle": "Fix bugs",
            "messageBody": "",
            "fileTypesAndContributionMap": {
              "functional-code": {
                "insertions": 2,
                "deletions": 2
              }
            }
          },
          {
            "hash": "81ba87ac9ff78b8ab4432cd97fba7eea9cc6ac74",
            "messageTitle": "Fix lesson dates when importing timetable",
            "messageBody": "",
            "fileTypesAndContributionMap": {
              "functional-code": {
                "insertions": 54,
                "deletions": 10
              }
            }
          },
          {
            "hash": "6bbd3b7bb243efa56392c846b57b56679ad2a0b5",
            "messageTitle": "Fix checkstyle",
            "messageBody": "",
            "fileTypesAndContributionMap": {
              "functional-code": {
                "insertions": 0,
                "deletions": 1
              }
            }
          },
          {
            "hash": "c32385a3d0ff8b75d4d073ddd6eed3f8c168ff2e",
            "messageTitle": "SLAP code",
            "messageBody": "",
            "fileTypesAndContributionMap": {
              "functional-code": {
                "insertions": 24,
                "deletions": 19
              }
            }
          }
        ]
      },
      {
        "date": "2020-10-15",
        "commitResults": [
          {
            "hash": "b6ac84f68ee493f333f893a8b2840b47ccb6b74c",
            "messageTitle": "Update UG",
            "messageBody": "",
            "fileTypesAndContributionMap": {
              "docs": {
                "insertions": 5,
                "deletions": 5
              }
            }
          },
          {
            "hash": "10ba5e5f35e9510cdb238db8b3f84abaefaae51a",
            "messageTitle": "Update UG",
            "messageBody": "",
            "fileTypesAndContributionMap": {
              "docs": {
                "insertions": 2,
                "deletions": 2
              }
            }
          }
        ]
      },
      {
        "date": "2020-10-19",
        "commitResults": [
          {
            "hash": "23f47e876c732a2f4e0b213de1b2be87ee6817a1",
            "messageTitle": "Add priority and unprioritise commands",
            "messageBody": "",
            "fileTypesAndContributionMap": {
              "functional-code": {
                "insertions": 419,
                "deletions": 15
              }
            }
          },
          {
            "hash": "87f31d76d3ff861d9273970606208b7811eeb4fd",
            "messageTitle": "Fix checkstyle",
            "messageBody": "",
            "fileTypesAndContributionMap": {
              "test-code": {
                "insertions": 19,
                "deletions": 8
              }
            }
          }
        ]
      },
      {
        "date": "2020-10-20",
        "commitResults": [
          {
            "hash": "c677af71417fcba59c948aa4ab189f53257f04fe",
            "messageTitle": "Fix coding style",
            "messageBody": "",
            "fileTypesAndContributionMap": {
              "functional-code": {
                "insertions": 8,
                "deletions": 7
              }
            }
          },
          {
            "hash": "0afe065c4575e48d380d5aa384ad07aefb713b92",
            "messageTitle": "Change class names",
            "messageBody": "",
            "fileTypesAndContributionMap": {
              "functional-code": {
                "insertions": 6,
                "deletions": 6
              },
              "other": {
                "insertions": 47,
                "deletions": 46
              }
            }
          }
        ]
      },
      {
        "date": "2020-10-22",
        "commitResults": [
          {
            "hash": "103c10850beaa477e256aca182b920e6446f540a",
            "messageTitle": "Update UG for prioritize and unprioritize commands",
            "messageBody": "",
            "fileTypesAndContributionMap": {
              "docs": {
                "insertions": 33,
                "deletions": 3
              }
            }
          },
          {
            "hash": "11b668972c23cd16cc39f0e82225d3951fc7900b",
            "messageTitle": "Fix typo",
            "messageBody": "",
            "fileTypesAndContributionMap": {
              "docs": {
                "insertions": 1,
                "deletions": 1
              }
            }
          },
          {
            "hash": "0bc80d627020bbd4d4ef9df63f2627ce39f02edc",
            "messageTitle": "Update DG with import",
            "messageBody": "",
            "fileTypesAndContributionMap": {
              "docs": {
                "insertions": 35,
                "deletions": 0
              }
            }
          },
          {
            "hash": "7799e2cc319752de2b078409e683afbeee45e6dd",
            "messageTitle": "Fix phrasing issues",
            "messageBody": "",
            "fileTypesAndContributionMap": {
              "docs": {
                "insertions": 1,
                "deletions": 1
              }
            }
          }
        ]
      }
    ],
    "andreatanky": [
      {
        "date": "2020-09-15",
        "commitResults": [
          {
            "hash": "4d741852c98e20f39bbe190eb2e781fa0539fbdc",
            "messageTitle": "Update README",
            "messageBody": "",
            "fileTypesAndContributionMap": {
              "docs": {
                "insertions": 1,
                "deletions": 1
              }
            }
          }
        ]
      },
      {
        "date": "2020-09-23",
        "commitResults": [
          {
            "hash": "1234e3aa9f875f8ec1e6bb702da7ee9ca3091d37",
            "messageTitle": "Add Andrea AboutUs information",
            "messageBody": "",
            "fileTypesAndContributionMap": {
              "docs": {
                "insertions": 55,
                "deletions": 6
              }
            }
          },
          {
            "hash": "f145142a30f19c50f83eaea41ccbac16342ecc9f",
            "messageTitle": "Update UG for list command",
            "messageBody": "",
            "fileTypesAndContributionMap": {
              "docs": {
                "insertions": 2,
                "deletions": 2
              }
            }
          }
        ]
      },
      {
        "date": "2020-09-25",
        "commitResults": [
          {
            "hash": "e0eff0ddfe8d1903222d7d53ba8324755deb96a9",
            "messageTitle": "Fix checkStyle errors",
            "messageBody": "",
            "fileTypesAndContributionMap": {
              "functional-code": {
                "insertions": 68,
                "deletions": 64
              },
              "other": {
                "insertions": 15,
                "deletions": 15
              },
              "test-code": {
                "insertions": 127,
                "deletions": 116
              }
            }
          },
          {
            "hash": "71587320413487170f08265a22cc4a35c755d42c",
            "messageTitle": "Add module field",
            "messageBody": "",
            "fileTypesAndContributionMap": {
              "test-code": {
                "insertions": 3,
                "deletions": 3
              }
            }
          },
          {
            "hash": "8eabd340ec8a6235144f0772605063bb50b68b1a",
            "messageTitle": "Update list command",
            "messageBody": "",
            "fileTypesAndContributionMap": {
              "functional-code": {
                "insertions": 1,
                "deletions": 1
              }
            }
          },
          {
            "hash": "c0757be319378665ebaa16cf9893ce6a91987ec0",
            "messageTitle": "Add more changes to UG",
            "messageBody": "",
            "fileTypesAndContributionMap": {
              "docs": {
                "insertions": 27,
                "deletions": 70
              }
            }
          },
          {
            "hash": "14ebea7f54da2b966918e0c79be13f8a384de686",
            "messageTitle": "Add Mock up and update role",
            "messageBody": "",
            "fileTypesAndContributionMap": {
              "docs": {
                "insertions": 1,
                "deletions": 1
              }
            }
          }
        ]
      },
      {
        "date": "2020-09-26",
        "commitResults": [
          {
            "hash": "e8cc5e9906a85f5915089e7a2696ed00d1aafeb0",
            "messageTitle": "Update _config.yml",
            "messageBody": "",
            "fileTypesAndContributionMap": {
              "docs": {
                "insertions": 2,
                "deletions": 2
              }
            }
          }
        ]
      },
      {
        "date": "2020-09-30",
        "commitResults": [
          {
            "hash": "57429b7613fef7a0699e73ef4450864625f6a3f4",
            "messageTitle": "Update all address fields",
            "messageBody": "",
            "fileTypesAndContributionMap": {
              "test-code": {
                "insertions": 70,
                "deletions": 68
              }
            }
          },
          {
            "hash": "94cd11f10e154c3b846c0a212b7814e66d74f49b",
            "messageTitle": "Add DG for user stories and update UG",
            "messageBody": "",
            "fileTypesAndContributionMap": {
              "docs": {
                "insertions": 21,
                "deletions": 14
              }
            }
          },
          {
            "hash": "87f470fbf92715e85bc29b45df5343f53d6c22bc",
            "messageTitle": "Update list command with [NUMBER]",
            "messageBody": "",
            "fileTypesAndContributionMap": {
              "docs": {
                "insertions": 6,
                "deletions": 3
              }
            }
          },
          {
            "hash": "b59465fb9f0487b25356ff6a02da9e155e1c3ab5",
            "messageTitle": "Update UG with more user stories",
            "messageBody": "",
            "fileTypesAndContributionMap": {
              "docs": {
                "insertions": 11,
                "deletions": 8
              }
            }
          },
          {
            "hash": "a0862732f78eec7d60648107a2af47604fec4506",
            "messageTitle": "Update list example command",
            "messageBody": "",
            "fileTypesAndContributionMap": {
              "docs": {
                "insertions": 1,
                "deletions": 1
              }
            }
          },
          {
            "hash": "f6e9f287ac069e9e306d2dc1275c3f2bb0cb302e",
            "messageTitle": "Change regex to match module code",
            "messageBody": "",
            "fileTypesAndContributionMap": {
              "functional-code": {
                "insertions": 4,
                "deletions": 2
              }
            }
          },
          {
            "hash": "5f1c547c8c48c63dfe931ab15211303b937ab9b0",
            "messageTitle": "Change tests",
            "messageBody": "",
            "fileTypesAndContributionMap": {
              "test-code": {
                "insertions": 13,
                "deletions": 13
              }
            }
          },
          {
            "hash": "bb38d1ebd6d708a1233e8f9c52e263d5e5c3a217",
            "messageTitle": "Update README",
            "messageBody": "",
            "fileTypesAndContributionMap": {
              "docs": {
                "insertions": 23,
                "deletions": 5
              }
            }
          },
          {
            "hash": "877b1c25c594c16478d26afae9f3b59ac219d62b",
            "messageTitle": "Update link",
            "messageBody": "",
            "fileTypesAndContributionMap": {
              "docs": {
                "insertions": 1,
                "deletions": 1
              }
            }
          },
          {
            "hash": "8918c185a484866a17993a5d685864cc83b137a4",
            "messageTitle": "Updated test cases and regex",
            "messageBody": "",
            "fileTypesAndContributionMap": {
              "functional-code": {
                "insertions": 6,
                "deletions": 6
              },
              "test-code": {
                "insertions": 3,
                "deletions": 3
              }
            }
          },
          {
            "hash": "a431813ab591a7c06eef71d0d71d762d7d7ce90b",
            "messageTitle": "Amend description of list command",
            "messageBody": "",
            "fileTypesAndContributionMap": {
              "functional-code": {
                "insertions": 59,
                "deletions": 0
              },
              "docs": {
                "insertions": 4,
                "deletions": 4
              },
              "test-code": {
                "insertions": 37,
                "deletions": 0
              }
            }
          },
          {
            "hash": "31a44c9ec15e0900b8447705f78f070750b73d0d",
            "messageTitle": "Amend list command description",
            "messageBody": "",
            "fileTypesAndContributionMap": {
              "functional-code": {
                "insertions": 0,
                "deletions": 59
              },
              "test-code": {
                "insertions": 0,
                "deletions": 37
              }
            }
          }
        ]
      },
      {
        "date": "2020-10-02",
        "commitResults": [
          {
            "hash": "6ab508f0ed54b2230611966457eb452ed44b8bba",
            "messageTitle": "Update comments and test cases",
            "messageBody": "",
            "fileTypesAndContributionMap": {
              "test-code": {
                "insertions": 10,
                "deletions": 8
              }
            }
          },
          {
            "hash": "525b08ffead01c9acd96254022265160613c02ba",
            "messageTitle": "Change address comments",
            "messageBody": "",
            "fileTypesAndContributionMap": {
              "test-code": {
                "insertions": 4,
                "deletions": 4
              }
            }
          },
          {
            "hash": "072c945690b36df2cd5d30e4ab52af94b11aed25",
            "messageTitle": "Add more test cases",
            "messageBody": "",
            "fileTypesAndContributionMap": {
              "test-code": {
                "insertions": 5,
                "deletions": 2
              }
            }
          },
          {
            "hash": "025879de3a4d6ab9aabfc3e4875ab3280e482bc8",
            "messageTitle": "Update moduleCode class",
            "messageBody": "",
            "fileTypesAndContributionMap": {
              "functional-code": {
                "insertions": 6,
                "deletions": 7
              }
            }
          }
        ]
      },
      {
        "date": "2020-10-04",
        "commitResults": [
          {
            "hash": "5b6b62fb61cc599d8f02fc4996e440a463eaff40",
            "messageTitle": "Remove traces of AB3",
            "messageBody": "",
            "fileTypesAndContributionMap": {
              "docs": {
                "insertions": 4,
                "deletions": 4
              }
            }
          },
          {
            "hash": "ec95a0b00ba261cf2fad8b31f1f44d62a1a7480d",
            "messageTitle": "Update address string",
            "messageBody": "",
            "fileTypesAndContributionMap": {
              "functional-code": {
                "insertions": 1,
                "deletions": 1
              }
            }
          }
        ]
      },
      {
        "date": "2020-10-06",
        "commitResults": [
          {
            "hash": "d55ea0ec24cb9b0ca134ce06de0825a6115c0ee1",
            "messageTitle": "Update README",
            "messageBody": "",
            "fileTypesAndContributionMap": {
              "docs": {
                "insertions": 28,
                "deletions": 21
              }
            }
          },
          {
            "hash": "9dc73a744e3176d14e0c495bfe4203b1807baa02",
            "messageTitle": "Update according to review",
            "messageBody": "",
            "fileTypesAndContributionMap": {
              "docs": {
                "insertions": 9,
                "deletions": 7
              }
            }
          },
          {
            "hash": "da6904538916526ff989195437e6e145588e9bbf",
            "messageTitle": "Update tense error",
            "messageBody": "",
            "fileTypesAndContributionMap": {
              "docs": {
                "insertions": 1,
                "deletions": 1
              }
            }
          }
        ]
      },
      {
        "date": "2020-10-12",
        "commitResults": [
          {
            "hash": "a919696b3542d48272d8907b5ab02a526bda3270",
            "messageTitle": "Add Storage for lesson",
            "messageBody": "",
            "fileTypesAndContributionMap": {
              "functional-code": {
                "insertions": 688,
                "deletions": 6
              }
            }
          },
          {
            "hash": "af32c5e37aa248e4dfdb55307970ba51c024406d",
            "messageTitle": "First implementation of list command",
            "messageBody": "",
            "fileTypesAndContributionMap": {
              "functional-code": {
                "insertions": 2,
                "deletions": 0
              }
            }
          },
          {
            "hash": "3bb4819357c9337bb224b78e3330a0c4cd75ac86",
            "messageTitle": "First implementation of list command",
            "messageBody": "",
            "fileTypesAndContributionMap": {
              "functional-code": {
                "insertions": 92,
                "deletions": 10
              },
              "test-code": {
                "insertions": 40,
                "deletions": 39
              }
            }
          },
          {
            "hash": "9f0c5ceaa53149e5109c4240a76557e81a806e0c",
            "messageTitle": "Fix bug for list command",
            "messageBody": "",
            "fileTypesAndContributionMap": {
              "functional-code": {
                "insertions": 12,
                "deletions": 3
              },
              "test-code": {
                "insertions": 52,
                "deletions": 35
              }
            }
          },
          {
            "hash": "100940b53c05a173bd0e5677341749f81823f0b9",
            "messageTitle": "Add storage for assignments, lessons and tasks",
            "messageBody": "",
            "fileTypesAndContributionMap": {
              "functional-code": {
                "insertions": 85,
                "deletions": 23
              }
            }
          },
          {
            "hash": "d1a5366d35c745e8d04bbc9d369ab401c7856262",
            "messageTitle": "Fix duplicate assignments bug",
            "messageBody": "",
            "fileTypesAndContributionMap": {
              "functional-code": {
                "insertions": 62,
                "deletions": 38
              }
            }
          },
          {
            "hash": "d9c099f5eef1d707e29a870b1f4dbf2c58ba3762",
            "messageTitle": "Update json",
            "messageBody": "",
            "fileTypesAndContributionMap": {
              "functional-code": {
                "insertions": 1,
                "deletions": 0
              }
            }
          },
          {
            "hash": "aad0d5ea40d0e3b6fd0ef9957eecd78b045e574d",
            "messageTitle": "Fix checkstyle",
            "messageBody": "",
            "fileTypesAndContributionMap": {
              "functional-code": {
                "insertions": 30,
                "deletions": 47
              },
              "test-code": {
                "insertions": 69,
                "deletions": 63
              }
            }
          },
          {
            "hash": "652c297e2d6af624e2ffd8c732f0cd39dce2ae88",
            "messageTitle": "Fix test cases",
            "messageBody": "",
            "fileTypesAndContributionMap": {
              "functional-code": {
                "insertions": 2,
                "deletions": 9
              }
            }
          },
          {
            "hash": "45b2754d3bec126a6eb2cf68a10737f34c763616",
            "messageTitle": "Fix javadocs comments",
            "messageBody": "",
            "fileTypesAndContributionMap": {
              "functional-code": {
                "insertions": 12,
                "deletions": 12
              }
            }
          }
        ]
      },
      {
        "date": "2020-10-14",
        "commitResults": [
          {
            "hash": "6b96d8dda7b9d86f320ff8338577a119135fb456",
            "messageTitle": "Add SLAP",
            "messageBody": "",
            "fileTypesAndContributionMap": {
              "functional-code": {
                "insertions": 15,
                "deletions": 17
              },
              "test-code": {
                "insertions": 1,
                "deletions": 1
              }
            }
          },
          {
            "hash": "7d0d2b262ffa33e2bf49786a775fff190286d247",
            "messageTitle": "Update list command to work with tasks",
            "messageBody": "",
            "fileTypesAndContributionMap": {
              "functional-code": {
                "insertions": 21,
                "deletions": 18
              }
            }
          },
          {
            "hash": "a73a01f041c1fb7cb26dc1e134c53998089000a0",
            "messageTitle": "Remove list command tests",
            "messageBody": "",
            "fileTypesAndContributionMap": {
              "test-code": {
                "insertions": 42,
                "deletions": 40
              }
            }
          }
        ]
      },
      {
        "date": "2020-10-15",
        "commitResults": [
          {
            "hash": "1b81f111187083322f270659042eafb1b0bcf97a",
            "messageTitle": "Update README and UG",
            "messageBody": "",
            "fileTypesAndContributionMap": {
              "docs": {
                "insertions": 8,
                "deletions": 9
              }
            }
          },
          {
            "hash": "1b104185b093bb380b05b67e08d8f36ab9242551",
            "messageTitle": "Update today to current date",
            "messageBody": "",
            "fileTypesAndContributionMap": {
              "docs": {
                "insertions": 3,
                "deletions": 3
              }
            }
          }
        ]
      },
      {
        "date": "2020-10-17",
        "commitResults": [
          {
            "hash": "e3aee74b0c30471779b5e4685f2995f6a3985a7d",
            "messageTitle": "Edit list to work w assignments",
            "messageBody": "",
            "fileTypesAndContributionMap": {
              "functional-code": {
                "insertions": 17,
                "deletions": 30
              },
              "test-code": {
                "insertions": 0,
                "deletions": 5
              }
            }
          },
          {
            "hash": "0def6d7e104b0f6ccffd9a14bd059fb506e31413",
            "messageTitle": "Add tests v1.0",
            "messageBody": "",
            "fileTypesAndContributionMap": {
              "test-code": {
                "insertions": 45,
                "deletions": 42
              }
            }
          },
          {
            "hash": "1ddda033451e54735cea35b05fc20a97d8d39d08",
            "messageTitle": "Add some test cases",
            "messageBody": "",
            "fileTypesAndContributionMap": {
              "functional-code": {
                "insertions": 2,
                "deletions": 2
              },
              "test-code": {
                "insertions": 75,
                "deletions": 3
              }
            }
          },
          {
            "hash": "b33ba9ec5f9b72de73638645a990dcd4b884104d",
            "messageTitle": "Fix checkstyle and add some tests",
            "messageBody": "",
            "fileTypesAndContributionMap": {
              "test-code": {
                "insertions": 4,
                "deletions": 10
              }
            }
          },
          {
            "hash": "2bdde78cc1e82ac802194c14757f624c63aa5470",
            "messageTitle": "Fix checkstyle",
            "messageBody": "",
            "fileTypesAndContributionMap": {
              "functional-code": {
                "insertions": 4,
                "deletions": 1
              }
            }
          },
          {
            "hash": "54a6adc5cbf24d92e2ad22cfa4078f74bca209c4",
            "messageTitle": "Add tests and fix checkstyle",
            "messageBody": "",
            "fileTypesAndContributionMap": {
              "test-code": {
                "insertions": 24,
                "deletions": 2
              }
            }
          },
          {
            "hash": "0bbe6655852f0c3348ef3b02c4bda8a647908d8d",
            "messageTitle": "Enable assertions",
            "messageBody": "",
            "fileTypesAndContributionMap": {
              "other": {
                "insertions": 4,
                "deletions": 0
              }
            }
          },
          {
            "hash": "2b0b572be89fa780d4d1c3fbb31550e7f6a7bf8d",
            "messageTitle": "Add special characters to regex",
            "messageBody": "",
            "fileTypesAndContributionMap": {
              "functional-code": {
                "insertions": 1,
                "deletions": 1
              }
            }
          }
        ]
      },
      {
        "date": "2020-10-18",
        "commitResults": [
          {
            "hash": "e5cd25370828ae35a550f7be732eb74d51a897b8",
            "messageTitle": "Fix checkstyle",
            "messageBody": "",
            "fileTypesAndContributionMap": {
              "test-code": {
                "insertions": 2,
                "deletions": 0
              }
            }
          },
          {
            "hash": "348f46caa5b577652f6652163aa4ae172e39fc38",
            "messageTitle": "Find command rough implementation",
            "messageBody": "",
            "fileTypesAndContributionMap": {
              "functional-code": {
                "insertions": 113,
                "deletions": 5
              }
            }
          },
          {
            "hash": "953d02db6013fbbf56da5e8116b10c2959b3b4a8",
            "messageTitle": "Add prefixes",
            "messageBody": "",
            "fileTypesAndContributionMap": {
              "functional-code": {
                "insertions": 52,
                "deletions": 45
              }
            }
          },
          {
            "hash": "61751f25b6e0d1a36a4aeec94ad67c9eccc85b5b",
            "messageTitle": "Remove deadline prefix",
            "messageBody": "",
            "fileTypesAndContributionMap": {
              "functional-code": {
                "insertions": 9,
                "deletions": 9
              }
            }
          }
        ]
      },
      {
        "date": "2020-10-19",
        "commitResults": [
          {
            "hash": "7fc1d6dd77441853e516413852dc523bfe6893f6",
            "messageTitle": "Add find by name, module code and deadline",
            "messageBody": "",
            "fileTypesAndContributionMap": {
              "functional-code": {
                "insertions": 31,
                "deletions": 17
              }
            }
          }
        ]
      },
      {
        "date": "2020-10-20",
        "commitResults": [
          {
            "hash": "ec2d0762d059b6b6af76d5033ab2dd6f57128d8a",
            "messageTitle": "Remove string initialiser",
            "messageBody": "",
            "fileTypesAndContributionMap": {
              "functional-code": {
                "insertions": 5,
                "deletions": 9
              }
            }
          },
          {
            "hash": "285c4938b3702b2be82a9bddb34ca8824aeca1a5",
            "messageTitle": "Change message usage",
            "messageBody": "",
            "fileTypesAndContributionMap": {
              "functional-code": {
                "insertions": 13,
                "deletions": 4
              }
            }
          },
          {
            "hash": "fc6685437f080f3c6ee98c57a154144a412a6ed8",
            "messageTitle": "Add error messages",
            "messageBody": "",
            "fileTypesAndContributionMap": {
              "functional-code": {
                "insertions": 6,
                "deletions": 0
              }
            }
          },
          {
            "hash": "9e40644a80875287fbff101566067457e20972d0",
            "messageTitle": "Improve code quality v1.0",
            "messageBody": "",
            "fileTypesAndContributionMap": {
              "functional-code": {
                "insertions": 14,
                "deletions": 14
              }
            }
          },
          {
            "hash": "105bfda987832496653a45a9cd9c7d677caad641",
            "messageTitle": "Add find by priority",
            "messageBody": "",
            "fileTypesAndContributionMap": {
              "functional-code": {
                "insertions": 40,
                "deletions": 2
              }
            }
          }
        ]
      },
      {
        "date": "2020-10-21",
        "commitResults": [
          {
            "hash": "2605263868934bc95a8a9eebda80f04cc44e11b7",
            "messageTitle": "Add abstraction",
            "messageBody": "",
            "fileTypesAndContributionMap": {
              "functional-code": {
                "insertions": 64,
                "deletions": 53
              }
            }
          },
          {
            "hash": "723c0229baaa63fda6951471b5f048800554fcc5",
            "messageTitle": "Add list command test",
            "messageBody": "",
            "fileTypesAndContributionMap": {
              "functional-code": {
                "insertions": 9,
                "deletions": 4
              },
              "test-code": {
                "insertions": 10,
                "deletions": 1
              }
            }
          },
          {
            "hash": "d355ec597369ee22f4878de85b7ec958989451b5",
            "messageTitle": "Add find command parser tests",
            "messageBody": "",
            "fileTypesAndContributionMap": {
              "test-code": {
                "insertions": 34,
                "deletions": 7
              }
            }
          },
          {
            "hash": "12404e8e7b7e02fd0e698809a8304fafc47747a3",
            "messageTitle": "Update list command message",
            "messageBody": "",
            "fileTypesAndContributionMap": {
              "functional-code": {
                "insertions": 4,
                "deletions": 1
              },
              "test-code": {
                "insertions": 4,
                "deletions": 0
              }
            }
          },
          {
            "hash": "bc30207dd92482540bb95f8a4f7c95a47a07b6bf",
            "messageTitle": "Fix checkstyle",
            "messageBody": "",
            "fileTypesAndContributionMap": {
              "functional-code": {
                "insertions": 30,
                "deletions": 16
              },
              "test-code": {
                "insertions": 13,
                "deletions": 5
              }
            }
          },
          {
            "hash": "46ed37140bc4e9cba65de3e67d828ee418b1cc01",
            "messageTitle": "Update UG for list and find",
            "messageBody": "",
            "fileTypesAndContributionMap": {
              "docs": {
                "insertions": 32,
                "deletions": 10
              }
            }
          },
          {
            "hash": "9a467f13b656c0cba2c695020de271e859fa0512",
            "messageTitle": "Update descriptions",
            "messageBody": "",
            "fileTypesAndContributionMap": {
              "docs": {
                "insertions": 7,
                "deletions": 5
              }
            }
          },
          {
            "hash": "57369929aa846004045cfcb15cba0d15a76b5284",
            "messageTitle": "Fix deadline bug",
            "messageBody": "",
            "fileTypesAndContributionMap": {
              "functional-code": {
                "insertions": 42,
                "deletions": 10
              }
            }
          },
          {
            "hash": "6f8365d4c6eac1d9f331e2ea7d35ccc1037f3ac0",
            "messageTitle": "Fix bug for date and time v2.0",
            "messageBody": "",
            "fileTypesAndContributionMap": {
              "functional-code": {
                "insertions": 4,
                "deletions": 3
              }
            }
          },
          {
            "hash": "ba57b873dee180218ac6537486f3475bd1717a05",
            "messageTitle": "Add abstraction for getKeywords",
            "messageBody": "",
            "fileTypesAndContributionMap": {
              "functional-code": {
                "insertions": 12,
                "deletions": 8
              }
            }
          }
        ]
      },
      {
        "date": "2020-10-22",
        "commitResults": [
          {
            "hash": "66d8f1afe74c787e5f708f7f3312fb0c2d5bb3e2",
            "messageTitle": "Fix checkstyle",
            "messageBody": "",
            "fileTypesAndContributionMap": {
              "functional-code": {
                "insertions": 11,
                "deletions": 15
              },
              "test-code": {
                "insertions": 58,
                "deletions": 5
              }
            }
          },
          {
            "hash": "43939afb67308aaf3fb74694a07d2900a4f2d7e9",
            "messageTitle": "Update find",
            "messageBody": "",
            "fileTypesAndContributionMap": {
              "docs": {
                "insertions": 3,
                "deletions": 3
              }
            }
          },
          {
            "hash": "5f6691b1cdce6cb81987ef6cbe445c676dead0b1",
            "messageTitle": "Update list",
            "messageBody": "",
            "fileTypesAndContributionMap": {
              "docs": {
                "insertions": 4,
                "deletions": 4
              }
            }
          },
          {
            "hash": "b914f9d0f38f24dca7997f999f9dfb891d9d266e",
            "messageTitle": "Add some implementation",
            "messageBody": "",
            "fileTypesAndContributionMap": {
              "docs": {
                "insertions": 15,
                "deletions": 0
              }
            }
          },
          {
            "hash": "e51c2934e248ec75a9d888f7bb0e0002d5a1c704",
            "messageTitle": "Amend white spaces",
            "messageBody": "",
            "fileTypesAndContributionMap": {
              "test-code": {
                "insertions": 7,
                "deletions": 9
              }
            }
          },
          {
            "hash": "09c9f73524e0a4df66215338fc2a9311b83a3231",
            "messageTitle": "Add implementation description",
            "messageBody": "",
            "fileTypesAndContributionMap": {
              "functional-code": {
                "insertions": 1,
                "deletions": 1
              },
              "docs": {
                "insertions": 29,
                "deletions": 0
              }
            }
          },
          {
            "hash": "aa8a5fb350475c5cc4571bcf7a32298eac659d15",
            "messageTitle": "Remove unused method and commented out lesson field",
            "messageBody": "",
            "fileTypesAndContributionMap": {
              "functional-code": {
                "insertions": 2,
                "deletions": 11
              }
            }
          },
          {
            "hash": "6bda858d1dd7e15cf4cb26cfbcceca16cf68fddc",
            "messageTitle": "Remove unused import",
            "messageBody": "",
            "fileTypesAndContributionMap": {
              "functional-code": {
                "insertions": 0,
                "deletions": 1
              }
            }
          },
          {
            "hash": "a90d1807cc3d9ff42edd64b9c22f9e1e8061c565",
            "messageTitle": "Update implementation",
            "messageBody": "",
            "fileTypesAndContributionMap": {
              "docs": {
                "insertions": 22,
                "deletions": 2
              }
            }
          },
          {
            "hash": "d5dac6a7f0b204ad85bbaa50b3954bdbc9765a8f",
            "messageTitle": "Update model description",
            "messageBody": "",
            "fileTypesAndContributionMap": {
              "docs": {
                "insertions": 2,
                "deletions": 10
              }
            }
          },
          {
            "hash": "fbb7fbfc8cd29d6f0e6dee8935cd9cdf1fb03234",
            "messageTitle": "Edit sequence diagram for find",
            "messageBody": "",
            "fileTypesAndContributionMap": {
              "docs": {
                "insertions": 1,
                "deletions": 3
              }
            }
          },
          {
            "hash": "c26fb6b4c3de4507a4033af9abdb055ff0b25c87",
            "messageTitle": "Update implementation for find",
            "messageBody": "",
            "fileTypesAndContributionMap": {
              "docs": {
                "insertions": 22,
                "deletions": 6
              }
            }
          },
          {
            "hash": "af5ab95f672cb41c8ca735f2ad67cab8466fea80",
            "messageTitle": "Update implementation for delete and list",
            "messageBody": "",
            "fileTypesAndContributionMap": {
              "docs": {
                "insertions": 29,
                "deletions": 15
              }
            }
          },
          {
            "hash": "7f85bdf1dfe5095fb294960796bba265bcb07666",
            "messageTitle": "Update find description",
            "messageBody": "",
            "fileTypesAndContributionMap": {
              "docs": {
                "insertions": 2,
                "deletions": 2
              }
            }
          }
        ]
      }
    ],
    "minhhhnguyen2000": [
      {
        "date": "2020-09-25",
        "commitResults": [
          {
            "hash": "275dff0c8ada9dbea0be9b40358c8db15e67635d",
            "messageTitle": "Fix delete command",
            "messageBody": "",
            "fileTypesAndContributionMap": {
              "functional-code": {
                "insertions": 5,
                "deletions": 5
              },
              "test-code": {
                "insertions": 2,
                "deletions": 2
              }
            }
          },
          {
            "hash": "6be536af7acbe3f9dccb4f84d9d6297ade32811e",
            "messageTitle": "no message",
            "messageBody": "",
            "fileTypesAndContributionMap": {
              "docs": {
                "insertions": 7,
                "deletions": 7
              }
            }
          },
          {
            "hash": "bf7cb7cd2da57700045cb86c46bf793e8ba19321",
            "messageTitle": "no message",
            "messageBody": "",
            "fileTypesAndContributionMap": {
              "docs": {
                "insertions": 46,
                "deletions": 0
              }
            }
          }
        ]
      },
      {
        "date": "2020-09-27",
        "commitResults": [
          {
            "hash": "44b1cd0550d85d21eec7cb159c1d56606d4927e8",
            "messageTitle": "Update delete command in User Guide",
            "messageBody": "",
            "fileTypesAndContributionMap": {
              "docs": {
                "insertions": 5,
                "deletions": 6
              }
            }
          }
        ]
      },
      {
        "date": "2020-09-30",
        "commitResults": [
          {
            "hash": "59f0a7563ee647eb94e6219e9de9357f7868d2ad",
            "messageTitle": "Add target user profile, value proposition to Developer Guide",
            "messageBody": "",
            "fileTypesAndContributionMap": {
              "docs": {
                "insertions": 12,
                "deletions": 5
              }
            }
          },
          {
            "hash": "14f7faca877af58449cb43666d42fac915815326",
            "messageTitle": "Update README with Motivation + Aim",
            "messageBody": "",
            "fileTypesAndContributionMap": {
              "docs": {
                "insertions": 12,
                "deletions": 3
              }
            }
          }
        ]
      },
      {
        "date": "2020-10-01",
        "commitResults": [
          {
            "hash": "15043fa607eb73d512b186d305af1e29e2278cd8",
            "messageTitle": "Fix language of Value proposition",
            "messageBody": "",
            "fileTypesAndContributionMap": {
              "docs": {
                "insertions": 3,
                "deletions": 9
              }
            }
          }
        ]
      },
      {
        "date": "2020-10-04",
        "commitResults": [
          {
            "hash": "bf94f653dc88d7f8a16cd601adfbbda8ffc70abc",
            "messageTitle": "Change person to assignment",
            "messageBody": "",
            "fileTypesAndContributionMap": {
              "functional-code": {
                "insertions": 748,
                "deletions": 204
              },
              "test-code": {
                "insertions": 1094,
                "deletions": 433
              }
            }
          },
          {
            "hash": "f45b128b61d8c0857eed3b2216de1b746064dc92",
            "messageTitle": "no message",
            "messageBody": "",
            "fileTypesAndContributionMap": {
              "functional-code": {
                "insertions": 0,
                "deletions": 553
              },
              "test-code": {
                "insertions": 0,
                "deletions": 667
              }
            }
          },
          {
            "hash": "9e5e07d98005e663ddc8777a50f2eb75ec7e0d48",
            "messageTitle": "Fix checkstyle",
            "messageBody": "",
            "fileTypesAndContributionMap": {
              "functional-code": {
                "insertions": 28,
                "deletions": 13
              },
              "test-code": {
                "insertions": 49,
                "deletions": 28
              }
            }
          }
        ]
      },
      {
        "date": "2020-10-05",
        "commitResults": [
          {
            "hash": "6742699cdba4273d54d18f87edd0713abb8c35de",
            "messageTitle": "Change javadoc comments and test cases to match assignment",
            "messageBody": "",
            "fileTypesAndContributionMap": {
              "functional-code": {
                "insertions": 23,
                "deletions": 23
              },
              "test-code": {
                "insertions": 312,
                "deletions": 314
              }
            }
          },
          {
            "hash": "fb17fd7d9b9edcc0ca719ddc7cfb3ec8bb1234ad",
            "messageTitle": "Fix checkStyle",
            "messageBody": "",
            "fileTypesAndContributionMap": {
              "functional-code": {
                "insertions": 2,
                "deletions": 2
              },
              "test-code": {
                "insertions": 39,
                "deletions": 28
              }
            }
          }
        ]
      },
      {
        "date": "2020-10-06",
        "commitResults": [
          {
            "hash": "25e71936fb0cf142585d814f0e1987729ed06b94",
            "messageTitle": "Fix indentation for wrap lines and improve some minor code quality",
            "messageBody": "",
            "fileTypesAndContributionMap": {
              "functional-code": {
                "insertions": 2,
                "deletions": 2
              },
              "test-code": {
                "insertions": 6,
                "deletions": 0
              }
            }
          },
          {
            "hash": "b05350d277c54ddcecf1244be39894ee4864f447",
            "messageTitle": "Fix CheckStyle",
            "messageBody": "",
            "fileTypesAndContributionMap": {
              "test-code": {
                "insertions": 9,
                "deletions": 9
              }
            }
          },
          {
            "hash": "ffa581bd624a7d6c802ee097394ff5793764ae3d",
            "messageTitle": "Fix some typos in javaDoc",
            "messageBody": "",
            "fileTypesAndContributionMap": {
              "functional-code": {
                "insertions": 15,
                "deletions": 15
              },
              "test-code": {
                "insertions": 1,
                "deletions": 1
              }
            }
          }
        ]
      },
      {
        "date": "2020-10-11",
        "commitResults": [
          {
            "hash": "e2c03f9a96a9e5e917cd7c0c60c38e40ce7bd6f4",
            "messageTitle": "Update GUI",
            "messageBody": "",
            "fileTypesAndContributionMap": {
              "functional-code": {
                "insertions": 233,
                "deletions": 26
              }
            }
          },
          {
            "hash": "656f106d61d7b53d09a6e113788800116b8c2f7b",
            "messageTitle": "Minor GUI fix",
            "messageBody": "",
            "fileTypesAndContributionMap": {
              "functional-code": {
                "insertions": 2,
                "deletions": 2
              }
            }
          }
        ]
      },
      {
        "date": "2020-10-13",
        "commitResults": [
          {
            "hash": "fddab95a86c6a53964506a2212a5d032977e1f5a",
            "messageTitle": "GUI supports upcoming tasks.",
            "messageBody": "",
            "fileTypesAndContributionMap": {
              "functional-code": {
                "insertions": 106,
                "deletions": 69
              },
              "test-code": {
                "insertions": 5,
                "deletions": 0
              }
            }
          },
          {
            "hash": "64012f152e3be2276b06ef34a3f9fd5060464462",
            "messageTitle": "Fix checkStyle",
            "messageBody": "",
            "fileTypesAndContributionMap": {
              "functional-code": {
                "insertions": 14,
                "deletions": 10
              }
            }
          },
          {
            "hash": "69690a37466d050e29fc2f5421975e99126a3c1b",
            "messageTitle": "Changes some wordings in deletecommand. Delete command work correctly.",
            "messageBody": "",
            "fileTypesAndContributionMap": {
              "functional-code": {
                "insertions": 4,
                "deletions": 4
              }
            }
          },
          {
            "hash": "1dd5194cf46e07a9f786d64da961d51fc342cf9c",
            "messageTitle": "fix check style",
            "messageBody": "",
            "fileTypesAndContributionMap": {
              "functional-code": {
                "insertions": 2,
                "deletions": 1
              }
            }
          }
        ]
      },
      {
        "date": "2020-10-14",
        "commitResults": [
          {
            "hash": "5f132d216ca181ee7132f0d0aabff072574f8042",
            "messageTitle": "improve code quality",
            "messageBody": "",
            "fileTypesAndContributionMap": {
              "functional-code": {
                "insertions": 13,
                "deletions": 7
              }
            }
          }
        ]
      },
      {
        "date": "2020-10-15",
        "commitResults": [
          {
            "hash": "019d50a7ea1d745d2c9dd3e5de5315851cc2b456",
            "messageTitle": "Update GUI",
            "messageBody": "",
            "fileTypesAndContributionMap": {
              "functional-code": {
                "insertions": 205,
                "deletions": 61
              },
              "other": {
                "insertions": 46,
                "deletions": 10
              }
            }
          },
          {
            "hash": "fad517a8ca31eeb9326b1ad34e4b2146d2d708a6",
            "messageTitle": "no message",
            "messageBody": "",
            "fileTypesAndContributionMap": {
              "functional-code": {
                "insertions": 74,
                "deletions": 1
              }
            }
          },
          {
            "hash": "74f2ab6fd72fa6c50dc48f80179db2d4a515f696",
            "messageTitle": "Fix check style",
            "messageBody": "",
            "fileTypesAndContributionMap": {
              "functional-code": {
                "insertions": 24,
                "deletions": 30
              }
            }
          },
          {
            "hash": "df4775f6b34f778aad0573002fbcbb983cf87342",
            "messageTitle": "Minor details: colours for upcoming task",
            "messageBody": "",
            "fileTypesAndContributionMap": {
              "functional-code": {
                "insertions": 42,
                "deletions": 12
              }
            }
          },
          {
            "hash": "1f7dbc5461b8e13858f17650a4ccceab6ced76b5",
            "messageTitle": "Minor bug",
            "messageBody": "",
            "fileTypesAndContributionMap": {
              "functional-code": {
                "insertions": 2,
                "deletions": 2
              }
            }
          }
        ]
      },
      {
        "date": "2020-10-16",
        "commitResults": [
          {
            "hash": "9d6753198ac2696dda2550705dd8514f89ef450c",
            "messageTitle": "Add schedule feature",
            "messageBody": "",
            "fileTypesAndContributionMap": {
              "functional-code": {
                "insertions": 606,
                "deletions": 18
              },
              "test-code": {
                "insertions": 3,
                "deletions": 6
              }
            }
          },
          {
            "hash": "d4cdee61fe2cc13fd5e3fce85273ede5c417d1a0",
            "messageTitle": "fix check style",
            "messageBody": "",
            "fileTypesAndContributionMap": {
              "functional-code": {
                "insertions": 0,
                "deletions": 1
              }
            }
          }
        ]
      },
      {
        "date": "2020-10-17",
        "commitResults": [
          {
            "hash": "668740b536998123b5ce703d848c256dcb5d1d18",
            "messageTitle": "no message",
            "messageBody": "",
            "fileTypesAndContributionMap": {
              "test-code": {
                "insertions": 1,
                "deletions": 1
              }
            }
          },
          {
            "hash": "0d64aa6abb8741c77da45b204ef50c7fd2a45496",
            "messageTitle": "Add feature: Schedule Assignment",
            "messageBody": "",
            "fileTypesAndContributionMap": {
              "functional-code": {
                "insertions": 3,
                "deletions": 136
              },
              "test-code": {
                "insertions": 41,
                "deletions": 14
              }
            }
          },
          {
            "hash": "d3807ae1e9c2661da67a68c19e90a7bfd8053a04",
            "messageTitle": "Minor fix and change sample data to show remind and schedule",
            "messageBody": "",
            "fileTypesAndContributionMap": {
              "functional-code": {
                "insertions": 51,
                "deletions": 17
              }
            }
          },
          {
            "hash": "84bbf8a1458ae795c6f0936b3da82cde1c7d16f4",
            "messageTitle": "check style",
            "messageBody": "",
            "fileTypesAndContributionMap": {
              "functional-code": {
                "insertions": 8,
                "deletions": 11
              }
            }
          },
          {
            "hash": "debd47ac756e356bdd0292409cef19ba54dff37a",
            "messageTitle": "Changes to adhere to CS2103T conventions Remove dummy test Changes JavaDoc to match",
            "messageBody": "",
            "fileTypesAndContributionMap": {
              "functional-code": {
                "insertions": 49,
                "deletions": 44
              }
            }
          },
          {
            "hash": "edafa9c3a5ab7b567a76ebd78feb081a379b1c1a",
            "messageTitle": "Add feature: Undo",
            "messageBody": "",
            "fileTypesAndContributionMap": {
              "functional-code": {
                "insertions": 91,
                "deletions": 6
              },
              "test-code": {
                "insertions": 47,
                "deletions": 30
              }
            }
          },
          {
            "hash": "5c705d9e08746feb754953c5e55164d181c35779",
            "messageTitle": "Minor changes to JavaDoc",
            "messageBody": "",
            "fileTypesAndContributionMap": {
              "functional-code": {
                "insertions": 2,
                "deletions": 4
              }
            }
          }
        ]
      },
      {
        "date": "2020-10-18",
        "commitResults": [
          {
            "hash": "145acaf31110d6d06671c27e1cb7202bf34a068b",
            "messageTitle": "Minor code quality changes",
            "messageBody": "",
            "fileTypesAndContributionMap": {
              "functional-code": {
                "insertions": 12,
                "deletions": 12
              }
            }
          }
        ]
      },
      {
        "date": "2020-10-20",
        "commitResults": [
          {
            "hash": "55920150608e8439f7b4292323fea1b14fce8198",
            "messageTitle": "no message",
            "messageBody": "",
            "fileTypesAndContributionMap": {
              "functional-code": {
                "insertions": 123,
                "deletions": 15
              }
            }
          },
          {
            "hash": "0a1629f7ef67f1a978315dfc701b4ee7399f1289",
            "messageTitle": "no message",
            "messageBody": "",
            "fileTypesAndContributionMap": {
              "functional-code": {
                "insertions": 4,
                "deletions": 23
              }
            }
          },
          {
            "hash": "f9e92a6f9034edf39aefd09a3a16bbb3f5a0e793",
            "messageTitle": "Add feature: Unschedule",
            "messageBody": "",
            "fileTypesAndContributionMap": {
              "functional-code": {
                "insertions": 6,
                "deletions": 0
              }
            }
          },
          {
            "hash": "461028f080769aca8da316a476acb1bd4930f855",
            "messageTitle": "Change main window size to H:600 W:800",
            "messageBody": "",
            "fileTypesAndContributionMap": {
              "functional-code": {
                "insertions": 1,
                "deletions": 1
              }
            }
          },
          {
            "hash": "d5ee11f6aabde9cdfc72a32b684eaebb7bb106f1",
            "messageTitle": "Update Sample Data with priority",
            "messageBody": "",
            "fileTypesAndContributionMap": {
              "functional-code": {
                "insertions": 6,
                "deletions": 3
              }
            }
          },
          {
            "hash": "1f4c56a72bc113ea163250c23072e870f9b38b71",
            "messageTitle": "Updated SampleData UI now shows priority next to name Delete unnecessary UI class",
            "messageBody": "",
            "fileTypesAndContributionMap": {
              "functional-code": {
                "insertions": 155,
                "deletions": 236
              }
            }
          }
        ]
      },
      {
        "date": "2020-10-23",
        "commitResults": [
          {
            "hash": "b068c1a5368f8703686ef10220072efeade8ab12",
            "messageTitle": "update DG draft with schedule and undo features",
            "messageBody": "",
            "fileTypesAndContributionMap": {
              "docs": {
                "insertions": 69,
                "deletions": 68
              }
            }
          }
        ]
      }
    ],
    "printinghelloworld": [
      {
        "date": "2020-09-25",
        "commitResults": [
          {
            "hash": "b8c53e55846fdd70eb6e90e373dadae8f08043ec",
            "messageTitle": "Update AboutUs",
            "messageBody": "- Add my personal info and photo\n",
            "fileTypesAndContributionMap": {
              "docs": {
                "insertions": 4,
                "deletions": 4
              }
            }
          },
          {
            "hash": "589779c27082cfcd0371a1d4e3350becdf578763",
            "messageTitle": "Update AboutUs",
            "messageBody": "- Edit github link\n",
            "fileTypesAndContributionMap": {
              "docs": {
                "insertions": 1,
                "deletions": 1
              }
            }
          },
          {
            "hash": "c69c952142f5ace04381f17c5f11ed8db2843fd4",
            "messageTitle": "Update AboutUs",
            "messageBody": "- Rename photo\n",
            "fileTypesAndContributionMap": {
              "docs": {
                "insertions": 1,
                "deletions": 1
              }
            }
          },
          {
            "hash": "151416a7d0749cd72aad91c14f5d18b141b38654",
            "messageTitle": "Add portfolio md file",
            "messageBody": "",
            "fileTypesAndContributionMap": {
              "docs": {
                "insertions": 1,
                "deletions": 1
              }
            }
          },
          {
            "hash": "7fe2beedfceb9b9c9a654373bfb70ae8e962c39e",
            "messageTitle": "Add back Johndoe.md",
            "messageBody": "",
            "fileTypesAndContributionMap": {
              "docs": {
                "insertions": 46,
                "deletions": 0
              }
            }
          }
        ]
      },
      {
        "date": "2020-09-29",
        "commitResults": [
          {
            "hash": "87630d54526b83e76367f46dbde05878a29567d9",
            "messageTitle": "Edit \u0027add\u0027 command in UserGuide",
            "messageBody": "",
            "fileTypesAndContributionMap": {
              "docs": {
                "insertions": 6,
                "deletions": 9
              }
            }
          },
          {
            "hash": "063823037f36d1c55970cd793b93f37a575f8d03",
            "messageTitle": "Edit format of \u0027add\u0027 command in User Guide",
            "messageBody": "",
            "fileTypesAndContributionMap": {
              "docs": {
                "insertions": 3,
                "deletions": 4
              }
            }
          },
          {
            "hash": "364e84cfeda0e5dd9de7234e312a5dbf52ca6c16",
            "messageTitle": "Edit format of date in \u0027add\u0027 command in User Guide",
            "messageBody": "",
            "fileTypesAndContributionMap": {
              "docs": {
                "insertions": 3,
                "deletions": 3
              }
            }
          }
        ]
      },
      {
        "date": "2020-09-30",
        "commitResults": [
          {
            "hash": "34784680ee720707bef824866522646551d91734",
            "messageTitle": "Modify use cases section in DeveloperGuide",
            "messageBody": "- Add use cases for add assignment and delete assignment\n",
            "fileTypesAndContributionMap": {
              "docs": {
                "insertions": 31,
                "deletions": 11
              }
            }
          },
          {
            "hash": "a141a635650eb150ffdb1952fb63305ad674280d",
            "messageTitle": "Edit use cases in Developer Guide",
            "messageBody": "- Add skeleton for use case 3 - 4\n- Add use case for list\n",
            "fileTypesAndContributionMap": {
              "docs": {
                "insertions": 59,
                "deletions": 0
              }
            }
          }
        ]
      },
      {
        "date": "2020-10-01",
        "commitResults": [
          {
            "hash": "e9f1c31f6435edf9728eb3fa9e5988e6fd622464",
            "messageTitle": "Edit \u0027add\u0027 command of User Guide",
            "messageBody": "- Add tip\n",
            "fileTypesAndContributionMap": {
              "docs": {
                "insertions": 3,
                "deletions": 0
              }
            }
          }
        ]
      },
      {
        "date": "2020-10-04",
        "commitResults": [
          {
            "hash": "52a244b3f72815b22dccdd89df8883ecc54d4b4e",
            "messageTitle": "Remove Email class and Email field from Person",
            "messageBody": "- Edit invalidPersonAddressBook.json, remove previous invalid field (email) and make phone field invalid\n",
            "fileTypesAndContributionMap": {
              "functional-code": {
                "insertions": 19,
                "deletions": 156
              },
              "test-code": {
                "insertions": 58,
                "deletions": 242
              }
            }
          },
          {
            "hash": "3db986bf3dd95db38dedf15711cc41043baf3b3e",
            "messageTitle": "Remove Tag class and remove Tag field from Person",
            "messageBody": "",
            "fileTypesAndContributionMap": {
              "functional-code": {
                "insertions": 21,
                "deletions": 277
              },
              "test-code": {
                "insertions": 53,
                "deletions": 279
              }
            }
          },
          {
            "hash": "4c2ccb2ce3566fdb8fa9903021056b019469dfb0",
            "messageTitle": "Fix checkstyle issues",
            "messageBody": "",
            "fileTypesAndContributionMap": {
              "functional-code": {
                "insertions": 0,
                "deletions": 3
              },
              "test-code": {
                "insertions": 7,
                "deletions": 14
              }
            }
          }
        ]
      },
      {
        "date": "2020-10-05",
        "commitResults": [
          {
            "hash": "04b7df5771389bd0d4660b6408599f6436b79b92",
            "messageTitle": "Edit file according to checkstyle requirements",
            "messageBody": "",
            "fileTypesAndContributionMap": {
              "test-code": {
                "insertions": 6,
                "deletions": 5
              }
            }
          },
          {
            "hash": "cea0b4e6d0819fc320d05ca0be3aa6e8f18713f0",
            "messageTitle": "Remove test cases related to Email",
            "messageBody": "",
            "fileTypesAndContributionMap": {
              "test-code": {
                "insertions": 0,
                "deletions": 7
              }
            }
          }
        ]
      },
      {
        "date": "2020-10-06",
        "commitResults": [
          {
            "hash": "eac73cffb9ba72c3ef2892b58e7c5eb0ecfd60c6",
            "messageTitle": "Remove email from comments",
            "messageBody": "",
            "fileTypesAndContributionMap": {
              "test-code": {
                "insertions": 2,
                "deletions": 2
              }
            }
          },
          {
            "hash": "83e7e75fef65c6d9044d9bdb336a2cf958997705",
            "messageTitle": "Remove test case related to tag",
            "messageBody": "",
            "fileTypesAndContributionMap": {
              "test-code": {
                "insertions": 0,
                "deletions": 5
              }
            }
          }
        ]
      },
      {
        "date": "2020-10-10",
        "commitResults": [
          {
            "hash": "8cc35b5720009c4769a3da6006c8086b907004f2",
            "messageTitle": "Edit Add Command to handle remind",
            "messageBody": "",
            "fileTypesAndContributionMap": {
              "functional-code": {
                "insertions": 30,
                "deletions": 10
              },
              "test-code": {
                "insertions": 33,
                "deletions": 3
              }
            }
          }
        ]
      },
      {
        "date": "2020-10-11",
        "commitResults": [
          {
            "hash": "de99a0d6834d78862b231470e73a72ee28415a08",
            "messageTitle": "Edit naming of variables and comments related to AddCommand",
            "messageBody": "",
            "fileTypesAndContributionMap": {
              "functional-code": {
                "insertions": 7,
                "deletions": 7
              }
            }
          }
        ]
      },
      {
        "date": "2020-10-15",
        "commitResults": [
          {
            "hash": "32d8f254a09781faf65972e37b22400d3da1456c",
            "messageTitle": "Edit add description in UserGuide",
            "messageBody": "",
            "fileTypesAndContributionMap": {
              "docs": {
                "insertions": 2,
                "deletions": 2
              }
            }
          }
        ]
      },
      {
        "date": "2020-10-22",
        "commitResults": [
          {
            "hash": "dc3b7f818957685165e9af4607a780431e55a3fc",
            "messageTitle": "Update User Guide with Done and Undone commands",
            "messageBody": "",
            "fileTypesAndContributionMap": {
              "docs": {
                "insertions": 35,
                "deletions": 5
              }
            }
          },
          {
            "hash": "c291c9ea4da2592237553bcbb7f5e21176a50253",
            "messageTitle": "Minor edits to UG description and FAQ",
            "messageBody": "",
            "fileTypesAndContributionMap": {
              "docs": {
                "insertions": 9,
                "deletions": 3
              }
            }
          },
          {
            "hash": "f5b7c625283bdfa6a930f7352324a036b750052b",
            "messageTitle": "Edit undone phrasing in UG",
            "messageBody": "",
            "fileTypesAndContributionMap": {
              "docs": {
                "insertions": 5,
                "deletions": 5
              }
            }
          },
          {
            "hash": "bc561485277981ce14730c3c4ae5764efdaa5ab5",
            "messageTitle": "Edit Logic component segment",
            "messageBody": "- Minor edits to UML diagrams\n",
            "fileTypesAndContributionMap": {
              "docs": {
                "insertions": 3,
                "deletions": 3
              }
            }
          }
        ]
      }
    ]
  },
  "authorFileTypeContributionMap": {
    "ChooJiaXin": {
      "docs": 106,
      "functional-code": 589,
      "test-code": 522
    },
    "hyngkng": {
      "docs": 149,
      "functional-code": 1063,
      "test-code": 392,
      "other": 2
    },
    "andreatanky": {
      "docs": 233,
      "functional-code": 822,
      "test-code": 288,
      "other": 4
    },
    "minhhhnguyen2000": {
      "docs": 121,
      "functional-code": 1971,
      "test-code": 963
    },
    "printinghelloworld": {
      "docs": 128,
      "functional-code": 36,
      "test-code": 70
    }
  },
  "authorContributionVariance": {
    "ChooJiaXin": 11316.49,
    "hyngkng": 19609.951,
    "andreatanky": 38312.99,
    "minhhhnguyen2000": 221617.03,
    "printinghelloworld": 17861.086
  },
  "authorDisplayNameMap": {
    "ChooJiaXin": "CS2103T-F11-3 CHOO.. XIN",
    "hyngkng": "CS2103T-F11-3 HWAN..KANG",
    "andreatanky": "CS2103T-F11-3 ANDR.. YUE",
    "minhhhnguyen2000": "CS2103T-F11-3 NGUY..MINH",
    "printinghelloworld": "CS2103T-F11-3 JERR.. JIE"
  }
}
