{
  "authorDailyContributionsMap": {
    "samlsm": [
      {
        "date": "2020-09-21",
        "commitResults": [
          {
            "hash": "c3e7402f182590bf475201288ce49289d9ba825c",
            "messageTitle": "Update README.",
            "messageBody": "",
            "fileTypesAndContributionMap": {
              "docs": {
                "insertions": 11,
                "deletions": 11
              }
            }
          },
          {
            "hash": "d7f2adc0f91f40b6a47098a5dc724ef84e7fbb79",
            "messageTitle": "Update README.",
            "messageBody": "",
            "fileTypesAndContributionMap": {
              "docs": {
                "insertions": 1,
                "deletions": 1
              }
            }
          },
          {
            "hash": "a4ca463a3fe2434dbbc0f1c1e707469a4303f8b0",
            "messageTitle": "Update README.",
            "messageBody": "",
            "fileTypesAndContributionMap": {
              "docs": {
                "insertions": 1,
                "deletions": 1
              }
            }
          },
          {
            "hash": "c6b38da7687b2c26d95a2489bcd1827a4c31551c",
            "messageTitle": "Update README.",
            "messageBody": "",
            "fileTypesAndContributionMap": {
              "docs": {
                "insertions": 1,
                "deletions": 0
              }
            }
          },
          {
            "hash": "f0cfd97e1f226116c010100ec64aee53157d2431",
            "messageTitle": "Update README.md",
            "messageBody": "Co-authored-by: Dexter Tan \u003cdev@dextertanyj.com\u003e",
            "fileTypesAndContributionMap": {
              "docs": {
                "insertions": 1,
                "deletions": 1
              }
            }
          },
          {
            "hash": "002529973535ae6c0104ec8166e34acf3d97b574",
            "messageTitle": "Update README.md",
            "messageBody": "Co-authored-by: Dexter Tan \u003cdev@dextertanyj.com\u003e",
            "fileTypesAndContributionMap": {
              "docs": {
                "insertions": 1,
                "deletions": 1
              }
            }
          },
          {
            "hash": "35d0be627052b7e9afb5d9ab81f66516612f5666",
            "messageTitle": "Update README.md",
            "messageBody": "Co-authored-by: Dexter Tan \u003cdev@dextertanyj.com\u003e",
            "fileTypesAndContributionMap": {
              "docs": {
                "insertions": 1,
                "deletions": 1
              }
            }
          }
        ]
      },
      {
        "date": "2020-09-22",
        "commitResults": [
          {
            "hash": "7ac2479b7ab6e95b03a0ca355c9f4fa02a67269f",
            "messageTitle": "Update dev guide.",
            "messageBody": "",
            "fileTypesAndContributionMap": {
              "docs": {
                "insertions": 60,
                "deletions": 1
              }
            }
          },
          {
            "hash": "add5d3d0b420a57a56759d91e10cccc1abfd7e51",
            "messageTitle": "Update dev guide.",
            "messageBody": "",
            "fileTypesAndContributionMap": {
              "docs": {
                "insertions": 6,
                "deletions": 5
              }
            }
          },
          {
            "hash": "092f7ece1686de6659f99475c437bae6cf0085e9",
            "messageTitle": "Improve dev guide based on review",
            "messageBody": "Co-authored-by: Dexter Tan \u003cdev@dextertanyj.com\u003e",
            "fileTypesAndContributionMap": {
              "docs": {
                "insertions": 1,
                "deletions": 1
              }
            }
          },
          {
            "hash": "ae27a5146b607be1a907d2f30060528ccb123386",
            "messageTitle": "Update about us.",
            "messageBody": "",
            "fileTypesAndContributionMap": {
              "docs": {
                "insertions": 27,
                "deletions": 6
              }
            }
          },
          {
            "hash": "dbdb62596198f7775c1f67b29e2e76a4a6946819",
            "messageTitle": "Update about us.",
            "messageBody": "",
            "fileTypesAndContributionMap": {
              "docs": {
                "insertions": 4,
                "deletions": 2
              }
            }
          },
          {
            "hash": "6fa1325aed1339f6319fe8078506c4cbb588031f",
            "messageTitle": "Update about us.",
            "messageBody": "",
            "fileTypesAndContributionMap": {
              "docs": {
                "insertions": 3,
                "deletions": 3
              }
            }
          },
          {
            "hash": "83e4b8b1bafee9e44fb1ba2394ec81bc14ff7e36",
            "messageTitle": "Rename files.",
            "messageBody": "",
            "fileTypesAndContributionMap": {
              "docs": {
                "insertions": 2,
                "deletions": 2
              }
            }
          },
          {
            "hash": "2134024f613392bc149f61958f52bfb991ec531c",
            "messageTitle": "Improve dev guide based on review.",
            "messageBody": "",
            "fileTypesAndContributionMap": {
              "docs": {
                "insertions": 2,
                "deletions": 1
              }
            }
          },
          {
            "hash": "c688f1dae60530da1ff59a507212358b4308b97b",
            "messageTitle": "Update user guide.",
            "messageBody": "",
            "fileTypesAndContributionMap": {
              "docs": {
                "insertions": 47,
                "deletions": 18
              }
            }
          },
          {
            "hash": "8d9cae39addef41976ec903266eaf9b55a6140f3",
            "messageTitle": "Update user guide.",
            "messageBody": "",
            "fileTypesAndContributionMap": {
              "docs": {
                "insertions": 2,
                "deletions": 2
              }
            }
          },
          {
            "hash": "24e19b3bcfddd96f692fed985233445944794b09",
            "messageTitle": "Update user guide.",
            "messageBody": "",
            "fileTypesAndContributionMap": {
              "docs": {
                "insertions": 29,
                "deletions": 29
              }
            }
          },
          {
            "hash": "14ac3f539df979fa211f70b4038bb194e568b9d1",
            "messageTitle": "Update user guide.",
            "messageBody": "",
            "fileTypesAndContributionMap": {
              "docs": {
                "insertions": 11,
                "deletions": 11
              }
            }
          },
          {
            "hash": "c9bfb70bbb10e35d89272e43fa72a7d9e21936c9",
            "messageTitle": "Update user guide.",
            "messageBody": "",
            "fileTypesAndContributionMap": {
              "docs": {
                "insertions": 2,
                "deletions": 2
              }
            }
          },
          {
            "hash": "4b37916ebf7b884a6192325b7e906ba9653bc550",
            "messageTitle": "Update docs/UserGuide.md",
            "messageBody": "Co-authored-by: ypinhsuan \u003c58677983+ypinhsuan@users.noreply.github.com\u003e",
            "fileTypesAndContributionMap": {
              "docs": {
                "insertions": 1,
                "deletions": 1
              }
            }
          },
          {
            "hash": "43f6764c9857a2c403fde87e9d71fb60498357ee",
            "messageTitle": "Update docs/UserGuide.md",
            "messageBody": "Co-authored-by: ruixuantan \u003c54806910+ruixuantan@users.noreply.github.com\u003e",
            "fileTypesAndContributionMap": {
              "docs": {
                "insertions": 2,
                "deletions": 1
              }
            }
          }
        ]
      },
      {
        "date": "2020-09-26",
        "commitResults": [
          {
            "hash": "1f81cd97e29b71f432d3af56ef373067a03e31c9",
            "messageTitle": "Add edit-class command and parser",
            "messageBody": "",
            "fileTypesAndContributionMap": {
              "functional-code": {
                "insertions": 237,
                "deletions": 0
              },
              "test-code": {
                "insertions": 253,
                "deletions": 0
              }
            }
          },
          {
            "hash": "66e16efb81fde392a824f089dbba45d4f4e1ab6f",
            "messageTitle": "Resolve merge issues.",
            "messageBody": "",
            "fileTypesAndContributionMap": {
              "functional-code": {
                "insertions": 2,
                "deletions": 1
              },
              "test-code": {
                "insertions": 135,
                "deletions": 0
              }
            }
          },
          {
            "hash": "64c6e79d6f2bfb11ca83813520d5bce1b4078455",
            "messageTitle": "Update name in AboutUs.",
            "messageBody": "",
            "fileTypesAndContributionMap": {
              "docs": {
                "insertions": 1,
                "deletions": 1
              }
            }
          },
          {
            "hash": "b084c910792c86fca5902c11b5fc8c85de6247a6",
            "messageTitle": "Add tests for ModuleNameContainsKeywordsPredicate.",
            "messageBody": "",
            "fileTypesAndContributionMap": {
              "functional-code": {
                "insertions": 5,
                "deletions": 5
              },
              "other": {
                "insertions": 29,
                "deletions": 20
              },
              "test-code": {
                "insertions": 96,
                "deletions": 19
              }
            }
          },
          {
            "hash": "cf4d89bdd28a539435004a5d015ee3b1a64e8d06",
            "messageTitle": "Add test in TutorsPetParser.",
            "messageBody": "",
            "fileTypesAndContributionMap": {
              "functional-code": {
                "insertions": 4,
                "deletions": 0
              },
              "test-code": {
                "insertions": 38,
                "deletions": 0
              }
            }
          }
        ]
      },
      {
        "date": "2020-09-27",
        "commitResults": [
          {
            "hash": "2e6d116d8656581f4814f5177766555960b6bbef",
            "messageTitle": "Resolve merge conflicts and update based on PR review.",
            "messageBody": "",
            "fileTypesAndContributionMap": {
              "functional-code": {
                "insertions": 116,
                "deletions": 14
              },
              "test-code": {
                "insertions": 418,
                "deletions": 205
              }
            }
          },
          {
            "hash": "840d5e57dc556a0e28c5e015e0c75bdb6ba8f3df",
            "messageTitle": "Implement Ui for classes",
            "messageBody": "",
            "fileTypesAndContributionMap": {
              "functional-code": {
                "insertions": 241,
                "deletions": 24
              }
            }
          },
          {
            "hash": "7d693fb4eaf2f918c27bf4c0ebbaf33ede72b31e",
            "messageTitle": "Add missing blank lines in .fxml files",
            "messageBody": "",
            "fileTypesAndContributionMap": {
              "functional-code": {
                "insertions": 1,
                "deletions": 3
              }
            }
          },
          {
            "hash": "4901d17cc720a7b686b1c57f14d70ff7bcd2ec87",
            "messageTitle": "Add test for filteredModuleClassList.",
            "messageBody": "",
            "fileTypesAndContributionMap": {
              "test-code": {
                "insertions": 5,
                "deletions": 0
              }
            }
          },
          {
            "hash": "896eef1fa9d9a91a2e65ee5849a3c36f7742acc4",
            "messageTitle": "Update javadocs.",
            "messageBody": "",
            "fileTypesAndContributionMap": {
              "functional-code": {
                "insertions": 9,
                "deletions": 14
              }
            }
          },
          {
            "hash": "47b5ca02a8ae8dfeae792d94e0463402ed783e52",
            "messageTitle": "Update based of PR reviews.",
            "messageBody": "",
            "fileTypesAndContributionMap": {
              "functional-code": {
                "insertions": 4,
                "deletions": 5
              }
            }
          }
        ]
      },
      {
        "date": "2020-09-30",
        "commitResults": [
          {
            "hash": "062fa0a22666dd200ce13ac158209be5d53f7f42",
            "messageTitle": "Add find-class command and parser",
            "messageBody": "Tutor\u0027s Pet is unable to support find-class commands.\n\nLet\u0027s implement parser support and command support for find-class command.\n",
            "fileTypesAndContributionMap": {
              "functional-code": {
                "insertions": 111,
                "deletions": 6
              },
              "test-code": {
                "insertions": 152,
                "deletions": 8
              }
            }
          },
          {
            "hash": "842179b98ff378c2977043b16da6a4dd50f956d0",
            "messageTitle": "Apply suggestions from code review.",
            "messageBody": "",
            "fileTypesAndContributionMap": {
              "functional-code": {
                "insertions": 21,
                "deletions": 15
              },
              "test-code": {
                "insertions": 9,
                "deletions": 14
              }
            }
          },
          {
            "hash": "a831fbab727ce5866a5a27e436cd1a1a32095baa",
            "messageTitle": "Apply suggestions from code review.",
            "messageBody": "",
            "fileTypesAndContributionMap": {
              "functional-code": {
                "insertions": 24,
                "deletions": 34
              }
            }
          },
          {
            "hash": "f5caa8b1c768d61b99df77f8bdfec9eb1b2f5014",
            "messageTitle": "Apply suggestion from code review.",
            "messageBody": "Co-authored-by: Dexter Tan \u003cdev@dextertanyj.com\u003e",
            "fileTypesAndContributionMap": {
              "test-code": {
                "insertions": 2,
                "deletions": 2
              }
            }
          },
          {
            "hash": "53a526569f6ee53f6de6f313dbf35c05815ffb61",
            "messageTitle": "Fix issue of help window not appearing when minimised.",
            "messageBody": "",
            "fileTypesAndContributionMap": {
              "functional-code": {
                "insertions": 1,
                "deletions": 1
              }
            }
          },
          {
            "hash": "d15d7c0a2b033ed2d713f6deec43f02efc0a5ead",
            "messageTitle": "Update javadocs.",
            "messageBody": "",
            "fileTypesAndContributionMap": {
              "functional-code": {
                "insertions": 9,
                "deletions": 5
              }
            }
          },
          {
            "hash": "cc4e310d519a7435e5f189c71ac82d77bf6113bb",
            "messageTitle": "Update javadocs.",
            "messageBody": "",
            "fileTypesAndContributionMap": {
              "functional-code": {
                "insertions": 2,
                "deletions": 2
              }
            }
          }
        ]
      },
      {
        "date": "2020-10-01",
        "commitResults": [
          {
            "hash": "8c40bc9b7cb7081899dccb849d24f011064d6de4",
            "messageTitle": "Apply suggestions from code review",
            "messageBody": "Co-authored-by: ypinhsuan \u003c58677983+ypinhsuan@users.noreply.github.com\u003e",
            "fileTypesAndContributionMap": {
              "functional-code": {
                "insertions": 1,
                "deletions": 1
              }
            }
          }
        ]
      },
      {
        "date": "2020-10-05",
        "commitResults": [
          {
            "hash": "306e554ebdd0db6eeff543fba5aa052b602b9309",
            "messageTitle": "Implement command support for clearing of classes.",
            "messageBody": "",
            "fileTypesAndContributionMap": {
              "functional-code": {
                "insertions": 57,
                "deletions": 15
              },
              "test-code": {
                "insertions": 67,
                "deletions": 9
              }
            }
          },
          {
            "hash": "8a7b4f4984250a10ca27281fd639dc4566921a03",
            "messageTitle": "Add tests.",
            "messageBody": "",
            "fileTypesAndContributionMap": {
              "test-code": {
                "insertions": 36,
                "deletions": 6
              }
            }
          },
          {
            "hash": "38d07f9567a466db2ef908736483dc24b793b51f",
            "messageTitle": "Apply suggestions from code review",
            "messageBody": "",
            "fileTypesAndContributionMap": {
              "functional-code": {
                "insertions": 1,
                "deletions": 0
              },
              "test-code": {
                "insertions": 8,
                "deletions": 8
              }
            }
          }
        ]
      },
      {
        "date": "2020-10-11",
        "commitResults": [
          {
            "hash": "54c5d74563995da016944d5d78f4629b0353e185",
            "messageTitle": "Update ui",
            "messageBody": "",
            "fileTypesAndContributionMap": {
              "functional-code": {
                "insertions": 65,
                "deletions": 18
              }
            }
          }
        ]
      }
    ],
    "dextertanyj": [
      {
        "date": "2020-09-13",
        "commitResults": [
          {
            "hash": "6ac572cc37e0aafa5c35df1d6a784c2681c8ee29",
            "messageTitle": "Update README",
            "messageBody": "",
            "fileTypesAndContributionMap": {
              "docs": {
                "insertions": 2,
                "deletions": 0
              }
            }
          }
        ]
      },
      {
        "date": "2020-09-21",
        "commitResults": [
          {
            "hash": "36a8e3866bae49f52f4d4ebdad9ff01ae414da18",
            "messageTitle": "Update user guide to new context",
            "messageBody": "",
            "fileTypesAndContributionMap": {
              "docs": {
                "insertions": 64,
                "deletions": 42
              }
            }
          },
          {
            "hash": "5ec3d6fde15f775c0f1ff23b0700fbadb95bb1d1",
            "messageTitle": "Update project website landing page",
            "messageBody": "",
            "fileTypesAndContributionMap": {
              "docs": {
                "insertions": 7,
                "deletions": 8
              }
            }
          },
          {
            "hash": "b4c55c7286d33271b88aca5fb8a211a7aa2aebf5",
            "messageTitle": "Remove trailing whitespace in user guide",
            "messageBody": "",
            "fileTypesAndContributionMap": {
              "docs": {
                "insertions": 2,
                "deletions": 2
              }
            }
          },
          {
            "hash": "9a3cdb48a71042d6137cbeccd6008d71708c77b5",
            "messageTitle": "Update README with new status badges",
            "messageBody": "",
            "fileTypesAndContributionMap": {
              "docs": {
                "insertions": 2,
                "deletions": 1
              }
            }
          },
          {
            "hash": "ca00268f34792aef041d4190b25373be3189dd3e",
            "messageTitle": "Fix acknowledgements in website landing page",
            "messageBody": "",
            "fileTypesAndContributionMap": {
              "docs": {
                "insertions": 1,
                "deletions": 1
              }
            }
          }
        ]
      },
      {
        "date": "2020-09-22",
        "commitResults": [
          {
            "hash": "7991fd1923118903db04c2829519e055f185c785",
            "messageTitle": "Update about us and profile picture",
            "messageBody": "",
            "fileTypesAndContributionMap": {
              "docs": {
                "insertions": 29,
                "deletions": 4
              }
            }
          },
          {
            "hash": "fc1ad8a4ced9d43f293d4d735d3e8b5877cd84a8",
            "messageTitle": "Update developer guide use cases",
            "messageBody": "",
            "fileTypesAndContributionMap": {
              "docs": {
                "insertions": 77,
                "deletions": 21
              }
            }
          },
          {
            "hash": "ffff52c3f867bab5fdd5909ebef733d9f5ea3bb3",
            "messageTitle": "Fix trailing whitespaces",
            "messageBody": "",
            "fileTypesAndContributionMap": {
              "docs": {
                "insertions": 19,
                "deletions": 19
              }
            }
          },
          {
            "hash": "5c3e4147f73d1afccf9e772b2f0f0299b38c9a32",
            "messageTitle": "Apply suggestions from code review",
            "messageBody": "Co-authored-by: ruixuantan \u003c54806910+ruixuantan@users.noreply.github.com\u003e",
            "fileTypesAndContributionMap": {
              "docs": {
                "insertions": 2,
                "deletions": 2
              }
            }
          },
          {
            "hash": "322ace217bae778ab280d50de65fe6f7bc560349",
            "messageTitle": "Fix missing statement in use case",
            "messageBody": "",
            "fileTypesAndContributionMap": {
              "docs": {
                "insertions": 2,
                "deletions": 0
              }
            }
          }
        ]
      },
      {
        "date": "2020-09-25",
        "commitResults": [
          {
            "hash": "3aa9c5c3f6bad5ba14edbd417aafa9fbea8ad608",
            "messageTitle": "Implement basic model for ModuleClass",
            "messageBody": "",
            "fileTypesAndContributionMap": {
              "functional-code": {
                "insertions": 325,
                "deletions": 21
              },
              "other": {
                "insertions": 3,
                "deletions": 3
              },
              "test-code": {
                "insertions": 457,
                "deletions": 31
              }
            }
          },
          {
            "hash": "38958b31731cb7dd152d563deaae257b41d724ed",
            "messageTitle": "Integrate UniqueModuleClassList into Model",
            "messageBody": "",
            "fileTypesAndContributionMap": {
              "functional-code": {
                "insertions": 76,
                "deletions": 0
              },
              "test-code": {
                "insertions": 53,
                "deletions": 0
              }
            }
          },
          {
            "hash": "e02bbcf2e6c8b2d3c40c483804e4c6664fcf5ba6",
            "messageTitle": "Update JavaDocs for UniqueModuleClassList",
            "messageBody": "",
            "fileTypesAndContributionMap": {
              "functional-code": {
                "insertions": 38,
                "deletions": 21
              }
            }
          },
          {
            "hash": "64928746e1e9270d3e7a97ebba06d01097fc2bfa",
            "messageTitle": "Add more test cases for model",
            "messageBody": "",
            "fileTypesAndContributionMap": {
              "test-code": {
                "insertions": 116,
                "deletions": 5
              }
            }
          },
          {
            "hash": "300b7942029645e8bcc502bfd0a28934ff703acb",
            "messageTitle": "Apply suggestions from code review",
            "messageBody": "Co-authored-by: samlsm \u003csamlsm2803@gmail.com\u003e\nCo-authored-by: junlong4321 \u003c65804451+junlong4321@users.noreply.github.com\u003e",
            "fileTypesAndContributionMap": {
              "functional-code": {
                "insertions": 2,
                "deletions": 3
              },
              "test-code": {
                "insertions": 6,
                "deletions": 6
              }
            }
          },
          {
            "hash": "07594faac5dfb7fda299aa36dc0ba2ce9b2554bd",
            "messageTitle": "Fix JavaDoc and spacing issues",
            "messageBody": "",
            "fileTypesAndContributionMap": {
              "functional-code": {
                "insertions": 12,
                "deletions": 9
              }
            }
          }
        ]
      },
      {
        "date": "2020-09-26",
        "commitResults": [
          {
            "hash": "2d501a823a36650009f35018b1b481c31d64f6c7",
            "messageTitle": "Implement add-class command and parser",
            "messageBody": "",
            "fileTypesAndContributionMap": {
              "functional-code": {
                "insertions": 107,
                "deletions": 1
              }
            }
          },
          {
            "hash": "74d7ebb5e2b9283570b6dec9cbd3c3b8aa0b0256",
            "messageTitle": "Add tests for add-class command and parser",
            "messageBody": "",
            "fileTypesAndContributionMap": {
              "functional-code": {
                "insertions": 6,
                "deletions": 6
              },
              "test-code": {
                "insertions": 336,
                "deletions": 118
              }
            }
          },
          {
            "hash": "31751cd4924d47bdbfd20390e133e980583476cf",
            "messageTitle": "Add test for new parser case",
            "messageBody": "",
            "fileTypesAndContributionMap": {
              "test-code": {
                "insertions": 38,
                "deletions": 0
              }
            }
          },
          {
            "hash": "7d10be19a722f1f2d5566853b8e6c7f655f8973a",
            "messageTitle": "Apply suggestions from code review",
            "messageBody": "Co-authored-by: ypinhsuan \u003c58677983+ypinhsuan@users.noreply.github.com\u003e",
            "fileTypesAndContributionMap": {
              "functional-code": {
                "insertions": 2,
                "deletions": 2
              }
            }
          }
        ]
      },
      {
        "date": "2020-09-27",
        "commitResults": [
          {
            "hash": "5deebd72e3abc22b0481be113935d339b3842693",
            "messageTitle": "Add delete-class command and parser",
            "messageBody": "",
            "fileTypesAndContributionMap": {
              "functional-code": {
                "insertions": 82,
                "deletions": 0
              }
            }
          },
          {
            "hash": "2d960fcfb17779bb17316a219c998d59dbabad96",
            "messageTitle": "Add tests for delete-class command and parser",
            "messageBody": "",
            "fileTypesAndContributionMap": {
              "test-code": {
                "insertions": 149,
                "deletions": 8
              }
            }
          },
          {
            "hash": "52490972b040bf84ffc661354663f8365595c958",
            "messageTitle": "Add test for new parser case",
            "messageBody": "",
            "fileTypesAndContributionMap": {
              "test-code": {
                "insertions": 9,
                "deletions": 1
              }
            }
          },
          {
            "hash": "c181d6e7b476fa25a5da1025bdce992d2ab17a42",
            "messageTitle": "Fix JavaDoc full stops",
            "messageBody": "",
            "fileTypesAndContributionMap": {
              "functional-code": {
                "insertions": 8,
                "deletions": 8
              }
            }
          },
          {
            "hash": "76b0b4d0f1fb1fbb22b03f5c356001c3de07c2da",
            "messageTitle": "Apply suggestions from code review",
            "messageBody": "Co-authored-by: ruixuantan \u003c54806910+ruixuantan@users.noreply.github.com\u003e\n",
            "fileTypesAndContributionMap": {
              "functional-code": {
                "insertions": 1,
                "deletions": 1
              },
              "test-code": {
                "insertions": 5,
                "deletions": 5
              }
            }
          },
          {
            "hash": "b09bf3f3ba1661a5d41029b1089defcde920394d",
            "messageTitle": "Apply suggestions from code review",
            "messageBody": "Co-authored-by: samlsm \u003csamlsm2803@gmail.com\u003e\n",
            "fileTypesAndContributionMap": {
              "test-code": {
                "insertions": 1,
                "deletions": 0
              }
            }
          },
          {
            "hash": "cde71c22315ad2f33de0b2ffc69e5d481bef3aa4",
            "messageTitle": "Fix new checkstyle errors",
            "messageBody": "",
            "fileTypesAndContributionMap": {
              "functional-code": {
                "insertions": 17,
                "deletions": 45
              }
            }
          },
          {
            "hash": "23e9259f674246a531bd8188bbdb891b34612e18",
            "messageTitle": "Fix checkstyle errors in tests",
            "messageBody": "",
            "fileTypesAndContributionMap": {
              "test-code": {
                "insertions": 21,
                "deletions": 27
              }
            }
          },
          {
            "hash": "4059997857d69680104515158505d7dfe9edb09b",
            "messageTitle": "Resolve code review suggestions",
            "messageBody": "",
            "fileTypesAndContributionMap": {
              "functional-code": {
                "insertions": 4,
                "deletions": 0
              }
            }
          },
          {
            "hash": "0f0dc8a6581cd20866db89df8219a03ca9a8ab99",
            "messageTitle": "Improve tests for ModelManager",
            "messageBody": "",
            "fileTypesAndContributionMap": {
              "test-code": {
                "insertions": 57,
                "deletions": 48
              }
            }
          },
          {
            "hash": "29b2b646d1456c2da61d7823264a9352aaa97cf8",
            "messageTitle": "Improve model test coverage",
            "messageBody": "",
            "fileTypesAndContributionMap": {
              "test-code": {
                "insertions": 100,
                "deletions": 4
              }
            }
          },
          {
            "hash": "48fecaedb60f72df5074787732bf1d86c971540b",
            "messageTitle": "Fix test names",
            "messageBody": "",
            "fileTypesAndContributionMap": {
              "test-code": {
                "insertions": 2,
                "deletions": 2
              }
            }
          },
          {
            "hash": "7408dc8924161468bc0c368e276e4ba2b6407776",
            "messageTitle": "Add hashCode tests",
            "messageBody": "",
            "fileTypesAndContributionMap": {
              "test-code": {
                "insertions": 54,
                "deletions": 0
              }
            }
          },
          {
            "hash": "77381e6bb86272f276599386bffa70b9ac805e24",
            "messageTitle": "Allow spaces in tag names",
            "messageBody": "",
            "fileTypesAndContributionMap": {
              "functional-code": {
                "insertions": 3,
                "deletions": 2
              }
            }
          }
        ]
      },
      {
        "date": "2020-09-29",
        "commitResults": [
          {
            "hash": "faf4461063105882d12f58dd394b877beefa80c1",
            "messageTitle": "Refactor name to use generics",
            "messageBody": "",
            "fileTypesAndContributionMap": {
              "functional-code": {
                "insertions": 50,
                "deletions": 39
              },
              "test-code": {
                "insertions": 108,
                "deletions": 180
              }
            }
          },
          {
            "hash": "7c006a619aa1f498aafe7c113a5f2c290ff9c5ee",
            "messageTitle": "Remove student name predicate",
            "messageBody": "",
            "fileTypesAndContributionMap": {
              "functional-code": {
                "insertions": 0,
                "deletions": 33
              }
            }
          },
          {
            "hash": "21bb9fcd73d1097a8c77d51bcec4e0260f806616",
            "messageTitle": "Refactor name package",
            "messageBody": "",
            "fileTypesAndContributionMap": {
              "functional-code": {
                "insertions": 13,
                "deletions": 13
              },
              "other": {
                "insertions": 5,
                "deletions": 5
              },
              "test-code": {
                "insertions": 16,
                "deletions": 16
              }
            }
          },
          {
            "hash": "e6b13400d915bd8de4de2e94d334e801b8b0821f",
            "messageTitle": "Reorganize packages",
            "messageBody": "",
            "fileTypesAndContributionMap": {
              "functional-code": {
                "insertions": 9,
                "deletions": 9
              },
              "other": {
                "insertions": 2,
                "deletions": 2
              },
              "test-code": {
                "insertions": 6,
                "deletions": 6
              }
            }
          },
          {
            "hash": "5c5bdeeff9e6f53973ac60760ee2105817f4d18d",
            "messageTitle": "Resolve suggestions from code review",
            "messageBody": "",
            "fileTypesAndContributionMap": {
              "functional-code": {
                "insertions": 5,
                "deletions": 5
              },
              "test-code": {
                "insertions": 7,
                "deletions": 7
              }
            }
          },
          {
            "hash": "ce8d1b6123acbbee4e06826e358593974120df59",
            "messageTitle": "Fix ModuleClass test names",
            "messageBody": "",
            "fileTypesAndContributionMap": {
              "test-code": {
                "insertions": 16,
                "deletions": 16
              }
            }
          },
          {
            "hash": "d2a6038e8f8bb9c91b0ec8cc0b40ba6a95c2fda3",
            "messageTitle": "Update comments",
            "messageBody": "",
            "fileTypesAndContributionMap": {
              "test-code": {
                "insertions": 3,
                "deletions": 3
              }
            }
          },
          {
            "hash": "3829029679b414ffbb9bf58bed602a59a96ec35b",
            "messageTitle": "Fix UI window resizing bug",
            "messageBody": "",
            "fileTypesAndContributionMap": {
              "functional-code": {
                "insertions": 2,
                "deletions": 3
              }
            }
          },
          {
            "hash": "d3d7da697e7d658ddec38ed0e83796bef94a746e",
            "messageTitle": "Fix window vertical grow",
            "messageBody": "",
            "fileTypesAndContributionMap": {
              "functional-code": {
                "insertions": 1,
                "deletions": 1
              }
            }
          },
          {
            "hash": "b862dd813a8130b2d8ac74367647367a79a176dd",
            "messageTitle": "Add class student count display",
            "messageBody": "",
            "fileTypesAndContributionMap": {
              "functional-code": {
                "insertions": 9,
                "deletions": 2
              }
            }
          },
          {
            "hash": "d8d0ed8430a8a4fd8047f2ab8a4d70bc5ab55e22",
            "messageTitle": "Fix fxml line length",
            "messageBody": "",
            "fileTypesAndContributionMap": {
              "functional-code": {
                "insertions": 2,
                "deletions": 1
              }
            }
          }
        ]
      },
      {
        "date": "2020-09-30",
        "commitResults": [
          {
            "hash": "c305113e5c4555cabd888a4698a0ef0c39869d54",
            "messageTitle": "Implement link command",
            "messageBody": "",
            "fileTypesAndContributionMap": {
              "functional-code": {
                "insertions": 242,
                "deletions": 1
              },
              "test-code": {
                "insertions": 472,
                "deletions": 34
              }
            }
          },
          {
            "hash": "7401d96a8f763dc4ff01a2d0ea1ff9ddbbeec506",
            "messageTitle": "Patch ModuleClass equals test",
            "messageBody": "",
            "fileTypesAndContributionMap": {
              "test-code": {
                "insertions": 7,
                "deletions": 8
              }
            }
          },
          {
            "hash": "45b7c64be69581ce8535583dff8428f27811115b",
            "messageTitle": "Resolve suggestions from code review",
            "messageBody": "",
            "fileTypesAndContributionMap": {
              "test-code": {
                "insertions": 4,
                "deletions": 4
              }
            }
          },
          {
            "hash": "58e135b175daba81a00f85fc673050e87bc971fa",
            "messageTitle": "Add tests for multiple link indexes",
            "messageBody": "",
            "fileTypesAndContributionMap": {
              "test-code": {
                "insertions": 7,
                "deletions": 0
              }
            }
          }
        ]
      },
      {
        "date": "2020-10-01",
        "commitResults": [
          {
            "hash": "ca6fa3f7b9c549ad35ec7615b34749f0e9b63bca",
            "messageTitle": "Add support for list students in class",
            "messageBody": "",
            "fileTypesAndContributionMap": {
              "functional-code": {
                "insertions": 109,
                "deletions": 4
              },
              "test-code": {
                "insertions": 143,
                "deletions": 7
              }
            }
          },
          {
            "hash": "6879c07bef1be8af8ccec77b93b9002b0e226f0c",
            "messageTitle": "Fix bug in test suite method",
            "messageBody": "",
            "fileTypesAndContributionMap": {
              "test-code": {
                "insertions": 2,
                "deletions": 6
              }
            }
          },
          {
            "hash": "85491438cd30b77a57c0cbfb2a5226b327a0fff4",
            "messageTitle": "Add missing JavaDocs",
            "messageBody": "",
            "fileTypesAndContributionMap": {
              "functional-code": {
                "insertions": 10,
                "deletions": 1
              }
            }
          },
          {
            "hash": "2519e5db0dffc1568d086765c4a75c1fc78fdacc",
            "messageTitle": "Fix ListCommand tests",
            "messageBody": "",
            "fileTypesAndContributionMap": {
              "test-code": {
                "insertions": 4,
                "deletions": 4
              }
            }
          },
          {
            "hash": "3c83114d88200096b5bda443a8f8f5fd78c1b3d0",
            "messageTitle": "Refactor list student command",
            "messageBody": "",
            "fileTypesAndContributionMap": {
              "functional-code": {
                "insertions": 63,
                "deletions": 67
              },
              "test-code": {
                "insertions": 144,
                "deletions": 90
              }
            }
          },
          {
            "hash": "5e40bbacda963f1d8a91bd3a81fd75418ae2d824",
            "messageTitle": "Update JavaDocs",
            "messageBody": "",
            "fileTypesAndContributionMap": {
              "functional-code": {
                "insertions": 4,
                "deletions": 1
              }
            }
          },
          {
            "hash": "198730f2c118d688b813c23be9dcd468b003d927",
            "messageTitle": "Apply suggestions from code review",
            "messageBody": "",
            "fileTypesAndContributionMap": {
              "test-code": {
                "insertions": 2,
                "deletions": 4
              }
            }
          }
        ]
      },
      {
        "date": "2020-10-04",
        "commitResults": [
          {
            "hash": "7b49254df50e650a2d88777397fcb80a278d4047",
            "messageTitle": "Implement unlink command",
            "messageBody": "",
            "fileTypesAndContributionMap": {
              "functional-code": {
                "insertions": 159,
                "deletions": 0
              },
              "test-code": {
                "insertions": 263,
                "deletions": 0
              }
            }
          },
          {
            "hash": "7da76f16114a262bfedceb8324440a5cbfbdd8e1",
            "messageTitle": "Refactor link and unlink tests",
            "messageBody": "",
            "fileTypesAndContributionMap": {
              "test-code": {
                "insertions": 46,
                "deletions": 30
              }
            }
          }
        ]
      },
      {
        "date": "2020-10-11",
        "commitResults": [
          {
            "hash": "6b400e11436154d360be780ccaa9459fa21330e2",
            "messageTitle": "Implement undo and redo commands",
            "messageBody": "",
            "fileTypesAndContributionMap": {
              "functional-code": {
                "insertions": 249,
                "deletions": 17
              }
            }
          },
          {
            "hash": "a82b39345fe31814f6fdd163c797662d4f121075",
            "messageTitle": "Add commit call to undoable commands",
            "messageBody": "",
            "fileTypesAndContributionMap": {
              "functional-code": {
                "insertions": 51,
                "deletions": 9
              }
            }
          },
          {
            "hash": "57be9766a32829d1d6aadb56cc928a38409846a2",
            "messageTitle": "Add tests",
            "messageBody": "",
            "fileTypesAndContributionMap": {
              "test-code": {
                "insertions": 402,
                "deletions": 18
              }
            }
          },
          {
            "hash": "e26d8ef2b45f6bf69df7f975bd563887d864ae1f",
            "messageTitle": "Add view history command",
            "messageBody": "",
            "fileTypesAndContributionMap": {
              "functional-code": {
                "insertions": 131,
                "deletions": 27
              },
              "test-code": {
                "insertions": 6,
                "deletions": 0
              }
            }
          },
          {
            "hash": "9ae0deec20bd0e23efac2ed779f55dbdc0e59ae9",
            "messageTitle": "Add tests for view history",
            "messageBody": "",
            "fileTypesAndContributionMap": {
              "functional-code": {
                "insertions": 20,
                "deletions": 15
              },
              "test-code": {
                "insertions": 176,
                "deletions": 0
              }
            }
          },
          {
            "hash": "72cffadf413bae4178d753b7f9c1d34289c6a6d6",
            "messageTitle": "Fix comments",
            "messageBody": "",
            "fileTypesAndContributionMap": {
              "functional-code": {
                "insertions": 10,
                "deletions": 10
              }
            }
          },
          {
            "hash": "730edff6f35ccda42092ea9ec5f844d670f1a4e5",
            "messageTitle": "Update reset as undoable command",
            "messageBody": "",
            "fileTypesAndContributionMap": {
              "functional-code": {
                "insertions": 1,
                "deletions": 0
              },
              "test-code": {
                "insertions": 2,
                "deletions": 0
              }
            }
          },
          {
            "hash": "0af812fed0b1ed6e941f30751f45e8c7f2da4a98",
            "messageTitle": "Fix coding style violations",
            "messageBody": "",
            "fileTypesAndContributionMap": {
              "functional-code": {
                "insertions": 5,
                "deletions": 7
              },
              "test-code": {
                "insertions": 7,
                "deletions": 8
              }
            }
          }
        ]
      },
      {
        "date": "2020-10-12",
        "commitResults": [
          {
            "hash": "d2092e9c252c527eba9bbf15e4aa6bd475ce43ce",
            "messageTitle": "Refactor view history message creation",
            "messageBody": "",
            "fileTypesAndContributionMap": {
              "functional-code": {
                "insertions": 10,
                "deletions": 5
              }
            }
          }
        ]
      }
    ],
    "ruixuantan": [
      {
        "date": "2020-09-21",
        "commitResults": [
          {
            "hash": "d0df78d8150cedd6a0007fd78c0ee67760f189db",
            "messageTitle": "Update dev guide",
            "messageBody": "",
            "fileTypesAndContributionMap": {
              "docs": {
                "insertions": 103,
                "deletions": 21
              }
            }
          },
          {
            "hash": "73025839aae37dd67848535dfde1814f6fc9b2ad",
            "messageTitle": "Change apostrophe character from unicode to ascii",
            "messageBody": "",
            "fileTypesAndContributionMap": {
              "docs": {
                "insertions": 7,
                "deletions": 7
              }
            }
          },
          {
            "hash": "5a43986f1830f5e7398a78aca9bc4ac2ca107776",
            "messageTitle": "Improve dev guide on review",
            "messageBody": "",
            "fileTypesAndContributionMap": {
              "docs": {
                "insertions": 5,
                "deletions": 5
              }
            }
          }
        ]
      },
      {
        "date": "2020-09-22",
        "commitResults": [
          {
            "hash": "3d21e1a32e7c2ef742713809fc298753a1edb09f",
            "messageTitle": "Update user guide",
            "messageBody": "",
            "fileTypesAndContributionMap": {
              "docs": {
                "insertions": 14,
                "deletions": 0
              }
            }
          },
          {
            "hash": "48f5273620e90ac656592c028456510fbe5ba1f8",
            "messageTitle": "Update AboutUs",
            "messageBody": "",
            "fileTypesAndContributionMap": {
              "docs": {
                "insertions": 49,
                "deletions": 3
              }
            }
          },
          {
            "hash": "8a060bfd03192e22a5af0611fe4f7a38ff69deee",
            "messageTitle": "Apply suggestions from code review",
            "messageBody": "Co-authored-by: Dexter Tan \u003cdev@dextertanyj.com\u003e",
            "fileTypesAndContributionMap": {
              "docs": {
                "insertions": 1,
                "deletions": 1
              }
            }
          },
          {
            "hash": "d7a4ad33aa53eb010b57bd90f548e9056bcc2d59",
            "messageTitle": "Apply suggestions from code review",
            "messageBody": "Co-authored-by: Dexter Tan \u003cdev@dextertanyj.com\u003e",
            "fileTypesAndContributionMap": {
              "docs": {
                "insertions": 3,
                "deletions": 2
              }
            }
          }
        ]
      },
      {
        "date": "2020-09-23",
        "commitResults": [
          {
            "hash": "b4043540f24353b05de0e1fd87ea8fac76420aa8",
            "messageTitle": "Remove address field",
            "messageBody": "",
            "fileTypesAndContributionMap": {
              "functional-code": {
                "insertions": 10,
                "deletions": 131
              },
              "test-code": {
                "insertions": 55,
                "deletions": 205
              }
            }
          },
          {
            "hash": "a3a9cce34c92a2d34fcc217fa9202dacb71bd367",
            "messageTitle": "Remove address display in UI",
            "messageBody": "",
            "fileTypesAndContributionMap": {
              "functional-code": {
                "insertions": 1,
                "deletions": 9
              }
            }
          },
          {
            "hash": "dd7197b57435b4bb5edcb90e1e00907b0c174095",
            "messageTitle": "Remove address test cases",
            "messageBody": "",
            "fileTypesAndContributionMap": {
              "test-code": {
                "insertions": 0,
                "deletions": 7
              }
            }
          },
          {
            "hash": "08bcfe45f0540ce25eed4031ac2af3e9171aeae1",
            "messageTitle": "Remove unnecessary instances of address",
            "messageBody": "",
            "fileTypesAndContributionMap": {
              "functional-code": {
                "insertions": 0,
                "deletions": 2
              },
              "test-code": {
                "insertions": 5,
                "deletions": 7
              }
            }
          },
          {
            "hash": "1a19bdb12ae975d1e2d615588e4d1183925b6cf2",
            "messageTitle": "Remove whitespaces before commas",
            "messageBody": "",
            "fileTypesAndContributionMap": {
              "test-code": {
                "insertions": 3,
                "deletions": 3
              }
            }
          }
        ]
      },
      {
        "date": "2020-09-24",
        "commitResults": [
          {
            "hash": "04cf5ca87e402fd75a67eb7d0fbd6ac8e2823a00",
            "messageTitle": "Change occurences of Phone to Telegram",
            "messageBody": "",
            "fileTypesAndContributionMap": {
              "functional-code": {
                "insertions": 75,
                "deletions": 71
              },
              "other": {
                "insertions": 14,
                "deletions": 15
              },
              "docs": {
                "insertions": 2,
                "deletions": 2
              },
              "test-code": {
                "insertions": 420,
                "deletions": 97
              }
            }
          },
          {
            "hash": "40f72ac33c93a3ae6b9bbdf0df3114be4a85fbca",
            "messageTitle": "Change telegram prefix",
            "messageBody": "",
            "fileTypesAndContributionMap": {
              "functional-code": {
                "insertions": 2,
                "deletions": 2
              },
              "test-code": {
                "insertions": 0,
                "deletions": 1
              }
            }
          },
          {
            "hash": "d66541430ab9ce50efd20a36bfa7428b0da2d886",
            "messageTitle": "Update telegram validation regex",
            "messageBody": "",
            "fileTypesAndContributionMap": {
              "functional-code": {
                "insertions": 3,
                "deletions": 2
              },
              "other": {
                "insertions": 5,
                "deletions": 0
              },
              "test-code": {
                "insertions": 42,
                "deletions": 31
              }
            }
          },
          {
            "hash": "375a3d7236126b35c480d9b2c61465dfef2d1f86",
            "messageTitle": "Fix checkstyle errors",
            "messageBody": "",
            "fileTypesAndContributionMap": {
              "functional-code": {
                "insertions": 8,
                "deletions": 7
              },
              "test-code": {
                "insertions": 103,
                "deletions": 21
              }
            }
          },
          {
            "hash": "7473c56834ab904358351f0504553c79421f87a9",
            "messageTitle": "Update telegram display in UI",
            "messageBody": "",
            "fileTypesAndContributionMap": {
              "functional-code": {
                "insertions": 3,
                "deletions": 9
              }
            }
          },
          {
            "hash": "4d9d57e0d445e638f2652c396fb98d76e825a0bb",
            "messageTitle": "Change telegram variables to strings",
            "messageBody": "",
            "fileTypesAndContributionMap": {
              "functional-code": {
                "insertions": 14,
                "deletions": 14
              }
            }
          },
          {
            "hash": "0731525d7e1de4399a62cee8866384286988bccb",
            "messageTitle": "Fix rebase issues",
            "messageBody": "",
            "fileTypesAndContributionMap": {
              "functional-code": {
                "insertions": 1,
                "deletions": 1
              },
              "test-code": {
                "insertions": 61,
                "deletions": 392
              }
            }
          },
          {
            "hash": "67708b6befce4c5eb9f20c451f3679b9ce9ac1c6",
            "messageTitle": "Fix checkstyle issues",
            "messageBody": "",
            "fileTypesAndContributionMap": {
              "functional-code": {
                "insertions": 4,
                "deletions": 4
              },
              "test-code": {
                "insertions": 21,
                "deletions": 19
              }
            }
          }
        ]
      },
      {
        "date": "2020-09-26",
        "commitResults": [
          {
            "hash": "d6867d512c2cedf011e4335e8cb1237d7f8a2d02",
            "messageTitle": "Remove parameterized testing",
            "messageBody": "",
            "fileTypesAndContributionMap": {
              "other": {
                "insertions": 0,
                "deletions": 4
              },
              "test-code": {
                "insertions": 18,
                "deletions": 31
              }
            }
          },
          {
            "hash": "f11da4b41286ac7e4091b4a2f8d0f0e218e95701",
            "messageTitle": "Fix checkstyle issue",
            "messageBody": "",
            "fileTypesAndContributionMap": {
              "test-code": {
                "insertions": 3,
                "deletions": 2
              }
            }
          },
          {
            "hash": "188166c9e2ff8b5b6b28d97fff5bc7f30a7c5eff",
            "messageTitle": "Apply suggestions from code review",
            "messageBody": "",
            "fileTypesAndContributionMap": {
              "functional-code": {
                "insertions": 7,
                "deletions": 7
              },
              "test-code": {
                "insertions": 3,
                "deletions": 77
              }
            }
          },
          {
            "hash": "bc7b721ea597c2302b3c8426a800b272fa75e5f6",
            "messageTitle": "Update UserGuide telegram username",
            "messageBody": "",
            "fileTypesAndContributionMap": {
              "docs": {
                "insertions": 9,
                "deletions": 9
              }
            }
          },
          {
            "hash": "f68c35a84fb86f46a474db8d4c0acbd386cbd44c",
            "messageTitle": "Apply suggestions from code review",
            "messageBody": "",
            "fileTypesAndContributionMap": {
              "functional-code": {
                "insertions": 3,
                "deletions": 0
              }
            }
          }
        ]
      },
      {
        "date": "2020-09-29",
        "commitResults": [
          {
            "hash": "081a15f7ddd109f26da613c9ed07926029ae8744",
            "messageTitle": "Update UserGuide and DeveloperGuide",
            "messageBody": "",
            "fileTypesAndContributionMap": {
              "docs": {
                "insertions": 31,
                "deletions": 14
              }
            }
          },
          {
            "hash": "df221242e8e818d9b5aaed8b6f464a4db1996a91",
            "messageTitle": "Add list-class functionality",
            "messageBody": "",
            "fileTypesAndContributionMap": {
              "functional-code": {
                "insertions": 27,
                "deletions": 0
              }
            }
          },
          {
            "hash": "8cdc9c61d2af4f70bdb123c2725ac29214163733",
            "messageTitle": "Refactor ListCommand to ListStudentCommand",
            "messageBody": "",
            "fileTypesAndContributionMap": {
              "functional-code": {
                "insertions": 3,
                "deletions": 3
              },
              "other": {
                "insertions": 7,
                "deletions": 11
              },
              "docs": {
                "insertions": 3,
                "deletions": 3
              },
              "test-code": {
                "insertions": 6,
                "deletions": 6
              }
            }
          },
          {
            "hash": "815fcea120f938a37a55c84ac1a376da21162373",
            "messageTitle": "Add tests for ListModuleClassCommand",
            "messageBody": "",
            "fileTypesAndContributionMap": {
              "test-code": {
                "insertions": 52,
                "deletions": 3
              }
            }
          },
          {
            "hash": "965ba2965d532e59d0d45f170d86c40772e3d2b7",
            "messageTitle": "Fix checkstyle issues",
            "messageBody": "",
            "fileTypesAndContributionMap": {
              "functional-code": {
                "insertions": 4,
                "deletions": 3
              }
            }
          },
          {
            "hash": "35e569adc5b07f9d8c4ab722e3af13643eda817b",
            "messageTitle": "Remove all instances of ListCommand",
            "messageBody": "",
            "fileTypesAndContributionMap": {
              "test-code": {
                "insertions": 2,
                "deletions": 2
              }
            }
          },
          {
            "hash": "68016644ff19b1a010737efd0ece6a9cfd7dd369",
            "messageTitle": "Improve order of parsing switch statement",
            "messageBody": "",
            "fileTypesAndContributionMap": {
              "functional-code": {
                "insertions": 9,
                "deletions": 6
              }
            }
          }
        ]
      },
      {
        "date": "2020-10-03",
        "commitResults": [
          {
            "hash": "1ed191b833c3c8241d0866d1863cc2b38b87ae46",
            "messageTitle": "Add methods to remove all students",
            "messageBody": "",
            "fileTypesAndContributionMap": {
              "functional-code": {
                "insertions": 31,
                "deletions": 0
              },
              "test-code": {
                "insertions": 48,
                "deletions": 0
              }
            }
          },
          {
            "hash": "c0506b9f174e61c6a8571d8e46f8cf390cc472c8",
            "messageTitle": "Update ClearStudentCommand",
            "messageBody": "",
            "fileTypesAndContributionMap": {
              "functional-code": {
                "insertions": 1,
                "deletions": 2
              },
              "test-code": {
                "insertions": 13,
                "deletions": 2
              }
            }
          },
          {
            "hash": "9ed2e343ee6212bf40d33b39864d30a46574bf48",
            "messageTitle": "Fix checkstyle issue",
            "messageBody": "",
            "fileTypesAndContributionMap": {
              "functional-code": {
                "insertions": 0,
                "deletions": 1
              },
              "test-code": {
                "insertions": 0,
                "deletions": 1
              }
            }
          }
        ]
      },
      {
        "date": "2020-10-04",
        "commitResults": [
          {
            "hash": "b8864b75e3721ca3d05617a89c6170babbbf02b1",
            "messageTitle": "Apply suggestions from code review",
            "messageBody": "Co-authored-by: Dexter Tan \u003cdev@dextertanyj.com\u003e",
            "fileTypesAndContributionMap": {
              "functional-code": {
                "insertions": 4,
                "deletions": 4
              }
            }
          },
          {
            "hash": "c40fa80be1e8acac832d46f9f7fbee9fb06d5a54",
            "messageTitle": "TutorsPet class rename remove to delete",
            "messageBody": "",
            "fileTypesAndContributionMap": {
              "functional-code": {
                "insertions": 10,
                "deletions": 10
              },
              "test-code": {
                "insertions": 13,
                "deletions": 13
              }
            }
          }
        ]
      },
      {
        "date": "2020-10-05",
        "commitResults": [
          {
            "hash": "e30f30495da59aae4291359c183365084e9ceaed",
            "messageTitle": "Complete monochrome ui",
            "messageBody": "",
            "fileTypesAndContributionMap": {
              "functional-code": {
                "insertions": 4,
                "deletions": 4
              }
            }
          },
          {
            "hash": "f8ff006f7192d8c2b3e62c786dc8aa1ad46f57b8",
            "messageTitle": "Complete PastelTheme",
            "messageBody": "",
            "fileTypesAndContributionMap": {
              "functional-code": {
                "insertions": 1,
                "deletions": 1
              }
            }
          }
        ]
      },
      {
        "date": "2020-10-06",
        "commitResults": [
          {
            "hash": "6bb685b2a232d6dcade1bd3439f4cc5051cced68",
            "messageTitle": "Add green theme",
            "messageBody": "",
            "fileTypesAndContributionMap": {
              "functional-code": {
                "insertions": 1,
                "deletions": 1
              }
            }
          },
          {
            "hash": "69b3942fad913a31de042af5ec262a2871f481cb",
            "messageTitle": "Update delete student functionality",
            "messageBody": "",
            "fileTypesAndContributionMap": {
              "functional-code": {
                "insertions": 25,
                "deletions": 0
              },
              "test-code": {
                "insertions": 91,
                "deletions": 2
              }
            }
          },
          {
            "hash": "ad2e768f7c2cd658e82cc28420f09a973fb09484",
            "messageTitle": "Fix checkstyle issue",
            "messageBody": "",
            "fileTypesAndContributionMap": {
              "test-code": {
                "insertions": 0,
                "deletions": 2
              }
            }
          },
          {
            "hash": "36e1b7c715fbce6c8277dbd216f09443b2def137",
            "messageTitle": "Apply suggestions from code review",
            "messageBody": "Co-authored-by: junlong4321 \u003c65804451+junlong4321@users.noreply.github.com\u003e",
            "fileTypesAndContributionMap": {
              "functional-code": {
                "insertions": 2,
                "deletions": 3
              },
              "test-code": {
                "insertions": 1,
                "deletions": 1
              }
            }
          },
          {
            "hash": "48893a17c03ebe6061b1c4288cb8294434fa1dd2",
            "messageTitle": "Update suggestion",
            "messageBody": "Co-authored-by: junlong4321 \u003c65804451+junlong4321@users.noreply.github.com\u003e",
            "fileTypesAndContributionMap": {
              "functional-code": {
                "insertions": 0,
                "deletions": 1
              }
            }
          },
          {
            "hash": "3ae0ab7360d8434e5945a0a054028cfbaae419ef",
            "messageTitle": "TutorsPet class: rename key to student and moduleClass",
            "messageBody": "",
            "fileTypesAndContributionMap": {
              "functional-code": {
                "insertions": 11,
                "deletions": 10
              }
            }
          },
          {
            "hash": "59c26d220d14f48134621f8d565bc74c3057db2d",
            "messageTitle": "Improve TutorsPetTest",
            "messageBody": "",
            "fileTypesAndContributionMap": {
              "test-code": {
                "insertions": 3,
                "deletions": 3
              }
            }
          }
        ]
      },
      {
        "date": "2020-10-07",
        "commitResults": [
          {
            "hash": "ba3358d8e7feba297a21ad7ee78b29e5b3da703e",
            "messageTitle": "Complete green theme",
            "messageBody": "",
            "fileTypesAndContributionMap": {
              "functional-code": {
                "insertions": 1,
                "deletions": 1
              }
            }
          },
          {
            "hash": "9218ce565b3c6f2d9ebda5f158006740dd649037",
            "messageTitle": "Add toggle theme feature",
            "messageBody": "",
            "fileTypesAndContributionMap": {
              "functional-code": {
                "insertions": 54,
                "deletions": 0
              }
            }
          },
          {
            "hash": "66afe4c55bdafdad9b28a3f82eea694a5d4e9395",
            "messageTitle": "Complete DarkTheme",
            "messageBody": "",
            "fileTypesAndContributionMap": {
              "functional-code": {
                "insertions": 1,
                "deletions": 1
              }
            }
          },
          {
            "hash": "3694146b9908d209062470d75557a03efc9508b2",
            "messageTitle": "Add toggle theme feature",
            "messageBody": "",
            "fileTypesAndContributionMap": {
              "functional-code": {
                "insertions": 3,
                "deletions": 3
              }
            }
          },
          {
            "hash": "ed084e6b07f3258b3e1b92c5a5aa43c62e101b06",
            "messageTitle": "Fix stylesheet loading bugs",
            "messageBody": "",
            "fileTypesAndContributionMap": {
              "functional-code": {
                "insertions": 3,
                "deletions": 1
              }
            }
          },
          {
            "hash": "7169f48c141b0a334e6c70b765a4f27dd587b1bd",
            "messageTitle": "Fix checkstyle issue",
            "messageBody": "",
            "fileTypesAndContributionMap": {
              "functional-code": {
                "insertions": 0,
                "deletions": 3
              }
            }
          }
        ]
      },
      {
        "date": "2020-10-12",
        "commitResults": [
          {
            "hash": "a8b5d5556d2c494903127bfea032a269e717e8b9",
            "messageTitle": "Extract out css styles in MainWindow",
            "messageBody": "",
            "fileTypesAndContributionMap": {
              "functional-code": {
                "insertions": 12,
                "deletions": 31
              }
            }
          },
          {
            "hash": "cd132095620bd65f239165ef6295321bebd1cdc7",
            "messageTitle": "Improve style sheets",
            "messageBody": "",
            "fileTypesAndContributionMap": {
              "functional-code": {
                "insertions": 9,
                "deletions": 19
              }
            }
          },
          {
            "hash": "22466c1922d9681f783c88e11c3265b1125605fb",
            "messageTitle": "Fix checkstyle issues",
            "messageBody": "",
            "fileTypesAndContributionMap": {
              "docs": {
                "insertions": 2,
                "deletions": 2
              }
            }
          },
          {
            "hash": "c688ccb97acb000b35fc3b77463c42a1007f762e",
            "messageTitle": "Handle stylesheets do not exist cases",
            "messageBody": "",
            "fileTypesAndContributionMap": {
              "functional-code": {
                "insertions": 54,
                "deletions": 20
              },
              "test-code": {
                "insertions": 46,
                "deletions": 0
              }
            }
          }
        ]
      }
    ],
    "ypinhsuan": [
      {
        "date": "2020-09-22",
        "commitResults": [
          {
            "hash": "db32235e5570e0eb4ce5b72bd4d8261d566a25ad",
            "messageTitle": "Add use cases",
            "messageBody": "",
            "fileTypesAndContributionMap": {
              "docs": {
                "insertions": 45,
                "deletions": 0
              }
            }
          },
          {
            "hash": "1013a0313f56fc05acf4d87602ea8387783ca5ff",
            "messageTitle": "Change command format to include -student",
            "messageBody": "",
            "fileTypesAndContributionMap": {
              "docs": {
                "insertions": 45,
                "deletions": 27
              }
            }
          },
          {
            "hash": "32f328e1e1643dd08cc0e09ba7c481ca2a4bb5e4",
            "messageTitle": "Add full stops to all use cases",
            "messageBody": "",
            "fileTypesAndContributionMap": {
              "docs": {
                "insertions": 25,
                "deletions": 25
              }
            }
          },
          {
            "hash": "b34bdcbaae1b235b4f61aeebb162bf6fe907bee8",
            "messageTitle": "Update example for edit student",
            "messageBody": "",
            "fileTypesAndContributionMap": {
              "docs": {
                "insertions": 1,
                "deletions": 1
              }
            }
          },
          {
            "hash": "7872e1c1197a52b143974678939f98232c0c86e4",
            "messageTitle": "Add spacing",
            "messageBody": "",
            "fileTypesAndContributionMap": {
              "docs": {
                "insertions": 1,
                "deletions": 1
              }
            }
          },
          {
            "hash": "f2e41aac3adffb0aa771a0acac97b7e6f5b61ed2",
            "messageTitle": "Update AboutUs",
            "messageBody": "",
            "fileTypesAndContributionMap": {
              "docs": {
                "insertions": 0,
                "deletions": 0
              }
            }
          },
          {
            "hash": "a89301c87e05db0a4da94f3ec224bace684d6172",
            "messageTitle": "Update AboutUs",
            "messageBody": "",
            "fileTypesAndContributionMap": {
              "docs": {
                "insertions": 25,
                "deletions": 3
              }
            }
          }
        ]
      },
      {
        "date": "2020-09-23",
        "commitResults": [
          {
            "hash": "5a13721e28a6bfdc616d019a465be5a898f359f5",
            "messageTitle": "Fix some problems in UG and DG",
            "messageBody": "",
            "fileTypesAndContributionMap": {
              "docs": {
                "insertions": 12,
                "deletions": 24
              }
            }
          },
          {
            "hash": "3ed37e01f7b2393fb92ed5ad177f3a03740b2c41",
            "messageTitle": "Update User Guide to reduce ambiguity. Update roles in About Us.",
            "messageBody": "",
            "fileTypesAndContributionMap": {
              "docs": {
                "insertions": 3,
                "deletions": 1
              }
            }
          },
          {
            "hash": "74c1843c24c9ebb68547750e04f53e4bc9c5bb9a",
            "messageTitle": "Rename AddressBook to TutorsPet",
            "messageBody": "",
            "fileTypesAndContributionMap": {
              "functional-code": {
                "insertions": 182,
                "deletions": 181
              },
              "other": {
                "insertions": 112,
                "deletions": 112
              },
              "test-code": {
                "insertions": 85,
                "deletions": 85
              }
            }
          },
          {
            "hash": "7d0b393dbb6b9e2e62fea185ee65f1aba0b50cce",
            "messageTitle": "Rename person to student",
            "messageBody": "",
            "fileTypesAndContributionMap": {
              "functional-code": {
                "insertions": 431,
                "deletions": 429
              },
              "other": {
                "insertions": 181,
                "deletions": 180
              },
              "test-code": {
                "insertions": 737,
                "deletions": 734
              }
            }
          },
          {
            "hash": "f835503c7ff6dea221bace2b790d18b1651d94a1",
            "messageTitle": "Edit comments",
            "messageBody": "",
            "fileTypesAndContributionMap": {
              "functional-code": {
                "insertions": 16,
                "deletions": 16
              },
              "test-code": {
                "insertions": 11,
                "deletions": 11
              }
            }
          },
          {
            "hash": "5cb01407977b6db8177f8ceec9aa4795896a8c50",
            "messageTitle": "Rename addressBook and person in test",
            "messageBody": "",
            "fileTypesAndContributionMap": {
              "test-code": {
                "insertions": 2,
                "deletions": 2
              }
            }
          },
          {
            "hash": "2c91cfc3a151082466616849257529e2e7a44969",
            "messageTitle": "Rename files and methods",
            "messageBody": "",
            "fileTypesAndContributionMap": {
              "test-code": {
                "insertions": 95,
                "deletions": 95
              }
            }
          },
          {
            "hash": "1ce1caf6e4cc4cf0927ae0e7740ec9d12555cb2b",
            "messageTitle": "Rename tags to more student-tutor relationship",
            "messageBody": "",
            "fileTypesAndContributionMap": {
              "functional-code": {
                "insertions": 11,
                "deletions": 11
              },
              "test-code": {
                "insertions": 69,
                "deletions": 68
              }
            }
          }
        ]
      },
      {
        "date": "2020-09-24",
        "commitResults": [
          {
            "hash": "1b3e839bc09fe6e51b9909d4104640ff5c3ac197",
            "messageTitle": "Remove imports not used",
            "messageBody": "",
            "fileTypesAndContributionMap": {
              "test-code": {
                "insertions": 0,
                "deletions": 1
              }
            }
          },
          {
            "hash": "a38fe0b1fa4395e52392dede69c9909b0893d38e",
            "messageTitle": "Delete Address class",
            "messageBody": "",
            "fileTypesAndContributionMap": {
              "functional-code": {
                "insertions": 0,
                "deletions": 57
              }
            }
          },
          {
            "hash": "2bbd1c8a5bddc38daaba1d0da00f91d9e381122b",
            "messageTitle": "Rename student related commands and parser",
            "messageBody": "",
            "fileTypesAndContributionMap": {
              "functional-code": {
                "insertions": 15,
                "deletions": 15
              },
              "other": {
                "insertions": 186,
                "deletions": 179
              },
              "test-code": {
                "insertions": 34,
                "deletions": 34
              }
            }
          }
        ]
      },
      {
        "date": "2020-09-25",
        "commitResults": [
          {
            "hash": "713496e5852861c1e2d7dbdc4a23716e8a375619",
            "messageTitle": "Rename test cases",
            "messageBody": "",
            "fileTypesAndContributionMap": {
              "functional-code": {
                "insertions": 1,
                "deletions": 1
              },
              "test-code": {
                "insertions": 16,
                "deletions": 16
              }
            }
          }
        ]
      },
      {
        "date": "2020-09-30",
        "commitResults": [
          {
            "hash": "39a460dc504e0cbe98e25c4926f19c759de424c4",
            "messageTitle": "Add ListCommand to list all students and classes",
            "messageBody": "",
            "fileTypesAndContributionMap": {
              "functional-code": {
                "insertions": 29,
                "deletions": 0
              },
              "test-code": {
                "insertions": 57,
                "deletions": 0
              }
            }
          },
          {
            "hash": "8293bb9c4b939f3c8b497df75556e38544aa2b26",
            "messageTitle": "Update UG and DG",
            "messageBody": "",
            "fileTypesAndContributionMap": {
              "functional-code": {
                "insertions": 3,
                "deletions": 3
              },
              "docs": {
                "insertions": 29,
                "deletions": 12
              }
            }
          },
          {
            "hash": "e0e6faf9dfafbc7f0dd112c50e9f7590fcc64b81",
            "messageTitle": "Apply suggestions from review",
            "messageBody": "",
            "fileTypesAndContributionMap": {
              "functional-code": {
                "insertions": 3,
                "deletions": 3
              },
              "docs": {
                "insertions": 46,
                "deletions": 48
              },
              "test-code": {
                "insertions": 40,
                "deletions": 40
              }
            }
          },
          {
            "hash": "320adb303c76d9f949bc7e3a204dcda9eb936db4",
            "messageTitle": "Delete trailing whitespace",
            "messageBody": "",
            "fileTypesAndContributionMap": {
              "test-code": {
                "insertions": 1,
                "deletions": 1
              }
            }
          }
        ]
      },
      {
        "date": "2020-10-05",
        "commitResults": [
          {
            "hash": "a9ea70ba3abe5c9e0dfa422d36dc52990915cc2d",
            "messageTitle": "Fix the issue of tag colour too light",
            "messageBody": "",
            "fileTypesAndContributionMap": {
              "functional-code": {
                "insertions": 37,
                "deletions": 25
              }
            }
          },
          {
            "hash": "79b038465baa8b3f50fe8de96f82e885744da601",
            "messageTitle": "Remove magic number",
            "messageBody": "",
            "fileTypesAndContributionMap": {
              "functional-code": {
                "insertions": 3,
                "deletions": 2
              }
            }
          },
          {
            "hash": "03340bda736e76004f8d95740e1ec10009a5625d",
            "messageTitle": "Apply suggestions from review",
            "messageBody": "",
            "fileTypesAndContributionMap": {
              "functional-code": {
                "insertions": 10,
                "deletions": 10
              },
              "other": {
                "insertions": 3,
                "deletions": 3
              }
            }
          },
          {
            "hash": "185f2501cd98dfaa1b2a70e8d4c5938211e86c13",
            "messageTitle": "Rename colour to color",
            "messageBody": "",
            "fileTypesAndContributionMap": {
              "functional-code": {
                "insertions": 3,
                "deletions": 3
              }
            }
          }
        ]
      },
      {
        "date": "2020-10-07",
        "commitResults": [
          {
            "hash": "aedb9c67bb800dd0fc245124b3e9d2263501a7f8",
            "messageTitle": "Add ResetCommand",
            "messageBody": "",
            "fileTypesAndContributionMap": {
              "functional-code": {
                "insertions": 26,
                "deletions": 0
              },
              "test-code": {
                "insertions": 48,
                "deletions": 7
              }
            }
          },
          {
            "hash": "2c3e2bd385a0c63df428e3c3be95aee0ed11d6a1",
            "messageTitle": "Update UG",
            "messageBody": "",
            "fileTypesAndContributionMap": {
              "docs": {
                "insertions": 7,
                "deletions": 0
              }
            }
          }
        ]
      }
    ],
    "junlong4321": [
      {
        "date": "2020-09-22",
        "commitResults": [
          {
            "hash": "0590ad7a44ace379631d0c42739e08913ed1dcc3",
            "messageTitle": "Update the User Guide with \"clear class\" and \u0027list students\u0027 commands, and make minor changes to existing items in User Guide",
            "messageBody": "",
            "fileTypesAndContributionMap": {
              "docs": {
                "insertions": 42,
                "deletions": 22
              }
            }
          },
          {
            "hash": "1fbb54658d65d89f3c588c769d12537ddbf44fe3",
            "messageTitle": "Correct errors in User Guide",
            "messageBody": "",
            "fileTypesAndContributionMap": {
              "docs": {
                "insertions": 16,
                "deletions": 19
              }
            }
          },
          {
            "hash": "490f8dd1222b6b40f33fe495435e9c1664716496",
            "messageTitle": "Clean up User Guide and update team information in AboutUs",
            "messageBody": "",
            "fileTypesAndContributionMap": {
              "docs": {
                "insertions": 72,
                "deletions": 21
              }
            }
          },
          {
            "hash": "4a5cc2dd05d657c53ed4b1b2c8afb507ab8c3d6a",
            "messageTitle": "Remove redundant tag and add missing dash line in User Guide",
            "messageBody": "",
            "fileTypesAndContributionMap": {
              "docs": {
                "insertions": 2,
                "deletions": 2
              }
            }
          },
          {
            "hash": "278d6944b47a11734ea65aaec366b15b1531e6a4",
            "messageTitle": "Amend User Guide in accordance to PR comments",
            "messageBody": "",
            "fileTypesAndContributionMap": {
              "docs": {
                "insertions": 8,
                "deletions": 8
              }
            }
          },
          {
            "hash": "f2c708f23d45e90aa5e8c18c13852131b9dbf7b4",
            "messageTitle": "Amend typo in User Guide",
            "messageBody": "",
            "fileTypesAndContributionMap": {
              "docs": {
                "insertions": 4,
                "deletions": 4
              }
            }
          }
        ]
      },
      {
        "date": "2020-09-23",
        "commitResults": [
          {
            "hash": "2472115820f66b6bb1ff794eb72b2c8cf6bac27e",
            "messageTitle": "Standardize command structure in User Guide",
            "messageBody": "",
            "fileTypesAndContributionMap": {
              "docs": {
                "insertions": 52,
                "deletions": 50
              }
            }
          },
          {
            "hash": "ad8829c3fc4d6b454f198c78efd0aca149e75aac",
            "messageTitle": "Reformat use cases ordering, add summary table + (clear + find) use cases",
            "messageBody": "",
            "fileTypesAndContributionMap": {
              "docs": {
                "insertions": 137,
                "deletions": 54
              }
            }
          },
          {
            "hash": "7e1b4e086d24a6ecd79470d171ea8ffd3ef6ec3c",
            "messageTitle": "Update personal portfolio page and remove trailing white spaces",
            "messageBody": "",
            "fileTypesAndContributionMap": {
              "docs": {
                "insertions": 26,
                "deletions": 47
              }
            }
          },
          {
            "hash": "8dd4f80e8d32857f31f8403f766cf8b84e075868",
            "messageTitle": "Fix misaligned table fence issue",
            "messageBody": "",
            "fileTypesAndContributionMap": {
              "docs": {
                "insertions": 18,
                "deletions": 18
              }
            }
          },
          {
            "hash": "5807dac3fed1580baa6a5bbbabb258027a6b2587",
            "messageTitle": "Update PR in response to reviewers\u0027 feedback",
            "messageBody": "",
            "fileTypesAndContributionMap": {
              "docs": {
                "insertions": 24,
                "deletions": 24
              }
            }
          },
          {
            "hash": "f62ef950e12c46bdce18134847ca62468f5c1757",
            "messageTitle": "Update PR in response to reviewers\u0027 feedback",
            "messageBody": "",
            "fileTypesAndContributionMap": {
              "docs": {
                "insertions": 9,
                "deletions": 9
              }
            }
          }
        ]
      },
      {
        "date": "2020-09-25",
        "commitResults": [
          {
            "hash": "aecf0b4ff64b63681f322839582da75f6116ef90",
            "messageTitle": "Introduce UUID field to Student class",
            "messageBody": "",
            "fileTypesAndContributionMap": {
              "functional-code": {
                "insertions": 31,
                "deletions": 3
              },
              "test-code": {
                "insertions": 5,
                "deletions": 1
              }
            }
          },
          {
            "hash": "574b703c9f79f2224381aa873773992c43e08190",
            "messageTitle": "Add forgottened getUuid() method in EditCommand",
            "messageBody": "",
            "fileTypesAndContributionMap": {
              "functional-code": {
                "insertions": 5,
                "deletions": 1
              }
            }
          },
          {
            "hash": "aa7580219bef88769314b7ecdf3da1a1980ca6f2",
            "messageTitle": "Add back accidentally removed white space",
            "messageBody": "",
            "fileTypesAndContributionMap": {
              "functional-code": {
                "insertions": 1,
                "deletions": 0
              }
            }
          },
          {
            "hash": "e2e61c10e6085a7ca6b2d9d9f2de2be8adb5f6ab",
            "messageTitle": "Serialize student uuid into json format",
            "messageBody": "",
            "fileTypesAndContributionMap": {
              "functional-code": {
                "insertions": 10,
                "deletions": 2
              },
              "test-code": {
                "insertions": 11,
                "deletions": 7
              }
            }
          },
          {
            "hash": "0961f351d06a4d2f0c8427f539325d1aa3d77e9b",
            "messageTitle": "Rectify import checkstyle error",
            "messageBody": "",
            "fileTypesAndContributionMap": {
              "functional-code": {
                "insertions": 1,
                "deletions": 1
              }
            }
          },
          {
            "hash": "bd427b26207b6130f811b47e341f94632e04865d",
            "messageTitle": "Update PR in response to comments",
            "messageBody": "",
            "fileTypesAndContributionMap": {
              "functional-code": {
                "insertions": 2,
                "deletions": 12
              },
              "test-code": {
                "insertions": 24,
                "deletions": 8
              }
            }
          }
        ]
      },
      {
        "date": "2020-09-26",
        "commitResults": [
          {
            "hash": "6eae92e24cbf1ec28eba7254280b4d9c47dadc17",
            "messageTitle": "Remove sneaky boi",
            "messageBody": "",
            "fileTypesAndContributionMap": {
              "functional-code": {
                "insertions": 0,
                "deletions": 1
              }
            }
          },
          {
            "hash": "daf09e71f7cf2bd417818c094038665b0d1f9e53",
            "messageTitle": "Add test to check for null UUID",
            "messageBody": "",
            "fileTypesAndContributionMap": {
              "functional-code": {
                "insertions": 3,
                "deletions": 0
              },
              "test-code": {
                "insertions": 8,
                "deletions": 0
              }
            }
          },
          {
            "hash": "fb529a1df71a659ff494c304d0b936ff7df2ec94",
            "messageTitle": "Rename null uuid test case",
            "messageBody": "",
            "fileTypesAndContributionMap": {
              "test-code": {
                "insertions": 1,
                "deletions": 1
              }
            }
          }
        ]
      },
      {
        "date": "2020-09-27",
        "commitResults": [
          {
            "hash": "2fedc3dc356e36f8d79e6fa7a7a8063ea8a2cbbe",
            "messageTitle": "Implement storage for moduleClass",
            "messageBody": "",
            "fileTypesAndContributionMap": {
              "functional-code": {
                "insertions": 142,
                "deletions": 2
              },
              "test-code": {
                "insertions": 54,
                "deletions": 4
              }
            }
          },
          {
            "hash": "0697edc63a47311a8813e3588c22164fa7e56fa7",
            "messageTitle": "Add test cases for ModuleClass storage",
            "messageBody": "",
            "fileTypesAndContributionMap": {
              "functional-code": {
                "insertions": 0,
                "deletions": 2
              },
              "test-code": {
                "insertions": 32,
                "deletions": 7
              }
            }
          },
          {
            "hash": "d565e410047572bf92b7962d8c7c119bbf675f0f",
            "messageTitle": "Add missing empty line after class declaration",
            "messageBody": "",
            "fileTypesAndContributionMap": {
              "functional-code": {
                "insertions": 1,
                "deletions": 0
              }
            }
          },
          {
            "hash": "780e561a2031bdbfde966b1f4562160ebf290096",
            "messageTitle": "Add missing empty line after class declaration",
            "messageBody": "",
            "fileTypesAndContributionMap": {
              "test-code": {
                "insertions": 1,
                "deletions": 0
              }
            }
          }
        ]
      },
      {
        "date": "2020-09-28",
        "commitResults": [
          {
            "hash": "86236b53c1f634240631869cf4cc78f347f1463e",
            "messageTitle": "Rectify PR according to review comments",
            "messageBody": "",
            "fileTypesAndContributionMap": {
              "functional-code": {
                "insertions": 72,
                "deletions": 36
              },
              "test-code": {
                "insertions": 51,
                "deletions": 33
              }
            }
          },
          {
            "hash": "378662fb5c03729b375d2c60662b867520dfff99",
            "messageTitle": "Add more test cases for moduleClass storage",
            "messageBody": "",
            "fileTypesAndContributionMap": {
              "functional-code": {
                "insertions": 10,
                "deletions": 2
              },
              "test-code": {
                "insertions": 11,
                "deletions": 0
              }
            }
          },
          {
            "hash": "0b4972766327c51c11450d0b3aa76e5d8e67d529",
            "messageTitle": "Do minor cleanups",
            "messageBody": "",
            "fileTypesAndContributionMap": {
              "functional-code": {
                "insertions": 2,
                "deletions": 1
              },
              "test-code": {
                "insertions": 2,
                "deletions": 2
              }
            }
          }
        ]
      },
      {
        "date": "2020-09-29",
        "commitResults": [
          {
            "hash": "c2552c78af028602232020433e53a756291494fc",
            "messageTitle": "Update PR according to review comments",
            "messageBody": "",
            "fileTypesAndContributionMap": {
              "functional-code": {
                "insertions": 5,
                "deletions": 5
              },
              "test-code": {
                "insertions": 18,
                "deletions": 18
              }
            }
          }
        ]
      },
      {
        "date": "2020-09-30",
        "commitResults": [
          {
            "hash": "c46cb99b77506a7841cda320bc1739c72da97641",
            "messageTitle": "Patch field error",
            "messageBody": "",
            "fileTypesAndContributionMap": {
              "test-code": {
                "insertions": 7,
                "deletions": 7
              }
            }
          }
        ]
      },
      {
        "date": "2020-10-05",
        "commitResults": [
          {
            "hash": "494eeb1d6d042166780f0fda4a854563050dd120",
            "messageTitle": "Ensure all students in classes are found in students list, add checks for invalid/duplicate UUIDs in Students and Classes",
            "messageBody": "",
            "fileTypesAndContributionMap": {
              "functional-code": {
                "insertions": 44,
                "deletions": 1
              },
              "test-code": {
                "insertions": 81,
                "deletions": 7
              }
            }
          }
        ]
      },
      {
        "date": "2020-10-06",
        "commitResults": [
          {
            "hash": "c384733230892f721c1d858789dd96b09adcddcf",
            "messageTitle": "Update method comments and change loop logic",
            "messageBody": "",
            "fileTypesAndContributionMap": {
              "functional-code": {
                "insertions": 6,
                "deletions": 3
              },
              "test-code": {
                "insertions": 5,
                "deletions": 5
              }
            }
          },
          {
            "hash": "a6ca773b1d7e31a706a50e383416a4b9ec9f9794",
            "messageTitle": "Add spaces  to requireNonNull and requireAllNonNull guard clauses",
            "messageBody": "",
            "fileTypesAndContributionMap": {
              "functional-code": {
                "insertions": 60,
                "deletions": 0
              },
              "test-code": {
                "insertions": 8,
                "deletions": 0
              }
            }
          },
          {
            "hash": "2fc112014b1102eb007f8dd50e8f6f12877cfe98",
            "messageTitle": "Update PR according to review comments",
            "messageBody": "",
            "fileTypesAndContributionMap": {
              "functional-code": {
                "insertions": 3,
                "deletions": 4
              },
              "test-code": {
                "insertions": 3,
                "deletions": 2
              }
            }
          }
        ]
      }
    ]
  },
  "authorFileTypeContributionMap": {
    "samlsm": {
      "docs": 101,
      "functional-code": 607,
      "test-code": 681
    },
    "dextertanyj": {
      "docs": 125,
      "functional-code": 1571,
      "test-code": 2876
    },
    "ruixuantan": {
      "docs": 162,
      "functional-code": 290,
      "test-code": 421,
      "other": 1
    },
    "ypinhsuan": {
      "docs": 129,
      "functional-code": 731,
      "test-code": 1002,
      "other": 1
    },
    "junlong4321": {
      "docs": 208,
      "functional-code": 334,
      "test-code": 254
    }
  },
  "authorContributionVariance": {
    "samlsm": 33335.523,
    "dextertanyj": 76598.234,
    "ruixuantan": 39311.938,
    "ypinhsuan": 252756.61,
    "junlong4321": 6340.545
  },
  "authorDisplayNameMap": {
    "samlsm": "CS2103T-T10-4 LOW ..NTHA",
    "dextertanyj": "CS2103T-T10-4 TAN ..XTER",
    "ruixuantan": "CS2103T-T10-4 TAN ..XUAN",
    "ypinhsuan": "CS2103T-T10-4 YEN ..SUAN",
    "junlong4321": "CS2103T-T10-4 WONG..LONG"
  }
}
