{
  "authorDailyContributionsMap": {
    "w-yeehong": [
      {
        "date": "2020-09-24",
        "commitResults": [
          {
            "hash": "2880e41843168f9c33fc5f7f813529d814cc937f",
            "messageTitle": "Add DateTimeUtil to handle different date-time formats",
            "messageBody": "",
            "fileTypesAndContributionMap": {
              "functional-code": {
                "insertions": 107,
                "deletions": 0
              }
            }
          },
          {
            "hash": "08866e8abb572ccb61d9fa235e826c125874f36b",
            "messageTitle": "Add tests for DateTimeUtil::parseFirstMatching",
            "messageBody": "",
            "fileTypesAndContributionMap": {
              "test-code": {
                "insertions": 246,
                "deletions": 0
              }
            }
          },
          {
            "hash": "1dd6c914bb0d9190bd78bafef0114e48aa375aa0",
            "messageTitle": "DateTimeUtil: Update comments for parseFirstMatching(...)",
            "messageBody": "",
            "fileTypesAndContributionMap": {
              "functional-code": {
                "insertions": 1,
                "deletions": 1
              }
            }
          }
        ]
      },
      {
        "date": "2020-09-25",
        "commitResults": [
          {
            "hash": "6d43dabf85b5125543fb8ba7513feb4ccddd8640",
            "messageTitle": "DateTimeUtil: Fix typo in comments",
            "messageBody": "",
            "fileTypesAndContributionMap": {
              "functional-code": {
                "insertions": 1,
                "deletions": 1
              }
            }
          },
          {
            "hash": "ef80b9ac9052038afeb987b791096348931cbf39",
            "messageTitle": "DateTimeUtil: Replace unused date format d-M-yyyy",
            "messageBody": "The d-M-yyyy format (e.g. 30-12-2020) is not used in the application\nbecause certain fields require a hyphen. An example is the PeriodOfStay\nfield in Person, which takes a date range separated by a hyphen (e.g. 20201220-20201230).\nUsing the d-M-yyyy results in too many hyphens in these dates and may confuse the user.\n\nLet\u0027s replace the d-M-yyyy format with a more commonly used format: d MMM yyyy\n(e.g. 30 Dec 2020). Dates following this format are pleasant to read for the user.\n",
            "fileTypesAndContributionMap": {
              "functional-code": {
                "insertions": 6,
                "deletions": 6
              },
              "test-code": {
                "insertions": 26,
                "deletions": 26
              }
            }
          }
        ]
      },
      {
        "date": "2020-09-29",
        "commitResults": [
          {
            "hash": "9f7a5ce94711822885fa1e58ca689a44bc950281",
            "messageTitle": "Update index.md",
            "messageBody": "",
            "fileTypesAndContributionMap": {
              "docs": {
                "insertions": 4,
                "deletions": 7
              }
            }
          }
        ]
      },
      {
        "date": "2020-09-30",
        "commitResults": [
          {
            "hash": "de1b7a2d2b04ec8711b79b75e940537e99b3f087",
            "messageTitle": "Update AboutUs.md",
            "messageBody": "",
            "fileTypesAndContributionMap": {
              "docs": {
                "insertions": 5,
                "deletions": 6
              }
            }
          }
        ]
      }
    ],
    "LeeMingDe": [
      {
        "date": "2020-09-20",
        "commitResults": [
          {
            "hash": "a47f4c88697146802af510392cd4d946c16339d7",
            "messageTitle": "Change EditCommand to search by name",
            "messageBody": "",
            "fileTypesAndContributionMap": {
              "functional-code": {
                "insertions": 29,
                "deletions": 18
              }
            }
          },
          {
            "hash": "4ba4fc6a9e621de832b38b81f33fdc83a9ecd3c2",
            "messageTitle": "Update EditCommand to include new Prefix",
            "messageBody": "",
            "fileTypesAndContributionMap": {
              "functional-code": {
                "insertions": 90,
                "deletions": 3
              }
            }
          }
        ]
      },
      {
        "date": "2020-09-21",
        "commitResults": [
          {
            "hash": "c339e193b2653dc09a22f5adec35f0b000d95b2c",
            "messageTitle": "Update EditCommand",
            "messageBody": "Removed fields that are no longer relevant. (Email, Address, Tag)\nAdded new fields that can be edited\n(Age, Temperature, PeriodOfStay, Comment)\n",
            "fileTypesAndContributionMap": {
              "functional-code": {
                "insertions": 44,
                "deletions": 131
              }
            }
          },
          {
            "hash": "901caa6cdce7648b447a7fb4105b04040ded3788",
            "messageTitle": "Change name of some classes for better clarity",
            "messageBody": "EditCommand -\u003e EditPatientCommand\nEditCommandParser -\u003e EditPatientCommandParser\n",
            "fileTypesAndContributionMap": {
              "functional-code": {
                "insertions": 3,
                "deletions": 3
              },
              "other": {
                "insertions": 10,
                "deletions": 10
              }
            }
          }
        ]
      },
      {
        "date": "2020-09-22",
        "commitResults": [
          {
            "hash": "2dc57625d85fabc3698417d5511047f56e6bb4bc",
            "messageTitle": "Add jUnit test for EditPatientCommand",
            "messageBody": "",
            "fileTypesAndContributionMap": {
              "functional-code": {
                "insertions": 34,
                "deletions": 26
              },
              "test-code": {
                "insertions": 464,
                "deletions": 0
              }
            }
          },
          {
            "hash": "b4ee0048b0109de1418337e2f85cfb1932d21f88",
            "messageTitle": "Add Junit tests for EditCommandParser",
            "messageBody": "",
            "fileTypesAndContributionMap": {
              "functional-code": {
                "insertions": 4,
                "deletions": 1
              },
              "test-code": {
                "insertions": 83,
                "deletions": 108
              }
            }
          },
          {
            "hash": "319352754c014eeb803da7107842f546bec9f1b2",
            "messageTitle": "Remove unused imports",
            "messageBody": "",
            "fileTypesAndContributionMap": {
              "test-code": {
                "insertions": 0,
                "deletions": 7
              }
            }
          },
          {
            "hash": "06914d1524a4205b62d7ff761db29a6778c7ded3",
            "messageTitle": "Add new lines at EOF",
            "messageBody": "",
            "fileTypesAndContributionMap": {
              "test-code": {
                "insertions": 3,
                "deletions": 3
              }
            }
          },
          {
            "hash": "69c870e5006f493f87dba0883c091a8305483bdf",
            "messageTitle": "Shorten length of line",
            "messageBody": "",
            "fileTypesAndContributionMap": {
              "test-code": {
                "insertions": 22,
                "deletions": 14
              }
            }
          },
          {
            "hash": "da6b516b38e4582c8e11e65d3bdf94c9d8880fa4",
            "messageTitle": "Update COMMAND_WORD",
            "messageBody": "",
            "fileTypesAndContributionMap": {
              "functional-code": {
                "insertions": 1,
                "deletions": 1
              },
              "test-code": {
                "insertions": 1,
                "deletions": 1
              }
            }
          },
          {
            "hash": "a3074cc6a4e2c06cf1f90b617add1bf7ad5c477d",
            "messageTitle": "Refactor field names in Messages class",
            "messageBody": "",
            "fileTypesAndContributionMap": {
              "functional-code": {
                "insertions": 5,
                "deletions": 5
              },
              "test-code": {
                "insertions": 8,
                "deletions": 8
              }
            }
          },
          {
            "hash": "322dba01c752c26014aaec80fff77f87236bf1e2",
            "messageTitle": "Standardize comment format",
            "messageBody": "",
            "fileTypesAndContributionMap": {
              "test-code": {
                "insertions": 19,
                "deletions": 19
              }
            }
          }
        ]
      },
      {
        "date": "2020-09-24",
        "commitResults": [
          {
            "hash": "5887a4990f2c17394f7a1c20ca6eece2b4579b42",
            "messageTitle": "Update UserGuide.md",
            "messageBody": "",
            "fileTypesAndContributionMap": {
              "docs": {
                "insertions": 8,
                "deletions": 9
              }
            }
          },
          {
            "hash": "db4be1d4208d1f5d39bc3d1c6f892967a1026e30",
            "messageTitle": "Update Userguide.md",
            "messageBody": "",
            "fileTypesAndContributionMap": {
              "docs": {
                "insertions": 1,
                "deletions": 1
              }
            }
          }
        ]
      },
      {
        "date": "2020-09-25",
        "commitResults": [
          {
            "hash": "885466d495b613dd52210232ef45f586e088324d",
            "messageTitle": "Fix typo in Userguide.md",
            "messageBody": "",
            "fileTypesAndContributionMap": {
              "docs": {
                "insertions": 2,
                "deletions": 1
              }
            }
          }
        ]
      },
      {
        "date": "2020-09-27",
        "commitResults": [
          {
            "hash": "65d78688406b566608d4ace81a891f731e42218e",
            "messageTitle": "Update AboutUs.md",
            "messageBody": "",
            "fileTypesAndContributionMap": {
              "docs": {
                "insertions": 5,
                "deletions": 5
              }
            }
          }
        ]
      },
      {
        "date": "2020-09-29",
        "commitResults": [
          {
            "hash": "8b807e87b88948ae31602bc1fa6e27425f208626",
            "messageTitle": "Update AboutUs.md",
            "messageBody": "",
            "fileTypesAndContributionMap": {
              "docs": {
                "insertions": 1,
                "deletions": 2
              }
            }
          }
        ]
      },
      {
        "date": "2020-09-30",
        "commitResults": [
          {
            "hash": "c5b6ae221723671979667ac8d85d32e9edb5ea3d",
            "messageTitle": "Update AboutUs.md",
            "messageBody": "",
            "fileTypesAndContributionMap": {
              "docs": {
                "insertions": 1,
                "deletions": 1
              }
            }
          }
        ]
      }
    ],
    "chiamyunqing": [
      {
        "date": "2020-09-15",
        "commitResults": [
          {
            "hash": "9e9346414e65554ae0f6ce222f98cb250c14683b",
            "messageTitle": "Update README.md",
            "messageBody": "",
            "fileTypesAndContributionMap": {
              "docs": {
                "insertions": 2,
                "deletions": 0
              }
            }
          }
        ]
      },
      {
        "date": "2020-09-19",
        "commitResults": [
          {
            "hash": "be18fd67a90ff7b31e927f2e91f09dd8e98c62d1",
            "messageTitle": "Delete trace of address in commands",
            "messageBody": "",
            "fileTypesAndContributionMap": {
              "functional-code": {
                "insertions": 2,
                "deletions": 78
              },
              "test-code": {
                "insertions": 0,
                "deletions": 36
              }
            }
          },
          {
            "hash": "0ff06eab76d90fa0893837e3f706afb28c0eaa4e",
            "messageTitle": "Delete all traces of address from remaining code",
            "messageBody": "",
            "fileTypesAndContributionMap": {
              "functional-code": {
                "insertions": 15,
                "deletions": 66
              },
              "test-code": {
                "insertions": 0,
                "deletions": 10
              }
            }
          },
          {
            "hash": "c75d8fdf418af3190b37f80114776fcdd4da6e56",
            "messageTitle": "Edit and remove all trace of test codes with address field (all passed)",
            "messageBody": "",
            "fileTypesAndContributionMap": {
              "test-code": {
                "insertions": 55,
                "deletions": 168
              }
            }
          }
        ]
      },
      {
        "date": "2020-09-20",
        "commitResults": [
          {
            "hash": "c848ff6434cf97b1e10ce21a9fa14d211ae56129",
            "messageTitle": "Add temperature class and tests (passed)",
            "messageBody": "",
            "fileTypesAndContributionMap": {
              "functional-code": {
                "insertions": 51,
                "deletions": 0
              },
              "test-code": {
                "insertions": 39,
                "deletions": 0
              }
            }
          },
          {
            "hash": "dd1b6d289236bdcfbea39154a4c2b9a6677b11a6",
            "messageTitle": "Add period of stay class and tests (passed)",
            "messageBody": "",
            "fileTypesAndContributionMap": {
              "functional-code": {
                "insertions": 78,
                "deletions": 1
              },
              "test-code": {
                "insertions": 44,
                "deletions": 1
              }
            }
          },
          {
            "hash": "e556874c7506f811faab8b434b836403c63580a4",
            "messageTitle": "Add age class and tests (passed)",
            "messageBody": "",
            "fileTypesAndContributionMap": {
              "functional-code": {
                "insertions": 63,
                "deletions": 13
              },
              "test-code": {
                "insertions": 36,
                "deletions": 0
              }
            }
          },
          {
            "hash": "0a0c1ba5da9ef4bfafbf15a41a1732355636d30f",
            "messageTitle": "Update person class and parsing of person and add tests",
            "messageBody": "",
            "fileTypesAndContributionMap": {
              "functional-code": {
                "insertions": 216,
                "deletions": 25
              },
              "test-code": {
                "insertions": 301,
                "deletions": 43
              }
            }
          },
          {
            "hash": "4c65109ac08dc7580f429d4a4d1f94b461fd677f",
            "messageTitle": "Delete all edit command tests, complete the addperson feature",
            "messageBody": "",
            "fileTypesAndContributionMap": {
              "functional-code": {
                "insertions": 119,
                "deletions": 187
              },
              "other": {
                "insertions": 33,
                "deletions": 35
              },
              "test-code": {
                "insertions": 93,
                "deletions": 872
              }
            }
          }
        ]
      },
      {
        "date": "2020-09-21",
        "commitResults": [
          {
            "hash": "e646552a4c48881a41be14cdcf14930a6ac91fe7",
            "messageTitle": "Update old test cases with new data",
            "messageBody": "",
            "fileTypesAndContributionMap": {
              "test-code": {
                "insertions": 1,
                "deletions": 1
              }
            }
          },
          {
            "hash": "915c73cf68161ad2ff398976d00c347e00d772a2",
            "messageTitle": "Add more test cases for new person attributes",
            "messageBody": "",
            "fileTypesAndContributionMap": {
              "test-code": {
                "insertions": 78,
                "deletions": 11
              }
            }
          },
          {
            "hash": "2f07087b27e9242debc8d397aed811188acbc301",
            "messageTitle": "Comply with checkstyle (passed)",
            "messageBody": "",
            "fileTypesAndContributionMap": {
              "functional-code": {
                "insertions": 36,
                "deletions": 77
              },
              "test-code": {
                "insertions": 62,
                "deletions": 64
              }
            }
          },
          {
            "hash": "245cc571c651eba63bf566b3ca648a651f668c39",
            "messageTitle": "Add comment attribute to person",
            "messageBody": "",
            "fileTypesAndContributionMap": {
              "functional-code": {
                "insertions": 85,
                "deletions": 18
              },
              "test-code": {
                "insertions": 30,
                "deletions": 16
              }
            }
          },
          {
            "hash": "1fea1c3d7c0bd2358ed3072521e933e6bf29bd44",
            "messageTitle": "Update test cases for comments and comply with checkstyle (passed)",
            "messageBody": "",
            "fileTypesAndContributionMap": {
              "functional-code": {
                "insertions": 13,
                "deletions": 5
              },
              "test-code": {
                "insertions": 9,
                "deletions": 2
              }
            }
          },
          {
            "hash": "05c274f4f76a3ea85d1cce87eb0f26fb4087ed1d",
            "messageTitle": "Rename all AddPerson to AddPatient to better distinguish between patient and staff",
            "messageBody": "",
            "fileTypesAndContributionMap": {
              "functional-code": {
                "insertions": 3,
                "deletions": 7
              },
              "other": {
                "insertions": 46,
                "deletions": 46
              },
              "test-code": {
                "insertions": 8,
                "deletions": 8
              }
            }
          },
          {
            "hash": "1c6fe2561950b353afe55391c9389bafaafe545d",
            "messageTitle": "Add TODO",
            "messageBody": "",
            "fileTypesAndContributionMap": {
              "functional-code": {
                "insertions": 3,
                "deletions": 3
              }
            }
          }
        ]
      },
      {
        "date": "2020-09-23",
        "commitResults": [
          {
            "hash": "feee3aa9922d1403dc4bea57fa083bf804420005",
            "messageTitle": "Update UG for addPatient command",
            "messageBody": "",
            "fileTypesAndContributionMap": {
              "docs": {
                "insertions": 10,
                "deletions": 10
              }
            }
          },
          {
            "hash": "b88e3a25ee2f02fb519c42c3f97d2f8ba79d4d52",
            "messageTitle": "Update UserGuide.md",
            "messageBody": "",
            "fileTypesAndContributionMap": {
              "docs": {
                "insertions": 3,
                "deletions": 3
              }
            }
          },
          {
            "hash": "36c3c25ca94adb5db0764cded01e4d325d3372e7",
            "messageTitle": "Update UserGuide.md",
            "messageBody": "",
            "fileTypesAndContributionMap": {
              "docs": {
                "insertions": 5,
                "deletions": 4
              }
            }
          }
        ]
      },
      {
        "date": "2020-09-25",
        "commitResults": [
          {
            "hash": "725561ca885622cc248ffd916e4da84ba2ea0f98",
            "messageTitle": "Update README.md",
            "messageBody": "",
            "fileTypesAndContributionMap": {
              "docs": {
                "insertions": 1,
                "deletions": 1
              }
            }
          },
          {
            "hash": "7d3cd55368ad51f6048dd153d09bd980553318ef",
            "messageTitle": "Update README.md",
            "messageBody": "",
            "fileTypesAndContributionMap": {
              "docs": {
                "insertions": 1,
                "deletions": 1
              }
            }
          },
          {
            "hash": "0928292141ec8fa7ccfa1245f7befb17bad9a19c",
            "messageTitle": "Update README.md",
            "messageBody": "",
            "fileTypesAndContributionMap": {
              "docs": {
                "insertions": 5,
                "deletions": 10
              }
            }
          },
          {
            "hash": "f90a0a711b2c1b021175013850a512f0f3b129d7",
            "messageTitle": "Update README.md",
            "messageBody": "",
            "fileTypesAndContributionMap": {
              "docs": {
                "insertions": 1,
                "deletions": 1
              }
            }
          }
        ]
      },
      {
        "date": "2020-09-27",
        "commitResults": [
          {
            "hash": "c75244a093da4e2b5dd5c65d963fa5518cce2c36",
            "messageTitle": "Complete command box and bot\u0027s response UI",
            "messageBody": "",
            "fileTypesAndContributionMap": {
              "functional-code": {
                "insertions": 11,
                "deletions": 13
              }
            }
          },
          {
            "hash": "0148c52f88a0c258154c562ec87357802be141da",
            "messageTitle": "Add HBox to include Covigent logo (currently just placeholder) in app UI",
            "messageBody": "",
            "fileTypesAndContributionMap": {
              "functional-code": {
                "insertions": 17,
                "deletions": 0
              }
            }
          },
          {
            "hash": "d902d75ea8098332f56ed7d4308be7f76cdbd618",
            "messageTitle": "Complete tab feature for UI",
            "messageBody": "",
            "fileTypesAndContributionMap": {
              "functional-code": {
                "insertions": 28,
                "deletions": 7
              }
            }
          }
        ]
      },
      {
        "date": "2020-09-29",
        "commitResults": [
          {
            "hash": "3bb494a45f1cddc8e808a9839187b0f2bef1a42e",
            "messageTitle": "Update AboutUs",
            "messageBody": "",
            "fileTypesAndContributionMap": {
              "docs": {
                "insertions": 4,
                "deletions": 5
              }
            }
          },
          {
            "hash": "74ae2f02582e800cf6665de00ec2edf519d1596f",
            "messageTitle": "Update AboutUs.md",
            "messageBody": "",
            "fileTypesAndContributionMap": {
              "docs": {
                "insertions": 1,
                "deletions": 1
              }
            }
          },
          {
            "hash": "68c0aa7231ebb36935c4ba4353b3af32b0b3f806",
            "messageTitle": "Create README.md",
            "messageBody": "",
            "fileTypesAndContributionMap": {
              "docs": {
                "insertions": 11,
                "deletions": 0
              }
            }
          },
          {
            "hash": "5c2025905e78eb5629ffb01322814987b24b5a3a",
            "messageTitle": "Update README.md",
            "messageBody": "",
            "fileTypesAndContributionMap": {
              "docs": {
                "insertions": 2,
                "deletions": 2
              }
            }
          },
          {
            "hash": "080e15404da41ddd87baa89a6188c75f43cd895e",
            "messageTitle": "Remove all traces of Addressbook",
            "messageBody": "",
            "fileTypesAndContributionMap": {
              "docs": {
                "insertions": 10,
                "deletions": 85
              }
            }
          },
          {
            "hash": "7e61dde2006ba2484edc06ff8c1c9b76ebf46a4d",
            "messageTitle": "Update table of content for UG",
            "messageBody": "",
            "fileTypesAndContributionMap": {
              "docs": {
                "insertions": 24,
                "deletions": 10
              }
            }
          },
          {
            "hash": "793ceb11b5530db756b20024f8e4cd7b1e1be28b",
            "messageTitle": "Updated requirements section",
            "messageBody": "",
            "fileTypesAndContributionMap": {
              "docs": {
                "insertions": 30,
                "deletions": 28
              }
            }
          }
        ]
      }
    ],
    "raymondge": [
      {
        "date": "2020-09-25",
        "commitResults": [
          {
            "hash": "950625973f141e454b283a6a2ee84e662dfab3e1",
            "messageTitle": "Add searchPatient Command",
            "messageBody": "",
            "fileTypesAndContributionMap": {
              "functional-code": {
                "insertions": 470,
                "deletions": 38
              }
            }
          }
        ]
      },
      {
        "date": "2020-09-26",
        "commitResults": [
          {
            "hash": "02e6384b5d76bac8e86ec456508bc43993c455c9",
            "messageTitle": "add new line for search patient command",
            "messageBody": "",
            "fileTypesAndContributionMap": {
              "functional-code": {
                "insertions": 1,
                "deletions": 0
              }
            }
          },
          {
            "hash": "9c7ab3f86ce2ca6c4ca693dc964466fb3614c662",
            "messageTitle": "add new line for search patient command",
            "messageBody": "",
            "fileTypesAndContributionMap": {
              "functional-code": {
                "insertions": 2,
                "deletions": 2
              }
            }
          },
          {
            "hash": "aacfca950b066b97cf82bec78554c79a5cfcab3c",
            "messageTitle": "no message",
            "messageBody": "",
            "fileTypesAndContributionMap": {
              "test-code": {
                "insertions": 38,
                "deletions": 1
              }
            }
          },
          {
            "hash": "6d4cd45a2a615c29d19e9c2f2c471aa27d4c634d",
            "messageTitle": "checkstyle",
            "messageBody": "",
            "fileTypesAndContributionMap": {
              "functional-code": {
                "insertions": 51,
                "deletions": 44
              }
            }
          },
          {
            "hash": "54ff3ff5c350fc53f4add78b36c31b2c61ceac79",
            "messageTitle": "no message",
            "messageBody": "",
            "fileTypesAndContributionMap": {
              "functional-code": {
                "insertions": 1,
                "deletions": 1
              }
            }
          },
          {
            "hash": "c6fa342c66492c8e83b4fae2364c9f36247d9e8b",
            "messageTitle": "no message",
            "messageBody": "",
            "fileTypesAndContributionMap": {
              "functional-code": {
                "insertions": 45,
                "deletions": 45
              }
            }
          },
          {
            "hash": "e2af00eaa9679a9db38ec83883c76a386218b47c",
            "messageTitle": "no message",
            "messageBody": "",
            "fileTypesAndContributionMap": {
              "functional-code": {
                "insertions": 18,
                "deletions": 17
              }
            }
          },
          {
            "hash": "65f52d5930f07d6f580364a0c665401d96e0c506",
            "messageTitle": "no message",
            "messageBody": "",
            "fileTypesAndContributionMap": {
              "functional-code": {
                "insertions": 2,
                "deletions": 2
              }
            }
          }
        ]
      },
      {
        "date": "2020-09-29",
        "commitResults": [
          {
            "hash": "29efe64f9f666909ba5b15ff1922f055a975c410",
            "messageTitle": "change code style, make searchpatientcommand more user-friendly",
            "messageBody": "",
            "fileTypesAndContributionMap": {
              "functional-code": {
                "insertions": 74,
                "deletions": 52
              }
            }
          }
        ]
      }
    ],
    "itssodium": [
      {
        "date": "2020-09-25",
        "commitResults": [
          {
            "hash": "bf7ed8f97acaa09ebf88a0a49e39fd4eb5b20a11",
            "messageTitle": "Add V1.1-Rooms",
            "messageBody": "Add Rooms class and its respective command, parser and storage classes. Also add ways to input number of rooms if user is using it for the first time\n",
            "fileTypesAndContributionMap": {
              "functional-code": {
                "insertions": 378,
                "deletions": 10
              }
            }
          }
        ]
      },
      {
        "date": "2020-09-26",
        "commitResults": [
          {
            "hash": "639f2ccda0d4978289a97a8e9bbe6d5e2ed11acc",
            "messageTitle": "Add V1.1-Rooms",
            "messageBody": "Use checkstyle to improve code quality\n",
            "fileTypesAndContributionMap": {
              "functional-code": {
                "insertions": 50,
                "deletions": 25
              }
            }
          },
          {
            "hash": "17814c5654124a46e509ef1812671c324f73bc28",
            "messageTitle": "Add Room class",
            "messageBody": "Make checkstyle changes to the test class\n",
            "fileTypesAndContributionMap": {
              "functional-code": {
                "insertions": 1,
                "deletions": 0
              },
              "test-code": {
                "insertions": 60,
                "deletions": 25
              }
            }
          }
        ]
      },
      {
        "date": "2020-09-29",
        "commitResults": [
          {
            "hash": "65226aba59700c3f3368b08ca4fa4386dddbfcc5",
            "messageTitle": "Add Room class",
            "messageBody": "Make adjustments to code due to problems experienced while running the app once merged.\n\nAdd test case to test out code too.\n",
            "fileTypesAndContributionMap": {
              "functional-code": {
                "insertions": 188,
                "deletions": 158
              },
              "docs": {
                "insertions": 11,
                "deletions": 6
              },
              "test-code": {
                "insertions": 342,
                "deletions": 253
              }
            }
          },
          {
            "hash": "1c496d2ae6f928a42ffca238ffedbddaf8750d7b",
            "messageTitle": "Add Room Class",
            "messageBody": "Make changes to pass test cases\n",
            "fileTypesAndContributionMap": {
              "functional-code": {
                "insertions": 13,
                "deletions": 9
              },
              "test-code": {
                "insertions": 18,
                "deletions": 3
              }
            }
          },
          {
            "hash": "04e346d33c00e283b8492ed4db5e3d341cd7a06b",
            "messageTitle": "Add Room Class",
            "messageBody": "Make changes to pass test cases\n",
            "fileTypesAndContributionMap": {
              "test-code": {
                "insertions": 3,
                "deletions": 1
              }
            }
          },
          {
            "hash": "95fcb18c62b6adb2810ef626ee5c38f2740996ee",
            "messageTitle": "Add Room Class",
            "messageBody": "Ensure checkstyle passes to improve code quality.\n",
            "fileTypesAndContributionMap": {
              "functional-code": {
                "insertions": 5,
                "deletions": 1
              },
              "test-code": {
                "insertions": 1,
                "deletions": 1
              }
            }
          },
          {
            "hash": "98b25d0e3d8faabc6079387e0c4bae2d175eda8e",
            "messageTitle": "Add Room Class",
            "messageBody": "Make changes to pass test cases on git hub.\n",
            "fileTypesAndContributionMap": {
              "test-code": {
                "insertions": 3,
                "deletions": 2
              }
            }
          },
          {
            "hash": "72c761ce5d66d9f07717784660d5fd85b7e28c27",
            "messageTitle": "Make changes based on the comments given by reviewers",
            "messageBody": "",
            "fileTypesAndContributionMap": {
              "functional-code": {
                "insertions": 16,
                "deletions": 8
              },
              "test-code": {
                "insertions": 12,
                "deletions": 2
              }
            }
          },
          {
            "hash": "d013685eaaa6df28059c621db74c04e06a802c10",
            "messageTitle": "Make changes based on the comments given by reviewers",
            "messageBody": "",
            "fileTypesAndContributionMap": {
              "functional-code": {
                "insertions": 107,
                "deletions": 0
              }
            }
          },
          {
            "hash": "34eacb09d6c337ec6064f6a2f491a4152a26707a",
            "messageTitle": "Make changes based on the comments given by reviewers",
            "messageBody": "",
            "fileTypesAndContributionMap": {
              "docs": {
                "insertions": 8,
                "deletions": 11
              },
              "test-code": {
                "insertions": 246,
                "deletions": 0
              }
            }
          },
          {
            "hash": "6fbfd404a9a9a479e247f18bc0c27ffa00451219",
            "messageTitle": "Made changes to ensure checkstyle passes.",
            "messageBody": "",
            "fileTypesAndContributionMap": {
              "test-code": {
                "insertions": 12,
                "deletions": 12
              }
            }
          },
          {
            "hash": "fb7ca8467af54788ba2450c55f078b3e83adcfc3",
            "messageTitle": "Make changes according to feedback given by reviewers.",
            "messageBody": "",
            "fileTypesAndContributionMap": {
              "functional-code": {
                "insertions": 45,
                "deletions": 41
              },
              "other": {
                "insertions": 12,
                "deletions": 12
              },
              "test-code": {
                "insertions": 85,
                "deletions": 85
              }
            }
          },
          {
            "hash": "b9ee7d2e545e47e509e27b8193861c2334561f33",
            "messageTitle": "Make changes according to feedback given by reviewers",
            "messageBody": "Change addNumberOfRooms to addRooms\n",
            "fileTypesAndContributionMap": {
              "functional-code": {
                "insertions": 7,
                "deletions": 9
              },
              "other": {
                "insertions": 11,
                "deletions": 11
              },
              "test-code": {
                "insertions": 18,
                "deletions": 18
              }
            }
          },
          {
            "hash": "5f178cbafd73d8400f4a403f5848248ff0d4a8fe",
            "messageTitle": "Make changes to pass checkstyle",
            "messageBody": "",
            "fileTypesAndContributionMap": {
              "functional-code": {
                "insertions": 9,
                "deletions": 19
              }
            }
          },
          {
            "hash": "b3636c870544b3f091b6999ae5a16ca6a33cda88",
            "messageTitle": "Made changes according to comments given reviewers",
            "messageBody": "",
            "fileTypesAndContributionMap": {
              "test-code": {
                "insertions": 8,
                "deletions": 8
              }
            }
          },
          {
            "hash": "ca0b2d28518dc34f9f41cf55613b49d9308839f0",
            "messageTitle": "Made changes according to comments given reviewers",
            "messageBody": "",
            "fileTypesAndContributionMap": {
              "functional-code": {
                "insertions": 20,
                "deletions": 29
              },
              "other": {
                "insertions": 5,
                "deletions": 2
              },
              "test-code": {
                "insertions": 3,
                "deletions": 6
              }
            }
          },
          {
            "hash": "8f8f533c7e93362e957722a56af3cb5df4e97ff5",
            "messageTitle": "Make changes to pass checkstyle",
            "messageBody": "",
            "fileTypesAndContributionMap": {
              "functional-code": {
                "insertions": 0,
                "deletions": 2
              },
              "test-code": {
                "insertions": 3,
                "deletions": 3
              }
            }
          },
          {
            "hash": "fdd9ce9f630470a242d80a63ea33e5ae880b777a",
            "messageTitle": "Make changes to pass checkstyle",
            "messageBody": "",
            "fileTypesAndContributionMap": {
              "other": {
                "insertions": 0,
                "deletions": 0
              }
            }
          },
          {
            "hash": "c31f83a962ed5c0112915564db84d7e2be29c36a",
            "messageTitle": "Make changes to pass checkstyle and test cases",
            "messageBody": "",
            "fileTypesAndContributionMap": {
              "functional-code": {
                "insertions": 18,
                "deletions": 0
              }
            }
          },
          {
            "hash": "50643d339f6b13423f9e7d1fe86fd9a8b21aa9c6",
            "messageTitle": "Update AboutUs.md",
            "messageBody": "AboutUs edited.",
            "fileTypesAndContributionMap": {
              "docs": {
                "insertions": 11,
                "deletions": 11
              }
            }
          },
          {
            "hash": "8c8ffea94248397b9dd78702f0aef9b080277f0b",
            "messageTitle": "Update AboutUs.md",
            "messageBody": "Made changes to AboutUs.md",
            "fileTypesAndContributionMap": {
              "docs": {
                "insertions": 0,
                "deletions": 1
              }
            }
          },
          {
            "hash": "287311f9d1744a6e7804eed82d7a33801275eae9",
            "messageTitle": "Update UserGuide.md",
            "messageBody": "Add UserGuide for code that I am responsible for.",
            "fileTypesAndContributionMap": {
              "docs": {
                "insertions": 29,
                "deletions": 0
              }
            }
          }
        ]
      },
      {
        "date": "2020-09-30",
        "commitResults": [
          {
            "hash": "99bc800eb7d5738d4eb8038b0dcc49d361bcbf3b",
            "messageTitle": "Make changes according to review given by peers",
            "messageBody": "",
            "fileTypesAndContributionMap": {
              "functional-code": {
                "insertions": 8,
                "deletions": 7
              },
              "test-code": {
                "insertions": 32,
                "deletions": 24
              }
            }
          },
          {
            "hash": "8e224b5aca0410f35330d316c9ee708cc5149bfe",
            "messageTitle": "Make changes to pass checkstyle.",
            "messageBody": "",
            "fileTypesAndContributionMap": {
              "functional-code": {
                "insertions": 0,
                "deletions": 1
              },
              "test-code": {
                "insertions": 2,
                "deletions": 2
              }
            }
          }
        ]
      }
    ]
  },
  "authorFileTypeContributionMap": {
    "w-yeehong": {
      "docs": 9,
      "functional-code": 107,
      "test-code": 246
    },
    "LeeMingDe": {
      "docs": 14,
      "functional-code": 161,
      "test-code": 370
    },
    "chiamyunqing": {
      "docs": 88,
      "functional-code": 422,
      "test-code": 501
    },
    "raymondge": {
      "docs": 0,
      "functional-code": 483,
      "test-code": 75
    },
    "itssodium": {
      "docs": 40,
      "functional-code": 571,
      "test-code": 430
    }
  },
  "authorContributionVariance": {
    "w-yeehong": 2636.1353,
    "LeeMingDe": 15214.554,
    "chiamyunqing": 112931.6,
    "raymondge": 6871.138,
    "itssodium": 83572.92
  },
  "authorDisplayNameMap": {
    "w-yeehong": "CS2103T-W12-1 WEE ..HONG",
    "LeeMingDe": "CS2103T-W12-1 LEE ..G DE",
    "chiamyunqing": "CS2103T-W12-1 CHIA..QING",
    "raymondge": "CS2103T-W12-1 GE W.. LOK",
    "itssodium": "CS2103T-W12-1 NOOR.. H U"
  }
}
