{
  "authorDailyContributionsMap": {
    "ernestlim8": [
      {
        "date": "2020-09-20",
        "commitResults": [
          {
            "hash": "412fdfb12506851a9fbb724590bcf89612da9d2e",
            "messageTitle": "Update index.md to reflect the new project name",
            "messageBody": "",
            "fileTypesAndContributionMap": {
              "docs": {
                "insertions": 4,
                "deletions": 4
              }
            }
          }
        ]
      },
      {
        "date": "2020-09-24",
        "commitResults": [
          {
            "hash": "d25c44b3a1d532539be28a312dc523245423d499",
            "messageTitle": "Update ReadMe",
            "messageBody": "",
            "fileTypesAndContributionMap": {
              "docs": {
                "insertions": 27,
                "deletions": 10
              }
            }
          },
          {
            "hash": "771782139c8b4dd8de2dbe90bcb6e78036fe396a",
            "messageTitle": "Update ReadMe",
            "messageBody": "",
            "fileTypesAndContributionMap": {
              "docs": {
                "insertions": 1,
                "deletions": 1
              }
            }
          }
        ]
      },
      {
        "date": "2020-09-25",
        "commitResults": [
          {
            "hash": "5ad0b248a9dd4eb5123565ad2bd84834a5979634",
            "messageTitle": "Update user guide",
            "messageBody": "",
            "fileTypesAndContributionMap": {
              "docs": {
                "insertions": 6,
                "deletions": 172
              }
            }
          },
          {
            "hash": "aeff5b4bc3caf230936b29892defd68a60e7aec9",
            "messageTitle": "Update UserGuide.md",
            "messageBody": "Add actions to the command summary",
            "fileTypesAndContributionMap": {
              "docs": {
                "insertions": 3,
                "deletions": 0
              }
            }
          }
        ]
      },
      {
        "date": "2020-09-26",
        "commitResults": [
          {
            "hash": "de5497a161e9c9208325236d01c2363026d4a771",
            "messageTitle": "Update ReadMe",
            "messageBody": "",
            "fileTypesAndContributionMap": {
              "docs": {
                "insertions": 1,
                "deletions": 1
              }
            }
          }
        ]
      },
      {
        "date": "2020-09-28",
        "commitResults": [
          {
            "hash": "4c9e6ab5014fcbe796d4d92ba4d953dc930e21a4",
            "messageTitle": "Update README.md",
            "messageBody": "Update CI Status to point to SupperStrikers",
            "fileTypesAndContributionMap": {
              "docs": {
                "insertions": 1,
                "deletions": 1
              }
            }
          }
        ]
      },
      {
        "date": "2020-09-29",
        "commitResults": [
          {
            "hash": "3a5c9c8efa95d8d7c40282165d7d8d9762468325",
            "messageTitle": "Refactor AddressBook and its related model classes into MenuManager",
            "messageBody": "",
            "fileTypesAndContributionMap": {
              "functional-code": {
                "insertions": 539,
                "deletions": 4
              },
              "other": {
                "insertions": 30,
                "deletions": 0
              },
              "test-code": {
                "insertions": 52,
                "deletions": 0
              }
            }
          },
          {
            "hash": "bbe8b34b23799a6883ddfaba778cb5ba614fa5b4",
            "messageTitle": "Add JsonAdapted food for converting food into json",
            "messageBody": "",
            "fileTypesAndContributionMap": {
              "functional-code": {
                "insertions": 127,
                "deletions": 40
              },
              "test-code": {
                "insertions": 149,
                "deletions": 26
              }
            }
          }
        ]
      },
      {
        "date": "2020-09-30",
        "commitResults": [
          {
            "hash": "932f8e614a0777379d809703cbcb58ba07b71771",
            "messageTitle": "Integrate MenuManager with GUI for displaying of menu, which is loaded from FoodStorageStub",
            "messageBody": "",
            "fileTypesAndContributionMap": {
              "functional-code": {
                "insertions": 266,
                "deletions": 4
              },
              "test-code": {
                "insertions": 3,
                "deletions": 2
              }
            }
          }
        ]
      },
      {
        "date": "2020-10-01",
        "commitResults": [
          {
            "hash": "d0ffec3af2bfa0514ea72c516b7cde22c7b939d9",
            "messageTitle": "Add methods to toggle display between vendor mode and menu mode",
            "messageBody": "",
            "fileTypesAndContributionMap": {
              "functional-code": {
                "insertions": 38,
                "deletions": 22
              }
            }
          },
          {
            "hash": "6d8ac9cc3fb1111da8d718702d816509533ee965",
            "messageTitle": "Fix checkstyle issues",
            "messageBody": "",
            "fileTypesAndContributionMap": {
              "other": {
                "insertions": 2,
                "deletions": 2
              },
              "docs": {
                "insertions": 6,
                "deletions": 6
              }
            }
          }
        ]
      },
      {
        "date": "2020-10-10",
        "commitResults": [
          {
            "hash": "39de0d278f349f8c4ee87f25250de14759bab6c1",
            "messageTitle": "Add Food Tests",
            "messageBody": "",
            "fileTypesAndContributionMap": {
              "functional-code": {
                "insertions": 37,
                "deletions": 1
              },
              "test-code": {
                "insertions": 428,
                "deletions": 0
              }
            }
          }
        ]
      },
      {
        "date": "2020-10-11",
        "commitResults": [
          {
            "hash": "81034638bc1ea4ec41fcbb8247e9a15e8c2df5da",
            "messageTitle": "Add tests for Food and Menu classes",
            "messageBody": "",
            "fileTypesAndContributionMap": {
              "other": {
                "insertions": 9,
                "deletions": 7
              },
              "test-code": {
                "insertions": 192,
                "deletions": 1
              }
            }
          },
          {
            "hash": "98abf325b699d24f79f158f1fe4aa161fa6552c8",
            "messageTitle": "Fix checkstyle issues",
            "messageBody": "",
            "fileTypesAndContributionMap": {
              "functional-code": {
                "insertions": 0,
                "deletions": 10
              }
            }
          },
          {
            "hash": "5c58f1dd2411fd79ba399fe7368e40945311d57f",
            "messageTitle": "Update Model.java",
            "messageBody": "",
            "fileTypesAndContributionMap": {
              "functional-code": {
                "insertions": 1,
                "deletions": 1
              }
            }
          }
        ]
      },
      {
        "date": "2020-10-12",
        "commitResults": [
          {
            "hash": "acede2caff0ffb8ac278ce1b6cf643eb7b9a8e50",
            "messageTitle": "Implement add command",
            "messageBody": "",
            "fileTypesAndContributionMap": {
              "functional-code": {
                "insertions": 75,
                "deletions": 25
              },
              "test-code": {
                "insertions": 13,
                "deletions": 13
              }
            }
          }
        ]
      },
      {
        "date": "2020-10-13",
        "commitResults": [
          {
            "hash": "0f5c440295cf545ef8e3c7a54f431a39345fd39e",
            "messageTitle": "Modify command result and exception to be more suitable for SupperStrikers",
            "messageBody": "",
            "fileTypesAndContributionMap": {
              "functional-code": {
                "insertions": 69,
                "deletions": 42
              }
            }
          },
          {
            "hash": "cae09ad63c646e06112850da04c1d50e4a548c27",
            "messageTitle": "Fix gradle build error",
            "messageBody": "",
            "fileTypesAndContributionMap": {
              "functional-code": {
                "insertions": 2,
                "deletions": 1
              },
              "test-code": {
                "insertions": 9,
                "deletions": 8
              }
            }
          }
        ]
      },
      {
        "date": "2020-10-18",
        "commitResults": [
          {
            "hash": "2198e4cc5f9abe9fdb6531c39aaf7f9d96f96200",
            "messageTitle": "Add MenuManagerStorage and tests",
            "messageBody": "",
            "fileTypesAndContributionMap": {
              "functional-code": {
                "insertions": 193,
                "deletions": 5
              },
              "other": {
                "insertions": 10,
                "deletions": 9
              },
              "test-code": {
                "insertions": 105,
                "deletions": 0
              }
            }
          },
          {
            "hash": "0d8a56e275028e96fbcde5c1f1150252df0c84ab",
            "messageTitle": "Update duplicateFoods.json",
            "messageBody": "Fix EOF check style error.",
            "fileTypesAndContributionMap": {
              "test-code": {
                "insertions": 1,
                "deletions": 1
              }
            }
          }
        ]
      },
      {
        "date": "2020-10-19",
        "commitResults": [
          {
            "hash": "1b6237ccde13cc3a3073895931dea5a7f12c3c5d",
            "messageTitle": "Add tests for Food and AddCommandParser.",
            "messageBody": "",
            "fileTypesAndContributionMap": {
              "functional-code": {
                "insertions": 29,
                "deletions": 10
              },
              "test-code": {
                "insertions": 50,
                "deletions": 101
              }
            }
          }
        ]
      },
      {
        "date": "2020-10-20",
        "commitResults": [
          {
            "hash": "6002dd7d89a54ea169373db1ea4df249ab71bc95",
            "messageTitle": "Add VendorCommand and include vendorIndex in AddressBook",
            "messageBody": "",
            "fileTypesAndContributionMap": {
              "functional-code": {
                "insertions": 117,
                "deletions": 3
              },
              "test-code": {
                "insertions": 5,
                "deletions": 0
              }
            }
          },
          {
            "hash": "9f3c0604dcf6d4942729f285de2462b3e90b9887",
            "messageTitle": "Add tests for VendorCommand",
            "messageBody": "",
            "fileTypesAndContributionMap": {
              "functional-code": {
                "insertions": 36,
                "deletions": 20
              },
              "test-code": {
                "insertions": 113,
                "deletions": 0
              }
            }
          },
          {
            "hash": "827ff3329e328a786743050c5c362839a64f70de",
            "messageTitle": "Add VendorCommandParser",
            "messageBody": "",
            "fileTypesAndContributionMap": {
              "functional-code": {
                "insertions": 62,
                "deletions": 15
              },
              "test-code": {
                "insertions": 44,
                "deletions": 8
              }
            }
          }
        ]
      },
      {
        "date": "2020-10-21",
        "commitResults": [
          {
            "hash": "f00855709ef96ab2088c83a7b44bedd6285b9770",
            "messageTitle": "Fix bug with UI display",
            "messageBody": "",
            "fileTypesAndContributionMap": {
              "functional-code": {
                "insertions": 27,
                "deletions": 17
              }
            }
          },
          {
            "hash": "c571455ddf5c102dcb5ff0137851fe4abe40e141",
            "messageTitle": "Fix tests for commands after refactoring",
            "messageBody": "",
            "fileTypesAndContributionMap": {
              "functional-code": {
                "insertions": 20,
                "deletions": 6
              },
              "test-code": {
                "insertions": 20,
                "deletions": 9
              }
            }
          }
        ]
      },
      {
        "date": "2020-10-22",
        "commitResults": [
          {
            "hash": "ce386bf0a967b6860493d0fcc69d393c9f4e95c4",
            "messageTitle": "Improve vendor part of DG",
            "messageBody": "",
            "fileTypesAndContributionMap": {
              "docs": {
                "insertions": 33,
                "deletions": 42
              }
            }
          },
          {
            "hash": "fe49670a4ef22cb93be3fc9fec791bf0e0d2bfdb",
            "messageTitle": "Add sequence diagram for Vendor Command",
            "messageBody": "",
            "fileTypesAndContributionMap": {
              "docs": {
                "insertions": 11,
                "deletions": 1
              }
            }
          },
          {
            "hash": "c392ea394072d0b15b5dc27de452da27b14187c4",
            "messageTitle": "test vendor",
            "messageBody": "",
            "fileTypesAndContributionMap": {
              "functional-code": {
                "insertions": 2,
                "deletions": 3
              }
            }
          },
          {
            "hash": "8b5c7040173b7350fc2db3940894f85642016549",
            "messageTitle": "Fix issue with 2 instances of vendorIndex",
            "messageBody": "",
            "fileTypesAndContributionMap": {
              "functional-code": {
                "insertions": 10,
                "deletions": 10
              }
            }
          },
          {
            "hash": "01b6a9e83e6517e4198d6e426ea7e377f94ec4c4",
            "messageTitle": "fix checkstyle",
            "messageBody": "",
            "fileTypesAndContributionMap": {
              "functional-code": {
                "insertions": 8,
                "deletions": 11
              },
              "test-code": {
                "insertions": 152,
                "deletions": 154
              }
            }
          },
          {
            "hash": "f044b105d6d04a1f5489126ce49b0ed81d38c026",
            "messageTitle": "Fix VendorCommand test",
            "messageBody": "",
            "fileTypesAndContributionMap": {
              "test-code": {
                "insertions": 27,
                "deletions": 25
              }
            }
          },
          {
            "hash": "a46e72dc796547cc7a4fd4afe79bd253129bed9a",
            "messageTitle": "Fix bug with AddressBookTest",
            "messageBody": "",
            "fileTypesAndContributionMap": {
              "test-code": {
                "insertions": 130,
                "deletions": 127
              }
            }
          }
        ]
      },
      {
        "date": "2020-10-24",
        "commitResults": [
          {
            "hash": "b231c5f9d1cb6ac55248919dca393d06ddecf4cb",
            "messageTitle": "Merge menu and vendor into a single screen",
            "messageBody": "",
            "fileTypesAndContributionMap": {
              "functional-code": {
                "insertions": 21,
                "deletions": 12
              }
            }
          },
          {
            "hash": "61fee2f7d2a403af218ddc2b13abe455b7f13975",
            "messageTitle": "Update VendorCommand",
            "messageBody": "",
            "fileTypesAndContributionMap": {
              "functional-code": {
                "insertions": 30,
                "deletions": 4
              },
              "test-code": {
                "insertions": 5,
                "deletions": 5
              }
            }
          },
          {
            "hash": "f83b2743d9f99a7038971aabf41c051ed5ac7280",
            "messageTitle": "Update VendorCommand in DG",
            "messageBody": "",
            "fileTypesAndContributionMap": {
              "docs": {
                "insertions": 38,
                "deletions": 10
              }
            }
          }
        ]
      },
      {
        "date": "2020-10-25",
        "commitResults": [
          {
            "hash": "111f439b60e624ae11309d2f13e84927e6661373",
            "messageTitle": "Update DG",
            "messageBody": "",
            "fileTypesAndContributionMap": {
              "docs": {
                "insertions": 31,
                "deletions": 26
              }
            }
          },
          {
            "hash": "accdce5c346522f959130b944a33da7a5ac4be96",
            "messageTitle": "Fix bug where order is not cleared",
            "messageBody": "",
            "fileTypesAndContributionMap": {
              "functional-code": {
                "insertions": 83,
                "deletions": 76
              },
              "test-code": {
                "insertions": 12,
                "deletions": 11
              }
            }
          },
          {
            "hash": "748c949be966b36ef6ec2b7b48c831533afc1f8b",
            "messageTitle": "Add tests",
            "messageBody": "",
            "fileTypesAndContributionMap": {
              "functional-code": {
                "insertions": 6,
                "deletions": 145
              },
              "test-code": {
                "insertions": 179,
                "deletions": 46
              }
            }
          },
          {
            "hash": "1131e91633684f7ded976235e90a8c1ee9f88236",
            "messageTitle": "Improve DG for SwitchVendorCommand",
            "messageBody": "",
            "fileTypesAndContributionMap": {
              "docs": {
                "insertions": 44,
                "deletions": 2
              }
            }
          },
          {
            "hash": "9220ae2eccf16f09dc86f798d87f7d059a29c12a",
            "messageTitle": "Fix checkstyle",
            "messageBody": "",
            "fileTypesAndContributionMap": {
              "functional-code": {
                "insertions": 2,
                "deletions": 2
              },
              "test-code": {
                "insertions": 50,
                "deletions": 49
              }
            }
          },
          {
            "hash": "0d32d391ae43859feb402ca290eeebe7f565052e",
            "messageTitle": "fix gradle error",
            "messageBody": "",
            "fileTypesAndContributionMap": {
              "functional-code": {
                "insertions": 7,
                "deletions": 0
              }
            }
          }
        ]
      },
      {
        "date": "2020-10-26",
        "commitResults": [
          {
            "hash": "ad95f2e2a4af91e0fad84ea1fbed2cf2cc193d31",
            "messageTitle": "Update Developer Guide",
            "messageBody": "",
            "fileTypesAndContributionMap": {
              "docs": {
                "insertions": 45,
                "deletions": 33
              }
            }
          },
          {
            "hash": "6ef5a1bcc05d9a924a30b690c877b1d85f95a1e9",
            "messageTitle": "Add VendorCommand tests",
            "messageBody": "",
            "fileTypesAndContributionMap": {
              "test-code": {
                "insertions": 30,
                "deletions": 7
              }
            }
          },
          {
            "hash": "464d92834e75fa28c448b59f01523ad25122be07",
            "messageTitle": "Refactor commands and their tests",
            "messageBody": "",
            "fileTypesAndContributionMap": {
              "functional-code": {
                "insertions": 66,
                "deletions": 9
              },
              "test-code": {
                "insertions": 18,
                "deletions": 5
              }
            }
          },
          {
            "hash": "b80893f12cd2c882662e6c1571c91857143f6814",
            "messageTitle": "Fix checkstyle",
            "messageBody": "",
            "fileTypesAndContributionMap": {
              "test-code": {
                "insertions": 0,
                "deletions": 1
              }
            }
          },
          {
            "hash": "503d8ac2cc2d735137507d08873d278b3f909694",
            "messageTitle": "Remove isVendor boolean from CommandResult",
            "messageBody": "",
            "fileTypesAndContributionMap": {
              "functional-code": {
                "insertions": 60,
                "deletions": 30
              },
              "test-code": {
                "insertions": 3,
                "deletions": 9
              }
            }
          },
          {
            "hash": "17449aa6af2ca8d4ea09f3aa4ab56e8a76574310",
            "messageTitle": "Add preset command",
            "messageBody": "",
            "fileTypesAndContributionMap": {
              "functional-code": {
                "insertions": 125,
                "deletions": 95
              },
              "other": {
                "insertions": 13,
                "deletions": 0
              },
              "test-code": {
                "insertions": 5,
                "deletions": 2
              }
            }
          },
          {
            "hash": "da6c93eda8397f8253f95a8f42913a59cb895aa2",
            "messageTitle": "Implement store for preset",
            "messageBody": "",
            "fileTypesAndContributionMap": {
              "functional-code": {
                "insertions": 73,
                "deletions": 37
              },
              "other": {
                "insertions": 3,
                "deletions": 8
              }
            }
          }
        ]
      },
      {
        "date": "2020-10-27",
        "commitResults": [
          {
            "hash": "b040565e8e11b3921757f96f5cc132c307b8fe86",
            "messageTitle": "fix preset read from file",
            "messageBody": "",
            "fileTypesAndContributionMap": {
              "functional-code": {
                "insertions": 3,
                "deletions": 2
              },
              "other": {
                "insertions": 8,
                "deletions": 3
              }
            }
          },
          {
            "hash": "17886087828faf59770db40fc1c19ea93d861cd4",
            "messageTitle": "prepare for merge changes",
            "messageBody": "",
            "fileTypesAndContributionMap": {
              "functional-code": {
                "insertions": 25,
                "deletions": 7
              },
              "other": {
                "insertions": 11,
                "deletions": 11
              }
            }
          },
          {
            "hash": "6405c439632562c814b1513f2a4b37eeab9bc656",
            "messageTitle": "Fix read specific preset",
            "messageBody": "",
            "fileTypesAndContributionMap": {
              "functional-code": {
                "insertions": 38,
                "deletions": 47
              },
              "other": {
                "insertions": 16,
                "deletions": 11
              }
            }
          },
          {
            "hash": "97ef558c509638a64b74e444bd10e878bc9c98d5",
            "messageTitle": "Update load preset",
            "messageBody": "",
            "fileTypesAndContributionMap": {
              "functional-code": {
                "insertions": 9,
                "deletions": 2
              }
            }
          },
          {
            "hash": "d591c10225386de24aed48165c8ca39927ef119e",
            "messageTitle": "Update load preset command",
            "messageBody": "",
            "fileTypesAndContributionMap": {
              "functional-code": {
                "insertions": 13,
                "deletions": 5
              },
              "other": {
                "insertions": 35,
                "deletions": 2
              }
            }
          },
          {
            "hash": "89306241e09238da54c1473fde47032a96545c39",
            "messageTitle": "Fix preset save with overwriting",
            "messageBody": "",
            "fileTypesAndContributionMap": {
              "functional-code": {
                "insertions": 24,
                "deletions": 42
              },
              "other": {
                "insertions": 12,
                "deletions": 53
              }
            }
          }
        ]
      },
      {
        "date": "2020-10-28",
        "commitResults": [
          {
            "hash": "739b1574876b6fee6d6f366701ca5c503d1c7a12",
            "messageTitle": "Update vendor command in UG",
            "messageBody": "",
            "fileTypesAndContributionMap": {
              "docs": {
                "insertions": 10,
                "deletions": 10
              }
            }
          },
          {
            "hash": "b995e2aaa34c3345ac941b79b94fdcb997d6cae2",
            "messageTitle": "Update UG",
            "messageBody": "",
            "fileTypesAndContributionMap": {
              "docs": {
                "insertions": 2,
                "deletions": 3
              }
            }
          }
        ]
      }
    ],
    "MorningLit": [
      {
        "date": "2020-09-25",
        "commitResults": [
          {
            "hash": "230c094652510775c0d508afc0b39b136cb45eaf",
            "messageTitle": "Update my version of the user guide",
            "messageBody": "",
            "fileTypesAndContributionMap": {
              "docs": {
                "insertions": 24,
                "deletions": 116
              }
            }
          }
        ]
      },
      {
        "date": "2020-09-26",
        "commitResults": [
          {
            "hash": "40796f1e5d5a46f51b4b38521f8a16aae64bdf1b",
            "messageTitle": "Edit about us",
            "messageBody": "",
            "fileTypesAndContributionMap": {
              "docs": {
                "insertions": 0,
                "deletions": 5
              }
            }
          }
        ]
      },
      {
        "date": "2020-10-05",
        "commitResults": [
          {
            "hash": "3d06c897d94e8509fee4cc9bf55e16c355dbb378",
            "messageTitle": "Add VendorManager and its interface Added more details to its exception too.",
            "messageBody": "",
            "fileTypesAndContributionMap": {
              "functional-code": {
                "insertions": 144,
                "deletions": 4
              }
            }
          },
          {
            "hash": "74d5287a0527f29dc55dd9074fb5f6bda4b583a1",
            "messageTitle": "Fix checks",
            "messageBody": "",
            "fileTypesAndContributionMap": {
              "functional-code": {
                "insertions": 1,
                "deletions": 1
              },
              "docs": {
                "insertions": 4,
                "deletions": 4
              }
            }
          },
          {
            "hash": "c8119e29c19b53b34c53f4f9974967da070ca8f7",
            "messageTitle": "Fix checks 2",
            "messageBody": "",
            "fileTypesAndContributionMap": {
              "functional-code": {
                "insertions": 1,
                "deletions": 1
              }
            }
          }
        ]
      },
      {
        "date": "2020-10-07",
        "commitResults": [
          {
            "hash": "98cf46e479b698bbe388456cb586de4d318f9e5c",
            "messageTitle": "Refactor Person class to Vendor class",
            "messageBody": "",
            "fileTypesAndContributionMap": {
              "functional-code": {
                "insertions": 278,
                "deletions": 858
              },
              "other": {
                "insertions": 105,
                "deletions": 98
              },
              "test-code": {
                "insertions": 441,
                "deletions": 1143
              }
            }
          },
          {
            "hash": "0b664e5e2078b058d3e0845209113f764f4b8269",
            "messageTitle": "Fix whiny checkstyle",
            "messageBody": "",
            "fileTypesAndContributionMap": {
              "functional-code": {
                "insertions": 7,
                "deletions": 7
              }
            }
          },
          {
            "hash": "9513bb7f77b1f5aab560673a59740fa461a8d40e",
            "messageTitle": "Fixed whiny checkstyle again",
            "messageBody": "",
            "fileTypesAndContributionMap": {
              "functional-code": {
                "insertions": 5,
                "deletions": 5
              }
            }
          },
          {
            "hash": "fd4c4bc058105ac1de62272fa3f36a4b74ebd917",
            "messageTitle": "Fix",
            "messageBody": "",
            "fileTypesAndContributionMap": {
              "test-code": {
                "insertions": 1,
                "deletions": 1
              }
            }
          },
          {
            "hash": "15f6bee0b0e776db519207ebaf95bce8224ed362",
            "messageTitle": "Fix2",
            "messageBody": "",
            "fileTypesAndContributionMap": {
              "test-code": {
                "insertions": 7,
                "deletions": 7
              }
            }
          },
          {
            "hash": "5dacd790d4b0e5d732435b415a620ef78848f014",
            "messageTitle": "Fix",
            "messageBody": "",
            "fileTypesAndContributionMap": {
              "test-code": {
                "insertions": 244,
                "deletions": 262
              }
            }
          }
        ]
      },
      {
        "date": "2020-10-13",
        "commitResults": [
          {
            "hash": "e0d6b8dfd2008ababda7ea996141aa4fa0189042",
            "messageTitle": "Update DeleteCommandTest and DeleteCommandParserTest",
            "messageBody": "",
            "fileTypesAndContributionMap": {
              "functional-code": {
                "insertions": 1,
                "deletions": 2
              },
              "test-code": {
                "insertions": 46,
                "deletions": 40
              }
            }
          },
          {
            "hash": "5b5dc56c4a72cc4be46ad2cd4cb417e8eb5d2987",
            "messageTitle": "Fix Checkstyle",
            "messageBody": "",
            "fileTypesAndContributionMap": {
              "functional-code": {
                "insertions": 9,
                "deletions": 1
              }
            }
          },
          {
            "hash": "5c77a415254400006a142139a22b2277fcce164a",
            "messageTitle": "Fix Checkstyles 2",
            "messageBody": "",
            "fileTypesAndContributionMap": {
              "functional-code": {
                "insertions": 2,
                "deletions": 2
              }
            }
          },
          {
            "hash": "7a74af28a8e2a69c6b58c325031dc7e37f9af31e",
            "messageTitle": "Fix Checkstyles 3",
            "messageBody": "",
            "fileTypesAndContributionMap": {
              "test-code": {
                "insertions": 3,
                "deletions": 4
              }
            }
          },
          {
            "hash": "792dcf55c3b9b9c7782a6590dd1005cb12e26664",
            "messageTitle": "Fix Checkstyles 4",
            "messageBody": "",
            "fileTypesAndContributionMap": {
              "test-code": {
                "insertions": 5,
                "deletions": 5
              }
            }
          },
          {
            "hash": "16b9cb260800f8e7ed021208d9fcb51262c829fc",
            "messageTitle": "Fix Checkstyles 5",
            "messageBody": "",
            "fileTypesAndContributionMap": {
              "test-code": {
                "insertions": 2,
                "deletions": 2
              }
            }
          }
        ]
      },
      {
        "date": "2020-10-18",
        "commitResults": [
          {
            "hash": "f08da103bcdc4cd81accab42743bef447064adcd",
            "messageTitle": "Move logic to Order Class",
            "messageBody": "",
            "fileTypesAndContributionMap": {
              "functional-code": {
                "insertions": 35,
                "deletions": 30
              },
              "test-code": {
                "insertions": 6,
                "deletions": 16
              }
            }
          }
        ]
      },
      {
        "date": "2020-10-20",
        "commitResults": [
          {
            "hash": "ff16a09d7256ae73ad21c734bf69f6e0f63ac05b",
            "messageTitle": "Fix testcases",
            "messageBody": "",
            "fileTypesAndContributionMap": {
              "functional-code": {
                "insertions": 0,
                "deletions": 1
              },
              "test-code": {
                "insertions": 6,
                "deletions": 2
              }
            }
          },
          {
            "hash": "050af4719d6aee6bbf8bbf1f7e39310cfcfb4eac",
            "messageTitle": "Implement AddCommand Tests",
            "messageBody": "",
            "fileTypesAndContributionMap": {
              "other": {
                "insertions": 74,
                "deletions": 31
              },
              "test-code": {
                "insertions": 67,
                "deletions": 349
              }
            }
          },
          {
            "hash": "66892bf8addda7d7962f1b3517b44eadd6c80ad0",
            "messageTitle": "Add TotalCommand Test Added TypicalModel class to instantiate a model with typical menu. Updated RemoveCommandParser.",
            "messageBody": "",
            "fileTypesAndContributionMap": {
              "functional-code": {
                "insertions": 11,
                "deletions": 20
              },
              "test-code": {
                "insertions": 114,
                "deletions": 28
              }
            }
          },
          {
            "hash": "96eca544e09aabfa1ea13e3a0fd131c1129e7f0e",
            "messageTitle": "Fix Checkstyle",
            "messageBody": "",
            "fileTypesAndContributionMap": {
              "test-code": {
                "insertions": 10,
                "deletions": 9
              }
            }
          },
          {
            "hash": "2410879ae0623c095c7c2a253e4073f489c1a93c",
            "messageTitle": "Add line at EOF",
            "messageBody": "",
            "fileTypesAndContributionMap": {
              "other": {
                "insertions": 1,
                "deletions": 1
              }
            }
          }
        ]
      },
      {
        "date": "2020-10-21",
        "commitResults": [
          {
            "hash": "a19dc9ccd3df9c61a11737be4838a361b0b8629f",
            "messageTitle": "Add SubmitCommandTest Removed verbose code in TotalCommandTest.",
            "messageBody": "",
            "fileTypesAndContributionMap": {
              "functional-code": {
                "insertions": 1,
                "deletions": 2
              },
              "test-code": {
                "insertions": 41,
                "deletions": 24
              }
            }
          },
          {
            "hash": "7e3bd81cadbf2ec463d73176a7f4259fefe57005",
            "messageTitle": "Add more OrderTest testcases",
            "messageBody": "",
            "fileTypesAndContributionMap": {
              "functional-code": {
                "insertions": 28,
                "deletions": 8
              },
              "test-code": {
                "insertions": 57,
                "deletions": 5
              }
            }
          },
          {
            "hash": "7f1a96590469607cdea6afb5dc93edff521a5d5b",
            "messageTitle": "Fix Checkstyle",
            "messageBody": "",
            "fileTypesAndContributionMap": {
              "functional-code": {
                "insertions": 7,
                "deletions": 7
              },
              "test-code": {
                "insertions": 0,
                "deletions": 3
              }
            }
          }
        ]
      },
      {
        "date": "2020-10-22",
        "commitResults": [
          {
            "hash": "86b2c8a61520bb46e833ecb0bb6b202c7ba8e7a0",
            "messageTitle": "Update DG",
            "messageBody": "",
            "fileTypesAndContributionMap": {
              "docs": {
                "insertions": 26,
                "deletions": 20
              }
            }
          },
          {
            "hash": "50f8fa8b131f3ed23285006950e08cb1e4dcbf1e",
            "messageTitle": "Fix bug when data folder is not present",
            "messageBody": "",
            "fileTypesAndContributionMap": {
              "functional-code": {
                "insertions": 73,
                "deletions": 49
              },
              "other": {
                "insertions": 26,
                "deletions": 45
              }
            }
          },
          {
            "hash": "514adb2bab7f2f1f9caaa34657f6a43735353023",
            "messageTitle": "Fix Checkstyle",
            "messageBody": "",
            "fileTypesAndContributionMap": {
              "other": {
                "insertions": 1,
                "deletions": 1
              },
              "docs": {
                "insertions": 1,
                "deletions": 1
              }
            }
          },
          {
            "hash": "47a8606109f5d80feb5ce244db0967ea68ae152b",
            "messageTitle": "Update Initial Data",
            "messageBody": "",
            "fileTypesAndContributionMap": {
              "functional-code": {
                "insertions": 14,
                "deletions": 13
              },
              "other": {
                "insertions": 1,
                "deletions": 1
              }
            }
          },
          {
            "hash": "3f9f0847eb0b1040f3a7ed67bcd8b832726bacf7",
            "messageTitle": "Update version",
            "messageBody": "",
            "fileTypesAndContributionMap": {
              "functional-code": {
                "insertions": 1,
                "deletions": 1
              }
            }
          }
        ]
      },
      {
        "date": "2020-10-24",
        "commitResults": [
          {
            "hash": "bdd517b682b7f7a4e2c283e8957ed34a722d8a60",
            "messageTitle": "Update Developer Guide Links",
            "messageBody": "",
            "fileTypesAndContributionMap": {
              "docs": {
                "insertions": 13,
                "deletions": 13
              }
            }
          },
          {
            "hash": "3f72ca9e829cd052d7fe5f6151de81ce3d32a568",
            "messageTitle": "Setup basic FindCommand",
            "messageBody": "",
            "fileTypesAndContributionMap": {
              "functional-code": {
                "insertions": 42,
                "deletions": 25
              },
              "test-code": {
                "insertions": 2,
                "deletions": 2
              }
            }
          },
          {
            "hash": "6ade8b80e0f17903b2f9b75730165d99eaa8df23",
            "messageTitle": "Make FindCommand Work",
            "messageBody": "",
            "fileTypesAndContributionMap": {
              "functional-code": {
                "insertions": 14,
                "deletions": 2
              }
            }
          },
          {
            "hash": "0ea37374d726f6bdb669f33c2eb421ba5fef416d",
            "messageTitle": "Made temporary changes to pass checkstyle",
            "messageBody": "",
            "fileTypesAndContributionMap": {
              "functional-code": {
                "insertions": 2,
                "deletions": 2
              },
              "test-code": {
                "insertions": 59,
                "deletions": 74
              }
            }
          }
        ]
      },
      {
        "date": "2020-10-25",
        "commitResults": [
          {
            "hash": "4b29968a518c7c3a2c8c6f76c0082d64d266757f",
            "messageTitle": "Update SortCommand.java",
            "messageBody": "",
            "fileTypesAndContributionMap": {
              "functional-code": {
                "insertions": 1,
                "deletions": 1
              }
            }
          },
          {
            "hash": "3d06d8a2ce3e34effd464816817237df75f11d76",
            "messageTitle": "Finalise FindCommand Update Tag to accept space character. Make FindCommand to search for strings containing the keyword instead of matching exactly to the keyword.",
            "messageBody": "",
            "fileTypesAndContributionMap": {
              "functional-code": {
                "insertions": 16,
                "deletions": 10
              },
              "test-code": {
                "insertions": 2,
                "deletions": 1
              }
            }
          },
          {
            "hash": "0d3bfb8307517fbb5c16b1bba7f658bb18cb67c1",
            "messageTitle": "Update DeveloperGuide.md",
            "messageBody": "",
            "fileTypesAndContributionMap": {
              "docs": {
                "insertions": 0,
                "deletions": 2
              }
            }
          }
        ]
      },
      {
        "date": "2020-10-26",
        "commitResults": [
          {
            "hash": "505f77febcc834a40d021d22d8e9abca7c29f380",
            "messageTitle": "Almost finalise SortCommand Removed unnecessary classes. Removed some unnecessary commands in ModelManager.",
            "messageBody": "",
            "fileTypesAndContributionMap": {
              "functional-code": {
                "insertions": 85,
                "deletions": 482
              },
              "test-code": {
                "insertions": 9,
                "deletions": 478
              }
            }
          },
          {
            "hash": "fea56a142a21d278f96ed1431d3735283552d348",
            "messageTitle": "Update MenuCommand.java",
            "messageBody": "",
            "fileTypesAndContributionMap": {
              "functional-code": {
                "insertions": 3,
                "deletions": 0
              }
            }
          },
          {
            "hash": "ef6c5921e667606b84fd93d24afc339aab5cb5b5",
            "messageTitle": "Update SwitchVendorCommand.java",
            "messageBody": "",
            "fileTypesAndContributionMap": {
              "functional-code": {
                "insertions": 1,
                "deletions": 1
              }
            }
          },
          {
            "hash": "24fb1391d281cb9ec47e8ccf36f94c75a08014ce",
            "messageTitle": "Update MenuCommand.java",
            "messageBody": "",
            "fileTypesAndContributionMap": {
              "functional-code": {
                "insertions": 2,
                "deletions": 3
              }
            }
          },
          {
            "hash": "b8ed2c3ceea6143d7c46f369c138ab4fc844a275",
            "messageTitle": "Update MenuCommand.java",
            "messageBody": "",
            "fileTypesAndContributionMap": {
              "functional-code": {
                "insertions": 3,
                "deletions": 1
              }
            }
          },
          {
            "hash": "718933f4b67b7849c67d502f66896a8294e01993",
            "messageTitle": "Remove unnecessary code in ModelManager",
            "messageBody": "",
            "fileTypesAndContributionMap": {
              "functional-code": {
                "insertions": 41,
                "deletions": 187
              },
              "test-code": {
                "insertions": 11,
                "deletions": 9
              }
            }
          }
        ]
      },
      {
        "date": "2020-10-27",
        "commitResults": [
          {
            "hash": "e0b92abfca6bddb8d30f531c9cc7ece13b2888a0",
            "messageTitle": "Fix index error",
            "messageBody": "",
            "fileTypesAndContributionMap": {
              "functional-code": {
                "insertions": 2,
                "deletions": 2
              }
            }
          },
          {
            "hash": "a6b668e6a97e33471b6e527ed0a05dbcbe3a7a9e",
            "messageTitle": "Split PresetCommand into two",
            "messageBody": "",
            "fileTypesAndContributionMap": {
              "functional-code": {
                "insertions": 66,
                "deletions": 34
              }
            }
          },
          {
            "hash": "7e2ccdb5a0489ea2216fee0bcaf2614a0e6a5a85",
            "messageTitle": "Update SavePresetCommand",
            "messageBody": "",
            "fileTypesAndContributionMap": {
              "functional-code": {
                "insertions": 15,
                "deletions": 1
              }
            }
          },
          {
            "hash": "7c8e314f57656bf5158eaa2cb12ea9b58b1ef972",
            "messageTitle": "Add comment",
            "messageBody": "",
            "fileTypesAndContributionMap": {
              "functional-code": {
                "insertions": 1,
                "deletions": 0
              }
            }
          },
          {
            "hash": "7fc1bd69e996544eeb9315bd0e1951da115a364f",
            "messageTitle": "Edit save",
            "messageBody": "",
            "fileTypesAndContributionMap": {
              "functional-code": {
                "insertions": 66,
                "deletions": 71
              }
            }
          },
          {
            "hash": "4a84bc45d13a2253fae82b366649af55d44806d1",
            "messageTitle": "Update PresetParser",
            "messageBody": "",
            "fileTypesAndContributionMap": {
              "functional-code": {
                "insertions": 32,
                "deletions": 9
              },
              "other": {
                "insertions": 9,
                "deletions": 3
              }
            }
          }
        ]
      },
      {
        "date": "2020-10-28",
        "commitResults": [
          {
            "hash": "69a4bfa2e7b466111158737a6a2c5a42e28760d7",
            "messageTitle": "Finish preset load",
            "messageBody": "",
            "fileTypesAndContributionMap": {
              "functional-code": {
                "insertions": 24,
                "deletions": 5
              }
            }
          },
          {
            "hash": "1877322337406485ac35757a0cc1e5af0c5b0d4b",
            "messageTitle": "Update UG",
            "messageBody": "",
            "fileTypesAndContributionMap": {
              "functional-code": {
                "insertions": 4,
                "deletions": 2
              },
              "docs": {
                "insertions": 32,
                "deletions": 16
              }
            }
          },
          {
            "hash": "ca5af3f1b5e7acb2fce293bffaceadaf3af2d501",
            "messageTitle": "Finalise my part for the UG",
            "messageBody": "",
            "fileTypesAndContributionMap": {
              "docs": {
                "insertions": 38,
                "deletions": 16
              }
            }
          },
          {
            "hash": "bb8de59048d0ed93ca1b9dd97750872857d4c04e",
            "messageTitle": "Add newline at EOF",
            "messageBody": "",
            "fileTypesAndContributionMap": {
              "docs": {
                "insertions": 1,
                "deletions": 1
              }
            }
          },
          {
            "hash": "ee7cabb7cc60c8faf16aa52cacc80e6493e3b323",
            "messageTitle": "Fix Checkstyle",
            "messageBody": "",
            "fileTypesAndContributionMap": {
              "functional-code": {
                "insertions": 68,
                "deletions": 67
              },
              "test-code": {
                "insertions": 38,
                "deletions": 45
              }
            }
          }
        ]
      }
    ],
    "Ebolaeater": [
      {
        "date": "2020-09-24",
        "commitResults": [
          {
            "hash": "35a0f7646dfc4f35c02c8a23a81986a5d506ca5e",
            "messageTitle": "Updated developed guide",
            "messageBody": "",
            "fileTypesAndContributionMap": {
              "docs": {
                "insertions": 142,
                "deletions": 25
              }
            }
          },
          {
            "hash": "ad7ff11e93b7f1c3d6671d8c05fa55e68dca7440",
            "messageTitle": "Fix some typos in the developer guide",
            "messageBody": "",
            "fileTypesAndContributionMap": {
              "docs": {
                "insertions": 10,
                "deletions": 4
              }
            }
          },
          {
            "hash": "49451da0c04d971ffa573984ce47ff31144b1e8a",
            "messageTitle": "Fix some typos",
            "messageBody": "",
            "fileTypesAndContributionMap": {
              "docs": {
                "insertions": 1,
                "deletions": 1
              }
            }
          },
          {
            "hash": "01be5af73992e3ae659b90f05ae30ab4e4791f42",
            "messageTitle": "Fixing some more typos",
            "messageBody": "",
            "fileTypesAndContributionMap": {
              "docs": {
                "insertions": 2,
                "deletions": 2
              }
            }
          }
        ]
      },
      {
        "date": "2020-09-25",
        "commitResults": [
          {
            "hash": "ebb41b6f713ee306cc621e63b376b03eef014516",
            "messageTitle": "Updated user guide",
            "messageBody": "",
            "fileTypesAndContributionMap": {
              "docs": {
                "insertions": 3,
                "deletions": 176
              }
            }
          },
          {
            "hash": "caadeee397a20da9a998223fbc1554fda2b492d5",
            "messageTitle": "Fixing up CI",
            "messageBody": "",
            "fileTypesAndContributionMap": {
              "docs": {
                "insertions": 1,
                "deletions": 1
              }
            }
          }
        ]
      },
      {
        "date": "2020-09-26",
        "commitResults": [
          {
            "hash": "db4edb24c9d8acddf685df050d468f39c7b1d10d",
            "messageTitle": "Developer guide reupdated",
            "messageBody": "",
            "fileTypesAndContributionMap": {
              "docs": {
                "insertions": 21,
                "deletions": 21
              }
            }
          }
        ]
      },
      {
        "date": "2020-10-05",
        "commitResults": [
          {
            "hash": "42c35f47d2f8e2618b702acb22dc3987c7a08298",
            "messageTitle": "Set up the vendor package and testcases",
            "messageBody": "",
            "fileTypesAndContributionMap": {
              "functional-code": {
                "insertions": 593,
                "deletions": 17
              },
              "test-code": {
                "insertions": 715,
                "deletions": 0
              }
            }
          }
        ]
      },
      {
        "date": "2020-10-07",
        "commitResults": [
          {
            "hash": "89c1e1072be675ee9712e6495c56ff3368a770c2",
            "messageTitle": "Fix checkstyle in test classes",
            "messageBody": "",
            "fileTypesAndContributionMap": {
              "test-code": {
                "insertions": 225,
                "deletions": 236
              }
            }
          }
        ]
      },
      {
        "date": "2020-10-12",
        "commitResults": [
          {
            "hash": "938f2532e5bf8b7ae5e4a5d1fb51b531a374bf8f",
            "messageTitle": "Modified AddCommand and AddressBook Parser",
            "messageBody": "",
            "fileTypesAndContributionMap": {
              "functional-code": {
                "insertions": 47,
                "deletions": 47
              }
            }
          },
          {
            "hash": "4c8c55f6b62baeb05cad3ac21d2144127ac0774c",
            "messageTitle": "Fixing testcases and checkstyle",
            "messageBody": "",
            "fileTypesAndContributionMap": {
              "functional-code": {
                "insertions": 1,
                "deletions": 0
              },
              "test-code": {
                "insertions": 163,
                "deletions": 137
              }
            }
          }
        ]
      },
      {
        "date": "2020-10-14",
        "commitResults": [
          {
            "hash": "54f8c60e6f60752ed143c24185f5193e7b50798f",
            "messageTitle": "Fixed add command",
            "messageBody": "",
            "fileTypesAndContributionMap": {
              "functional-code": {
                "insertions": 75,
                "deletions": 44
              },
              "test-code": {
                "insertions": 88,
                "deletions": 91
              }
            }
          },
          {
            "hash": "741860d5a6cae7e4eccdad00576c9eedf34d39fd",
            "messageTitle": "Fix add command execute method",
            "messageBody": "",
            "fileTypesAndContributionMap": {
              "functional-code": {
                "insertions": 7,
                "deletions": 34
              }
            }
          }
        ]
      },
      {
        "date": "2020-10-18",
        "commitResults": [
          {
            "hash": "62bfce0f0f75effde3e4d582d883974467d7af32",
            "messageTitle": "Update HelpWindow and UserGuide",
            "messageBody": "",
            "fileTypesAndContributionMap": {
              "functional-code": {
                "insertions": 1,
                "deletions": 1
              },
              "docs": {
                "insertions": 27,
                "deletions": 29
              }
            }
          },
          {
            "hash": "eedbf65e5e60dcb312fd811d36787b198efab073",
            "messageTitle": "Update ClearCommand and refactor DeleteCommand",
            "messageBody": "",
            "fileTypesAndContributionMap": {
              "functional-code": {
                "insertions": 45,
                "deletions": 8
              },
              "other": {
                "insertions": 45,
                "deletions": 45
              },
              "test-code": {
                "insertions": 65,
                "deletions": 22
              }
            }
          },
          {
            "hash": "d14e23e7f1430a31eb5462ed2fccf5854186ddba",
            "messageTitle": "Fix variable name",
            "messageBody": "",
            "fileTypesAndContributionMap": {
              "functional-code": {
                "insertions": 7,
                "deletions": 9
              },
              "test-code": {
                "insertions": 3,
                "deletions": 3
              }
            }
          },
          {
            "hash": "bfcaa78efb1cc79cada3e1131decda5ddcf4de93",
            "messageTitle": "Fix the clearOrder method",
            "messageBody": "",
            "fileTypesAndContributionMap": {
              "functional-code": {
                "insertions": 12,
                "deletions": 2
              },
              "test-code": {
                "insertions": 5,
                "deletions": 0
              }
            }
          },
          {
            "hash": "98c10e85bf121caaaf7f208e92f7305c66638504",
            "messageTitle": "Fix variable name",
            "messageBody": "",
            "fileTypesAndContributionMap": {
              "functional-code": {
                "insertions": 4,
                "deletions": 4
              },
              "test-code": {
                "insertions": 1,
                "deletions": 1
              }
            }
          }
        ]
      },
      {
        "date": "2020-10-20",
        "commitResults": [
          {
            "hash": "47c8c52f6b7d532b50c98e1ff7eaa81b4c8345b3",
            "messageTitle": "Connect Vendor to menu",
            "messageBody": "",
            "fileTypesAndContributionMap": {
              "functional-code": {
                "insertions": 140,
                "deletions": 106
              },
              "test-code": {
                "insertions": 59,
                "deletions": 228
              }
            }
          }
        ]
      },
      {
        "date": "2020-10-21",
        "commitResults": [
          {
            "hash": "4a518b0bcbf48053ab7c6bde4059ef5b1a749412",
            "messageTitle": "Complete Vendor Command",
            "messageBody": "",
            "fileTypesAndContributionMap": {
              "functional-code": {
                "insertions": 31,
                "deletions": 6
              },
              "other": {
                "insertions": 0,
                "deletions": 0
              }
            }
          }
        ]
      },
      {
        "date": "2020-10-22",
        "commitResults": [
          {
            "hash": "10a4dc9761d56777811da9a156c56e183f3bdb83",
            "messageTitle": "Change dg",
            "messageBody": "",
            "fileTypesAndContributionMap": {
              "docs": {
                "insertions": 2,
                "deletions": 2
              }
            }
          },
          {
            "hash": "09034184fcc14bdadfce27fd260277f9d91e695e",
            "messageTitle": "Update developer guide",
            "messageBody": "",
            "fileTypesAndContributionMap": {
              "other": {
                "insertions": 1,
                "deletions": 1
              },
              "docs": {
                "insertions": 46,
                "deletions": 17
              }
            }
          },
          {
            "hash": "f91cc41b38bedb7b622b5f1d79a6f91f030abd83",
            "messageTitle": "Fix checkstyle",
            "messageBody": "",
            "fileTypesAndContributionMap": {
              "other": {
                "insertions": 1,
                "deletions": 1
              }
            }
          },
          {
            "hash": "29776a6c1397b07c657084281e74c3d225e415af",
            "messageTitle": "Fix addressbook.json checkstyle",
            "messageBody": "",
            "fileTypesAndContributionMap": {
              "functional-code": {
                "insertions": 1,
                "deletions": 1
              },
              "docs": {
                "insertions": 1,
                "deletions": 1
              },
              "test-code": {
                "insertions": 1,
                "deletions": 1
              }
            }
          }
        ]
      },
      {
        "date": "2020-10-24",
        "commitResults": [
          {
            "hash": "af9e8d666f5e693042af024a3b3abedbca5704b8",
            "messageTitle": "Change default vendor index",
            "messageBody": "",
            "fileTypesAndContributionMap": {
              "functional-code": {
                "insertions": 25,
                "deletions": 11
              },
              "test-code": {
                "insertions": 4,
                "deletions": 2
              }
            }
          },
          {
            "hash": "e2795d4c6ac23aa07d6523d88f7c3b3207e5390c",
            "messageTitle": "Add friendly syntax to dGuide",
            "messageBody": "",
            "fileTypesAndContributionMap": {
              "functional-code": {
                "insertions": 22,
                "deletions": 22
              },
              "docs": {
                "insertions": 31,
                "deletions": 3
              }
            }
          }
        ]
      },
      {
        "date": "2020-10-25",
        "commitResults": [
          {
            "hash": "4e35b4fc18379fe920b13bdecdf33745f433e242",
            "messageTitle": "Update friendly syntax feature in dg",
            "messageBody": "",
            "fileTypesAndContributionMap": {
              "docs": {
                "insertions": 4,
                "deletions": 4
              }
            }
          }
        ]
      },
      {
        "date": "2020-10-26",
        "commitResults": [
          {
            "hash": "ef92da3530c3cf01406cae6c3143436e3ed6439f",
            "messageTitle": "Add test cases",
            "messageBody": "",
            "fileTypesAndContributionMap": {
              "test-code": {
                "insertions": 463,
                "deletions": 46
              }
            }
          },
          {
            "hash": "b8b4e222c30a7cbe4f0cc88902260ca9014144e0",
            "messageTitle": "Fix checkstyle",
            "messageBody": "",
            "fileTypesAndContributionMap": {
              "test-code": {
                "insertions": 1,
                "deletions": 1
              }
            }
          },
          {
            "hash": "16ea3d7f492138fc164d28595e26757d48ea03d9",
            "messageTitle": "Fix test names and add valid menu",
            "messageBody": "",
            "fileTypesAndContributionMap": {
              "test-code": {
                "insertions": 31,
                "deletions": 7
              }
            }
          },
          {
            "hash": "7a652cac8238e808e9c79461a08e1c88c79fe2fb",
            "messageTitle": "Add test cases for Price Command",
            "messageBody": "",
            "fileTypesAndContributionMap": {
              "functional-code": {
                "insertions": 30,
                "deletions": 5
              },
              "test-code": {
                "insertions": 150,
                "deletions": 37
              }
            }
          }
        ]
      },
      {
        "date": "2020-10-27",
        "commitResults": [
          {
            "hash": "2df566657b444a0f5413a86ff07258ddf90339f9",
            "messageTitle": "Add assert statement",
            "messageBody": "",
            "fileTypesAndContributionMap": {
              "functional-code": {
                "insertions": 1,
                "deletions": 0
              }
            }
          }
        ]
      },
      {
        "date": "2020-10-28",
        "commitResults": [
          {
            "hash": "f414e3f8c7e677b6624be006009460922085efac",
            "messageTitle": "Update UG and DG",
            "messageBody": "",
            "fileTypesAndContributionMap": {
              "docs": {
                "insertions": 2,
                "deletions": 2
              }
            }
          }
        ]
      }
    ],
    "duckmoon99": [
      {
        "date": "2020-09-23",
        "commitResults": [
          {
            "hash": "a84a345c38a9a8feabf9ad87522dc1cb7ee6eeb4",
            "messageTitle": "Update AboutUs",
            "messageBody": "",
            "fileTypesAndContributionMap": {
              "docs": {
                "insertions": 1,
                "deletions": 1
              }
            }
          }
        ]
      },
      {
        "date": "2020-09-24",
        "commitResults": [
          {
            "hash": "2f6cd3415ad505145ed6a2fa128db1530d94e84f",
            "messageTitle": "Update user guide",
            "messageBody": "",
            "fileTypesAndContributionMap": {
              "docs": {
                "insertions": 8,
                "deletions": 167
              }
            }
          }
        ]
      },
      {
        "date": "2020-09-26",
        "commitResults": [
          {
            "hash": "601ba2e60c1a8179964e2183f3101bd9f839ba25",
            "messageTitle": "Update AboutUs responsibility",
            "messageBody": "",
            "fileTypesAndContributionMap": {
              "docs": {
                "insertions": 1,
                "deletions": 1
              }
            }
          }
        ]
      },
      {
        "date": "2020-10-03",
        "commitResults": [
          {
            "hash": "644db2b71eca0268c6edf485058182642d7c8164",
            "messageTitle": "Add Order exceptions",
            "messageBody": "",
            "fileTypesAndContributionMap": {
              "functional-code": {
                "insertions": 12,
                "deletions": 0
              },
              "other": {
                "insertions": 0,
                "deletions": 0
              }
            }
          }
        ]
      },
      {
        "date": "2020-10-04",
        "commitResults": [
          {
            "hash": "69ab54d98840cf38ad44ee31885707ae9ffe6e78",
            "messageTitle": "Remove person from Order and OrderItem",
            "messageBody": "",
            "fileTypesAndContributionMap": {
              "functional-code": {
                "insertions": 20,
                "deletions": 31
              }
            }
          },
          {
            "hash": "367045749d26a663de88f3dd77d29b51442f1412",
            "messageTitle": "Create empty OrderManager class",
            "messageBody": "",
            "fileTypesAndContributionMap": {
              "functional-code": {
                "insertions": 5,
                "deletions": 0
              }
            }
          }
        ]
      },
      {
        "date": "2020-10-05",
        "commitResults": [
          {
            "hash": "6ed7e9e136790deebc25f5711cc1a79fb5f834a9",
            "messageTitle": "Add OrderManager",
            "messageBody": "",
            "fileTypesAndContributionMap": {
              "functional-code": {
                "insertions": 139,
                "deletions": 3
              }
            }
          },
          {
            "hash": "bbea531ea81f9e33dbb69e2bdcc64e94fbaca35a",
            "messageTitle": "Fix code style",
            "messageBody": "",
            "fileTypesAndContributionMap": {
              "functional-code": {
                "insertions": 2,
                "deletions": 1
              }
            }
          }
        ]
      },
      {
        "date": "2020-10-07",
        "commitResults": [
          {
            "hash": "ee8d4233736a6e9e48bf83768311fc295c2f4ad7",
            "messageTitle": "Make OrderManager single and improve readability",
            "messageBody": "",
            "fileTypesAndContributionMap": {
              "functional-code": {
                "insertions": 39,
                "deletions": 39
              },
              "test-code": {
                "insertions": 8,
                "deletions": 8
              }
            }
          }
        ]
      },
      {
        "date": "2020-10-09",
        "commitResults": [
          {
            "hash": "03453c3d1172a2af470688a272bf2b4d497a6d4b",
            "messageTitle": "Adding relevant FXML files and fix occurences of Order name to OrderItem",
            "messageBody": "",
            "fileTypesAndContributionMap": {
              "functional-code": {
                "insertions": 140,
                "deletions": 18
              },
              "other": {
                "insertions": 39,
                "deletions": 31
              }
            }
          }
        ]
      },
      {
        "date": "2020-10-12",
        "commitResults": [
          {
            "hash": "a60f3b359dd7823e3fd9af58cab2f82afed263be",
            "messageTitle": "Add Total and Submit commands",
            "messageBody": "",
            "fileTypesAndContributionMap": {
              "functional-code": {
                "insertions": 4,
                "deletions": 0
              }
            }
          },
          {
            "hash": "80977e1836e3066746c504bc9e095e880f5f8aa1",
            "messageTitle": "Add Total and Submit commands 2",
            "messageBody": "",
            "fileTypesAndContributionMap": {
              "functional-code": {
                "insertions": 66,
                "deletions": 3
              }
            }
          }
        ]
      },
      {
        "date": "2020-10-13",
        "commitResults": [
          {
            "hash": "9d1c2cdc2e333b26ce55f3a8c09c1a4c03118c72",
            "messageTitle": "Update DeleteCommand.java",
            "messageBody": "Add TODO to update \"delete\" to \"remove\" to make it more intuitive.",
            "fileTypesAndContributionMap": {
              "functional-code": {
                "insertions": 1,
                "deletions": 0
              }
            }
          },
          {
            "hash": "2a30e2f4e2e89ead37cc0512749f6d9c12106e0a",
            "messageTitle": "Fix add GUI bug",
            "messageBody": "",
            "fileTypesAndContributionMap": {
              "functional-code": {
                "insertions": 8,
                "deletions": 6
              }
            }
          }
        ]
      },
      {
        "date": "2020-10-18",
        "commitResults": [
          {
            "hash": "d3fdfd451b3b16a211555f29ced4c8c2bd7da70c",
            "messageTitle": "Add labels to subsections",
            "messageBody": "",
            "fileTypesAndContributionMap": {
              "functional-code": {
                "insertions": 24,
                "deletions": 26
              }
            }
          },
          {
            "hash": "f3d81002c75092be8c984e8060441a88a450555d",
            "messageTitle": "Add parition to ModelManager methods",
            "messageBody": "",
            "fileTypesAndContributionMap": {
              "functional-code": {
                "insertions": 2,
                "deletions": 0
              }
            }
          },
          {
            "hash": "af54e6f060f86c69d3521f6ec62e3c03246f1b1e",
            "messageTitle": "Add Undo command",
            "messageBody": "",
            "fileTypesAndContributionMap": {
              "functional-code": {
                "insertions": 85,
                "deletions": 0
              }
            }
          },
          {
            "hash": "892d86bfe750c97018c839f5fba10f03cd0370de",
            "messageTitle": "Update Model stub in AddCommandTest",
            "messageBody": "",
            "fileTypesAndContributionMap": {
              "test-code": {
                "insertions": 10,
                "deletions": 0
              }
            }
          }
        ]
      },
      {
        "date": "2020-10-20",
        "commitResults": [
          {
            "hash": "fbf7dfcf7c177c505e342e52da81cc4c8350bc50",
            "messageTitle": "Make default vendor list accessible",
            "messageBody": "",
            "fileTypesAndContributionMap": {
              "other": {
                "insertions": 74,
                "deletions": 0
              }
            }
          },
          {
            "hash": "0d341d68e567cbf4212040a614581b3ebc4027ac",
            "messageTitle": "Add EOL to vendor list json",
            "messageBody": "",
            "fileTypesAndContributionMap": {
              "other": {
                "insertions": 1,
                "deletions": 1
              }
            }
          },
          {
            "hash": "0d379b229f814a139df52b909d10096bdc75d7f6",
            "messageTitle": "Add friendlier syntax",
            "messageBody": "",
            "fileTypesAndContributionMap": {
              "functional-code": {
                "insertions": 28,
                "deletions": 2
              }
            }
          },
          {
            "hash": "60e288565785a66a12b3dbd46ca1a5ffdfafb30a",
            "messageTitle": "Fix misleading name",
            "messageBody": "",
            "fileTypesAndContributionMap": {
              "functional-code": {
                "insertions": 5,
                "deletions": 5
              }
            }
          },
          {
            "hash": "694fe58ed847187a7b9a9593d039952e0b4d5da5",
            "messageTitle": "Add error if remove more than exists",
            "messageBody": "",
            "fileTypesAndContributionMap": {
              "functional-code": {
                "insertions": 18,
                "deletions": 0
              }
            }
          },
          {
            "hash": "571ef7700ff45803663e73dfb1fc1ba1f0f62e06",
            "messageTitle": "Fix tests",
            "messageBody": "",
            "fileTypesAndContributionMap": {
              "functional-code": {
                "insertions": 4,
                "deletions": 1
              },
              "test-code": {
                "insertions": 5,
                "deletions": 0
              }
            }
          }
        ]
      },
      {
        "date": "2020-10-21",
        "commitResults": [
          {
            "hash": "bc3f2e882532bd7af2f5116c7a873e22eda668ed",
            "messageTitle": "Enable assertion in build.gradle",
            "messageBody": "",
            "fileTypesAndContributionMap": {
              "other": {
                "insertions": 4,
                "deletions": 0
              }
            }
          }
        ]
      },
      {
        "date": "2020-10-22",
        "commitResults": [
          {
            "hash": "3842a8c0e17744fe79fd2efdb43eb026601a2ff3",
            "messageTitle": "Remove space from tag",
            "messageBody": "",
            "fileTypesAndContributionMap": {
              "functional-code": {
                "insertions": 1,
                "deletions": 1
              },
              "other": {
                "insertions": 1,
                "deletions": 1
              }
            }
          },
          {
            "hash": "d02de342a5cd58ad04b26c7871d5ea84034ebfcf",
            "messageTitle": "Update addressbook.json",
            "messageBody": "",
            "fileTypesAndContributionMap": {
              "other": {
                "insertions": 1,
                "deletions": 1
              }
            }
          }
        ]
      },
      {
        "date": "2020-10-23",
        "commitResults": [
          {
            "hash": "9ad59fc7507507cc4ca7d6040c4d8af0464a5474",
            "messageTitle": "Stop tracking data",
            "messageBody": "",
            "fileTypesAndContributionMap": {
              "other": {
                "insertions": 0,
                "deletions": 56
              }
            }
          },
          {
            "hash": "2daabb7d20409135fb6ad15b22ec4d0356c840cd",
            "messageTitle": "Update GUI to vertical",
            "messageBody": "",
            "fileTypesAndContributionMap": {
              "functional-code": {
                "insertions": 37,
                "deletions": 31
              }
            }
          },
          {
            "hash": "b0db3deb53a2cccec681a2631d4dbe36143bc2ad",
            "messageTitle": "Update MainWindow.fxml",
            "messageBody": "",
            "fileTypesAndContributionMap": {
              "functional-code": {
                "insertions": 3,
                "deletions": 3
              }
            }
          }
        ]
      },
      {
        "date": "2020-10-24",
        "commitResults": [
          {
            "hash": "1ddce2d44d535d578168aefe68d58185048142b4",
            "messageTitle": "Update DG undo",
            "messageBody": "",
            "fileTypesAndContributionMap": {
              "docs": {
                "insertions": 12,
                "deletions": 74
              }
            }
          },
          {
            "hash": "9f229caa26b8c3aad2262230cc3b132c13b60053",
            "messageTitle": "Add Price command",
            "messageBody": "",
            "fileTypesAndContributionMap": {
              "functional-code": {
                "insertions": 174,
                "deletions": 7
              }
            }
          },
          {
            "hash": "0693b25a5bea0aa83cdeb60eb00559d89afeea82",
            "messageTitle": "Add Menu command",
            "messageBody": "",
            "fileTypesAndContributionMap": {
              "functional-code": {
                "insertions": 26,
                "deletions": 0
              }
            }
          }
        ]
      },
      {
        "date": "2020-10-25",
        "commitResults": [
          {
            "hash": "1ddf1d4488035e232c4b4f517ec66f7188b79c7b",
            "messageTitle": "Add context and fix checkstyle",
            "messageBody": "",
            "fileTypesAndContributionMap": {
              "functional-code": {
                "insertions": 55,
                "deletions": 21
              }
            }
          },
          {
            "hash": "9e2ab717b98135e1a9c5e331263f42f47b8fe15e",
            "messageTitle": "Add explanation to friendly syntax failure",
            "messageBody": "",
            "fileTypesAndContributionMap": {
              "functional-code": {
                "insertions": 7,
                "deletions": 2
              }
            }
          },
          {
            "hash": "244a0620a06dc943add4308e0381526641eca0d9",
            "messageTitle": "Fix price message placement",
            "messageBody": "",
            "fileTypesAndContributionMap": {
              "functional-code": {
                "insertions": 2,
                "deletions": 3
              }
            }
          }
        ]
      },
      {
        "date": "2020-10-27",
        "commitResults": [
          {
            "hash": "a079dc71b54effcaa6fda12d25b801e7563269f0",
            "messageTitle": "Update User Guide",
            "messageBody": "",
            "fileTypesAndContributionMap": {
              "docs": {
                "insertions": 97,
                "deletions": 27
              }
            }
          }
        ]
      },
      {
        "date": "2020-10-28",
        "commitResults": [
          {
            "hash": "ab74f861c1abe2e3dd70f6106478cdad4d0e9f7f",
            "messageTitle": "Update find command user message",
            "messageBody": "",
            "fileTypesAndContributionMap": {
              "functional-code": {
                "insertions": 1,
                "deletions": 1
              },
              "docs": {
                "insertions": 1,
                "deletions": 1
              }
            }
          },
          {
            "hash": "701c7137a7564d75d1a4f7e07586222f4f164b4f",
            "messageTitle": "Add checking for Add command",
            "messageBody": "",
            "fileTypesAndContributionMap": {
              "functional-code": {
                "insertions": 52,
                "deletions": 35
              },
              "test-code": {
                "insertions": 75,
                "deletions": 16
              }
            }
          },
          {
            "hash": "bdaed028c43a8226c72d32046c7342cdfe39728d",
            "messageTitle": "Fix preset file path creation",
            "messageBody": "",
            "fileTypesAndContributionMap": {
              "functional-code": {
                "insertions": 7,
                "deletions": 1
              },
              "other": {
                "insertions": 0,
                "deletions": 46
              }
            }
          }
        ]
      }
    ],
    "KendrewChan": [
      {
        "date": "2020-09-23",
        "commitResults": [
          {
            "hash": "721d5ce4631787c9c210143a729cff6397c63978",
            "messageTitle": "AboutUs md page update",
            "messageBody": "",
            "fileTypesAndContributionMap": {
              "docs": {
                "insertions": 25,
                "deletions": 26
              }
            }
          },
          {
            "hash": "53f30e5b0125fed230de966f999da624964fade5",
            "messageTitle": "aboutus update",
            "messageBody": "",
            "fileTypesAndContributionMap": {
              "docs": {
                "insertions": 1,
                "deletions": 1
              }
            }
          }
        ]
      },
      {
        "date": "2020-09-25",
        "commitResults": [
          {
            "hash": "b7902dfacfd6013a25a1a927af2276225ce36dbb",
            "messageTitle": "update userguide",
            "messageBody": "",
            "fileTypesAndContributionMap": {
              "docs": {
                "insertions": 7,
                "deletions": 170
              }
            }
          }
        ]
      },
      {
        "date": "2020-09-26",
        "commitResults": [
          {
            "hash": "60ff630ead81e053f33b52edef2bd80bbde3e3fe",
            "messageTitle": "update aboutus github name",
            "messageBody": "",
            "fileTypesAndContributionMap": {
              "docs": {
                "insertions": 1,
                "deletions": 1
              }
            }
          },
          {
            "hash": "6be7abd11153068b3b82dc082d55c390d6fc612c",
            "messageTitle": "update aboutus",
            "messageBody": "",
            "fileTypesAndContributionMap": {
              "docs": {
                "insertions": 1,
                "deletions": 1
              }
            }
          }
        ]
      },
      {
        "date": "2020-10-03",
        "commitResults": [
          {
            "hash": "4cac1df9890912982a93e76d30a222e36446ba8a",
            "messageTitle": "Add OrderItem and Order class",
            "messageBody": "",
            "fileTypesAndContributionMap": {
              "functional-code": {
                "insertions": 158,
                "deletions": 3
              }
            }
          },
          {
            "hash": "db530dcac984b3b224cfa182b2196ac4824ce847",
            "messageTitle": "Add OrderItem and Order class",
            "messageBody": "",
            "fileTypesAndContributionMap": {
              "functional-code": {
                "insertions": 18,
                "deletions": 9
              }
            }
          }
        ]
      },
      {
        "date": "2020-10-04",
        "commitResults": [
          {
            "hash": "1ee4661c75cd12d2ee8b9f87f399437a85b1884c",
            "messageTitle": "Add OrderItem and Order class 3",
            "messageBody": "",
            "fileTypesAndContributionMap": {
              "functional-code": {
                "insertions": 108,
                "deletions": 50
              }
            }
          }
        ]
      },
      {
        "date": "2020-10-07",
        "commitResults": [
          {
            "hash": "7d0f1e70911594a6868afaa4f483c5d22a584c7a",
            "messageTitle": "Order Gui setup",
            "messageBody": "",
            "fileTypesAndContributionMap": {
              "functional-code": {
                "insertions": 297,
                "deletions": 4
              },
              "test-code": {
                "insertions": 43,
                "deletions": 0
              }
            }
          },
          {
            "hash": "645fb588c70b4b7414fbfed63d8d111ac34f77ef",
            "messageTitle": "Order Gui setup",
            "messageBody": "",
            "fileTypesAndContributionMap": {
              "functional-code": {
                "insertions": 10,
                "deletions": 3
              }
            }
          }
        ]
      },
      {
        "date": "2020-10-12",
        "commitResults": [
          {
            "hash": "e1898c4c2024a776875ea5bb34e0773fe4bbc5d8",
            "messageTitle": "DeleteCommand",
            "messageBody": "",
            "fileTypesAndContributionMap": {
              "functional-code": {
                "insertions": 53,
                "deletions": 11
              }
            }
          }
        ]
      },
      {
        "date": "2020-10-15",
        "commitResults": [
          {
            "hash": "5c93e49bf44b2f33a633f07a962f3fb4628fdf20",
            "messageTitle": "Minor code styling updates",
            "messageBody": "",
            "fileTypesAndContributionMap": {
              "functional-code": {
                "insertions": 2,
                "deletions": 5
              },
              "test-code": {
                "insertions": 5,
                "deletions": 6
              }
            }
          }
        ]
      },
      {
        "date": "2020-10-19",
        "commitResults": [
          {
            "hash": "8ef5a6e77e8d21c221775681c84baa58e3a81e1a",
            "messageTitle": "Add OrderManagerStorage and Related Tests",
            "messageBody": "",
            "fileTypesAndContributionMap": {
              "functional-code": {
                "insertions": 180,
                "deletions": 0
              },
              "test-code": {
                "insertions": 257,
                "deletions": 0
              }
            }
          },
          {
            "hash": "91ebd92d91386c0fa4d49f373364b2239f39282e",
            "messageTitle": "Add OrderManagerStorage and Related Tests",
            "messageBody": "",
            "fileTypesAndContributionMap": {
              "docs": {
                "insertions": 5,
                "deletions": 5
              },
              "test-code": {
                "insertions": 2,
                "deletions": 2
              }
            }
          },
          {
            "hash": "b6ae8d93433da55193ae6bc82becc7d02943865e",
            "messageTitle": "Add OrderManagerStorage and Related Tests",
            "messageBody": "",
            "fileTypesAndContributionMap": {
              "functional-code": {
                "insertions": 12,
                "deletions": 11
              }
            }
          },
          {
            "hash": "1761be418700b99990639eeef9f04d04029c512c",
            "messageTitle": "Add OrderManagerStorage and Related Tests",
            "messageBody": "",
            "fileTypesAndContributionMap": {
              "functional-code": {
                "insertions": 3,
                "deletions": 3
              }
            }
          }
        ]
      },
      {
        "date": "2020-10-20",
        "commitResults": [
          {
            "hash": "86ac5c92f76da351b0afd29431dab6e572a6ed2e",
            "messageTitle": "Add testcases for Order",
            "messageBody": "",
            "fileTypesAndContributionMap": {
              "functional-code": {
                "insertions": 12,
                "deletions": 1
              },
              "test-code": {
                "insertions": 272,
                "deletions": 30
              }
            }
          }
        ]
      },
      {
        "date": "2020-10-22",
        "commitResults": [
          {
            "hash": "45e95b6d779377327ed9b9b95cc05d0236aa09da",
            "messageTitle": "Undo functionality bug fix",
            "messageBody": "",
            "fileTypesAndContributionMap": {
              "functional-code": {
                "insertions": 19,
                "deletions": 0
              },
              "other": {
                "insertions": 1,
                "deletions": 1
              }
            }
          },
          {
            "hash": "e418c33e51bc2753678f2f85599e9a873f295810",
            "messageTitle": "Undo functionality bug fix",
            "messageBody": "",
            "fileTypesAndContributionMap": {
              "other": {
                "insertions": 1,
                "deletions": 1
              }
            }
          },
          {
            "hash": "1491ba4555a947fb5bab792a1258e2b9451980e0",
            "messageTitle": "Undo functionality refine",
            "messageBody": "",
            "fileTypesAndContributionMap": {
              "functional-code": {
                "insertions": 8,
                "deletions": 7
              },
              "other": {
                "insertions": 1,
                "deletions": 1
              }
            }
          },
          {
            "hash": "fb76fbfe06f42538d0daa7d7b87241ff994482d7",
            "messageTitle": "Git ignore data json files",
            "messageBody": "",
            "fileTypesAndContributionMap": {
              "other": {
                "insertions": 1,
                "deletions": 1
              }
            }
          }
        ]
      },
      {
        "date": "2020-10-24",
        "commitResults": [
          {
            "hash": "d3350a3cdfbf807b5993f63462d4d8b9a143240e",
            "messageTitle": "Update OrderCommand on Developer Guide",
            "messageBody": "",
            "fileTypesAndContributionMap": {
              "other": {
                "insertions": 2,
                "deletions": 0
              },
              "docs": {
                "insertions": 99,
                "deletions": 4
              }
            }
          },
          {
            "hash": "b3ed39ca8647df4ea0251a49d6742a8ffffa7b31",
            "messageTitle": "Style fix",
            "messageBody": "",
            "fileTypesAndContributionMap": {
              "other": {
                "insertions": 1,
                "deletions": 1
              }
            }
          }
        ]
      },
      {
        "date": "2020-10-25",
        "commitResults": [
          {
            "hash": "4e7d9b55e50b978e4707d13b09a881974d71bc30",
            "messageTitle": "Add SortCommand",
            "messageBody": "",
            "fileTypesAndContributionMap": {
              "functional-code": {
                "insertions": 131,
                "deletions": 2
              }
            }
          },
          {
            "hash": "6ce824ccbcbc52529fec37947b62396360867b95",
            "messageTitle": "Lambda style fix",
            "messageBody": "",
            "fileTypesAndContributionMap": {
              "functional-code": {
                "insertions": 1,
                "deletions": 1
              }
            }
          },
          {
            "hash": "eb97d27c88e149ae71d5341da8d8018a15a43201",
            "messageTitle": "Lambda style fix",
            "messageBody": "",
            "fileTypesAndContributionMap": {
              "functional-code": {
                "insertions": 1,
                "deletions": 1
              }
            }
          }
        ]
      },
      {
        "date": "2020-10-26",
        "commitResults": [
          {
            "hash": "443a14059cc35ef875328c56bc3d670463ce7c6d",
            "messageTitle": "LogicManagerTest intermediary",
            "messageBody": "",
            "fileTypesAndContributionMap": {
              "functional-code": {
                "insertions": 4,
                "deletions": 1
              },
              "test-code": {
                "insertions": 87,
                "deletions": 4
              }
            }
          }
        ]
      },
      {
        "date": "2020-10-27",
        "commitResults": [
          {
            "hash": "e189fc43df454f89915f8bdd54b2a391c7418da3",
            "messageTitle": "Add Assert statement",
            "messageBody": "",
            "fileTypesAndContributionMap": {
              "functional-code": {
                "insertions": 1,
                "deletions": 0
              }
            }
          },
          {
            "hash": "fe30c12082a4d929cb6cb0452c65d6512ba7ad59",
            "messageTitle": "Add Assert statement",
            "messageBody": "",
            "fileTypesAndContributionMap": {
              "functional-code": {
                "insertions": 1,
                "deletions": 1
              }
            }
          },
          {
            "hash": "fbffac53daafdbcb25e3ddcdc71b8dd2e1790e77",
            "messageTitle": "Add Assert statement",
            "messageBody": "",
            "fileTypesAndContributionMap": {
              "functional-code": {
                "insertions": 2,
                "deletions": 2
              }
            }
          },
          {
            "hash": "6839d7d148957c69cbd2b5908fa58d3777d2a5d3",
            "messageTitle": "Update Preset",
            "messageBody": "",
            "fileTypesAndContributionMap": {
              "functional-code": {
                "insertions": 65,
                "deletions": 34
              },
              "other": {
                "insertions": 2,
                "deletions": 1
              }
            }
          }
        ]
      },
      {
        "date": "2020-10-28",
        "commitResults": [
          {
            "hash": "dbe18f7ed5f465b82c0e818e08c0255bc747cae4",
            "messageTitle": "Update userguide",
            "messageBody": "",
            "fileTypesAndContributionMap": {
              "docs": {
                "insertions": 8,
                "deletions": 11
              }
            }
          }
        ]
      }
    ]
  },
  "authorFileTypeContributionMap": {
    "ernestlim8": {
      "docs": 204,
      "functional-code": 1428,
      "test-code": 1233
    },
    "MorningLit": {
      "docs": 88,
      "functional-code": 664,
      "test-code": 486,
      "other": 1
    },
    "Ebolaeater": {
      "docs": 139,
      "functional-code": 467,
      "test-code": 1255
    },
    "duckmoon99": {
      "docs": 77,
      "functional-code": 804,
      "test-code": 57,
      "other": 5
    },
    "KendrewChan": {
      "docs": 70,
      "functional-code": 810,
      "test-code": 600,
      "other": 5
    }
  },
  "authorContributionVariance": {
    "ernestlim8": 38610.355,
    "MorningLit": 184572.56,
    "Ebolaeater": 39712.2,
    "duckmoon99": 3871.7632,
    "KendrewChan": 7083.298
  },
  "authorDisplayNameMap": {
    "ernestlim8": "CS2103-T16-1 LIM ..NEST",
    "MorningLit": "CS2103-T16-1 AMBR..YUAN",
    "Ebolaeater": "CS2103-T16-1 ANIK..ARAM",
    "duckmoon99": "CS2103-T16-1 TAN .. XIN",
    "KendrewChan": "CS2103-T16-1 CHAN..DREW"
  }
}
