{
  "authorDailyContributionsMap": {
    "ernestlim8": [
      {
        "date": "2020-09-20",
        "commitResults": [
          {
            "hash": "412fdfb12506851a9fbb724590bcf89612da9d2e",
            "messageTitle": "Update index.md to reflect the new project name",
            "messageBody": "",
            "fileTypesAndContributionMap": {
              "docs": {
                "insertions": 4,
                "deletions": 4
              }
            }
          }
        ]
      },
      {
        "date": "2020-09-24",
        "commitResults": [
          {
            "hash": "d25c44b3a1d532539be28a312dc523245423d499",
            "messageTitle": "Update ReadMe",
            "messageBody": "",
            "fileTypesAndContributionMap": {
              "docs": {
                "insertions": 27,
                "deletions": 10
              }
            }
          },
          {
            "hash": "771782139c8b4dd8de2dbe90bcb6e78036fe396a",
            "messageTitle": "Update ReadMe",
            "messageBody": "",
            "fileTypesAndContributionMap": {
              "docs": {
                "insertions": 1,
                "deletions": 1
              }
            }
          }
        ]
      },
      {
        "date": "2020-09-25",
        "commitResults": [
          {
            "hash": "5ad0b248a9dd4eb5123565ad2bd84834a5979634",
            "messageTitle": "Update user guide",
            "messageBody": "",
            "fileTypesAndContributionMap": {
              "docs": {
                "insertions": 6,
                "deletions": 172
              }
            }
          },
          {
            "hash": "aeff5b4bc3caf230936b29892defd68a60e7aec9",
            "messageTitle": "Update UserGuide.md",
            "messageBody": "Add actions to the command summary",
            "fileTypesAndContributionMap": {
              "docs": {
                "insertions": 3,
                "deletions": 0
              }
            }
          }
        ]
      },
      {
        "date": "2020-09-26",
        "commitResults": [
          {
            "hash": "de5497a161e9c9208325236d01c2363026d4a771",
            "messageTitle": "Update ReadMe",
            "messageBody": "",
            "fileTypesAndContributionMap": {
              "docs": {
                "insertions": 1,
                "deletions": 1
              }
            }
          }
        ]
      },
      {
        "date": "2020-09-28",
        "commitResults": [
          {
            "hash": "4c9e6ab5014fcbe796d4d92ba4d953dc930e21a4",
            "messageTitle": "Update README.md",
            "messageBody": "Update CI Status to point to SupperStrikers",
            "fileTypesAndContributionMap": {
              "docs": {
                "insertions": 1,
                "deletions": 1
              }
            }
          }
        ]
      },
      {
        "date": "2020-09-29",
        "commitResults": [
          {
            "hash": "3a5c9c8efa95d8d7c40282165d7d8d9762468325",
            "messageTitle": "Refactor AddressBook and its related model classes into MenuManager",
            "messageBody": "",
            "fileTypesAndContributionMap": {
              "functional-code": {
                "insertions": 539,
                "deletions": 4
              },
              "test-code": {
                "insertions": 52,
                "deletions": 0
              }
            }
          },
          {
            "hash": "bbe8b34b23799a6883ddfaba778cb5ba614fa5b4",
            "messageTitle": "Add JsonAdapted food for converting food into json",
            "messageBody": "",
            "fileTypesAndContributionMap": {
              "functional-code": {
                "insertions": 127,
                "deletions": 40
              },
              "test-code": {
                "insertions": 149,
                "deletions": 26
              }
            }
          }
        ]
      },
      {
        "date": "2020-09-30",
        "commitResults": [
          {
            "hash": "932f8e614a0777379d809703cbcb58ba07b71771",
            "messageTitle": "Integrate MenuManager with GUI for displaying of menu, which is loaded from FoodStorageStub",
            "messageBody": "",
            "fileTypesAndContributionMap": {
              "functional-code": {
                "insertions": 266,
                "deletions": 4
              },
              "test-code": {
                "insertions": 3,
                "deletions": 2
              }
            }
          }
        ]
      },
      {
        "date": "2020-10-01",
        "commitResults": [
          {
            "hash": "d0ffec3af2bfa0514ea72c516b7cde22c7b939d9",
            "messageTitle": "Add methods to toggle display between vendor mode and menu mode",
            "messageBody": "",
            "fileTypesAndContributionMap": {
              "functional-code": {
                "insertions": 38,
                "deletions": 22
              }
            }
          },
          {
            "hash": "6d8ac9cc3fb1111da8d718702d816509533ee965",
            "messageTitle": "Fix checkstyle issues",
            "messageBody": "",
            "fileTypesAndContributionMap": {
              "docs": {
                "insertions": 6,
                "deletions": 6
              }
            }
          }
        ]
      },
      {
        "date": "2020-10-10",
        "commitResults": [
          {
            "hash": "39de0d278f349f8c4ee87f25250de14759bab6c1",
            "messageTitle": "Add Food Tests",
            "messageBody": "",
            "fileTypesAndContributionMap": {
              "functional-code": {
                "insertions": 37,
                "deletions": 1
              },
              "test-code": {
                "insertions": 428,
                "deletions": 0
              }
            }
          }
        ]
      },
      {
        "date": "2020-10-11",
        "commitResults": [
          {
            "hash": "81034638bc1ea4ec41fcbb8247e9a15e8c2df5da",
            "messageTitle": "Add tests for Food and Menu classes",
            "messageBody": "",
            "fileTypesAndContributionMap": {
              "other": {
                "insertions": 9,
                "deletions": 7
              },
              "test-code": {
                "insertions": 192,
                "deletions": 1
              }
            }
          },
          {
            "hash": "98abf325b699d24f79f158f1fe4aa161fa6552c8",
            "messageTitle": "Fix checkstyle issues",
            "messageBody": "",
            "fileTypesAndContributionMap": {
              "functional-code": {
                "insertions": 0,
                "deletions": 10
              }
            }
          },
          {
            "hash": "5c58f1dd2411fd79ba399fe7368e40945311d57f",
            "messageTitle": "Update Model.java",
            "messageBody": "",
            "fileTypesAndContributionMap": {
              "functional-code": {
                "insertions": 1,
                "deletions": 1
              }
            }
          }
        ]
      },
      {
        "date": "2020-10-12",
        "commitResults": [
          {
            "hash": "acede2caff0ffb8ac278ce1b6cf643eb7b9a8e50",
            "messageTitle": "Implement add command",
            "messageBody": "",
            "fileTypesAndContributionMap": {
              "functional-code": {
                "insertions": 75,
                "deletions": 25
              },
              "test-code": {
                "insertions": 13,
                "deletions": 13
              }
            }
          }
        ]
      },
      {
        "date": "2020-10-13",
        "commitResults": [
          {
            "hash": "0f5c440295cf545ef8e3c7a54f431a39345fd39e",
            "messageTitle": "Modify command result and exception to be more suitable for SupperStrikers",
            "messageBody": "",
            "fileTypesAndContributionMap": {
              "functional-code": {
                "insertions": 69,
                "deletions": 42
              }
            }
          },
          {
            "hash": "cae09ad63c646e06112850da04c1d50e4a548c27",
            "messageTitle": "Fix gradle build error",
            "messageBody": "",
            "fileTypesAndContributionMap": {
              "functional-code": {
                "insertions": 2,
                "deletions": 1
              },
              "test-code": {
                "insertions": 9,
                "deletions": 8
              }
            }
          }
        ]
      },
      {
        "date": "2020-10-18",
        "commitResults": [
          {
            "hash": "2198e4cc5f9abe9fdb6531c39aaf7f9d96f96200",
            "messageTitle": "Add MenuManagerStorage and tests",
            "messageBody": "",
            "fileTypesAndContributionMap": {
              "functional-code": {
                "insertions": 193,
                "deletions": 5
              },
              "test-code": {
                "insertions": 56,
                "deletions": 0
              }
            }
          }
        ]
      },
      {
        "date": "2020-10-19",
        "commitResults": [
          {
            "hash": "1b6237ccde13cc3a3073895931dea5a7f12c3c5d",
            "messageTitle": "Add tests for Food and AddCommandParser.",
            "messageBody": "",
            "fileTypesAndContributionMap": {
              "functional-code": {
                "insertions": 29,
                "deletions": 10
              },
              "test-code": {
                "insertions": 50,
                "deletions": 101
              }
            }
          }
        ]
      }
    ],
    "MorningLit": [
      {
        "date": "2020-09-25",
        "commitResults": [
          {
            "hash": "230c094652510775c0d508afc0b39b136cb45eaf",
            "messageTitle": "Update my version of the user guide",
            "messageBody": "",
            "fileTypesAndContributionMap": {
              "docs": {
                "insertions": 24,
                "deletions": 116
              }
            }
          }
        ]
      },
      {
        "date": "2020-09-26",
        "commitResults": [
          {
            "hash": "40796f1e5d5a46f51b4b38521f8a16aae64bdf1b",
            "messageTitle": "Edit about us",
            "messageBody": "",
            "fileTypesAndContributionMap": {
              "docs": {
                "insertions": 0,
                "deletions": 5
              }
            }
          }
        ]
      },
      {
        "date": "2020-10-05",
        "commitResults": [
          {
            "hash": "3d06c897d94e8509fee4cc9bf55e16c355dbb378",
            "messageTitle": "Add VendorManager and its interface Added more details to its exception too.",
            "messageBody": "",
            "fileTypesAndContributionMap": {
              "functional-code": {
                "insertions": 144,
                "deletions": 4
              }
            }
          },
          {
            "hash": "74d5287a0527f29dc55dd9074fb5f6bda4b583a1",
            "messageTitle": "Fix checks",
            "messageBody": "",
            "fileTypesAndContributionMap": {
              "functional-code": {
                "insertions": 1,
                "deletions": 1
              },
              "docs": {
                "insertions": 4,
                "deletions": 4
              }
            }
          },
          {
            "hash": "c8119e29c19b53b34c53f4f9974967da070ca8f7",
            "messageTitle": "Fix checks 2",
            "messageBody": "",
            "fileTypesAndContributionMap": {
              "functional-code": {
                "insertions": 1,
                "deletions": 1
              }
            }
          }
        ]
      },
      {
        "date": "2020-10-07",
        "commitResults": [
          {
            "hash": "98cf46e479b698bbe388456cb586de4d318f9e5c",
            "messageTitle": "Refactor Person class to Vendor class",
            "messageBody": "",
            "fileTypesAndContributionMap": {
              "functional-code": {
                "insertions": 277,
                "deletions": 857
              },
              "other": {
                "insertions": 101,
                "deletions": 94
              },
              "test-code": {
                "insertions": 441,
                "deletions": 1143
              }
            }
          },
          {
            "hash": "0b664e5e2078b058d3e0845209113f764f4b8269",
            "messageTitle": "Fix whiny checkstyle",
            "messageBody": "",
            "fileTypesAndContributionMap": {
              "functional-code": {
                "insertions": 7,
                "deletions": 7
              }
            }
          },
          {
            "hash": "9513bb7f77b1f5aab560673a59740fa461a8d40e",
            "messageTitle": "Fixed whiny checkstyle again",
            "messageBody": "",
            "fileTypesAndContributionMap": {
              "functional-code": {
                "insertions": 5,
                "deletions": 5
              }
            }
          },
          {
            "hash": "fd4c4bc058105ac1de62272fa3f36a4b74ebd917",
            "messageTitle": "Fix",
            "messageBody": "",
            "fileTypesAndContributionMap": {
              "test-code": {
                "insertions": 1,
                "deletions": 1
              }
            }
          },
          {
            "hash": "15f6bee0b0e776db519207ebaf95bce8224ed362",
            "messageTitle": "Fix2",
            "messageBody": "",
            "fileTypesAndContributionMap": {
              "test-code": {
                "insertions": 7,
                "deletions": 7
              }
            }
          },
          {
            "hash": "5dacd790d4b0e5d732435b415a620ef78848f014",
            "messageTitle": "Fix",
            "messageBody": "",
            "fileTypesAndContributionMap": {
              "test-code": {
                "insertions": 244,
                "deletions": 262
              }
            }
          }
        ]
      },
      {
        "date": "2020-10-13",
        "commitResults": [
          {
            "hash": "e0d6b8dfd2008ababda7ea996141aa4fa0189042",
            "messageTitle": "Update DeleteCommandTest and DeleteCommandParserTest",
            "messageBody": "",
            "fileTypesAndContributionMap": {
              "functional-code": {
                "insertions": 1,
                "deletions": 2
              },
              "test-code": {
                "insertions": 46,
                "deletions": 40
              }
            }
          },
          {
            "hash": "5b5dc56c4a72cc4be46ad2cd4cb417e8eb5d2987",
            "messageTitle": "Fix Checkstyle",
            "messageBody": "",
            "fileTypesAndContributionMap": {
              "functional-code": {
                "insertions": 9,
                "deletions": 1
              }
            }
          },
          {
            "hash": "5c77a415254400006a142139a22b2277fcce164a",
            "messageTitle": "Fix Checkstyles 2",
            "messageBody": "",
            "fileTypesAndContributionMap": {
              "functional-code": {
                "insertions": 2,
                "deletions": 2
              }
            }
          },
          {
            "hash": "7a74af28a8e2a69c6b58c325031dc7e37f9af31e",
            "messageTitle": "Fix Checkstyles 3",
            "messageBody": "",
            "fileTypesAndContributionMap": {
              "test-code": {
                "insertions": 3,
                "deletions": 4
              }
            }
          },
          {
            "hash": "792dcf55c3b9b9c7782a6590dd1005cb12e26664",
            "messageTitle": "Fix Checkstyles 4",
            "messageBody": "",
            "fileTypesAndContributionMap": {
              "test-code": {
                "insertions": 5,
                "deletions": 5
              }
            }
          },
          {
            "hash": "16b9cb260800f8e7ed021208d9fcb51262c829fc",
            "messageTitle": "Fix Checkstyles 5",
            "messageBody": "",
            "fileTypesAndContributionMap": {
              "test-code": {
                "insertions": 2,
                "deletions": 2
              }
            }
          }
        ]
      },
      {
        "date": "2020-10-18",
        "commitResults": [
          {
            "hash": "f08da103bcdc4cd81accab42743bef447064adcd",
            "messageTitle": "Move logic to Order Class",
            "messageBody": "",
            "fileTypesAndContributionMap": {
              "functional-code": {
                "insertions": 35,
                "deletions": 30
              },
              "test-code": {
                "insertions": 6,
                "deletions": 16
              }
            }
          }
        ]
      }
    ],
    "Ebolaeater": [
      {
        "date": "2020-09-24",
        "commitResults": [
          {
            "hash": "35a0f7646dfc4f35c02c8a23a81986a5d506ca5e",
            "messageTitle": "Updated developed guide",
            "messageBody": "",
            "fileTypesAndContributionMap": {
              "docs": {
                "insertions": 142,
                "deletions": 25
              }
            }
          },
          {
            "hash": "ad7ff11e93b7f1c3d6671d8c05fa55e68dca7440",
            "messageTitle": "Fix some typos in the developer guide",
            "messageBody": "",
            "fileTypesAndContributionMap": {
              "docs": {
                "insertions": 10,
                "deletions": 4
              }
            }
          },
          {
            "hash": "49451da0c04d971ffa573984ce47ff31144b1e8a",
            "messageTitle": "Fix some typos",
            "messageBody": "",
            "fileTypesAndContributionMap": {
              "docs": {
                "insertions": 1,
                "deletions": 1
              }
            }
          },
          {
            "hash": "01be5af73992e3ae659b90f05ae30ab4e4791f42",
            "messageTitle": "Fixing some more typos",
            "messageBody": "",
            "fileTypesAndContributionMap": {
              "docs": {
                "insertions": 2,
                "deletions": 2
              }
            }
          }
        ]
      },
      {
        "date": "2020-09-25",
        "commitResults": [
          {
            "hash": "ebb41b6f713ee306cc621e63b376b03eef014516",
            "messageTitle": "Updated user guide",
            "messageBody": "",
            "fileTypesAndContributionMap": {
              "docs": {
                "insertions": 3,
                "deletions": 176
              }
            }
          },
          {
            "hash": "caadeee397a20da9a998223fbc1554fda2b492d5",
            "messageTitle": "Fixing up CI",
            "messageBody": "",
            "fileTypesAndContributionMap": {
              "docs": {
                "insertions": 1,
                "deletions": 1
              }
            }
          }
        ]
      },
      {
        "date": "2020-09-26",
        "commitResults": [
          {
            "hash": "db4edb24c9d8acddf685df050d468f39c7b1d10d",
            "messageTitle": "Developer guide reupdated",
            "messageBody": "",
            "fileTypesAndContributionMap": {
              "docs": {
                "insertions": 21,
                "deletions": 21
              }
            }
          }
        ]
      },
      {
        "date": "2020-10-05",
        "commitResults": [
          {
            "hash": "42c35f47d2f8e2618b702acb22dc3987c7a08298",
            "messageTitle": "Set up the vendor package and testcases",
            "messageBody": "",
            "fileTypesAndContributionMap": {
              "functional-code": {
                "insertions": 593,
                "deletions": 17
              },
              "test-code": {
                "insertions": 715,
                "deletions": 0
              }
            }
          }
        ]
      },
      {
        "date": "2020-10-07",
        "commitResults": [
          {
            "hash": "89c1e1072be675ee9712e6495c56ff3368a770c2",
            "messageTitle": "Fix checkstyle in test classes",
            "messageBody": "",
            "fileTypesAndContributionMap": {
              "test-code": {
                "insertions": 225,
                "deletions": 236
              }
            }
          }
        ]
      },
      {
        "date": "2020-10-12",
        "commitResults": [
          {
            "hash": "938f2532e5bf8b7ae5e4a5d1fb51b531a374bf8f",
            "messageTitle": "Modified AddCommand and AddressBook Parser",
            "messageBody": "",
            "fileTypesAndContributionMap": {
              "functional-code": {
                "insertions": 47,
                "deletions": 47
              }
            }
          },
          {
            "hash": "4c8c55f6b62baeb05cad3ac21d2144127ac0774c",
            "messageTitle": "Fixing testcases and checkstyle",
            "messageBody": "",
            "fileTypesAndContributionMap": {
              "functional-code": {
                "insertions": 1,
                "deletions": 0
              },
              "test-code": {
                "insertions": 163,
                "deletions": 137
              }
            }
          }
        ]
      },
      {
        "date": "2020-10-14",
        "commitResults": [
          {
            "hash": "54f8c60e6f60752ed143c24185f5193e7b50798f",
            "messageTitle": "Fixed add command",
            "messageBody": "",
            "fileTypesAndContributionMap": {
              "functional-code": {
                "insertions": 75,
                "deletions": 44
              },
              "test-code": {
                "insertions": 88,
                "deletions": 91
              }
            }
          },
          {
            "hash": "741860d5a6cae7e4eccdad00576c9eedf34d39fd",
            "messageTitle": "Fix add command execute method",
            "messageBody": "",
            "fileTypesAndContributionMap": {
              "functional-code": {
                "insertions": 7,
                "deletions": 34
              }
            }
          }
        ]
      },
      {
        "date": "2020-10-18",
        "commitResults": [
          {
            "hash": "62bfce0f0f75effde3e4d582d883974467d7af32",
            "messageTitle": "Update HelpWindow and UserGuide",
            "messageBody": "",
            "fileTypesAndContributionMap": {
              "functional-code": {
                "insertions": 1,
                "deletions": 1
              },
              "docs": {
                "insertions": 27,
                "deletions": 29
              }
            }
          },
          {
            "hash": "eedbf65e5e60dcb312fd811d36787b198efab073",
            "messageTitle": "Update ClearCommand and refactor DeleteCommand",
            "messageBody": "",
            "fileTypesAndContributionMap": {
              "functional-code": {
                "insertions": 45,
                "deletions": 8
              },
              "other": {
                "insertions": 45,
                "deletions": 45
              },
              "test-code": {
                "insertions": 65,
                "deletions": 22
              }
            }
          },
          {
            "hash": "d14e23e7f1430a31eb5462ed2fccf5854186ddba",
            "messageTitle": "Fix variable name",
            "messageBody": "",
            "fileTypesAndContributionMap": {
              "functional-code": {
                "insertions": 7,
                "deletions": 9
              },
              "test-code": {
                "insertions": 3,
                "deletions": 3
              }
            }
          },
          {
            "hash": "bfcaa78efb1cc79cada3e1131decda5ddcf4de93",
            "messageTitle": "Fix the clearOrder method",
            "messageBody": "",
            "fileTypesAndContributionMap": {
              "functional-code": {
                "insertions": 12,
                "deletions": 2
              },
              "test-code": {
                "insertions": 5,
                "deletions": 0
              }
            }
          },
          {
            "hash": "98c10e85bf121caaaf7f208e92f7305c66638504",
            "messageTitle": "Fix variable name",
            "messageBody": "",
            "fileTypesAndContributionMap": {
              "functional-code": {
                "insertions": 4,
                "deletions": 4
              },
              "test-code": {
                "insertions": 1,
                "deletions": 1
              }
            }
          }
        ]
      }
    ],
    "duckmoon99": [
      {
        "date": "2020-09-23",
        "commitResults": [
          {
            "hash": "a84a345c38a9a8feabf9ad87522dc1cb7ee6eeb4",
            "messageTitle": "Update AboutUs",
            "messageBody": "",
            "fileTypesAndContributionMap": {
              "docs": {
                "insertions": 1,
                "deletions": 1
              }
            }
          }
        ]
      },
      {
        "date": "2020-09-24",
        "commitResults": [
          {
            "hash": "2f6cd3415ad505145ed6a2fa128db1530d94e84f",
            "messageTitle": "Update user guide",
            "messageBody": "",
            "fileTypesAndContributionMap": {
              "docs": {
                "insertions": 8,
                "deletions": 167
              }
            }
          }
        ]
      },
      {
        "date": "2020-09-26",
        "commitResults": [
          {
            "hash": "601ba2e60c1a8179964e2183f3101bd9f839ba25",
            "messageTitle": "Update AboutUs responsibility",
            "messageBody": "",
            "fileTypesAndContributionMap": {
              "docs": {
                "insertions": 1,
                "deletions": 1
              }
            }
          }
        ]
      },
      {
        "date": "2020-10-03",
        "commitResults": [
          {
            "hash": "644db2b71eca0268c6edf485058182642d7c8164",
            "messageTitle": "Add Order exceptions",
            "messageBody": "",
            "fileTypesAndContributionMap": {
              "functional-code": {
                "insertions": 12,
                "deletions": 0
              },
              "other": {
                "insertions": 0,
                "deletions": 0
              }
            }
          }
        ]
      },
      {
        "date": "2020-10-04",
        "commitResults": [
          {
            "hash": "69ab54d98840cf38ad44ee31885707ae9ffe6e78",
            "messageTitle": "Remove person from Order and OrderItem",
            "messageBody": "",
            "fileTypesAndContributionMap": {
              "functional-code": {
                "insertions": 20,
                "deletions": 31
              }
            }
          },
          {
            "hash": "367045749d26a663de88f3dd77d29b51442f1412",
            "messageTitle": "Create empty OrderManager class",
            "messageBody": "",
            "fileTypesAndContributionMap": {
              "functional-code": {
                "insertions": 5,
                "deletions": 0
              }
            }
          }
        ]
      },
      {
        "date": "2020-10-05",
        "commitResults": [
          {
            "hash": "6ed7e9e136790deebc25f5711cc1a79fb5f834a9",
            "messageTitle": "Add OrderManager",
            "messageBody": "",
            "fileTypesAndContributionMap": {
              "functional-code": {
                "insertions": 139,
                "deletions": 3
              }
            }
          },
          {
            "hash": "bbea531ea81f9e33dbb69e2bdcc64e94fbaca35a",
            "messageTitle": "Fix code style",
            "messageBody": "",
            "fileTypesAndContributionMap": {
              "functional-code": {
                "insertions": 2,
                "deletions": 1
              }
            }
          }
        ]
      },
      {
        "date": "2020-10-07",
        "commitResults": [
          {
            "hash": "ee8d4233736a6e9e48bf83768311fc295c2f4ad7",
            "messageTitle": "Make OrderManager single and improve readability",
            "messageBody": "",
            "fileTypesAndContributionMap": {
              "functional-code": {
                "insertions": 39,
                "deletions": 39
              },
              "test-code": {
                "insertions": 8,
                "deletions": 8
              }
            }
          }
        ]
      },
      {
        "date": "2020-10-09",
        "commitResults": [
          {
            "hash": "03453c3d1172a2af470688a272bf2b4d497a6d4b",
            "messageTitle": "Adding relevant FXML files and fix occurences of Order name to OrderItem",
            "messageBody": "",
            "fileTypesAndContributionMap": {
              "functional-code": {
                "insertions": 140,
                "deletions": 18
              },
              "other": {
                "insertions": 28,
                "deletions": 31
              }
            }
          }
        ]
      },
      {
        "date": "2020-10-12",
        "commitResults": [
          {
            "hash": "a60f3b359dd7823e3fd9af58cab2f82afed263be",
            "messageTitle": "Add Total and Submit commands",
            "messageBody": "",
            "fileTypesAndContributionMap": {
              "functional-code": {
                "insertions": 4,
                "deletions": 0
              }
            }
          },
          {
            "hash": "80977e1836e3066746c504bc9e095e880f5f8aa1",
            "messageTitle": "Add Total and Submit commands 2",
            "messageBody": "",
            "fileTypesAndContributionMap": {
              "functional-code": {
                "insertions": 66,
                "deletions": 3
              }
            }
          }
        ]
      },
      {
        "date": "2020-10-13",
        "commitResults": [
          {
            "hash": "9d1c2cdc2e333b26ce55f3a8c09c1a4c03118c72",
            "messageTitle": "Update DeleteCommand.java",
            "messageBody": "Add TODO to update \"delete\" to \"remove\" to make it more intuitive.",
            "fileTypesAndContributionMap": {
              "functional-code": {
                "insertions": 1,
                "deletions": 0
              }
            }
          },
          {
            "hash": "2a30e2f4e2e89ead37cc0512749f6d9c12106e0a",
            "messageTitle": "Fix add GUI bug",
            "messageBody": "",
            "fileTypesAndContributionMap": {
              "functional-code": {
                "insertions": 8,
                "deletions": 6
              }
            }
          }
        ]
      },
      {
        "date": "2020-10-18",
        "commitResults": [
          {
            "hash": "d3fdfd451b3b16a211555f29ced4c8c2bd7da70c",
            "messageTitle": "Add labels to subsections",
            "messageBody": "",
            "fileTypesAndContributionMap": {
              "functional-code": {
                "insertions": 24,
                "deletions": 26
              }
            }
          },
          {
            "hash": "f3d81002c75092be8c984e8060441a88a450555d",
            "messageTitle": "Add parition to ModelManager methods",
            "messageBody": "",
            "fileTypesAndContributionMap": {
              "functional-code": {
                "insertions": 2,
                "deletions": 0
              }
            }
          },
          {
            "hash": "af54e6f060f86c69d3521f6ec62e3c03246f1b1e",
            "messageTitle": "Add Undo command",
            "messageBody": "",
            "fileTypesAndContributionMap": {
              "functional-code": {
                "insertions": 85,
                "deletions": 0
              }
            }
          },
          {
            "hash": "892d86bfe750c97018c839f5fba10f03cd0370de",
            "messageTitle": "Update Model stub in AddCommandTest",
            "messageBody": "",
            "fileTypesAndContributionMap": {
              "test-code": {
                "insertions": 10,
                "deletions": 0
              }
            }
          }
        ]
      }
    ],
    "KendrewChan": [
      {
        "date": "2020-09-23",
        "commitResults": [
          {
            "hash": "721d5ce4631787c9c210143a729cff6397c63978",
            "messageTitle": "AboutUs md page update",
            "messageBody": "",
            "fileTypesAndContributionMap": {
              "docs": {
                "insertions": 25,
                "deletions": 26
              }
            }
          },
          {
            "hash": "53f30e5b0125fed230de966f999da624964fade5",
            "messageTitle": "aboutus update",
            "messageBody": "",
            "fileTypesAndContributionMap": {
              "docs": {
                "insertions": 1,
                "deletions": 1
              }
            }
          }
        ]
      },
      {
        "date": "2020-09-25",
        "commitResults": [
          {
            "hash": "b7902dfacfd6013a25a1a927af2276225ce36dbb",
            "messageTitle": "update userguide",
            "messageBody": "",
            "fileTypesAndContributionMap": {
              "docs": {
                "insertions": 7,
                "deletions": 170
              }
            }
          }
        ]
      },
      {
        "date": "2020-09-26",
        "commitResults": [
          {
            "hash": "60ff630ead81e053f33b52edef2bd80bbde3e3fe",
            "messageTitle": "update aboutus github name",
            "messageBody": "",
            "fileTypesAndContributionMap": {
              "docs": {
                "insertions": 1,
                "deletions": 1
              }
            }
          },
          {
            "hash": "6be7abd11153068b3b82dc082d55c390d6fc612c",
            "messageTitle": "update aboutus",
            "messageBody": "",
            "fileTypesAndContributionMap": {
              "docs": {
                "insertions": 1,
                "deletions": 1
              }
            }
          }
        ]
      },
      {
        "date": "2020-10-03",
        "commitResults": [
          {
            "hash": "4cac1df9890912982a93e76d30a222e36446ba8a",
            "messageTitle": "Add OrderItem and Order class",
            "messageBody": "",
            "fileTypesAndContributionMap": {
              "functional-code": {
                "insertions": 158,
                "deletions": 3
              }
            }
          },
          {
            "hash": "db530dcac984b3b224cfa182b2196ac4824ce847",
            "messageTitle": "Add OrderItem and Order class",
            "messageBody": "",
            "fileTypesAndContributionMap": {
              "functional-code": {
                "insertions": 18,
                "deletions": 9
              }
            }
          }
        ]
      },
      {
        "date": "2020-10-04",
        "commitResults": [
          {
            "hash": "1ee4661c75cd12d2ee8b9f87f399437a85b1884c",
            "messageTitle": "Add OrderItem and Order class 3",
            "messageBody": "",
            "fileTypesAndContributionMap": {
              "functional-code": {
                "insertions": 108,
                "deletions": 50
              }
            }
          }
        ]
      },
      {
        "date": "2020-10-07",
        "commitResults": [
          {
            "hash": "7d0f1e70911594a6868afaa4f483c5d22a584c7a",
            "messageTitle": "Order Gui setup",
            "messageBody": "",
            "fileTypesAndContributionMap": {
              "functional-code": {
                "insertions": 297,
                "deletions": 4
              },
              "test-code": {
                "insertions": 43,
                "deletions": 0
              }
            }
          },
          {
            "hash": "645fb588c70b4b7414fbfed63d8d111ac34f77ef",
            "messageTitle": "Order Gui setup",
            "messageBody": "",
            "fileTypesAndContributionMap": {
              "functional-code": {
                "insertions": 10,
                "deletions": 3
              }
            }
          }
        ]
      },
      {
        "date": "2020-10-12",
        "commitResults": [
          {
            "hash": "e1898c4c2024a776875ea5bb34e0773fe4bbc5d8",
            "messageTitle": "DeleteCommand",
            "messageBody": "",
            "fileTypesAndContributionMap": {
              "functional-code": {
                "insertions": 53,
                "deletions": 11
              }
            }
          }
        ]
      },
      {
        "date": "2020-10-15",
        "commitResults": [
          {
            "hash": "5c93e49bf44b2f33a633f07a962f3fb4628fdf20",
            "messageTitle": "Minor code styling updates",
            "messageBody": "",
            "fileTypesAndContributionMap": {
              "functional-code": {
                "insertions": 2,
                "deletions": 5
              },
              "test-code": {
                "insertions": 5,
                "deletions": 6
              }
            }
          }
        ]
      },
      {
        "date": "2020-10-19",
        "commitResults": [
          {
            "hash": "8ef5a6e77e8d21c221775681c84baa58e3a81e1a",
            "messageTitle": "Add OrderManagerStorage and Related Tests",
            "messageBody": "",
            "fileTypesAndContributionMap": {
              "functional-code": {
                "insertions": 180,
                "deletions": 0
              },
              "test-code": {
                "insertions": 195,
                "deletions": 0
              }
            }
          },
          {
            "hash": "91ebd92d91386c0fa4d49f373364b2239f39282e",
            "messageTitle": "Add OrderManagerStorage and Related Tests",
            "messageBody": "",
            "fileTypesAndContributionMap": {
              "docs": {
                "insertions": 5,
                "deletions": 5
              }
            }
          },
          {
            "hash": "b6ae8d93433da55193ae6bc82becc7d02943865e",
            "messageTitle": "Add OrderManagerStorage and Related Tests",
            "messageBody": "",
            "fileTypesAndContributionMap": {
              "functional-code": {
                "insertions": 12,
                "deletions": 11
              }
            }
          },
          {
            "hash": "1761be418700b99990639eeef9f04d04029c512c",
            "messageTitle": "Add OrderManagerStorage and Related Tests",
            "messageBody": "",
            "fileTypesAndContributionMap": {
              "functional-code": {
                "insertions": 3,
                "deletions": 3
              }
            }
          }
        ]
      }
    ]
  },
  "authorFileTypeContributionMap": {
    "ernestlim8": {
      "docs": 37,
      "functional-code": 1182,
      "test-code": 860
    },
    "MorningLit": {
      "docs": 14,
      "functional-code": 471,
      "test-code": 598
    },
    "Ebolaeater": {
      "docs": 176,
      "functional-code": 322,
      "test-code": 742
    },
    "duckmoon99": {
      "docs": 4,
      "functional-code": 538,
      "test-code": 17,
      "other": 1
    },
    "KendrewChan": {
      "docs": 28,
      "functional-code": 611,
      "test-code": 231
    }
  },
  "authorContributionVariance": {
    "ernestlim8": 18909.148,
    "MorningLit": 176074.95,
    "Ebolaeater": 33791.184,
    "duckmoon99": 1864.0896,
    "KendrewChan": 5478.7754
  },
  "authorDisplayNameMap": {
    "ernestlim8": "CS2103-T16-1 LIM ..NEST",
    "MorningLit": "CS2103-T16-1 AMBR..YUAN",
    "Ebolaeater": "CS2103-T16-1 ANIK..ARAM",
    "duckmoon99": "CS2103-T16-1 TAN .. XIN",
    "KendrewChan": "CS2103-T16-1 CHAN..DREW"
  }
}
