{
  "authorDailyContributionsMap": {
    "michael-setia": [
      {
        "date": "2020-09-23",
        "commitResults": [
          {
            "hash": "033713ee07431f40fa5054919a0e938b01f64d64",
            "messageTitle": "Add portofolio page for Michael",
            "messageBody": "",
            "fileTypesAndContributionMap": {
              "docs": {
                "insertions": 2,
                "deletions": 2
              }
            }
          },
          {
            "hash": "8cb6ad1aca321f189561086269b362cfe1d7c6f9",
            "messageTitle": "Update AboutUs.md for Michael\u0027s part",
            "messageBody": "",
            "fileTypesAndContributionMap": {
              "docs": {
                "insertions": 6,
                "deletions": 6
              }
            }
          },
          {
            "hash": "994c286100a5246fbe988df4679ce9fca763590a",
            "messageTitle": "Fix AboutUs.md",
            "messageBody": "",
            "fileTypesAndContributionMap": {
              "docs": {
                "insertions": 5,
                "deletions": 4
              }
            }
          }
        ]
      },
      {
        "date": "2020-09-24",
        "commitResults": [
          {
            "hash": "b240e5b2cf5ab5535f05678a5684fb08f116aeb2",
            "messageTitle": "Update user guide with feature to edit module",
            "messageBody": "",
            "fileTypesAndContributionMap": {
              "docs": {
                "insertions": 12,
                "deletions": 0
              }
            }
          },
          {
            "hash": "93ff8659cbaa476bfb7e3ee341b6136603f48145",
            "messageTitle": "Fix a typo",
            "messageBody": "",
            "fileTypesAndContributionMap": {
              "docs": {
                "insertions": 1,
                "deletions": 1
              }
            }
          }
        ]
      },
      {
        "date": "2020-09-26",
        "commitResults": [
          {
            "hash": "f21d16f26dc49fed6837bedf031c8c966b71d2a8",
            "messageTitle": "Update developer guide with use cases for todo list",
            "messageBody": "",
            "fileTypesAndContributionMap": {
              "docs": {
                "insertions": 88,
                "deletions": 0
              }
            }
          },
          {
            "hash": "b8f4f22c30c18459459de7224fa30c1581d7ef3e",
            "messageTitle": "Add missing \"Use case ends\" sentences",
            "messageBody": "",
            "fileTypesAndContributionMap": {
              "docs": {
                "insertions": 12,
                "deletions": 2
              }
            }
          }
        ]
      },
      {
        "date": "2020-09-30",
        "commitResults": [
          {
            "hash": "d77f43a64eb018031a2495e40089a54868fcf6fa",
            "messageTitle": "Implement edit module command and do necessary update for other classes",
            "messageBody": "",
            "fileTypesAndContributionMap": {
              "functional-code": {
                "insertions": 225,
                "deletions": 1
              },
              "other": {
                "insertions": 1,
                "deletions": 1
              }
            }
          },
          {
            "hash": "017afcc91604f992d95ad24497ac47c2d965c3b0",
            "messageTitle": "Change main class name in build.gradle",
            "messageBody": "",
            "fileTypesAndContributionMap": {
              "other": {
                "insertions": 1,
                "deletions": 1
              }
            }
          }
        ]
      },
      {
        "date": "2020-10-06",
        "commitResults": [
          {
            "hash": "e566db88ea6f0b42d430410a4d7ac36b9820b32f",
            "messageTitle": "Initial code for TodoList feature",
            "messageBody": "",
            "fileTypesAndContributionMap": {
              "functional-code": {
                "insertions": 226,
                "deletions": 0
              }
            }
          },
          {
            "hash": "ae9d6045b9abcb981ceff44e5317a3a4bb6b76d1",
            "messageTitle": "Add sort method to TodoList",
            "messageBody": "",
            "fileTypesAndContributionMap": {
              "functional-code": {
                "insertions": 48,
                "deletions": 0
              }
            }
          },
          {
            "hash": "3623750acc48819bcd6fb9efd1c5e1f2a141e8b3",
            "messageTitle": "Add TodoList to the main logic and update some classes",
            "messageBody": "",
            "fileTypesAndContributionMap": {
              "functional-code": {
                "insertions": 146,
                "deletions": 29
              }
            }
          },
          {
            "hash": "f8c46a84b3efefd3effe692922d416c0c7bef919",
            "messageTitle": "Add view todolist feature",
            "messageBody": "",
            "fileTypesAndContributionMap": {
              "functional-code": {
                "insertions": 309,
                "deletions": 10
              }
            }
          }
        ]
      },
      {
        "date": "2020-10-07",
        "commitResults": [
          {
            "hash": "37579cb30079ef69235b176a0e1a923c52f26ac4",
            "messageTitle": "Add missing JavaDoc",
            "messageBody": "",
            "fileTypesAndContributionMap": {
              "functional-code": {
                "insertions": 83,
                "deletions": 9
              }
            }
          },
          {
            "hash": "00dd7962883cce847c8e9ee7062456a0f30a4fb1",
            "messageTitle": "Add delete task feature",
            "messageBody": "",
            "fileTypesAndContributionMap": {
              "functional-code": {
                "insertions": 85,
                "deletions": 0
              }
            }
          },
          {
            "hash": "3a792579988ac6cf160a476890093f2643309b28",
            "messageTitle": "ParserManager class: Add case for \"deletetask\"",
            "messageBody": "",
            "fileTypesAndContributionMap": {
              "functional-code": {
                "insertions": 4,
                "deletions": 0
              }
            }
          },
          {
            "hash": "515b62fb9b103fbbe316b3e9b7797a3102af22b6",
            "messageTitle": "Fix index bug",
            "messageBody": "",
            "fileTypesAndContributionMap": {
              "functional-code": {
                "insertions": 1,
                "deletions": 1
              }
            }
          },
          {
            "hash": "2ed93c537a331d0d61f1a5706e6168f5b564528a",
            "messageTitle": "Add EditTaskCommand class",
            "messageBody": "",
            "fileTypesAndContributionMap": {
              "functional-code": {
                "insertions": 174,
                "deletions": 0
              }
            }
          },
          {
            "hash": "538b988370ce1c7fd9a323b6e09394a1de8a0f67",
            "messageTitle": "Add temporary ParserUtil class for TodoList",
            "messageBody": "",
            "fileTypesAndContributionMap": {
              "functional-code": {
                "insertions": 147,
                "deletions": 0
              }
            }
          },
          {
            "hash": "3bb0b2e4baa327800f2c3963f4cdc487b9a38fff",
            "messageTitle": "Add temporary ParserUtil class for TodoList",
            "messageBody": "",
            "fileTypesAndContributionMap": {
              "functional-code": {
                "insertions": 4,
                "deletions": 67
              }
            }
          },
          {
            "hash": "930c06fbcb77413bae401e993ff43dc52a59bc30",
            "messageTitle": "DeleteTaskParser class: Update implementation to use ParserUtilTodoList",
            "messageBody": "",
            "fileTypesAndContributionMap": {
              "functional-code": {
                "insertions": 7,
                "deletions": 23
              }
            }
          },
          {
            "hash": "e46a2d09ae3bafc6709e37bc9af3a6d3becec024",
            "messageTitle": "Add EditTaskParser class",
            "messageBody": "",
            "fileTypesAndContributionMap": {
              "functional-code": {
                "insertions": 36,
                "deletions": 0
              }
            }
          },
          {
            "hash": "43b3aa29091fe22e981db46bbe44fc628df9654e",
            "messageTitle": "ParserManager class: Add case for \"edittask\"",
            "messageBody": "",
            "fileTypesAndContributionMap": {
              "functional-code": {
                "insertions": 8,
                "deletions": 0
              }
            }
          },
          {
            "hash": "fcb5332cb8344cbd0e06406d82e65f45f98c6efd",
            "messageTitle": "Update EditTaskParser class",
            "messageBody": "",
            "fileTypesAndContributionMap": {
              "functional-code": {
                "insertions": 17,
                "deletions": 8
              }
            }
          }
        ]
      },
      {
        "date": "2020-10-08",
        "commitResults": [
          {
            "hash": "2ab77d3c15811414e796f5114112d98a00393795",
            "messageTitle": "DeleteTaskParser class: Remove unused import statements",
            "messageBody": "",
            "fileTypesAndContributionMap": {
              "functional-code": {
                "insertions": 0,
                "deletions": 2
              }
            }
          },
          {
            "hash": "95ac26b268ef0f64573332a05b61162a6ef204a9",
            "messageTitle": "Add missing parameter \"todoList\" for some of the execute methods",
            "messageBody": "",
            "fileTypesAndContributionMap": {
              "functional-code": {
                "insertions": 4,
                "deletions": 2
              }
            }
          }
        ]
      }
    ],
    "MatthiasLHK": [
      {
        "date": "2020-09-15",
        "commitResults": [
          {
            "hash": "df780432f3a4da63662fb82bd6f9ee7ac73a4b8e",
            "messageTitle": "add new package \u0027tp\u0027 for our evolve",
            "messageBody": "",
            "fileTypesAndContributionMap": {
              "functional-code": {
                "insertions": 79,
                "deletions": 0
              }
            }
          }
        ]
      },
      {
        "date": "2020-09-17",
        "commitResults": [
          {
            "hash": "59c558ee241481e8345f66d929f2cc2f71184ea0",
            "messageTitle": "reset to original",
            "messageBody": "",
            "fileTypesAndContributionMap": {
              "functional-code": {
                "insertions": 0,
                "deletions": 79
              }
            }
          }
        ]
      },
      {
        "date": "2020-09-21",
        "commitResults": [
          {
            "hash": "c948d529158435dc0f8fa31fedb3d768f4929fd4",
            "messageTitle": "Add Matt Aboutus part",
            "messageBody": "",
            "fileTypesAndContributionMap": {
              "docs": {
                "insertions": 5,
                "deletions": 5
              }
            }
          }
        ]
      },
      {
        "date": "2020-09-22",
        "commitResults": [
          {
            "hash": "1fbd45ff099123e04f0c1426ed85a762e909bc07",
            "messageTitle": "Create tp setting up markdown file",
            "messageBody": "",
            "fileTypesAndContributionMap": {
              "docs": {
                "insertions": 53,
                "deletions": 1
              }
            }
          },
          {
            "hash": "fdca929025305b802a37073f81d7bba41d05a507",
            "messageTitle": "Update DeveloperGuide on the user stories, test cases, Glossary",
            "messageBody": "",
            "fileTypesAndContributionMap": {
              "docs": {
                "insertions": 250,
                "deletions": 0
              }
            }
          }
        ]
      },
      {
        "date": "2020-09-23",
        "commitResults": [
          {
            "hash": "df22642df1e86b82bd4ab91366c20cea27aa46dd",
            "messageTitle": "Add portfolio file in team",
            "messageBody": "",
            "fileTypesAndContributionMap": {
              "docs": {
                "insertions": 47,
                "deletions": 1
              }
            }
          }
        ]
      },
      {
        "date": "2020-09-25",
        "commitResults": [
          {
            "hash": "865332fb0004fb16e8b11e89fe23567dccf084f9",
            "messageTitle": "Add add module feature in the UG",
            "messageBody": "",
            "fileTypesAndContributionMap": {
              "docs": {
                "insertions": 29,
                "deletions": 18
              }
            }
          },
          {
            "hash": "3e8e51f5514ad79ccc4cad766cb413217c120278",
            "messageTitle": "Add NFRs under privacy, Quality and Tech",
            "messageBody": "",
            "fileTypesAndContributionMap": {
              "docs": {
                "insertions": 5,
                "deletions": 2
              }
            }
          },
          {
            "hash": "53f13e80dc736801228e4fb328c015e3dae09583",
            "messageTitle": "Update UG command tables",
            "messageBody": "",
            "fileTypesAndContributionMap": {
              "docs": {
                "insertions": 2,
                "deletions": 0
              }
            }
          }
        ]
      },
      {
        "date": "2020-09-26",
        "commitResults": [
          {
            "hash": "acedf4bb11264b5ad912c8e4f6c37f5dd24d836f",
            "messageTitle": "Add Cap 5 buddy photo into docs",
            "messageBody": "",
            "fileTypesAndContributionMap": {
              "docs": {
                "insertions": 2,
                "deletions": 2
              }
            }
          },
          {
            "hash": "18e7e736bed0be61b0d5d120b508b85d446a1dfc",
            "messageTitle": "Update the file location",
            "messageBody": "",
            "fileTypesAndContributionMap": {
              "docs": {
                "insertions": 1,
                "deletions": 1
              }
            }
          },
          {
            "hash": "4ead898587f4a9cf8b9a1f0fa3f25a1c88fdf095",
            "messageTitle": "Add schedule use case",
            "messageBody": "",
            "fileTypesAndContributionMap": {
              "docs": {
                "insertions": 172,
                "deletions": 79
              }
            }
          }
        ]
      },
      {
        "date": "2020-09-27",
        "commitResults": [
          {
            "hash": "889ec92e45e2d3ad435e81a8bf02535fe3774bed",
            "messageTitle": "Base setup for UI and parser",
            "messageBody": "",
            "fileTypesAndContributionMap": {
              "functional-code": {
                "insertions": 99,
                "deletions": 0
              }
            }
          },
          {
            "hash": "7da2dd1b041685ce2f0daf92ca8db1b4a4d812ce",
            "messageTitle": "Add command detection and extraction",
            "messageBody": "",
            "fileTypesAndContributionMap": {
              "functional-code": {
                "insertions": 74,
                "deletions": 11
              }
            }
          },
          {
            "hash": "0280304da36fc13b9257db677119ac973a6e8b16",
            "messageTitle": "Add functions to split user input into command and info",
            "messageBody": "",
            "fileTypesAndContributionMap": {
              "functional-code": {
                "insertions": 22,
                "deletions": 2
              }
            }
          },
          {
            "hash": "c7f48a70ba65de411bbc9cb4c852a5d15c8f2cb3",
            "messageTitle": "Add module command and parser",
            "messageBody": "",
            "fileTypesAndContributionMap": {
              "functional-code": {
                "insertions": 108,
                "deletions": 10
              }
            }
          },
          {
            "hash": "d620d78419a06573bfd81ba8edf415ab4cb77888",
            "messageTitle": "Fix small parsing format",
            "messageBody": "",
            "fileTypesAndContributionMap": {
              "functional-code": {
                "insertions": 1,
                "deletions": 5
              }
            }
          }
        ]
      },
      {
        "date": "2020-09-28",
        "commitResults": [
          {
            "hash": "9791251a757cee75dd0d9ec89f48e3af8c7f5931",
            "messageTitle": "Add JavaDocs",
            "messageBody": "",
            "fileTypesAndContributionMap": {
              "functional-code": {
                "insertions": 62,
                "deletions": 10
              },
              "other": {
                "insertions": 2,
                "deletions": 1
              }
            }
          },
          {
            "hash": "030d999f0d6cc1f853dc10f7c2d1491ec142504a",
            "messageTitle": "Change parser passing, add resultcommand",
            "messageBody": "",
            "fileTypesAndContributionMap": {
              "functional-code": {
                "insertions": 33,
                "deletions": 9
              }
            }
          },
          {
            "hash": "358c4c5a54330dc1f63030a0130a32ae462760fa",
            "messageTitle": "Fix JavaDocs",
            "messageBody": "",
            "fileTypesAndContributionMap": {
              "functional-code": {
                "insertions": 26,
                "deletions": 2
              }
            }
          }
        ]
      },
      {
        "date": "2020-09-29",
        "commitResults": [
          {
            "hash": "e226f78135841b207489591939aada8a60d6674c",
            "messageTitle": "Code quality OOP",
            "messageBody": "",
            "fileTypesAndContributionMap": {
              "functional-code": {
                "insertions": 23,
                "deletions": 14
              }
            }
          },
          {
            "hash": "74b9953efe32faf207db32b8b0c7c0f8ea441072",
            "messageTitle": "JavaDocs",
            "messageBody": "",
            "fileTypesAndContributionMap": {
              "functional-code": {
                "insertions": 4,
                "deletions": 1
              }
            }
          },
          {
            "hash": "f6774775d03918f34149539bb97399e51256998e",
            "messageTitle": "Checkstyle",
            "messageBody": "",
            "fileTypesAndContributionMap": {
              "functional-code": {
                "insertions": 0,
                "deletions": 10
              }
            }
          },
          {
            "hash": "6c9f12755547f0f75ed909f5f8a1b3f608aa7a7a",
            "messageTitle": "Shift logic handling into LogicManager",
            "messageBody": "",
            "fileTypesAndContributionMap": {
              "functional-code": {
                "insertions": 58,
                "deletions": 50
              },
              "other": {
                "insertions": 27,
                "deletions": 23
              }
            }
          },
          {
            "hash": "b628a32c725b74e48f6e6565477d9e356eb2358b",
            "messageTitle": "JavaDocs and CheckStyles",
            "messageBody": "",
            "fileTypesAndContributionMap": {
              "functional-code": {
                "insertions": 18,
                "deletions": 6
              }
            }
          }
        ]
      },
      {
        "date": "2020-10-05",
        "commitResults": [
          {
            "hash": "b3c18642efe607c851497ef4cccf0bbfc9ab62e0",
            "messageTitle": "CodeQuality for tokenizer, SLAP",
            "messageBody": "",
            "fileTypesAndContributionMap": {
              "functional-code": {
                "insertions": 40,
                "deletions": 70
              }
            }
          },
          {
            "hash": "dd12e21b062f3b392363dbfeaeb2b38901fdfc47",
            "messageTitle": "Update tokeniser v2",
            "messageBody": "",
            "fileTypesAndContributionMap": {
              "functional-code": {
                "insertions": 16,
                "deletions": 10
              }
            }
          },
          {
            "hash": "66a2bcbb1f521a16f693ec296a8645c08fc3df78",
            "messageTitle": "Revert \"Merge pull request #127 from jonasngs/update-tokenizer\"",
            "messageBody": "This reverts commit a6a07b63e595e8e9cfe88d7792dd5873126dae63, reversing\nchanges made to 95527eefc855b5b7366e74ac317d77d8148d7716.\n",
            "fileTypesAndContributionMap": {
              "functional-code": {
                "insertions": 8,
                "deletions": 140
              }
            }
          },
          {
            "hash": "4c693d4572cb66ea17cf17bfff779bfde60b4b30",
            "messageTitle": "Revert \"Update tokeniser v2\"",
            "messageBody": "This reverts commit dd12e21b062f3b392363dbfeaeb2b38901fdfc47.\n",
            "fileTypesAndContributionMap": {
              "functional-code": {
                "insertions": 10,
                "deletions": 16
              }
            }
          },
          {
            "hash": "5f32abd8a015a7f976ab4037eae1e12a177c3949",
            "messageTitle": "Reset master",
            "messageBody": "",
            "fileTypesAndContributionMap": {
              "functional-code": {
                "insertions": 139,
                "deletions": 7
              }
            }
          },
          {
            "hash": "b3db3f2436d8a0676be3cd891c15e59e95e00bb1",
            "messageTitle": "Update addmodule parser and command to the new tokenizer",
            "messageBody": "",
            "fileTypesAndContributionMap": {
              "functional-code": {
                "insertions": 11,
                "deletions": 10
              }
            }
          },
          {
            "hash": "18921eeeed0f44fbade4c62cbc41d7e9f21bad46",
            "messageTitle": "Changed function call for Edit and Delete parser",
            "messageBody": "",
            "fileTypesAndContributionMap": {
              "functional-code": {
                "insertions": 23,
                "deletions": 16
              }
            }
          },
          {
            "hash": "7438fd794b8aedabe942c8c15a6cb7ec652126d3",
            "messageTitle": "Changed function call for ViewModule parser and command",
            "messageBody": "",
            "fileTypesAndContributionMap": {
              "functional-code": {
                "insertions": 9,
                "deletions": 7
              }
            }
          },
          {
            "hash": "25091131f1a05242ea973f382f7ae30a91fc4170",
            "messageTitle": "Add JavaDocs",
            "messageBody": "",
            "fileTypesAndContributionMap": {
              "functional-code": {
                "insertions": 16,
                "deletions": 0
              }
            }
          }
        ]
      },
      {
        "date": "2020-10-06",
        "commitResults": [
          {
            "hash": "e74a5afc7abb912a5ebc8a976986e9ad5e64f254",
            "messageTitle": "FXML files created for basic layer",
            "messageBody": "",
            "fileTypesAndContributionMap": {
              "functional-code": {
                "insertions": 77,
                "deletions": 0
              }
            }
          },
          {
            "hash": "13df2aa5bcbead21f2a33ac2e1fdc162ba46b278",
            "messageTitle": "Basic Gui templete",
            "messageBody": "",
            "fileTypesAndContributionMap": {
              "functional-code": {
                "insertions": 119,
                "deletions": 1
              },
              "other": {
                "insertions": 5,
                "deletions": 23
              }
            }
          },
          {
            "hash": "6f437c392eca09317171791775df064191f31d37",
            "messageTitle": "Add more features for GUI",
            "messageBody": "",
            "fileTypesAndContributionMap": {
              "functional-code": {
                "insertions": 19,
                "deletions": 1
              }
            }
          }
        ]
      },
      {
        "date": "2020-10-07",
        "commitResults": [
          {
            "hash": "3f36d3daae542a27c02986002add5d4252bbd061",
            "messageTitle": "Add Ui interface and UiManager class",
            "messageBody": "",
            "fileTypesAndContributionMap": {
              "functional-code": {
                "insertions": 142,
                "deletions": 14
              }
            }
          },
          {
            "hash": "5eea0ed13b992e9316e098559f490ebdea06a780",
            "messageTitle": "Implemented AB3 Style of GUI, able to display GUI",
            "messageBody": "",
            "fileTypesAndContributionMap": {
              "functional-code": {
                "insertions": 127,
                "deletions": 25
              },
              "other": {
                "insertions": 0,
                "deletions": 0
              }
            }
          },
          {
            "hash": "95fba6accff218120e19b5db9148fb2bb33b6bee",
            "messageTitle": "Basic working GUI",
            "messageBody": "",
            "fileTypesAndContributionMap": {
              "functional-code": {
                "insertions": 145,
                "deletions": 132
              }
            }
          }
        ]
      },
      {
        "date": "2020-10-09",
        "commitResults": [
          {
            "hash": "2acddd55a1b3ef788cc97fc77ad047e20eb92b8c",
            "messageTitle": "Add results GUI",
            "messageBody": "",
            "fileTypesAndContributionMap": {
              "functional-code": {
                "insertions": 52,
                "deletions": 23
              }
            }
          }
        ]
      },
      {
        "date": "2020-10-10",
        "commitResults": [
          {
            "hash": "8f7337a9ba5a6ce5aa235b091cf3f41e33fdd758",
            "messageTitle": "Created LogsCenter and Config class for tp",
            "messageBody": "",
            "fileTypesAndContributionMap": {
              "functional-code": {
                "insertions": 191,
                "deletions": 23
              }
            }
          },
          {
            "hash": "93ea8894515c70405ac7b5e91b5c5468b21a51ce",
            "messageTitle": "JavaDocs and Checkstyle",
            "messageBody": "",
            "fileTypesAndContributionMap": {
              "functional-code": {
                "insertions": 54,
                "deletions": 31
              }
            }
          },
          {
            "hash": "ea7af425608adc8ba27db8227919b5805febf614",
            "messageTitle": "Removed usused code in Logic Manager, ParserManager field set to final.",
            "messageBody": "",
            "fileTypesAndContributionMap": {
              "functional-code": {
                "insertions": 1,
                "deletions": 3
              }
            }
          }
        ]
      }
    ],
    "murtubak": [
      {
        "date": "2020-09-22",
        "commitResults": [
          {
            "hash": "8134042a8b44b82ac964d7cef2e6a51c7bd423c3",
            "messageTitle": "Update Joshua Wong AboutUs page",
            "messageBody": "",
            "fileTypesAndContributionMap": {
              "docs": {
                "insertions": 50,
                "deletions": 4
              }
            }
          }
        ]
      },
      {
        "date": "2020-09-23",
        "commitResults": [
          {
            "hash": "519c229fc57b4ce54272d9031862946bd090c50b",
            "messageTitle": "Update UG with Delete module command and Joshua AboutUs",
            "messageBody": "",
            "fileTypesAndContributionMap": {
              "docs": {
                "insertions": 17,
                "deletions": 4
              }
            }
          }
        ]
      },
      {
        "date": "2020-09-24",
        "commitResults": [
          {
            "hash": "c12b63bc2b96aa563b2cdbaebfd21eeda882403f",
            "messageTitle": "Update UG",
            "messageBody": "",
            "fileTypesAndContributionMap": {
              "docs": {
                "insertions": 6,
                "deletions": 8
              }
            }
          }
        ]
      },
      {
        "date": "2020-09-26",
        "commitResults": [
          {
            "hash": "6ea263b5599fdd8819a642a5cc96f6e6baf2ae33",
            "messageTitle": "Update Image title",
            "messageBody": "",
            "fileTypesAndContributionMap": {
              "docs": {
                "insertions": 1,
                "deletions": 1
              }
            }
          },
          {
            "hash": "969349482a8f815fe72e9836d478b5c45f30a6ac",
            "messageTitle": "Update DG with Grades Tracker Use cases",
            "messageBody": "",
            "fileTypesAndContributionMap": {
              "docs": {
                "insertions": 81,
                "deletions": 0
              }
            }
          }
        ]
      },
      {
        "date": "2020-09-30",
        "commitResults": [
          {
            "hash": "212aa931299196acb1f9bf2645546b8ef4be08a2",
            "messageTitle": "Initial Delete Module Command",
            "messageBody": "",
            "fileTypesAndContributionMap": {
              "functional-code": {
                "insertions": 39,
                "deletions": 0
              }
            }
          }
        ]
      },
      {
        "date": "2020-10-01",
        "commitResults": [
          {
            "hash": "fbb11178cc65caacbb4ffa2277170fc29624736b",
            "messageTitle": "Implement delete module feature",
            "messageBody": "",
            "fileTypesAndContributionMap": {
              "functional-code": {
                "insertions": 70,
                "deletions": 23
              }
            }
          },
          {
            "hash": "8fb2ca34d28a1fc663b81855acbfd21a2f70e596",
            "messageTitle": "Update User guide for errors",
            "messageBody": "",
            "fileTypesAndContributionMap": {
              "docs": {
                "insertions": 10,
                "deletions": 11
              }
            }
          }
        ]
      },
      {
        "date": "2020-10-04",
        "commitResults": [
          {
            "hash": "01b7276231889edc2d203baaff17a716fe14a8b9",
            "messageTitle": "Fix a bug preventing delete module from working",
            "messageBody": "",
            "fileTypesAndContributionMap": {
              "functional-code": {
                "insertions": 1,
                "deletions": 1
              }
            }
          }
        ]
      },
      {
        "date": "2020-10-07",
        "commitResults": [
          {
            "hash": "cd2914b005d86e4e044eac6703e8dd37c59bbff4",
            "messageTitle": "Initial skeleton for GradeTracker",
            "messageBody": "",
            "fileTypesAndContributionMap": {
              "functional-code": {
                "insertions": 71,
                "deletions": 3
              }
            }
          }
        ]
      },
      {
        "date": "2020-10-08",
        "commitResults": [
          {
            "hash": "6c1f10f8ad0a0b8e3222867e29baf0cde44f391d",
            "messageTitle": "Update GradeTracker with initial Add Grade feature",
            "messageBody": "",
            "fileTypesAndContributionMap": {
              "functional-code": {
                "insertions": 195,
                "deletions": 27
              }
            }
          },
          {
            "hash": "167f9838f75ce94784416b611a6048f21c0648eb",
            "messageTitle": "Updated Delete Module implementation",
            "messageBody": "",
            "fileTypesAndContributionMap": {
              "functional-code": {
                "insertions": 6,
                "deletions": 5
              }
            }
          }
        ]
      },
      {
        "date": "2020-10-09",
        "commitResults": [
          {
            "hash": "3cd7d17953ade2cefd881d286c3443ea1594212f",
            "messageTitle": "Merge branch \u0027V1.2-GradesTracker\u0027 and initialize final grade feature",
            "messageBody": "",
            "fileTypesAndContributionMap": {
              "functional-code": {
                "insertions": 5,
                "deletions": 1
              }
            }
          },
          {
            "hash": "5c8ed582ebefb4543fe0afb773f10f93ef432c4b",
            "messageTitle": "Update for missing JavaDocs",
            "messageBody": "",
            "fileTypesAndContributionMap": {
              "functional-code": {
                "insertions": 15,
                "deletions": 6
              }
            }
          }
        ]
      }
    ],
    "jonasngs": [
      {
        "date": "2020-09-12",
        "commitResults": [
          {
            "hash": "c8083cac841077c45ef4349269d476a520410b4c",
            "messageTitle": "Update README.md",
            "messageBody": "",
            "fileTypesAndContributionMap": {
              "docs": {
                "insertions": 2,
                "deletions": 0
              }
            }
          }
        ]
      },
      {
        "date": "2020-09-17",
        "commitResults": [
          {
            "hash": "ec5238273450c808a5e7c1ca89b0916ceac26931",
            "messageTitle": "Add CI badge",
            "messageBody": "",
            "fileTypesAndContributionMap": {
              "docs": {
                "insertions": 1,
                "deletions": 1
              }
            }
          },
          {
            "hash": "270a826a36e3166bbe22f7bd23f738a10099ee19",
            "messageTitle": "Update README.md",
            "messageBody": "",
            "fileTypesAndContributionMap": {
              "docs": {
                "insertions": 77,
                "deletions": 12
              }
            }
          }
        ]
      },
      {
        "date": "2020-09-21",
        "commitResults": [
          {
            "hash": "18f9cb699790908f84259c776ab48caa2f5c303c",
            "messageTitle": "Update index.md",
            "messageBody": "",
            "fileTypesAndContributionMap": {
              "docs": {
                "insertions": 7,
                "deletions": 6
              }
            }
          }
        ]
      },
      {
        "date": "2020-09-22",
        "commitResults": [
          {
            "hash": "c6f2c1912a6e3df7db05ab90efb32c9e0be39362",
            "messageTitle": "Update AboutUs.md and create portfolio page for team member Jonas",
            "messageBody": "",
            "fileTypesAndContributionMap": {
              "docs": {
                "insertions": 12,
                "deletions": 12
              }
            }
          }
        ]
      },
      {
        "date": "2020-09-23",
        "commitResults": [
          {
            "hash": "48899a13ee7dc191a80926814dbb474d1eeb3b98",
            "messageTitle": "Update README to match team project",
            "messageBody": "",
            "fileTypesAndContributionMap": {
              "docs": {
                "insertions": 10,
                "deletions": 4
              }
            }
          },
          {
            "hash": "370fa1732a7f3a6f29c6ed694e1a0ba314291b60",
            "messageTitle": "Update member Jonas section of AboutUs",
            "messageBody": "",
            "fileTypesAndContributionMap": {
              "docs": {
                "insertions": 5,
                "deletions": 6
              }
            }
          },
          {
            "hash": "302f0ae57b7a7625eadd5b48cf1de05aa9c2721f",
            "messageTitle": "Update README.md",
            "messageBody": "",
            "fileTypesAndContributionMap": {
              "docs": {
                "insertions": 4,
                "deletions": 3
              }
            }
          },
          {
            "hash": "8fa3e941eec8a8b6b19b13fa35404970044cb1e6",
            "messageTitle": "Resolve CI issues",
            "messageBody": "",
            "fileTypesAndContributionMap": {
              "docs": {
                "insertions": 6,
                "deletions": 7
              }
            }
          }
        ]
      },
      {
        "date": "2020-09-24",
        "commitResults": [
          {
            "hash": "c379e1af8a805b1b6994c3871c5b8d7f66fa3b63",
            "messageTitle": "Update user guide with the feature for zoom link addition to module",
            "messageBody": "",
            "fileTypesAndContributionMap": {
              "docs": {
                "insertions": 9,
                "deletions": 0
              }
            }
          },
          {
            "hash": "c92139892e4e7e98e588083a3ef2d69dbd58e8a6",
            "messageTitle": "Update README.md with user guide, developer guide and project website links",
            "messageBody": "",
            "fileTypesAndContributionMap": {
              "docs": {
                "insertions": 27,
                "deletions": 81
              }
            }
          },
          {
            "hash": "c7a0fe189816df3b47b3037adfd9623f58f9981b",
            "messageTitle": "Update command summary with add zoom link feature",
            "messageBody": "",
            "fileTypesAndContributionMap": {
              "docs": {
                "insertions": 6,
                "deletions": 2
              }
            }
          }
        ]
      },
      {
        "date": "2020-09-26",
        "commitResults": [
          {
            "hash": "30bc140a7544f9ae50c1de3f196daa36d40f0cde",
            "messageTitle": "Add team member emails to AboutUs page",
            "messageBody": "",
            "fileTypesAndContributionMap": {
              "docs": {
                "insertions": 8,
                "deletions": 3
              }
            }
          },
          {
            "hash": "68556d283d517465f55c5335c70a0225da45cb79",
            "messageTitle": "Add use cases for address book function of project",
            "messageBody": "",
            "fileTypesAndContributionMap": {
              "docs": {
                "insertions": 86,
                "deletions": 7
              }
            }
          }
        ]
      },
      {
        "date": "2020-09-28",
        "commitResults": [
          {
            "hash": "8d0c7c809ad8f9088c728ad3ab0157a21a5d0154",
            "messageTitle": "Rename Setting up markdown file to correct file name",
            "messageBody": "",
            "fileTypesAndContributionMap": {
              "docs": {
                "insertions": 12,
                "deletions": 1
              }
            }
          },
          {
            "hash": "9d7ddac74b64ec3753bf5696ec665cdef32e3ba1",
            "messageTitle": "Implement add zoom command and update parser manager",
            "messageBody": "",
            "fileTypesAndContributionMap": {
              "functional-code": {
                "insertions": 192,
                "deletions": 28
              }
            }
          },
          {
            "hash": "074e91ab2dfc73b5319c0df41a157d643e798e9b",
            "messageTitle": "Resolve CI checks",
            "messageBody": "",
            "fileTypesAndContributionMap": {
              "functional-code": {
                "insertions": 8,
                "deletions": 5
              },
              "other": {
                "insertions": 3,
                "deletions": 2
              }
            }
          },
          {
            "hash": "e5a0aa2797cf0f3d8d9a8e82e7a7204fcc3bb9a7",
            "messageTitle": "Resolve CI failure issues",
            "messageBody": "",
            "fileTypesAndContributionMap": {
              "functional-code": {
                "insertions": 20,
                "deletions": 17
              }
            }
          }
        ]
      },
      {
        "date": "2020-09-29",
        "commitResults": [
          {
            "hash": "a9f4cbcf8f963bb448d81f5615cad57e074d4d7b",
            "messageTitle": "Update ParserManager",
            "messageBody": "",
            "fileTypesAndContributionMap": {
              "functional-code": {
                "insertions": 26,
                "deletions": 4
              }
            }
          }
        ]
      },
      {
        "date": "2020-10-01",
        "commitResults": [
          {
            "hash": "355d5681d635569714cb58d76e9096a336ee8c8f",
            "messageTitle": "Modify implementation of add zoom link command",
            "messageBody": "The current implementation of the add zoom link command requires users\nto input the module name.\n\nThis can be further refined such that the command requires users to\ninput the module ID to aid efficiency.\n\nLet\u0027s modify the addZoomLinkCommand class and all its dependent classes\nto accept a module ID as the command argument.\n",
            "fileTypesAndContributionMap": {
              "functional-code": {
                "insertions": 87,
                "deletions": 37
              }
            }
          },
          {
            "hash": "05044d6db598a097236b7d46f16188a9b713ee79",
            "messageTitle": "Resolve CI failure",
            "messageBody": "",
            "fileTypesAndContributionMap": {
              "functional-code": {
                "insertions": 19,
                "deletions": 3
              }
            }
          }
        ]
      },
      {
        "date": "2020-10-03",
        "commitResults": [
          {
            "hash": "f0423107bca1809710d53c6eff31364ed55ef18f",
            "messageTitle": "Update Tokenizer class to handle parsing of user input",
            "messageBody": "",
            "fileTypesAndContributionMap": {
              "functional-code": {
                "insertions": 88,
                "deletions": 5
              }
            }
          },
          {
            "hash": "90ed1838e787f0c2d56ff0ceac7619e821ec9fa6",
            "messageTitle": "Update tokenizer class for parsing of user input",
            "messageBody": "",
            "fileTypesAndContributionMap": {
              "functional-code": {
                "insertions": 11,
                "deletions": 8
              }
            }
          },
          {
            "hash": "ba61f139bb868acb0d906c8c5eadcd5186110cea",
            "messageTitle": "Add missing javadocs",
            "messageBody": "",
            "fileTypesAndContributionMap": {
              "functional-code": {
                "insertions": 50,
                "deletions": 3
              }
            }
          }
        ]
      },
      {
        "date": "2020-10-05",
        "commitResults": [
          {
            "hash": "8d5b23bfa52178b39c2acca402cec8cc84be6f05",
            "messageTitle": "Create code skeleton and necessary related classes for contact list aspect of tp",
            "messageBody": "",
            "fileTypesAndContributionMap": {
              "functional-code": {
                "insertions": 298,
                "deletions": 2
              }
            }
          },
          {
            "hash": "a33ea5feb4653b43d63aeb3d0b59cbb3e9321f33",
            "messageTitle": "Implement add contact command",
            "messageBody": "",
            "fileTypesAndContributionMap": {
              "functional-code": {
                "insertions": 120,
                "deletions": 76
              },
              "other": {
                "insertions": 39,
                "deletions": 36
              }
            }
          },
          {
            "hash": "1656a152e5b9c3c3c1e8fe565520f36c651c4cd4",
            "messageTitle": "Add missing javadocs",
            "messageBody": "",
            "fileTypesAndContributionMap": {
              "functional-code": {
                "insertions": 23,
                "deletions": 8
              }
            }
          },
          {
            "hash": "a699e7ad76811b1a7dc793cf08a9c49a2afab967",
            "messageTitle": "Resolve CI issues",
            "messageBody": "",
            "fileTypesAndContributionMap": {
              "functional-code": {
                "insertions": 27,
                "deletions": 6
              }
            }
          },
          {
            "hash": "1001a5310d2a1356d0326e3128da62641ea97c4b",
            "messageTitle": "Resolve CI issues",
            "messageBody": "",
            "fileTypesAndContributionMap": {
              "functional-code": {
                "insertions": 2,
                "deletions": 3
              }
            }
          }
        ]
      },
      {
        "date": "2020-10-06",
        "commitResults": [
          {
            "hash": "57c2794f2dd30072e6c30e3af3f4778d827b0fcc",
            "messageTitle": "Implement delete contact command for contact list",
            "messageBody": "",
            "fileTypesAndContributionMap": {
              "functional-code": {
                "insertions": 87,
                "deletions": 2
              }
            }
          },
          {
            "hash": "2536a988dee24d4b3e69032d12b434478ed7a60a",
            "messageTitle": "Implement edit contact command",
            "messageBody": "",
            "fileTypesAndContributionMap": {
              "functional-code": {
                "insertions": 213,
                "deletions": 0
              }
            }
          },
          {
            "hash": "82e260610d918b957653212be11302af2ae04e5a",
            "messageTitle": "Add missing javadocs",
            "messageBody": "",
            "fileTypesAndContributionMap": {
              "functional-code": {
                "insertions": 7,
                "deletions": 0
              }
            }
          },
          {
            "hash": "41039c4373dc1165bd9c83ce137866d7ce18178d",
            "messageTitle": "Implement find contact command",
            "messageBody": "",
            "fileTypesAndContributionMap": {
              "functional-code": {
                "insertions": 112,
                "deletions": 0
              }
            }
          },
          {
            "hash": "c518461611d1671f94556e14415a582ca9c7b82b",
            "messageTitle": "Resolve checkstyle issues",
            "messageBody": "",
            "fileTypesAndContributionMap": {
              "functional-code": {
                "insertions": 8,
                "deletions": 3
              }
            }
          }
        ]
      },
      {
        "date": "2020-10-08",
        "commitResults": [
          {
            "hash": "49295ccc9db6386a10dac4d2b433d2c5be6cccd8",
            "messageTitle": "Add missing TodoList parameter to the execute method of FindContactCommand",
            "messageBody": "",
            "fileTypesAndContributionMap": {
              "functional-code": {
                "insertions": 2,
                "deletions": 1
              }
            }
          }
        ]
      }
    ],
    "davidcaiqifan": [
      {
        "date": "2020-09-21",
        "commitResults": [
          {
            "hash": "3fc75e4ee95ad68ffc240537c0827864d8eab877",
            "messageTitle": "Update AboutUs with David\u0027s info",
            "messageBody": "",
            "fileTypesAndContributionMap": {
              "docs": {
                "insertions": 50,
                "deletions": 4
              }
            }
          },
          {
            "hash": "46538126e73cad15b6e9c1ae631f5547f3ded455",
            "messageTitle": "Creat david\u0027s profile under team info",
            "messageBody": "",
            "fileTypesAndContributionMap": {
              "docs": {
                "insertions": 1,
                "deletions": 1
              }
            }
          },
          {
            "hash": "d2050cb0eb1e69d053b526f60ff32dce006c96f2",
            "messageTitle": "Update UG with view feature",
            "messageBody": "",
            "fileTypesAndContributionMap": {
              "docs": {
                "insertions": 22,
                "deletions": 122
              }
            }
          }
        ]
      },
      {
        "date": "2020-09-22",
        "commitResults": [
          {
            "hash": "2cd7be479c5bbf02ed7098d66b73613fe3650d8c",
            "messageTitle": "Update UG feature notes",
            "messageBody": "",
            "fileTypesAndContributionMap": {
              "docs": {
                "insertions": 0,
                "deletions": 8
              }
            }
          }
        ]
      },
      {
        "date": "2020-09-25",
        "commitResults": [
          {
            "hash": "1dd3137ba39ce9e2587b21d69ac710011b186729",
            "messageTitle": "Update Product Scope section of DG",
            "messageBody": "",
            "fileTypesAndContributionMap": {
              "docs": {
                "insertions": 6,
                "deletions": 3
              }
            }
          },
          {
            "hash": "4a156caad8232ce4038258ea6a2b14c59ce2757a",
            "messageTitle": "Update DG-Use Cases for CAP calculator extension",
            "messageBody": "",
            "fileTypesAndContributionMap": {
              "docs": {
                "insertions": 46,
                "deletions": 0
              }
            }
          }
        ]
      },
      {
        "date": "2020-09-26",
        "commitResults": [
          {
            "hash": "d550103c644c616cacceedc94fb7a1a948ea289b",
            "messageTitle": "Change image file from David.png to davidcaiqifan.png",
            "messageBody": "",
            "fileTypesAndContributionMap": {
              "docs": {
                "insertions": 1,
                "deletions": 1
              }
            }
          }
        ]
      },
      {
        "date": "2020-09-30",
        "commitResults": [
          {
            "hash": "564082ccb8dc8e5a410fdb575fa9aa0cc8add66f",
            "messageTitle": "Implement view module feature.",
            "messageBody": "",
            "fileTypesAndContributionMap": {
              "functional-code": {
                "insertions": 79,
                "deletions": 1
              }
            }
          }
        ]
      },
      {
        "date": "2020-10-03",
        "commitResults": [
          {
            "hash": "34c669f6ec6ca057c415a092cc74e2b7b6c8064d",
            "messageTitle": "Implement json storage system",
            "messageBody": "",
            "fileTypesAndContributionMap": {
              "functional-code": {
                "insertions": 867,
                "deletions": 7
              }
            }
          }
        ]
      },
      {
        "date": "2020-10-04",
        "commitResults": [
          {
            "hash": "f1b626bed678b6cfc38b6db3af42f021a1febd41",
            "messageTitle": "Adhere to styleguide",
            "messageBody": "",
            "fileTypesAndContributionMap": {
              "functional-code": {
                "insertions": 25,
                "deletions": 18
              }
            }
          },
          {
            "hash": "21745d01677864b6b1868e9e3a5fd2ddf2796780",
            "messageTitle": "Fix bug involving AddZoomLink command",
            "messageBody": "",
            "fileTypesAndContributionMap": {
              "functional-code": {
                "insertions": 1,
                "deletions": 1
              }
            }
          }
        ]
      }
    ]
  },
  "authorFileTypeContributionMap": {
    "michael-setia": {
      "docs": 87,
      "functional-code": 1294,
      "test-code": 0
    },
    "MatthiasLHK": {
      "docs": 297,
      "functional-code": 1102,
      "test-code": 0,
      "other": 2
    },
    "murtubak": {
      "docs": 99,
      "functional-code": 458,
      "test-code": 0
    },
    "jonasngs": {
      "docs": 144,
      "functional-code": 1155,
      "test-code": 0
    },
    "davidcaiqifan": {
      "docs": 96,
      "functional-code": 814,
      "test-code": 0
    }
  },
  "authorContributionVariance": {
    "michael-setia": 18122.688,
    "MatthiasLHK": 16805.543,
    "murtubak": 1343.5153,
    "jonasngs": 11887.914,
    "davidcaiqifan": 13583.577
  },
  "authorDisplayNameMap": {
    "michael-setia": "CS2103T-F12-3 MICH..MAJA",
    "MatthiasLHK": "CS2103T-F12-3 LI H..KANG",
    "murtubak": "CS2103T-F12-3 WONG..SHUA",
    "jonasngs": "CS2103T-F12-3 JONA..O EN",
    "davidcaiqifan": "CS2103T-F12-3 CAI ..AVID"
  }
}
