{
  "authorDailyContributionsMap": {
    "moyj01": [
      {
        "date": "2020-09-20",
        "commitResults": [
          {
            "hash": "67d2e725f224acaa30a4756eba13aa7969b80a84",
            "messageTitle": "Update User Guide",
            "messageBody": "",
            "fileTypesAndContributionMap": {
              "docs": {
                "insertions": 54,
                "deletions": 99
              }
            }
          }
        ]
      },
      {
        "date": "2020-09-21",
        "commitResults": [
          {
            "hash": "f5c3e8218a69ab6c82724af18c2d6de755abfc11",
            "messageTitle": "Add Question, Answer and Category classes",
            "messageBody": "",
            "fileTypesAndContributionMap": {
              "functional-code": {
                "insertions": 151,
                "deletions": 0
              },
              "test-code": {
                "insertions": 100,
                "deletions": 0
              }
            }
          }
        ]
      },
      {
        "date": "2020-09-27",
        "commitResults": [
          {
            "hash": "9905d937dac33012b7325df38faaff375a9e0a0a",
            "messageTitle": "Update Melvin\u0027s about us",
            "messageBody": "",
            "fileTypesAndContributionMap": {
              "docs": {
                "insertions": 27,
                "deletions": 3
              }
            }
          }
        ]
      },
      {
        "date": "2020-10-04",
        "commitResults": [
          {
            "hash": "44cd7ba56928ec07f30c2f4932575b737ce00e7e",
            "messageTitle": "Rename storage classes to FlashcardDeck",
            "messageBody": "",
            "fileTypesAndContributionMap": {
              "functional-code": {
                "insertions": 178,
                "deletions": 177
              },
              "other": {
                "insertions": 22,
                "deletions": 22
              },
              "test-code": {
                "insertions": 23,
                "deletions": 23
              }
            }
          },
          {
            "hash": "1f364d5a6421e0f67a1534d731fd20fea6ffc88f",
            "messageTitle": "Edit initialization log message",
            "messageBody": "",
            "fileTypesAndContributionMap": {
              "functional-code": {
                "insertions": 3,
                "deletions": 2
              }
            }
          },
          {
            "hash": "74c3d734964f579909c4bab96f3ad4e0562e1c74",
            "messageTitle": "Write and edit tests for storage classes",
            "messageBody": "",
            "fileTypesAndContributionMap": {
              "functional-code": {
                "insertions": 25,
                "deletions": 25
              },
              "test-code": {
                "insertions": 132,
                "deletions": 147
              }
            }
          },
          {
            "hash": "723ffbf8f5cbc7797a0f083bc6e202b0b530cd0d",
            "messageTitle": "Fix EOF errors for json files",
            "messageBody": "",
            "fileTypesAndContributionMap": {
              "test-code": {
                "insertions": 2,
                "deletions": 2
              }
            }
          },
          {
            "hash": "eed50afb1c6279df7f5cc4d7fe527727e6b45e30",
            "messageTitle": "Resolve merge conflict with ListCommandTest",
            "messageBody": "",
            "fileTypesAndContributionMap": {
              "test-code": {
                "insertions": 2,
                "deletions": 2
              }
            }
          }
        ]
      },
      {
        "date": "2020-10-14",
        "commitResults": [
          {
            "hash": "b48173e82e8bcf6c889aa8660d921bf4347759cb",
            "messageTitle": "Change package name to seedu.flashcard",
            "messageBody": "",
            "fileTypesAndContributionMap": {
              "other": {
                "insertions": 662,
                "deletions": 662
              },
              "docs": {
                "insertions": 12,
                "deletions": 12
              },
              "test-code": {
                "insertions": 3,
                "deletions": 3
              }
            }
          },
          {
            "hash": "77f1c743a4e313795254fd978db430c95d86eee5",
            "messageTitle": "Refactor seedu.flashcard.logic to remove instances of AB3",
            "messageBody": "",
            "fileTypesAndContributionMap": {
              "functional-code": {
                "insertions": 28,
                "deletions": 95
              },
              "other": {
                "insertions": 2,
                "deletions": 2
              },
              "test-code": {
                "insertions": 17,
                "deletions": 17
              }
            }
          },
          {
            "hash": "0e9ba328a84dcca47ff2bedef144536368486e39",
            "messageTitle": "Refactor seedu.flashcard.model to remove instances of AB3",
            "messageBody": "",
            "fileTypesAndContributionMap": {
              "functional-code": {
                "insertions": 60,
                "deletions": 297
              },
              "test-code": {
                "insertions": 27,
                "deletions": 204
              }
            }
          },
          {
            "hash": "b11fb884a2750fae47ef0f72458daf45ae59c0dd",
            "messageTitle": "Change storage tests json files and rename application\u0027s saved file name",
            "messageBody": "",
            "fileTypesAndContributionMap": {
              "functional-code": {
                "insertions": 2,
                "deletions": 2
              },
              "test-code": {
                "insertions": 14,
                "deletions": 14
              }
            }
          },
          {
            "hash": "f8749cf0937c138f4d26f071a553ac077fcc48dd",
            "messageTitle": "Refactor seedu.flashcard.ui to remove instances of AB3",
            "messageBody": "",
            "fileTypesAndContributionMap": {
              "functional-code": {
                "insertions": 20,
                "deletions": 20
              },
              "test-code": {
                "insertions": 1,
                "deletions": 1
              }
            }
          },
          {
            "hash": "d30916325b73bfe59b1f9defaa162e1d88bc47cb",
            "messageTitle": "Remove AB3 instances in tests",
            "messageBody": "",
            "fileTypesAndContributionMap": {
              "functional-code": {
                "insertions": 17,
                "deletions": 17
              },
              "other": {
                "insertions": 21,
                "deletions": 21
              },
              "test-code": {
                "insertions": 5,
                "deletions": 39
              }
            }
          }
        ]
      },
      {
        "date": "2020-10-20",
        "commitResults": [
          {
            "hash": "73452c9feb5bc1ab2c3c89484a09d5ef5a5e2261",
            "messageTitle": "Add prefix to add diagram file path to flashcard",
            "messageBody": "",
            "fileTypesAndContributionMap": {
              "functional-code": {
                "insertions": 111,
                "deletions": 24
              },
              "test-code": {
                "insertions": 35,
                "deletions": 0
              }
            }
          }
        ]
      },
      {
        "date": "2020-10-21",
        "commitResults": [
          {
            "hash": "b54214e3540261fec704b527ed0d0ca07e96090a",
            "messageTitle": "Refactor edit and add command to include diagram",
            "messageBody": "",
            "fileTypesAndContributionMap": {
              "functional-code": {
                "insertions": 101,
                "deletions": 34
              },
              "test-code": {
                "insertions": 2,
                "deletions": 1
              }
            }
          },
          {
            "hash": "8e8766b6d4a2003d9cf7787091800e74b380ba98",
            "messageTitle": "Refactor and add test cases",
            "messageBody": "",
            "fileTypesAndContributionMap": {
              "functional-code": {
                "insertions": 10,
                "deletions": 13
              },
              "test-code": {
                "insertions": 59,
                "deletions": 26
              }
            }
          },
          {
            "hash": "0eb012db0acf24031050c946fa9553d27b5776ed",
            "messageTitle": "Add imageview to FlashCardQuestionCard and add test cases",
            "messageBody": "",
            "fileTypesAndContributionMap": {
              "functional-code": {
                "insertions": 53,
                "deletions": 15
              },
              "other": {
                "insertions": 5,
                "deletions": 1
              },
              "test-code": {
                "insertions": 69,
                "deletions": 2
              }
            }
          },
          {
            "hash": "b06a7d60cc16e9c07eec96e1bc3dc082f26b1f07",
            "messageTitle": "Add add feature to DG",
            "messageBody": "",
            "fileTypesAndContributionMap": {
              "docs": {
                "insertions": 26,
                "deletions": 0
              }
            }
          },
          {
            "hash": "4bcb517c7ee4e5904f31b60c60e401cc03490b68",
            "messageTitle": "Update UserGuide to include diagram",
            "messageBody": "",
            "fileTypesAndContributionMap": {
              "docs": {
                "insertions": 11,
                "deletions": 4
              }
            }
          },
          {
            "hash": "f358e1ee50839970f6bdb32bd71a9d6730f01534",
            "messageTitle": "Update UserGuide",
            "messageBody": "",
            "fileTypesAndContributionMap": {
              "docs": {
                "insertions": 1,
                "deletions": 4
              }
            }
          }
        ]
      },
      {
        "date": "2020-10-22",
        "commitResults": [
          {
            "hash": "446c1f6546bce170c9c308fb0a05d978a9ba18eb",
            "messageTitle": "Change header of DeveloperGuide",
            "messageBody": "",
            "fileTypesAndContributionMap": {
              "docs": {
                "insertions": 6,
                "deletions": 6
              }
            }
          }
        ]
      }
    ],
    "minzzelo": [
      {
        "date": "2020-09-20",
        "commitResults": [
          {
            "hash": "76282fa9a9883e9471879baadef66a45097830cf",
            "messageTitle": "Update Developer Guide",
            "messageBody": "",
            "fileTypesAndContributionMap": {
              "docs": {
                "insertions": 21,
                "deletions": 18
              }
            }
          }
        ]
      },
      {
        "date": "2020-09-22",
        "commitResults": [
          {
            "hash": "aa97a8961cb868858acf235279dd340b75d927b8",
            "messageTitle": "Refactor Person and its usages to Flashcard",
            "messageBody": "",
            "fileTypesAndContributionMap": {
              "functional-code": {
                "insertions": 374,
                "deletions": 441
              },
              "other": {
                "insertions": 1,
                "deletions": 1
              },
              "test-code": {
                "insertions": 1904,
                "deletions": 2397
              }
            }
          },
          {
            "hash": "a845e7347022500c7b78609e33dd12c59050b29e",
            "messageTitle": "Resolve checkstyle issues",
            "messageBody": "",
            "fileTypesAndContributionMap": {
              "functional-code": {
                "insertions": 4,
                "deletions": 10
              },
              "test-code": {
                "insertions": 2,
                "deletions": 7
              }
            }
          }
        ]
      },
      {
        "date": "2020-09-27",
        "commitResults": [
          {
            "hash": "b79a262921359b2c53304c7ea927087ed585c412",
            "messageTitle": "Update Si Min\u0027s ABOUTUS",
            "messageBody": "",
            "fileTypesAndContributionMap": {
              "docs": {
                "insertions": 26,
                "deletions": 3
              }
            }
          }
        ]
      },
      {
        "date": "2020-10-02",
        "commitResults": [
          {
            "hash": "84c08815e27226b562b4d1b572fc5fd7eb4a2dd4",
            "messageTitle": "Refactor DeleteCommand",
            "messageBody": "",
            "fileTypesAndContributionMap": {
              "functional-code": {
                "insertions": 7,
                "deletions": 7
              },
              "test-code": {
                "insertions": 113,
                "deletions": 98
              }
            }
          },
          {
            "hash": "21b59f1e148a42407055788cfaf5244aef0f5c5b",
            "messageTitle": "Minor semantic change",
            "messageBody": "",
            "fileTypesAndContributionMap": {
              "test-code": {
                "insertions": 1,
                "deletions": 1
              }
            }
          },
          {
            "hash": "5516a3aae0cc90c7f87d7521718c1e9a64ce3a7e",
            "messageTitle": "Update DG for Delete Flashcard UC",
            "messageBody": "",
            "fileTypesAndContributionMap": {
              "docs": {
                "insertions": 1,
                "deletions": 1
              }
            }
          }
        ]
      },
      {
        "date": "2020-10-11",
        "commitResults": [
          {
            "hash": "3d3194523d08b11108ed12a352234e494a098a3c",
            "messageTitle": "Refactor EditCommand and EditCommandParser",
            "messageBody": "",
            "fileTypesAndContributionMap": {
              "functional-code": {
                "insertions": 103,
                "deletions": 161
              },
              "docs": {
                "insertions": 1,
                "deletions": 1
              },
              "test-code": {
                "insertions": 466,
                "deletions": 460
              }
            }
          }
        ]
      },
      {
        "date": "2020-10-18",
        "commitResults": [
          {
            "hash": "547105c6005b306669ebdc102ccb357de90a75da",
            "messageTitle": "Add Note attribute for Flashcard and update related commands and tests",
            "messageBody": "",
            "fileTypesAndContributionMap": {
              "functional-code": {
                "insertions": 122,
                "deletions": 17
              },
              "test-code": {
                "insertions": 108,
                "deletions": 21
              }
            }
          }
        ]
      },
      {
        "date": "2020-10-20",
        "commitResults": [
          {
            "hash": "8525fc6bcb0ace74c99ff9fa2404216d281d95d8",
            "messageTitle": "Update DG with proposed sort implementation",
            "messageBody": "",
            "fileTypesAndContributionMap": {
              "docs": {
                "insertions": 54,
                "deletions": 0
              }
            }
          }
        ]
      },
      {
        "date": "2020-10-21",
        "commitResults": [
          {
            "hash": "cbcead0b1e9ae48ed73beae090bfbd08caa1c351",
            "messageTitle": "Update UG for edit and update note attribute for flashcard",
            "messageBody": "",
            "fileTypesAndContributionMap": {
              "docs": {
                "insertions": 20,
                "deletions": 1
              }
            }
          },
          {
            "hash": "4d1ae65db9639f9dc942e26e113e1cdadaa21f47",
            "messageTitle": "Update command summary",
            "messageBody": "",
            "fileTypesAndContributionMap": {
              "docs": {
                "insertions": 1,
                "deletions": 0
              }
            }
          }
        ]
      },
      {
        "date": "2020-10-23",
        "commitResults": [
          {
            "hash": "eb0e7cf3b05f2c534deced272fa15d061eaaa854",
            "messageTitle": "Add Statistics for Flashcard",
            "messageBody": "",
            "fileTypesAndContributionMap": {
              "functional-code": {
                "insertions": 172,
                "deletions": 10
              },
              "test-code": {
                "insertions": 107,
                "deletions": 7
              }
            }
          },
          {
            "hash": "af171b5e4e84a171c067b38f20e9c650c46166e8",
            "messageTitle": "Resolve checkstyle issue",
            "messageBody": "",
            "fileTypesAndContributionMap": {
              "functional-code": {
                "insertions": 2,
                "deletions": 2
              }
            }
          },
          {
            "hash": "aee55a3477f419cbb56a21196c8d85b346f9a921",
            "messageTitle": "Remove complex expression for isValidStatistics",
            "messageBody": "",
            "fileTypesAndContributionMap": {
              "functional-code": {
                "insertions": 4,
                "deletions": 1
              }
            }
          },
          {
            "hash": "4ac6fc660ed2d3db6b31bf6be5ff5a7c3e0568fc",
            "messageTitle": "Resolve checkstyle issue",
            "messageBody": "",
            "fileTypesAndContributionMap": {
              "functional-code": {
                "insertions": 2,
                "deletions": 1
              }
            }
          },
          {
            "hash": "373a69304fd5f6f4e23ee634298ce1efd4c19a30",
            "messageTitle": "Implement sort for flashcards",
            "messageBody": "",
            "fileTypesAndContributionMap": {
              "functional-code": {
                "insertions": 163,
                "deletions": 1
              },
              "test-code": {
                "insertions": 156,
                "deletions": 0
              }
            }
          },
          {
            "hash": "453a69c8d1d9eaf26c42f6b9c88161acd961982b",
            "messageTitle": "Update sort command preambles and prefixes",
            "messageBody": "",
            "fileTypesAndContributionMap": {
              "functional-code": {
                "insertions": 34,
                "deletions": 14
              },
              "test-code": {
                "insertions": 32,
                "deletions": 19
              }
            }
          },
          {
            "hash": "f6ce993c48f335334ed17207d080e594e44ecc9f",
            "messageTitle": "Modify condition checking in parser",
            "messageBody": "",
            "fileTypesAndContributionMap": {
              "functional-code": {
                "insertions": 4,
                "deletions": 8
              }
            }
          }
        ]
      }
    ],
    "tanzhuoyao-nus": [
      {
        "date": "2020-09-24",
        "commitResults": [
          {
            "hash": "1b4b6e0d0bb4aaba55cda066dff87534e775f4c8",
            "messageTitle": "Refactor AddCommandParserTest class",
            "messageBody": "",
            "fileTypesAndContributionMap": {
              "functional-code": {
                "insertions": 0,
                "deletions": 1
              },
              "test-code": {
                "insertions": 79,
                "deletions": 96
              }
            }
          },
          {
            "hash": "a73825d52d3ae2897f7c04cdaafb9affaa2bc81d",
            "messageTitle": "Refactor ParserUtilTest class",
            "messageBody": "",
            "fileTypesAndContributionMap": {
              "test-code": {
                "insertions": 117,
                "deletions": 173
              }
            }
          },
          {
            "hash": "c4c3e13d945ef41b38df9d828526a891b648e03b",
            "messageTitle": "Modify code to adhere to checkstyleTest",
            "messageBody": "",
            "fileTypesAndContributionMap": {
              "test-code": {
                "insertions": 21,
                "deletions": 18
              }
            }
          }
        ]
      },
      {
        "date": "2020-09-27",
        "commitResults": [
          {
            "hash": "8a51aa93856b9ab542b0e18ff55714a00a65ee70",
            "messageTitle": "Add Zhuo Yao\u0027s about us information",
            "messageBody": "",
            "fileTypesAndContributionMap": {
              "docs": {
                "insertions": 27,
                "deletions": 4
              }
            }
          },
          {
            "hash": "4f4bea7f5d6c8cc2fcfd66b295928d2f3f5b39e3",
            "messageTitle": "Remove merge conflicts",
            "messageBody": "",
            "fileTypesAndContributionMap": {
              "docs": {
                "insertions": 5,
                "deletions": 12
              }
            }
          },
          {
            "hash": "3ab6240f284f3a74d9a67330358c4c9d2f039483",
            "messageTitle": "Modify typo in name in about us",
            "messageBody": "",
            "fileTypesAndContributionMap": {
              "docs": {
                "insertions": 1,
                "deletions": 1
              }
            }
          }
        ]
      },
      {
        "date": "2020-10-04",
        "commitResults": [
          {
            "hash": "ac3724a98887854a5fbfc0cfd27a2b24122e8ff7",
            "messageTitle": "Refactor ListCommand to support listing of flashcards",
            "messageBody": "",
            "fileTypesAndContributionMap": {
              "functional-code": {
                "insertions": 2,
                "deletions": 2
              }
            }
          },
          {
            "hash": "8a4b8883c4117281dd0ddf319c7e866fb25bf262",
            "messageTitle": "Refactor ListCommandTest",
            "messageBody": "",
            "fileTypesAndContributionMap": {
              "test-code": {
                "insertions": 25,
                "deletions": 15
              }
            }
          },
          {
            "hash": "d194644868c1cb43c23992b1e00ac61d2ed9178e",
            "messageTitle": "Refactor execute_listIsFiltered_showsEverything method in ListCommandTest class",
            "messageBody": "",
            "fileTypesAndContributionMap": {
              "test-code": {
                "insertions": 6,
                "deletions": 5
              }
            }
          },
          {
            "hash": "051013769a6d5355386c8d32f1cf353a760cf114",
            "messageTitle": "Refactor code style based off CheckstyleTest",
            "messageBody": "",
            "fileTypesAndContributionMap": {
              "test-code": {
                "insertions": 6,
                "deletions": 5
              }
            }
          },
          {
            "hash": "39594f3216e0e250c089c696c6c10d401bb16cbd",
            "messageTitle": "Add FilterCommand class Add FilterCommandParser class Add CategoryEqualsKeywordsPredicate class Add equalsToCategoryIgnoreCase method to StringUtil class Refactor FindCommand to support flashcards Add FilterCommand case to AddressBookParser class",
            "messageBody": "",
            "fileTypesAndContributionMap": {
              "functional-code": {
                "insertions": 130,
                "deletions": 11
              }
            }
          },
          {
            "hash": "e9b8fcba46467271027c32dff6a806c59db057d2",
            "messageTitle": "Modify code style based on CheckstyleMain test",
            "messageBody": "",
            "fileTypesAndContributionMap": {
              "functional-code": {
                "insertions": 18,
                "deletions": 9
              }
            }
          },
          {
            "hash": "d575206725d7a40e3dd164f3e1b36cf583ec655f",
            "messageTitle": "Add FilterCommandTest",
            "messageBody": "",
            "fileTypesAndContributionMap": {
              "test-code": {
                "insertions": 101,
                "deletions": 2
              }
            }
          },
          {
            "hash": "e909aa3420a1f616861f515827cfc91f79cfd537",
            "messageTitle": "Add FilterCommandParserTest",
            "messageBody": "",
            "fileTypesAndContributionMap": {
              "test-code": {
                "insertions": 34,
                "deletions": 0
              }
            }
          },
          {
            "hash": "028db2b93f7d0c5ee16c99f68075c9a74b02db8f",
            "messageTitle": "Refactor FilterCommand to support multiple category inputs using regex \"c/\"",
            "messageBody": "",
            "fileTypesAndContributionMap": {
              "functional-code": {
                "insertions": 10,
                "deletions": 5
              }
            }
          },
          {
            "hash": "f6d3cad1fa84b9219e5a58cebf4a823f65b1ebae",
            "messageTitle": "Refactor FilterCommandTest to support the format \"filter c/[CATEGORY]\"",
            "messageBody": "",
            "fileTypesAndContributionMap": {
              "functional-code": {
                "insertions": 0,
                "deletions": 1
              },
              "test-code": {
                "insertions": 10,
                "deletions": 9
              }
            }
          },
          {
            "hash": "762dfb304d9051db055a0a5c2e71578b66ebd318",
            "messageTitle": "Modify code style based on CheckstyleTest test",
            "messageBody": "",
            "fileTypesAndContributionMap": {
              "test-code": {
                "insertions": 19,
                "deletions": 14
              }
            }
          },
          {
            "hash": "c950faf7e8258f5af9edb393398b7206e5b0af08",
            "messageTitle": "Rename TypicalAddressBook to TypicalFlashcardDeck",
            "messageBody": "",
            "fileTypesAndContributionMap": {
              "test-code": {
                "insertions": 2,
                "deletions": 2
              }
            }
          },
          {
            "hash": "22f8a6248f9c6aa19305283cc583ebec38959132",
            "messageTitle": "Update user guide for filter command",
            "messageBody": "",
            "fileTypesAndContributionMap": {
              "docs": {
                "insertions": 13,
                "deletions": 0
              }
            }
          }
        ]
      },
      {
        "date": "2020-10-05",
        "commitResults": [
          {
            "hash": "e2abd5431ca87dc22099f4dec59fc7d546dde1bc",
            "messageTitle": "Renamed execute_lowercaseKeyword to execute_lowercaseKeyword_success",
            "messageBody": "",
            "fileTypesAndContributionMap": {
              "test-code": {
                "insertions": 1,
                "deletions": 1
              }
            }
          }
        ]
      },
      {
        "date": "2020-10-08",
        "commitResults": [
          {
            "hash": "08e53242a9ef392c28e29a15f89b7483249eb289",
            "messageTitle": "Add tests for multiple filters in FilterCommandTest",
            "messageBody": "",
            "fileTypesAndContributionMap": {
              "test-code": {
                "insertions": 19,
                "deletions": 0
              }
            }
          },
          {
            "hash": "f9daae8d446d61c83d1d1dc2f366685376fee0bc",
            "messageTitle": "Rename tests",
            "messageBody": "",
            "fileTypesAndContributionMap": {
              "test-code": {
                "insertions": 2,
                "deletions": 2
              }
            }
          }
        ]
      },
      {
        "date": "2020-10-13",
        "commitResults": [
          {
            "hash": "ca50e83a7807c243fc4e36cf4442bc348b146b8d",
            "messageTitle": "Refactor FindCommandTest and FindCommandParserTest",
            "messageBody": "",
            "fileTypesAndContributionMap": {
              "test-code": {
                "insertions": 80,
                "deletions": 60
              }
            }
          }
        ]
      },
      {
        "date": "2020-10-20",
        "commitResults": [
          {
            "hash": "61aa6de9b82df09b66fccf0ddae1871991a2ea3f",
            "messageTitle": "Add tag feature",
            "messageBody": "",
            "fileTypesAndContributionMap": {
              "functional-code": {
                "insertions": 108,
                "deletions": 45
              },
              "test-code": {
                "insertions": 110,
                "deletions": 39
              }
            }
          }
        ]
      },
      {
        "date": "2020-10-21",
        "commitResults": [
          {
            "hash": "1ed92eb41731befb64ff6f468be19b41830dc4a3",
            "messageTitle": "Modify filter feature",
            "messageBody": "",
            "fileTypesAndContributionMap": {
              "docs": {
                "insertions": 24,
                "deletions": 1
              }
            }
          },
          {
            "hash": "5e2481e057b0055e505aee270e2049c19ef0e26d",
            "messageTitle": "Update filter feature of DG",
            "messageBody": "",
            "fileTypesAndContributionMap": {
              "docs": {
                "insertions": 18,
                "deletions": 1
              }
            }
          },
          {
            "hash": "9d3ea4b7ec4053c4726d9ce2888a473b20fccf10",
            "messageTitle": "Refactor tag to support tags",
            "messageBody": "",
            "fileTypesAndContributionMap": {
              "functional-code": {
                "insertions": 116,
                "deletions": 47
              }
            }
          },
          {
            "hash": "96369f4485ff00f9bd272573ed9f73468d6b8657",
            "messageTitle": "Modify code to adhere to checkstyle conventions",
            "messageBody": "",
            "fileTypesAndContributionMap": {
              "functional-code": {
                "insertions": 35,
                "deletions": 34
              },
              "test-code": {
                "insertions": 36,
                "deletions": 24
              }
            }
          },
          {
            "hash": "6dc1b46219bb52e8779e3ed9bcca435bf8b69552",
            "messageTitle": "Modify VALID_TAG_1",
            "messageBody": "",
            "fileTypesAndContributionMap": {
              "test-code": {
                "insertions": 1,
                "deletions": 1
              }
            }
          },
          {
            "hash": "6459602ed5e6f818db368bedee65a5e7e7cadef3",
            "messageTitle": "Fix naming issues",
            "messageBody": "",
            "fileTypesAndContributionMap": {
              "functional-code": {
                "insertions": 3,
                "deletions": 3
              },
              "test-code": {
                "insertions": 5,
                "deletions": 5
              }
            }
          }
        ]
      }
    ],
    "sgn00": [
      {
        "date": "2020-09-13",
        "commitResults": [
          {
            "hash": "7113d1482702c82488b799525d7d205c5b5e423d",
            "messageTitle": "Update README.md",
            "messageBody": "",
            "fileTypesAndContributionMap": {
              "docs": {
                "insertions": 3,
                "deletions": 8
              }
            }
          }
        ]
      },
      {
        "date": "2020-09-20",
        "commitResults": [
          {
            "hash": "3228a2048f19a490ffedaa478646167f86f1f3e9",
            "messageTitle": "Update readme",
            "messageBody": "",
            "fileTypesAndContributionMap": {
              "docs": {
                "insertions": 11,
                "deletions": 4
              }
            }
          },
          {
            "hash": "307af55dbc6e0afb695ad0aeb800ea5ea666998a",
            "messageTitle": "Fix EOF on readme",
            "messageBody": "",
            "fileTypesAndContributionMap": {
              "docs": {
                "insertions": 6,
                "deletions": 6
              }
            }
          },
          {
            "hash": "c12ef78e2a0f7165d1d53f1a8c131189e4cb6868",
            "messageTitle": "Update README.md",
            "messageBody": "",
            "fileTypesAndContributionMap": {
              "docs": {
                "insertions": 2,
                "deletions": 0
              }
            }
          },
          {
            "hash": "3923b7ec20fbfee1dd820fe89815d2c1e9bb7518",
            "messageTitle": "Update README.md",
            "messageBody": "",
            "fileTypesAndContributionMap": {
              "docs": {
                "insertions": 1,
                "deletions": 1
              }
            }
          }
        ]
      },
      {
        "date": "2020-09-22",
        "commitResults": [
          {
            "hash": "fe591fff8cb6f9b4429cd5b859aa2909204f729c",
            "messageTitle": "Refactor to support AddCommand for flashcards",
            "messageBody": "",
            "fileTypesAndContributionMap": {
              "functional-code": {
                "insertions": 146,
                "deletions": 110
              }
            }
          },
          {
            "hash": "46298a499273ad9487f42926229f09a0e1556a0c",
            "messageTitle": "Comment out EditCommandParser",
            "messageBody": "",
            "fileTypesAndContributionMap": {
              "functional-code": {
                "insertions": 58,
                "deletions": 67
              }
            }
          },
          {
            "hash": "9e2fa8dbb4c1307287b39137393672a880449f48",
            "messageTitle": "Refactor tests for AddCommand",
            "messageBody": "",
            "fileTypesAndContributionMap": {
              "test-code": {
                "insertions": 397,
                "deletions": 381
              }
            }
          }
        ]
      },
      {
        "date": "2020-09-27",
        "commitResults": [
          {
            "hash": "93b7e8740b31b22ae51d851e25c5b1ac72997860",
            "messageTitle": "Update Song Guan\u0027s about us",
            "messageBody": "",
            "fileTypesAndContributionMap": {
              "docs": {
                "insertions": 27,
                "deletions": 4
              }
            }
          },
          {
            "hash": "21aad0d3e187fad60173b795f1bb4d3d1aa66ed7",
            "messageTitle": "Update songguan\u0027s filenames",
            "messageBody": "",
            "fileTypesAndContributionMap": {
              "docs": {
                "insertions": 2,
                "deletions": 2
              }
            }
          }
        ]
      },
      {
        "date": "2020-09-28",
        "commitResults": [
          {
            "hash": "a2a4897df6bebe04fb9a1cc42023c0eb035f0490",
            "messageTitle": "Update CI in README",
            "messageBody": "",
            "fileTypesAndContributionMap": {
              "docs": {
                "insertions": 1,
                "deletions": 1
              }
            }
          }
        ]
      },
      {
        "date": "2020-09-29",
        "commitResults": [
          {
            "hash": "9e6a6819dd8be2b6fc6f93a17981d7d47f98f4e0",
            "messageTitle": "Rename zhuo yao\u0027s files",
            "messageBody": "",
            "fileTypesAndContributionMap": {
              "docs": {
                "insertions": 2,
                "deletions": 2
              }
            }
          }
        ]
      },
      {
        "date": "2020-10-03",
        "commitResults": [
          {
            "hash": "2c0c51400253b5d7d4059a4f66e3cdd13dcb460d",
            "messageTitle": "Implement basic review function with UI",
            "messageBody": "",
            "fileTypesAndContributionMap": {
              "functional-code": {
                "insertions": 346,
                "deletions": 8
              }
            }
          },
          {
            "hash": "739f5e929115d9bfb5b93da9f4874e513b64e818",
            "messageTitle": "Fix tests which involve CommandResult",
            "messageBody": "",
            "fileTypesAndContributionMap": {
              "test-code": {
                "insertions": 7,
                "deletions": 7
              }
            }
          }
        ]
      },
      {
        "date": "2020-10-12",
        "commitResults": [
          {
            "hash": "df18dc0d3125004ff7f0d66481504555152b573b",
            "messageTitle": "Refactor ClearCommand and tests",
            "messageBody": "",
            "fileTypesAndContributionMap": {
              "functional-code": {
                "insertions": 5,
                "deletions": 5
              },
              "test-code": {
                "insertions": 26,
                "deletions": 17
              }
            }
          },
          {
            "hash": "2aed54a0ec5e72d33b1766a667e7da308f1ba12e",
            "messageTitle": "Checkstyle fix",
            "messageBody": "",
            "fileTypesAndContributionMap": {
              "test-code": {
                "insertions": 1,
                "deletions": 0
              }
            }
          },
          {
            "hash": "665d4c52a9498d00e95f96800aac168a99481035",
            "messageTitle": "Refactor filter command",
            "messageBody": "",
            "fileTypesAndContributionMap": {
              "functional-code": {
                "insertions": 49,
                "deletions": 41
              },
              "test-code": {
                "insertions": 19,
                "deletions": 6
              }
            }
          },
          {
            "hash": "c875b24e4b24c853dbd4cf9f6570255a19c6e96d",
            "messageTitle": "Minor UI changes to list view",
            "messageBody": "",
            "fileTypesAndContributionMap": {
              "functional-code": {
                "insertions": 17,
                "deletions": 9
              }
            }
          }
        ]
      },
      {
        "date": "2020-10-19",
        "commitResults": [
          {
            "hash": "5e781b4746201dcf7b478c64eb11784c2c3dddd3",
            "messageTitle": "Add rating to flashcard",
            "messageBody": "",
            "fileTypesAndContributionMap": {
              "functional-code": {
                "insertions": 159,
                "deletions": 17
              }
            }
          },
          {
            "hash": "0c01c81ca5f3758a9899a1e903cca7e1bd8ca4b1",
            "messageTitle": "Add tests for rating attribute",
            "messageBody": "",
            "fileTypesAndContributionMap": {
              "test-code": {
                "insertions": 145,
                "deletions": 17
              }
            }
          }
        ]
      },
      {
        "date": "2020-10-20",
        "commitResults": [
          {
            "hash": "6f7380617226d6cbe4c5cb5e6d821a9ecbcf3d65",
            "messageTitle": "Add review implementation to dg",
            "messageBody": "",
            "fileTypesAndContributionMap": {
              "docs": {
                "insertions": 47,
                "deletions": 0
              }
            }
          }
        ]
      },
      {
        "date": "2020-10-21",
        "commitResults": [
          {
            "hash": "a1ddb2ac8748a267d0d57492798e137aa3b6d1f3",
            "messageTitle": "Add panes to UI",
            "messageBody": "",
            "fileTypesAndContributionMap": {
              "functional-code": {
                "insertions": 270,
                "deletions": 22
              }
            }
          },
          {
            "hash": "eb448eddf0d2307e6adbb758d4588a14980b6033",
            "messageTitle": "Refactor ui and create pane for flashcard viewing",
            "messageBody": "",
            "fileTypesAndContributionMap": {
              "functional-code": {
                "insertions": 123,
                "deletions": 158
              },
              "other": {
                "insertions": 6,
                "deletions": 16
              }
            }
          },
          {
            "hash": "7202eddb7b929e5c0051412533cf891fb2e6e4c3",
            "messageTitle": "Add view command",
            "messageBody": "",
            "fileTypesAndContributionMap": {
              "functional-code": {
                "insertions": 137,
                "deletions": 46
              }
            }
          },
          {
            "hash": "02c4d7b11f4a21c4fa8fece185eeee3fc45d3ebe",
            "messageTitle": "Update ug for add, view and review commands",
            "messageBody": "",
            "fileTypesAndContributionMap": {
              "docs": {
                "insertions": 29,
                "deletions": 10
              }
            }
          },
          {
            "hash": "894ea94f6d57e6fc5597f600ad760a9190788a68",
            "messageTitle": "Add ViewCommand and refactor UI",
            "messageBody": "",
            "fileTypesAndContributionMap": {
              "functional-code": {
                "insertions": 85,
                "deletions": 58
              }
            }
          }
        ]
      },
      {
        "date": "2020-10-22",
        "commitResults": [
          {
            "hash": "f697394d7a9d7289baaf68e82adb99879ede9343",
            "messageTitle": "Add tags to UI",
            "messageBody": "",
            "fileTypesAndContributionMap": {
              "functional-code": {
                "insertions": 16,
                "deletions": 3
              }
            }
          },
          {
            "hash": "eea3881cf6c38b96738d631994665b3399b27031",
            "messageTitle": "Fix checkstyle",
            "messageBody": "",
            "fileTypesAndContributionMap": {
              "functional-code": {
                "insertions": 7,
                "deletions": 16
              }
            }
          },
          {
            "hash": "9499fd584d5e62f05a59b27095beddec54c37258",
            "messageTitle": "Change app icon",
            "messageBody": "",
            "fileTypesAndContributionMap": {
              "functional-code": {
                "insertions": 2,
                "deletions": 2
              }
            }
          },
          {
            "hash": "854c5ae5b2ebcbfa1e40bfa56b7c2cc29c5a8e60",
            "messageTitle": "Fix SampleDataUtil tag bug",
            "messageBody": "",
            "tags": [
              "v1.3.trial"
            ],
            "fileTypesAndContributionMap": {
              "functional-code": {
                "insertions": 1,
                "deletions": 1
              }
            }
          }
        ]
      },
      {
        "date": "2020-10-23",
        "commitResults": [
          {
            "hash": "3fdb7aac713076b0d77127584b2480cbe3586cd9",
            "messageTitle": "Abstract review function into own class",
            "messageBody": "",
            "fileTypesAndContributionMap": {
              "functional-code": {
                "insertions": 240,
                "deletions": 114
              }
            }
          },
          {
            "hash": "28f5a1e6902443d05eb526f683f3903f0e8df6c8",
            "messageTitle": "Refactor abstraction for study, review and quiz",
            "messageBody": "",
            "fileTypesAndContributionMap": {
              "functional-code": {
                "insertions": 25,
                "deletions": 74
              },
              "other": {
                "insertions": 32,
                "deletions": 24
              }
            }
          },
          {
            "hash": "e6efdbff2b655feeec5bb2364b19315eb8c5abb8",
            "messageTitle": "Move exit review message to ReviewPanel",
            "messageBody": "",
            "fileTypesAndContributionMap": {
              "functional-code": {
                "insertions": 7,
                "deletions": 7
              }
            }
          },
          {
            "hash": "ed9a10d42e005082d116ffd8f47a33eab5d41e33",
            "messageTitle": "Fix checkystyle",
            "messageBody": "",
            "fileTypesAndContributionMap": {
              "functional-code": {
                "insertions": 3,
                "deletions": 4
              }
            }
          },
          {
            "hash": "5253e32bbf3020160ea0eabd60bf637076ee848e",
            "messageTitle": "Add EOF to StudyPanel.fxml",
            "messageBody": "",
            "fileTypesAndContributionMap": {
              "functional-code": {
                "insertions": 1,
                "deletions": 3
              }
            }
          },
          {
            "hash": "ca9eb8c404c69f9f1b6c1c1cd24ebd9ab48ad8a1",
            "messageTitle": "Rename exit review mode in studypanel",
            "messageBody": "",
            "fileTypesAndContributionMap": {
              "functional-code": {
                "insertions": 8,
                "deletions": 8
              }
            }
          }
        ]
      }
    ],
    "kimberlyohq": [
      {
        "date": "2020-09-22",
        "commitResults": [
          {
            "hash": "f1a05ecb3daca1b39a09d44ac247bb1899d18261",
            "messageTitle": "Refactor UniquePersonList to UniqueFlashcardList",
            "messageBody": "",
            "fileTypesAndContributionMap": {
              "other": {
                "insertions": 23,
                "deletions": 23
              }
            }
          },
          {
            "hash": "cbce6db82c576d55287f9b97617aad9a76f238ef",
            "messageTitle": "Use UniqueFlashcardList in  AddressBook",
            "messageBody": "",
            "fileTypesAndContributionMap": {
              "functional-code": {
                "insertions": 25,
                "deletions": 25
              }
            }
          },
          {
            "hash": "27010660bbd40623f0db994a15e375eb389e1256",
            "messageTitle": "Add UniqueFlashcardListTest",
            "messageBody": "",
            "fileTypesAndContributionMap": {
              "functional-code": {
                "insertions": 1,
                "deletions": 1
              },
              "test-code": {
                "insertions": 163,
                "deletions": 146
              }
            }
          },
          {
            "hash": "6a305a97e66f4751738950bc55add2a542117c3d",
            "messageTitle": "Rename ONE and TWO to FLASHCARD_1 and FLASHCARD_2",
            "messageBody": "",
            "fileTypesAndContributionMap": {
              "test-code": {
                "insertions": 71,
                "deletions": 71
              }
            }
          },
          {
            "hash": "db23655baad1a6e3df8e0d3d2d0ee80ad0c68a1d",
            "messageTitle": "Rename person to flashcard",
            "messageBody": "",
            "fileTypesAndContributionMap": {
              "functional-code": {
                "insertions": 49,
                "deletions": 49
              },
              "other": {
                "insertions": 29,
                "deletions": 29
              },
              "docs": {
                "insertions": 2,
                "deletions": 2
              },
              "test-code": {
                "insertions": 42,
                "deletions": 42
              }
            }
          },
          {
            "hash": "fa06927b9916b2773d7c21e25f252771828935cb",
            "messageTitle": "Fix checkstyle errors",
            "messageBody": "",
            "fileTypesAndContributionMap": {
              "functional-code": {
                "insertions": 4,
                "deletions": 2
              },
              "test-code": {
                "insertions": 19,
                "deletions": 11
              }
            }
          },
          {
            "hash": "aae5594f2933f3cf34c12856e293cf5a38d4d4a4",
            "messageTitle": "Rename getFilteredPersonList to getFilteredFlashcardList",
            "messageBody": "",
            "fileTypesAndContributionMap": {
              "functional-code": {
                "insertions": 4,
                "deletions": 4
              }
            }
          },
          {
            "hash": "b7e8a1ff8878e5302e840057ee2c730dae30fc22",
            "messageTitle": "Rename PersonCard and PersonListPanel to FlashcardCard and FlashcardListPanel",
            "messageBody": "",
            "fileTypesAndContributionMap": {
              "functional-code": {
                "insertions": 7,
                "deletions": 7
              },
              "other": {
                "insertions": 17,
                "deletions": 17
              }
            }
          }
        ]
      },
      {
        "date": "2020-09-28",
        "commitResults": [
          {
            "hash": "61d6b4ac2a791a3a6ae58dfb1eca6b40af320da0",
            "messageTitle": "Update about us",
            "messageBody": "",
            "fileTypesAndContributionMap": {
              "docs": {
                "insertions": 29,
                "deletions": 52
              }
            }
          }
        ]
      },
      {
        "date": "2020-10-04",
        "commitResults": [
          {
            "hash": "52411003f5ef373c7bafea5c9a80a8b44d7579fc",
            "messageTitle": "Add tests for Review Command",
            "messageBody": "",
            "fileTypesAndContributionMap": {
              "functional-code": {
                "insertions": 2,
                "deletions": 2
              },
              "test-code": {
                "insertions": 23,
                "deletions": 0
              }
            }
          },
          {
            "hash": "6075b2325e77be1604afc865a01fa12b5507ac7b",
            "messageTitle": "Throw exception when there are no flashcards to review",
            "messageBody": "",
            "fileTypesAndContributionMap": {
              "functional-code": {
                "insertions": 10,
                "deletions": 4
              },
              "test-code": {
                "insertions": 2,
                "deletions": 2
              }
            }
          },
          {
            "hash": "32b102f9c14e74aac1b9695e63a4982d6a06ce99",
            "messageTitle": "Update ReviewCommandTest to test for empty flashcard list",
            "messageBody": "",
            "fileTypesAndContributionMap": {
              "test-code": {
                "insertions": 12,
                "deletions": 0
              }
            }
          },
          {
            "hash": "2f56829620ea893e226a3624b87db9120b79a285",
            "messageTitle": "Update CommandResult and CommandResultTest",
            "messageBody": "",
            "fileTypesAndContributionMap": {
              "functional-code": {
                "insertions": 3,
                "deletions": 2
              },
              "test-code": {
                "insertions": 6,
                "deletions": 0
              }
            }
          },
          {
            "hash": "b701e7298c6c69c158e2f2bc99a9bf8c84a7127f",
            "messageTitle": "Add basic tests for ReviewManager",
            "messageBody": "",
            "fileTypesAndContributionMap": {
              "functional-code": {
                "insertions": 4,
                "deletions": 4
              },
              "test-code": {
                "insertions": 50,
                "deletions": 0
              }
            }
          },
          {
            "hash": "9f6cca53a920837ad3d6bc7d5a840fab0b0d8860",
            "messageTitle": "Add exit reason",
            "messageBody": "",
            "fileTypesAndContributionMap": {
              "functional-code": {
                "insertions": 7,
                "deletions": 5
              }
            }
          },
          {
            "hash": "d30f7ef8338e1faace9748c6383f83257fb2f447",
            "messageTitle": "Rename methods",
            "messageBody": "",
            "fileTypesAndContributionMap": {
              "functional-code": {
                "insertions": 6,
                "deletions": 6
              }
            }
          },
          {
            "hash": "e8341e3fbe09319e4db7eddd1805fd5470e08f76",
            "messageTitle": "Correct typo",
            "messageBody": "",
            "fileTypesAndContributionMap": {
              "functional-code": {
                "insertions": 2,
                "deletions": 2
              }
            }
          }
        ]
      },
      {
        "date": "2020-10-08",
        "commitResults": [
          {
            "hash": "7c71cb286c7796803353374e179dee706dcf1fad",
            "messageTitle": "Fix ci failure",
            "messageBody": "",
            "fileTypesAndContributionMap": {
              "test-code": {
                "insertions": 5,
                "deletions": 5
              }
            }
          }
        ]
      },
      {
        "date": "2020-10-11",
        "commitResults": [
          {
            "hash": "96151d37f91e7b94fef2fb6d695687a21d8dbeef",
            "messageTitle": "Refactor FindCommand",
            "messageBody": "",
            "fileTypesAndContributionMap": {
              "functional-code": {
                "insertions": 8,
                "deletions": 8
              },
              "other": {
                "insertions": 4,
                "deletions": 4
              },
              "test-code": {
                "insertions": 27,
                "deletions": 26
              }
            }
          },
          {
            "hash": "26c005fa2bdc2d1f1a20c8dbcf861927be02d9da",
            "messageTitle": "Refactor QuestionContainsKeywordsPredicate",
            "messageBody": "",
            "fileTypesAndContributionMap": {
              "functional-code": {
                "insertions": 2,
                "deletions": 2
              },
              "test-code": {
                "insertions": 81,
                "deletions": 70
              }
            }
          }
        ]
      },
      {
        "date": "2020-10-13",
        "commitResults": [
          {
            "hash": "2e03e6b11c890c2b6e288a76a23eaab2b9e6ef97",
            "messageTitle": "Add formatQuestionForFindCommand method",
            "messageBody": "",
            "fileTypesAndContributionMap": {
              "functional-code": {
                "insertions": 11,
                "deletions": 1
              }
            }
          }
        ]
      },
      {
        "date": "2020-10-14",
        "commitResults": [
          {
            "hash": "df38fb9ab56dc623ada1e1a1dfc552fb0fd41759",
            "messageTitle": "Rename method to formatQuestionForQuestionContainsKeywordsPredicate",
            "messageBody": "",
            "fileTypesAndContributionMap": {
              "functional-code": {
                "insertions": 4,
                "deletions": 3
              }
            }
          },
          {
            "hash": "c1cfe450830d08b5048c1cded5ffaaede411c8be",
            "messageTitle": "Use contains to check for presence of keywords",
            "messageBody": "",
            "fileTypesAndContributionMap": {
              "functional-code": {
                "insertions": 1,
                "deletions": 13
              }
            }
          },
          {
            "hash": "d618547ba5a4e7a529c6c8aa97ebf215c643255e",
            "messageTitle": "Add more tests to QuestionContainsKeywordsPredicateTest",
            "messageBody": "",
            "fileTypesAndContributionMap": {
              "test-code": {
                "insertions": 11,
                "deletions": 6
              }
            }
          }
        ]
      },
      {
        "date": "2020-10-19",
        "commitResults": [
          {
            "hash": "ad6befd541e6131c6dc4933f21d74a7269ae11e8",
            "messageTitle": "Add isFavourite attr to Flashcard",
            "messageBody": "",
            "fileTypesAndContributionMap": {
              "functional-code": {
                "insertions": 22,
                "deletions": 2
              }
            }
          },
          {
            "hash": "e1d2c1e9a18424b4784473104131c24f66e2f407",
            "messageTitle": "Update EditCommand#createEditedFlashcard to get flashcard\u0027s favourite status",
            "messageBody": "",
            "fileTypesAndContributionMap": {
              "functional-code": {
                "insertions": 2,
                "deletions": 1
              }
            }
          },
          {
            "hash": "3011a2ca0c4c6cb7b72d1aa9e73626676b7fa2e1",
            "messageTitle": "Add FavCommand",
            "messageBody": "",
            "fileTypesAndContributionMap": {
              "functional-code": {
                "insertions": 85,
                "deletions": 11
              }
            }
          },
          {
            "hash": "9866f84d64a78268cce23ef104ddc661540fc2f6",
            "messageTitle": "Add equals method at FavCommand and fix checkstyle errors",
            "messageBody": "",
            "fileTypesAndContributionMap": {
              "functional-code": {
                "insertions": 32,
                "deletions": 10
              }
            }
          },
          {
            "hash": "240133041f92e8640662580f09676e11f3914c9a",
            "messageTitle": "Add unfav command",
            "messageBody": "",
            "fileTypesAndContributionMap": {
              "functional-code": {
                "insertions": 99,
                "deletions": 2
              }
            }
          },
          {
            "hash": "7c22058f09c00d419904d5ec675126907bb863c1",
            "messageTitle": "Add tests for UnfavCommandParser and FavCommandParser",
            "messageBody": "",
            "fileTypesAndContributionMap": {
              "test-code": {
                "insertions": 50,
                "deletions": 0
              }
            }
          },
          {
            "hash": "6c28bea6404805c523f8db27023280a16f78decf",
            "messageTitle": "Add FavCommandTest and UnfavCommandTest",
            "messageBody": "",
            "fileTypesAndContributionMap": {
              "functional-code": {
                "insertions": 14,
                "deletions": 13
              },
              "test-code": {
                "insertions": 226,
                "deletions": 10
              }
            }
          },
          {
            "hash": "cd4ed4181cf7d352c8e8e46deb8102fc01b6e25d",
            "messageTitle": "Update FlashcardTest",
            "messageBody": "",
            "fileTypesAndContributionMap": {
              "test-code": {
                "insertions": 8,
                "deletions": 0
              }
            }
          },
          {
            "hash": "b376e418e39d91a67e2187fe21ba4f1f902b8bfe",
            "messageTitle": "Update comments for Flashcard",
            "messageBody": "",
            "fileTypesAndContributionMap": {
              "functional-code": {
                "insertions": 1,
                "deletions": 0
              }
            }
          },
          {
            "hash": "9ff8758f8af0b6539fcbdd7f2e4b6680c03f7baf",
            "messageTitle": "Correct typo",
            "messageBody": "",
            "fileTypesAndContributionMap": {
              "functional-code": {
                "insertions": 2,
                "deletions": 2
              }
            }
          },
          {
            "hash": "5e462f9fc2a7239ea00730b783a313dbdcb3d8a1",
            "messageTitle": "Update FavCommand and UnfavCommand",
            "messageBody": "",
            "fileTypesAndContributionMap": {
              "functional-code": {
                "insertions": 11,
                "deletions": 1
              },
              "test-code": {
                "insertions": 17,
                "deletions": 0
              }
            }
          },
          {
            "hash": "ec0eba6ef4edc7048c898c8776e6b202ecffda03",
            "messageTitle": "Update FavCommandTest and UnfavCommandTest",
            "messageBody": "",
            "fileTypesAndContributionMap": {
              "functional-code": {
                "insertions": 2,
                "deletions": 0
              },
              "test-code": {
                "insertions": 21,
                "deletions": 1
              }
            }
          }
        ]
      },
      {
        "date": "2020-10-20",
        "commitResults": [
          {
            "hash": "d49991ce12f8852b7785debceb9c0827b8d4c3e1",
            "messageTitle": "Integrate UI for favourite feature",
            "messageBody": "",
            "fileTypesAndContributionMap": {
              "functional-code": {
                "insertions": 8,
                "deletions": 1
              }
            }
          },
          {
            "hash": "0352d0ec222b23f97f7bfbe7d88737d6d405908b",
            "messageTitle": "Edit FlashcardListCard.fxml",
            "messageBody": "",
            "fileTypesAndContributionMap": {
              "functional-code": {
                "insertions": 1,
                "deletions": 1
              }
            }
          },
          {
            "hash": "a7b1aab23f2bf96426bf9f69839da24b58ecd2ec",
            "messageTitle": "Rename createUnfavouredFlashcard to createUnfavouriteFlashcard",
            "messageBody": "",
            "fileTypesAndContributionMap": {
              "functional-code": {
                "insertions": 2,
                "deletions": 2
              }
            }
          },
          {
            "hash": "152d1c6679933f96419502c92d6651159705a238",
            "messageTitle": "Update DG for fav/unfav feature",
            "messageBody": "",
            "fileTypesAndContributionMap": {
              "docs": {
                "insertions": 62,
                "deletions": 1
              }
            }
          },
          {
            "hash": "b00f70be18961207734f6f2a1ccc8838dd4adfc4",
            "messageTitle": "Correct typos",
            "messageBody": "",
            "fileTypesAndContributionMap": {
              "docs": {
                "insertions": 1,
                "deletions": 1
              }
            }
          },
          {
            "hash": "a31e9359097d56da95a51550caac370eae33d104",
            "messageTitle": "Correct punc erros",
            "messageBody": "",
            "fileTypesAndContributionMap": {
              "docs": {
                "insertions": 1,
                "deletions": 2
              }
            }
          },
          {
            "hash": "bc4f27ea01bcfb4878bfa97508e1a97a7ca04d2e",
            "messageTitle": "Remove ModelManager#setFlashcard from DG",
            "messageBody": "",
            "fileTypesAndContributionMap": {
              "docs": {
                "insertions": 0,
                "deletions": 1
              }
            }
          }
        ]
      },
      {
        "date": "2020-10-21",
        "commitResults": [
          {
            "hash": "0b7f3f3dfe5f9445be79ef43c2a8ac84e71bd77a",
            "messageTitle": "Update UG for fav \u0026 unfav command",
            "messageBody": "",
            "fileTypesAndContributionMap": {
              "docs": {
                "insertions": 31,
                "deletions": 2
              }
            }
          }
        ]
      },
      {
        "date": "2020-10-23",
        "commitResults": [
          {
            "hash": "05b32c7b304e7db94aaf26f466b00a4738e5db51",
            "messageTitle": "Add AnswerContainsKeywordsPredicate",
            "messageBody": "",
            "fileTypesAndContributionMap": {
              "functional-code": {
                "insertions": 29,
                "deletions": 0
              }
            }
          },
          {
            "hash": "dab15bfd20ecbf5fc0ed43329c87b0529382b3a6",
            "messageTitle": "Add CategoryContainsKeywordsPredicate",
            "messageBody": "",
            "fileTypesAndContributionMap": {
              "functional-code": {
                "insertions": 29,
                "deletions": 0
              }
            }
          },
          {
            "hash": "5aca0b40d900ef706b6a71751aa6216af18eb193",
            "messageTitle": "Add NoteContainsKeywordsPredicate",
            "messageBody": "",
            "fileTypesAndContributionMap": {
              "functional-code": {
                "insertions": 29,
                "deletions": 0
              }
            }
          },
          {
            "hash": "940f5afb158eae0a7876b6644901dfc1cecf3c9b",
            "messageTitle": "Add AnswerContainsKeywordsPredicateTest",
            "messageBody": "",
            "fileTypesAndContributionMap": {
              "test-code": {
                "insertions": 85,
                "deletions": 0
              }
            }
          },
          {
            "hash": "2dbf12b43ea44d0304f16c106dd5c6ab31f307c0",
            "messageTitle": "Add CategoryContainsKeywordsPredicateTest",
            "messageBody": "",
            "fileTypesAndContributionMap": {
              "test-code": {
                "insertions": 80,
                "deletions": 1
              }
            }
          },
          {
            "hash": "1cb3b66357ba7d0e964383683e98868ae8c08316",
            "messageTitle": "Refactor FindCommand and FindCommandParser to hanndle answer, category and note",
            "messageBody": "",
            "fileTypesAndContributionMap": {
              "functional-code": {
                "insertions": 27,
                "deletions": 10
              },
              "test-code": {
                "insertions": 11,
                "deletions": 38
              }
            }
          },
          {
            "hash": "c6e0d32eb4b9a209ac11b985dc50292e5f9a66ad",
            "messageTitle": "Add NoteContainsKeywordsPredicateTest",
            "messageBody": "",
            "fileTypesAndContributionMap": {
              "functional-code": {
                "insertions": 4,
                "deletions": 0
              },
              "test-code": {
                "insertions": 87,
                "deletions": 0
              }
            }
          },
          {
            "hash": "6770b35dec2843f8bb53d645e55ce09312e80c7d",
            "messageTitle": "Update FindCommandTest",
            "messageBody": "",
            "fileTypesAndContributionMap": {
              "test-code": {
                "insertions": 60,
                "deletions": 19
              }
            }
          },
          {
            "hash": "976b3d14cb66c2ae14efd24554eba6c6588e0443",
            "messageTitle": "Update FindCommandParserTest",
            "messageBody": "",
            "fileTypesAndContributionMap": {
              "test-code": {
                "insertions": 11,
                "deletions": 3
              }
            }
          },
          {
            "hash": "c2096e9b6768ba76d58856f9dba52b849c349525",
            "messageTitle": "Update find command to search for matching keywords in tags",
            "messageBody": "",
            "fileTypesAndContributionMap": {
              "functional-code": {
                "insertions": 35,
                "deletions": 7
              },
              "test-code": {
                "insertions": 91,
                "deletions": 2
              }
            }
          },
          {
            "hash": "a0701e64387297d371fa4f9af16c9370911f0309",
            "messageTitle": "Update headers",
            "messageBody": "",
            "fileTypesAndContributionMap": {
              "functional-code": {
                "insertions": 1,
                "deletions": 1
              }
            }
          }
        ]
      }
    ]
  },
  "authorFileTypeContributionMap": {
    "moyj01": {
      "docs": 118,
      "functional-code": 906,
      "test-code": 714,
      "other": 6
    },
    "minzzelo": {
      "docs": 111,
      "functional-code": 806,
      "test-code": 1384
    },
    "tanzhuoyao-nus": {
      "docs": 71,
      "functional-code": 257,
      "test-code": 474
    },
    "sgn00": {
      "docs": 109,
      "functional-code": 1036,
      "test-code": 368
    },
    "kimberlyohq": {
      "docs": 109,
      "functional-code": 487,
      "test-code": 1091
    }
  },
  "authorContributionVariance": {
    "moyj01": 83969.68,
    "minzzelo": 389986.16,
    "tanzhuoyao-nus": 9223.143,
    "sgn00": 37521.99,
    "kimberlyohq": 22755.828
  },
  "authorDisplayNameMap": {
    "moyj01": "CS2103T-T17-2 ONG ..LVIN",
    "minzzelo": "CS2103T-T17-2 ONG .. MIN",
    "tanzhuoyao-nus": "CS2103T-T17-2 TAN .. YAO",
    "sgn00": "CS2103T-T17-2 NG S..GUAN",
    "kimberlyohq": "CS2103T-T17-2 KIMB.. QIN"
  }
}
