[
  {
    "path": "docs/AboutUs.md",
    "fileType": "docs",
    "lines": [
      {
        "lineNumber": 1,
        "author": {
          "gitId": "-"
        },
        "content": "---"
      },
      {
        "lineNumber": 2,
        "author": {
          "gitId": "-"
        },
        "content": "layout: page"
      },
      {
        "lineNumber": 3,
        "author": {
          "gitId": "-"
        },
        "content": "title: About Us"
      },
      {
        "lineNumber": 4,
        "author": {
          "gitId": "-"
        },
        "content": "---"
      },
      {
        "lineNumber": 5,
        "author": {
          "gitId": "-"
        },
        "content": ""
      },
      {
        "lineNumber": 6,
        "author": {
          "gitId": "-"
        },
        "content": "We are a team based in the [School of Computing, National University of Singapore](http://www.comp.nus.edu.sg)."
      },
      {
        "lineNumber": 7,
        "author": {
          "gitId": "-"
        },
        "content": ""
      },
      {
        "lineNumber": 8,
        "author": {
          "gitId": "-"
        },
        "content": "You can reach us at the email `seer[at]comp.nus.edu.sg`"
      },
      {
        "lineNumber": 9,
        "author": {
          "gitId": "-"
        },
        "content": ""
      },
      {
        "lineNumber": 10,
        "author": {
          "gitId": "-"
        },
        "content": "## Project team"
      },
      {
        "lineNumber": 11,
        "author": {
          "gitId": "-"
        },
        "content": ""
      },
      {
        "lineNumber": 12,
        "author": {
          "gitId": "augustinekau"
        },
        "content": "### Hong Kunnan"
      },
      {
        "lineNumber": 13,
        "author": {
          "gitId": "-"
        },
        "content": ""
      },
      {
        "lineNumber": 14,
        "author": {
          "gitId": "augustinekau"
        },
        "content": "\u003cimg src\u003d\"images/kunnan97.png\" width\u003d\"200px\"\u003e"
      },
      {
        "lineNumber": 15,
        "author": {
          "gitId": "-"
        },
        "content": ""
      },
      {
        "lineNumber": 16,
        "author": {
          "gitId": "augustinekau"
        },
        "content": "[[github](https://github.com/kunnan97)]"
      },
      {
        "lineNumber": 17,
        "author": {
          "gitId": "augustinekau"
        },
        "content": "[[portfolio](team/kunnan97.md)]"
      },
      {
        "lineNumber": 18,
        "author": {
          "gitId": "-"
        },
        "content": ""
      },
      {
        "lineNumber": 19,
        "author": {
          "gitId": "augustinekau"
        },
        "content": "* Role: Team Lead"
      },
      {
        "lineNumber": 20,
        "author": {
          "gitId": "-"
        },
        "content": ""
      },
      {
        "lineNumber": 21,
        "author": {
          "gitId": "augustinekau"
        },
        "content": "### Zhang Xin Yue"
      },
      {
        "lineNumber": 22,
        "author": {
          "gitId": "-"
        },
        "content": ""
      },
      {
        "lineNumber": 23,
        "author": {
          "gitId": "augustinekau"
        },
        "content": "\u003cimg src\u003d\"images/xyzhangg.png\" width\u003d\"200px\"\u003e"
      },
      {
        "lineNumber": 24,
        "author": {
          "gitId": "-"
        },
        "content": ""
      },
      {
        "lineNumber": 25,
        "author": {
          "gitId": "augustinekau"
        },
        "content": "[[github](http://github.com/xyzhangg)]"
      },
      {
        "lineNumber": 26,
        "author": {
          "gitId": "augustinekau"
        },
        "content": "[[portfolio](team/xyzhangg.md)]"
      },
      {
        "lineNumber": 27,
        "author": {
          "gitId": "-"
        },
        "content": ""
      },
      {
        "lineNumber": 28,
        "author": {
          "gitId": "augustinekau"
        },
        "content": "* Role: Documentation"
      },
      {
        "lineNumber": 29,
        "author": {
          "gitId": "augustinekau"
        },
        "content": "* Responsibilities: Data"
      },
      {
        "lineNumber": 30,
        "author": {
          "gitId": "-"
        },
        "content": ""
      },
      {
        "lineNumber": 31,
        "author": {
          "gitId": "augustinekau"
        },
        "content": "### Augustine Kau"
      },
      {
        "lineNumber": 32,
        "author": {
          "gitId": "-"
        },
        "content": ""
      },
      {
        "lineNumber": 33,
        "author": {
          "gitId": "augustinekau"
        },
        "content": "\u003cimg src\u003d\"images/augustinekau.png\" width\u003d\"200px\"\u003e"
      },
      {
        "lineNumber": 34,
        "author": {
          "gitId": "-"
        },
        "content": ""
      },
      {
        "lineNumber": 35,
        "author": {
          "gitId": "augustinekau"
        },
        "content": "[[github](http://github.com/augustinekau)]"
      },
      {
        "lineNumber": 36,
        "author": {
          "gitId": "augustinekau"
        },
        "content": "[[portfolio](team/augustinekau.md)]"
      },
      {
        "lineNumber": 37,
        "author": {
          "gitId": "-"
        },
        "content": ""
      },
      {
        "lineNumber": 38,
        "author": {
          "gitId": "augustinekau"
        },
        "content": "* Role: Code Quality"
      },
      {
        "lineNumber": 39,
        "author": {
          "gitId": "augustinekau"
        },
        "content": "* Responsibilities: UI"
      },
      {
        "lineNumber": 40,
        "author": {
          "gitId": "-"
        },
        "content": ""
      },
      {
        "lineNumber": 41,
        "author": {
          "gitId": "augustinekau"
        },
        "content": "### Li Xupeng"
      },
      {
        "lineNumber": 42,
        "author": {
          "gitId": "-"
        },
        "content": ""
      },
      {
        "lineNumber": 43,
        "author": {
          "gitId": "augustinekau"
        },
        "content": "\u003cimg src\u003d\"images/pongzers.png\" width\u003d\"200px\"\u003e"
      },
      {
        "lineNumber": 44,
        "author": {
          "gitId": "-"
        },
        "content": ""
      },
      {
        "lineNumber": 45,
        "author": {
          "gitId": "augustinekau"
        },
        "content": "[[github](http://github.com/pongzers)]"
      },
      {
        "lineNumber": 46,
        "author": {
          "gitId": "augustinekau"
        },
        "content": "[[portfolio](team/pongzers.md)]"
      },
      {
        "lineNumber": 47,
        "author": {
          "gitId": "-"
        },
        "content": ""
      },
      {
        "lineNumber": 48,
        "author": {
          "gitId": "augustinekau"
        },
        "content": "* Role: Testing"
      },
      {
        "lineNumber": 49,
        "author": {
          "gitId": "-"
        },
        "content": "* Responsibilities: Dev Ops + Threading"
      },
      {
        "lineNumber": 50,
        "author": {
          "gitId": "-"
        },
        "content": ""
      },
      {
        "lineNumber": 51,
        "author": {
          "gitId": "augustinekau"
        },
        "content": "### Zhao Lingshan"
      },
      {
        "lineNumber": 52,
        "author": {
          "gitId": "-"
        },
        "content": ""
      },
      {
        "lineNumber": 53,
        "author": {
          "gitId": "augustinekau"
        },
        "content": "\u003cimg src\u003d\"images/zhaolingshan.png\" width\u003d\"200px\"\u003e"
      },
      {
        "lineNumber": 54,
        "author": {
          "gitId": "-"
        },
        "content": ""
      },
      {
        "lineNumber": 55,
        "author": {
          "gitId": "augustinekau"
        },
        "content": "[[github](http://github.com/zhaolingshan)]"
      },
      {
        "lineNumber": 56,
        "author": {
          "gitId": "augustinekau"
        },
        "content": "[[portfolio](team/zhaolingshan.md)]"
      },
      {
        "lineNumber": 57,
        "author": {
          "gitId": "-"
        },
        "content": ""
      },
      {
        "lineNumber": 58,
        "author": {
          "gitId": "augustinekau"
        },
        "content": "* Role: Integration"
      },
      {
        "lineNumber": 59,
        "author": {
          "gitId": "-"
        },
        "content": "* Responsibilities: UI"
      }
    ],
    "authorContributionMap": {
      "-": 32,
      "augustinekau": 27
    }
  },
  {
    "path": "docs/DeveloperGuide.md",
    "fileType": "docs",
    "lines": [
      {
        "lineNumber": 1,
        "author": {
          "gitId": "-"
        },
        "content": "---"
      },
      {
        "lineNumber": 2,
        "author": {
          "gitId": "-"
        },
        "content": "layout: page"
      },
      {
        "lineNumber": 3,
        "author": {
          "gitId": "-"
        },
        "content": "title: Developer Guide"
      },
      {
        "lineNumber": 4,
        "author": {
          "gitId": "-"
        },
        "content": "---"
      },
      {
        "lineNumber": 5,
        "author": {
          "gitId": "-"
        },
        "content": ""
      },
      {
        "lineNumber": 6,
        "author": {
          "gitId": "pongzers"
        },
        "content": "# Developer Guide"
      },
      {
        "lineNumber": 7,
        "author": {
          "gitId": "-"
        },
        "content": ""
      },
      {
        "lineNumber": 8,
        "author": {
          "gitId": "-"
        },
        "content": ""
      },
      {
        "lineNumber": 9,
        "author": {
          "gitId": "-"
        },
        "content": ""
      },
      {
        "lineNumber": 10,
        "author": {
          "gitId": "pongzers"
        },
        "content": "*   **[Product scope](https://ay2021s1-cs2103t-t17-1.github.io/tp/DeveloperGuide.html#product-scope)**"
      },
      {
        "lineNumber": 11,
        "author": {
          "gitId": "pongzers"
        },
        "content": "    *   [User stories](https://ay2021s1-cs2103t-t17-1.github.io/tp/DeveloperGuide.html#user-stories)"
      },
      {
        "lineNumber": 12,
        "author": {
          "gitId": "pongzers"
        },
        "content": "    *   [Use cases](https://ay2021s1-cs2103t-t17-1.github.io/tp/DeveloperGuide.html#use-cases)"
      },
      {
        "lineNumber": 13,
        "author": {
          "gitId": "pongzers"
        },
        "content": "    *   [Non-Functional Requirements](https://ay2021s1-cs2103t-t17-1.github.io/tp/DeveloperGuide.html#non-functional-requirements)"
      },
      {
        "lineNumber": 14,
        "author": {
          "gitId": "pongzers"
        },
        "content": "    *   [Glossary](https://ay2021s1-cs2103t-t17-1.github.io/tp/DeveloperGuide.html#glossary)"
      },
      {
        "lineNumber": 15,
        "author": {
          "gitId": "-"
        },
        "content": ""
      },
      {
        "lineNumber": 16,
        "author": {
          "gitId": "-"
        },
        "content": ""
      },
      {
        "lineNumber": 17,
        "author": {
          "gitId": "pongzers"
        },
        "content": "# Product scope"
      },
      {
        "lineNumber": 18,
        "author": {
          "gitId": "-"
        },
        "content": ""
      },
      {
        "lineNumber": 19,
        "author": {
          "gitId": "-"
        },
        "content": ""
      },
      {
        "lineNumber": 20,
        "author": {
          "gitId": "pongzers"
        },
        "content": "## Target user profile:"
      },
      {
        "lineNumber": 21,
        "author": {
          "gitId": "-"
        },
        "content": ""
      },
      {
        "lineNumber": 22,
        "author": {
          "gitId": "-"
        },
        "content": ""
      },
      {
        "lineNumber": 23,
        "author": {
          "gitId": "-"
        },
        "content": ""
      },
      {
        "lineNumber": 24,
        "author": {
          "gitId": "pongzers"
        },
        "content": "*   NUS students"
      },
      {
        "lineNumber": 25,
        "author": {
          "gitId": "-"
        },
        "content": ""
      },
      {
        "lineNumber": 26,
        "author": {
          "gitId": "pongzers"
        },
        "content": "**Value proposition**: You type, We track."
      },
      {
        "lineNumber": 27,
        "author": {
          "gitId": "-"
        },
        "content": ""
      },
      {
        "lineNumber": 28,
        "author": {
          "gitId": "pongzers"
        },
        "content": "Track and view your modules and grades efficiently, anytime anywhere."
      },
      {
        "lineNumber": 29,
        "author": {
          "gitId": "-"
        },
        "content": ""
      },
      {
        "lineNumber": 30,
        "author": {
          "gitId": "-"
        },
        "content": ""
      },
      {
        "lineNumber": 31,
        "author": {
          "gitId": "pongzers"
        },
        "content": "## User stories"
      },
      {
        "lineNumber": 32,
        "author": {
          "gitId": "-"
        },
        "content": ""
      },
      {
        "lineNumber": 33,
        "author": {
          "gitId": "-"
        },
        "content": "Priorities: High (must have) - `* * *`, Medium (nice to have) - `* *`, Low (unlikely to have) - `*`"
      },
      {
        "lineNumber": 34,
        "author": {
          "gitId": "-"
        },
        "content": ""
      },
      {
        "lineNumber": 35,
        "author": {
          "gitId": "-"
        },
        "content": ""
      },
      {
        "lineNumber": 36,
        "author": {
          "gitId": "pongzers"
        },
        "content": "\u003ctable\u003e"
      },
      {
        "lineNumber": 37,
        "author": {
          "gitId": "pongzers"
        },
        "content": "  \u003ctr\u003e"
      },
      {
        "lineNumber": 38,
        "author": {
          "gitId": "pongzers"
        },
        "content": "   \u003ctd\u003e\u003cstrong\u003ePriority\u003c/strong\u003e"
      },
      {
        "lineNumber": 39,
        "author": {
          "gitId": "pongzers"
        },
        "content": "   \u003c/td\u003e"
      },
      {
        "lineNumber": 40,
        "author": {
          "gitId": "pongzers"
        },
        "content": "   \u003ctd\u003e\u003cstrong\u003eAs a …​\u003c/strong\u003e"
      },
      {
        "lineNumber": 41,
        "author": {
          "gitId": "pongzers"
        },
        "content": "   \u003c/td\u003e"
      },
      {
        "lineNumber": 42,
        "author": {
          "gitId": "pongzers"
        },
        "content": "   \u003ctd\u003e\u003cstrong\u003eI want to …​\u003c/strong\u003e"
      },
      {
        "lineNumber": 43,
        "author": {
          "gitId": "pongzers"
        },
        "content": "   \u003c/td\u003e"
      },
      {
        "lineNumber": 44,
        "author": {
          "gitId": "pongzers"
        },
        "content": "   \u003ctd\u003e\u003cstrong\u003eSo that I can…​\u003c/strong\u003e"
      },
      {
        "lineNumber": 45,
        "author": {
          "gitId": "pongzers"
        },
        "content": "   \u003c/td\u003e"
      },
      {
        "lineNumber": 46,
        "author": {
          "gitId": "pongzers"
        },
        "content": "  \u003c/tr\u003e"
      },
      {
        "lineNumber": 47,
        "author": {
          "gitId": "pongzers"
        },
        "content": "  \u003ctr\u003e"
      },
      {
        "lineNumber": 48,
        "author": {
          "gitId": "pongzers"
        },
        "content": "   \u003ctd\u003e\u003ccode\u003e* * *\u003c/code\u003e"
      },
      {
        "lineNumber": 49,
        "author": {
          "gitId": "pongzers"
        },
        "content": "   \u003c/td\u003e"
      },
      {
        "lineNumber": 50,
        "author": {
          "gitId": "pongzers"
        },
        "content": "   \u003ctd\u003eNUS student"
      },
      {
        "lineNumber": 51,
        "author": {
          "gitId": "pongzers"
        },
        "content": "   \u003c/td\u003e"
      },
      {
        "lineNumber": 52,
        "author": {
          "gitId": "pongzers"
        },
        "content": "   \u003ctd\u003eadd the modules taken and grades attained"
      },
      {
        "lineNumber": 53,
        "author": {
          "gitId": "pongzers"
        },
        "content": "   \u003c/td\u003e"
      },
      {
        "lineNumber": 54,
        "author": {
          "gitId": "pongzers"
        },
        "content": "   \u003ctd\u003eview them anytime anywhere."
      },
      {
        "lineNumber": 55,
        "author": {
          "gitId": "pongzers"
        },
        "content": "   \u003c/td\u003e"
      },
      {
        "lineNumber": 56,
        "author": {
          "gitId": "pongzers"
        },
        "content": "  \u003c/tr\u003e"
      },
      {
        "lineNumber": 57,
        "author": {
          "gitId": "pongzers"
        },
        "content": "  \u003ctr\u003e"
      },
      {
        "lineNumber": 58,
        "author": {
          "gitId": "pongzers"
        },
        "content": "   \u003ctd\u003e\u003ccode\u003e* * *\u003c/code\u003e"
      },
      {
        "lineNumber": 59,
        "author": {
          "gitId": "pongzers"
        },
        "content": "   \u003c/td\u003e"
      },
      {
        "lineNumber": 60,
        "author": {
          "gitId": "pongzers"
        },
        "content": "   \u003ctd\u003eNUS student"
      },
      {
        "lineNumber": 61,
        "author": {
          "gitId": "pongzers"
        },
        "content": "   \u003c/td\u003e"
      },
      {
        "lineNumber": 62,
        "author": {
          "gitId": "pongzers"
        },
        "content": "   \u003ctd\u003eadd my modules taken to reflect my CAP, and be able to update those modules when I S/U it to reflect my updated CAP"
      },
      {
        "lineNumber": 63,
        "author": {
          "gitId": "pongzers"
        },
        "content": "   \u003c/td\u003e"
      },
      {
        "lineNumber": 64,
        "author": {
          "gitId": "pongzers"
        },
        "content": "   \u003ctd\u003e I can view my new CAP."
      },
      {
        "lineNumber": 65,
        "author": {
          "gitId": "pongzers"
        },
        "content": "   \u003c/td\u003e"
      },
      {
        "lineNumber": 66,
        "author": {
          "gitId": "pongzers"
        },
        "content": "  \u003c/tr\u003e"
      },
      {
        "lineNumber": 67,
        "author": {
          "gitId": "pongzers"
        },
        "content": "  \u003ctr\u003e"
      },
      {
        "lineNumber": 68,
        "author": {
          "gitId": "pongzers"
        },
        "content": "   \u003ctd\u003e\u003ccode\u003e* * *\u003c/code\u003e"
      },
      {
        "lineNumber": 69,
        "author": {
          "gitId": "pongzers"
        },
        "content": "   \u003c/td\u003e"
      },
      {
        "lineNumber": 70,
        "author": {
          "gitId": "pongzers"
        },
        "content": "   \u003ctd\u003eNUS student"
      },
      {
        "lineNumber": 71,
        "author": {
          "gitId": "pongzers"
        },
        "content": "   \u003c/td\u003e"
      },
      {
        "lineNumber": 72,
        "author": {
          "gitId": "pongzers"
        },
        "content": "   \u003ctd\u003eview my current progress of my modules taken and my CAP"
      },
      {
        "lineNumber": 73,
        "author": {
          "gitId": "pongzers"
        },
        "content": "   \u003c/td\u003e"
      },
      {
        "lineNumber": 74,
        "author": {
          "gitId": "pongzers"
        },
        "content": "   \u003ctd\u003ehave a gauge of how I am doing in school."
      },
      {
        "lineNumber": 75,
        "author": {
          "gitId": "pongzers"
        },
        "content": "   \u003c/td\u003e"
      },
      {
        "lineNumber": 76,
        "author": {
          "gitId": "pongzers"
        },
        "content": "  \u003c/tr\u003e"
      },
      {
        "lineNumber": 77,
        "author": {
          "gitId": "pongzers"
        },
        "content": "  \u003ctr\u003e"
      },
      {
        "lineNumber": 78,
        "author": {
          "gitId": "pongzers"
        },
        "content": "   \u003ctd\u003e\u003ccode\u003e* * *\u003c/code\u003e"
      },
      {
        "lineNumber": 79,
        "author": {
          "gitId": "pongzers"
        },
        "content": "   \u003c/td\u003e"
      },
      {
        "lineNumber": 80,
        "author": {
          "gitId": "pongzers"
        },
        "content": "   \u003ctd\u003eimpatient NUS student"
      },
      {
        "lineNumber": 81,
        "author": {
          "gitId": "pongzers"
        },
        "content": "   \u003c/td\u003e"
      },
      {
        "lineNumber": 82,
        "author": {
          "gitId": "pongzers"
        },
        "content": "   \u003ctd\u003ecalculate my CAP as fast as possible without doing any calculations myself"
      },
      {
        "lineNumber": 83,
        "author": {
          "gitId": "pongzers"
        },
        "content": "   \u003c/td\u003e"
      },
      {
        "lineNumber": 84,
        "author": {
          "gitId": "pongzers"
        },
        "content": "   \u003ctd\u003euse the time that will be spent on doing manual calculations more productively."
      },
      {
        "lineNumber": 85,
        "author": {
          "gitId": "pongzers"
        },
        "content": "   \u003c/td\u003e"
      },
      {
        "lineNumber": 86,
        "author": {
          "gitId": "pongzers"
        },
        "content": "  \u003c/tr\u003e"
      },
      {
        "lineNumber": 87,
        "author": {
          "gitId": "pongzers"
        },
        "content": "  \u003ctr\u003e"
      },
      {
        "lineNumber": 88,
        "author": {
          "gitId": "pongzers"
        },
        "content": "   \u003ctd\u003e\u003ccode\u003e* *\u003c/code\u003e"
      },
      {
        "lineNumber": 89,
        "author": {
          "gitId": "pongzers"
        },
        "content": "   \u003c/td\u003e"
      },
      {
        "lineNumber": 90,
        "author": {
          "gitId": "pongzers"
        },
        "content": "   \u003ctd\u003eNUS student"
      },
      {
        "lineNumber": 91,
        "author": {
          "gitId": "pongzers"
        },
        "content": "   \u003c/td\u003e"
      },
      {
        "lineNumber": 92,
        "author": {
          "gitId": "pongzers"
        },
        "content": "   \u003ctd\u003edelete a module taken or the grade attained in the event that I decide to drop the module"
      },
      {
        "lineNumber": 93,
        "author": {
          "gitId": "pongzers"
        },
        "content": "   \u003c/td\u003e"
      },
      {
        "lineNumber": 94,
        "author": {
          "gitId": "pongzers"
        },
        "content": "   \u003ctd\u003eI am able to view an updated list of the modules I am currently taking and view my CAP without the grade from the dropped module."
      },
      {
        "lineNumber": 95,
        "author": {
          "gitId": "pongzers"
        },
        "content": "   \u003c/td\u003e"
      },
      {
        "lineNumber": 96,
        "author": {
          "gitId": "pongzers"
        },
        "content": "  \u003c/tr\u003e"
      },
      {
        "lineNumber": 97,
        "author": {
          "gitId": "pongzers"
        },
        "content": "\u003c/table\u003e"
      },
      {
        "lineNumber": 98,
        "author": {
          "gitId": "pongzers"
        },
        "content": ""
      },
      {
        "lineNumber": 99,
        "author": {
          "gitId": "pongzers"
        },
        "content": ""
      },
      {
        "lineNumber": 100,
        "author": {
          "gitId": "pongzers"
        },
        "content": "_{More to be added}_"
      },
      {
        "lineNumber": 101,
        "author": {
          "gitId": "kunnan97"
        },
        "content": ""
      },
      {
        "lineNumber": 102,
        "author": {
          "gitId": "kunnan97"
        },
        "content": "## Use cases"
      },
      {
        "lineNumber": 103,
        "author": {
          "gitId": "kunnan97"
        },
        "content": ""
      },
      {
        "lineNumber": 104,
        "author": {
          "gitId": "kunnan97"
        },
        "content": "(For all use cases below, the **System** is the `MyMods` and the **Actor** is the `user`, unless specified otherwise)"
      },
      {
        "lineNumber": 105,
        "author": {
          "gitId": "kunnan97"
        },
        "content": ""
      },
      {
        "lineNumber": 106,
        "author": {
          "gitId": "kunnan97"
        },
        "content": "####**Use case: Delete a module**"
      },
      {
        "lineNumber": 107,
        "author": {
          "gitId": "-"
        },
        "content": ""
      },
      {
        "lineNumber": 108,
        "author": {
          "gitId": "kunnan97"
        },
        "content": "**MSS**"
      },
      {
        "lineNumber": 109,
        "author": {
          "gitId": "-"
        },
        "content": ""
      },
      {
        "lineNumber": 110,
        "author": {
          "gitId": "-"
        },
        "content": ""
      },
      {
        "lineNumber": 111,
        "author": {
          "gitId": "-"
        },
        "content": ""
      },
      {
        "lineNumber": 112,
        "author": {
          "gitId": "kunnan97"
        },
        "content": "1. User requests to list modules"
      },
      {
        "lineNumber": 113,
        "author": {
          "gitId": "kunnan97"
        },
        "content": "2. MyMods shows a list of modules he/she has taken"
      },
      {
        "lineNumber": 114,
        "author": {
          "gitId": "kunnan97"
        },
        "content": "3. User requests to delete a specific module in the list"
      },
      {
        "lineNumber": 115,
        "author": {
          "gitId": "kunnan97"
        },
        "content": "4. MyMods deletes the module \\"
      },
      {
        "lineNumber": 116,
        "author": {
          "gitId": "kunnan97"
        },
        "content": "Use case ends."
      },
      {
        "lineNumber": 117,
        "author": {
          "gitId": "-"
        },
        "content": ""
      },
      {
        "lineNumber": 118,
        "author": {
          "gitId": "-"
        },
        "content": ""
      },
      {
        "lineNumber": 119,
        "author": {
          "gitId": "-"
        },
        "content": "**Extensions**"
      },
      {
        "lineNumber": 120,
        "author": {
          "gitId": "-"
        },
        "content": ""
      },
      {
        "lineNumber": 121,
        "author": {
          "gitId": "-"
        },
        "content": ""
      },
      {
        "lineNumber": 122,
        "author": {
          "gitId": "-"
        },
        "content": ""
      },
      {
        "lineNumber": 123,
        "author": {
          "gitId": "kunnan97"
        },
        "content": "*   2a. The list is empty. \\"
      },
      {
        "lineNumber": 124,
        "author": {
          "gitId": "kunnan97"
        },
        "content": "Use case ends."
      },
      {
        "lineNumber": 125,
        "author": {
          "gitId": "kunnan97"
        },
        "content": "*   3a. The given index is invalid."
      },
      {
        "lineNumber": 126,
        "author": {
          "gitId": "kunnan97"
        },
        "content": "    *   3a1. MyMods shows an error message."
      },
      {
        "lineNumber": 127,
        "author": {
          "gitId": "kunnan97"
        },
        "content": "    *   Use case resumes at step 3."
      },
      {
        "lineNumber": 128,
        "author": {
          "gitId": "-"
        },
        "content": ""
      },
      {
        "lineNumber": 129,
        "author": {
          "gitId": "kunnan97"
        },
        "content": "####**Use case: Add a module**"
      },
      {
        "lineNumber": 130,
        "author": {
          "gitId": "-"
        },
        "content": ""
      },
      {
        "lineNumber": 131,
        "author": {
          "gitId": "kunnan97"
        },
        "content": "**MSS**"
      },
      {
        "lineNumber": 132,
        "author": {
          "gitId": "-"
        },
        "content": ""
      },
      {
        "lineNumber": 133,
        "author": {
          "gitId": "-"
        },
        "content": ""
      },
      {
        "lineNumber": 134,
        "author": {
          "gitId": "-"
        },
        "content": ""
      },
      {
        "lineNumber": 135,
        "author": {
          "gitId": "kunnan97"
        },
        "content": "1. User enters academic semester to edit"
      },
      {
        "lineNumber": 136,
        "author": {
          "gitId": "kunnan97"
        },
        "content": "2. MyMods shows the academic semester and a list of modules he/she has taken"
      },
      {
        "lineNumber": 137,
        "author": {
          "gitId": "kunnan97"
        },
        "content": "3. User requests to add a specific module into the list"
      },
      {
        "lineNumber": 138,
        "author": {
          "gitId": "kunnan97"
        },
        "content": "4. MyMods adds the module \\"
      },
      {
        "lineNumber": 139,
        "author": {
          "gitId": "kunnan97"
        },
        "content": "Use case ends."
      },
      {
        "lineNumber": 140,
        "author": {
          "gitId": "-"
        },
        "content": ""
      },
      {
        "lineNumber": 141,
        "author": {
          "gitId": "-"
        },
        "content": ""
      },
      {
        "lineNumber": 142,
        "author": {
          "gitId": "kunnan97"
        },
        "content": "**Extensions**"
      },
      {
        "lineNumber": 143,
        "author": {
          "gitId": "-"
        },
        "content": ""
      },
      {
        "lineNumber": 144,
        "author": {
          "gitId": "-"
        },
        "content": ""
      },
      {
        "lineNumber": 145,
        "author": {
          "gitId": "-"
        },
        "content": ""
      },
      {
        "lineNumber": 146,
        "author": {
          "gitId": "kunnan97"
        },
        "content": "*   1a. Academic semester not found \\"
      },
      {
        "lineNumber": 147,
        "author": {
          "gitId": "kunnan97"
        },
        "content": "Use case ends."
      },
      {
        "lineNumber": 148,
        "author": {
          "gitId": "kunnan97"
        },
        "content": "*   3a. Module name already exists."
      },
      {
        "lineNumber": 149,
        "author": {
          "gitId": "kunnan97"
        },
        "content": "    *   3a1. MyMods shows an error message."
      },
      {
        "lineNumber": 150,
        "author": {
          "gitId": "kunnan97"
        },
        "content": "    *   Use case resumes at step 3."
      },
      {
        "lineNumber": 151,
        "author": {
          "gitId": "-"
        },
        "content": ""
      },
      {
        "lineNumber": 152,
        "author": {
          "gitId": "kunnan97"
        },
        "content": "####**Use case: View CAP**"
      },
      {
        "lineNumber": 153,
        "author": {
          "gitId": "-"
        },
        "content": ""
      },
      {
        "lineNumber": 154,
        "author": {
          "gitId": "kunnan97"
        },
        "content": "**MSS**"
      },
      {
        "lineNumber": 155,
        "author": {
          "gitId": "-"
        },
        "content": ""
      },
      {
        "lineNumber": 156,
        "author": {
          "gitId": "-"
        },
        "content": ""
      },
      {
        "lineNumber": 157,
        "author": {
          "gitId": "-"
        },
        "content": ""
      },
      {
        "lineNumber": 158,
        "author": {
          "gitId": "kunnan97"
        },
        "content": "1. User requests to show CAP"
      },
      {
        "lineNumber": 159,
        "author": {
          "gitId": "kunnan97"
        },
        "content": "2. MyMods shows CAP for the latest completed semester"
      },
      {
        "lineNumber": 160,
        "author": {
          "gitId": "-"
        },
        "content": ""
      },
      {
        "lineNumber": 161,
        "author": {
          "gitId": "kunnan97"
        },
        "content": "**Extensions**"
      },
      {
        "lineNumber": 162,
        "author": {
          "gitId": "-"
        },
        "content": ""
      },
      {
        "lineNumber": 163,
        "author": {
          "gitId": "-"
        },
        "content": ""
      },
      {
        "lineNumber": 164,
        "author": {
          "gitId": "-"
        },
        "content": ""
      },
      {
        "lineNumber": 165,
        "author": {
          "gitId": "kunnan97"
        },
        "content": "*   1a. No modules has been added, CAP is undefined"
      },
      {
        "lineNumber": 166,
        "author": {
          "gitId": "kunnan97"
        },
        "content": "    *   1a1. MyMods shows an error message suggesting user to add modules \\"
      },
      {
        "lineNumber": 167,
        "author": {
          "gitId": "kunnan97"
        },
        "content": "Use case ends."
      },
      {
        "lineNumber": 168,
        "author": {
          "gitId": "-"
        },
        "content": ""
      },
      {
        "lineNumber": 169,
        "author": {
          "gitId": "kunnan97"
        },
        "content": "_{More to be added}_"
      },
      {
        "lineNumber": 170,
        "author": {
          "gitId": "-"
        },
        "content": ""
      },
      {
        "lineNumber": 171,
        "author": {
          "gitId": "-"
        },
        "content": ""
      },
      {
        "lineNumber": 172,
        "author": {
          "gitId": "kunnan97"
        },
        "content": "# Non-Functional Requirements"
      },
      {
        "lineNumber": 173,
        "author": {
          "gitId": "-"
        },
        "content": ""
      },
      {
        "lineNumber": 174,
        "author": {
          "gitId": "-"
        },
        "content": ""
      },
      {
        "lineNumber": 175,
        "author": {
          "gitId": "-"
        },
        "content": ""
      },
      {
        "lineNumber": 176,
        "author": {
          "gitId": "kunnan97"
        },
        "content": "1. Should work on any _mainstream OS_ as long as it has Java `11` or above installed."
      },
      {
        "lineNumber": 177,
        "author": {
          "gitId": "kunnan97"
        },
        "content": "2. Should be able to hold up to 1000 persons without a noticeable sluggishness in performance for typical usage."
      },
      {
        "lineNumber": 178,
        "author": {
          "gitId": "kunnan97"
        },
        "content": "3. A user with above average typing speed for regular English text (i.e. not code, not system admin commands) should be able to accomplish most of the tasks faster using commands than using the mouse."
      },
      {
        "lineNumber": 179,
        "author": {
          "gitId": "-"
        },
        "content": ""
      },
      {
        "lineNumber": 180,
        "author": {
          "gitId": "kunnan97"
        },
        "content": "_{More to be added}_"
      },
      {
        "lineNumber": 181,
        "author": {
          "gitId": "-"
        },
        "content": ""
      },
      {
        "lineNumber": 182,
        "author": {
          "gitId": "-"
        },
        "content": ""
      },
      {
        "lineNumber": 183,
        "author": {
          "gitId": "kunnan97"
        },
        "content": "# Glossary"
      },
      {
        "lineNumber": 184,
        "author": {
          "gitId": "-"
        },
        "content": ""
      },
      {
        "lineNumber": 185,
        "author": {
          "gitId": "-"
        },
        "content": ""
      },
      {
        "lineNumber": 186,
        "author": {
          "gitId": "-"
        },
        "content": ""
      },
      {
        "lineNumber": 187,
        "author": {
          "gitId": "kunnan97"
        },
        "content": "*   **Mainstream OS**: Windows, Linux, Unix, OS-X"
      }
    ],
    "authorContributionMap": {
      "kunnan97": 46,
      "pongzers": 77,
      "-": 64
    }
  },
  {
    "path": "docs/README.md",
    "fileType": "docs",
    "lines": [
      {
        "lineNumber": 1,
        "author": {
          "gitId": "pongzers"
        },
        "content": "[![CI Status](https://github.com/se-edu/addressbook-level3/workflows/Java%20CI/badge.svg)](https://github.com/AY2021S1-CS2103T-T17-1/tp/actions)"
      },
      {
        "lineNumber": 2,
        "author": {
          "gitId": "-"
        },
        "content": ""
      },
      {
        "lineNumber": 3,
        "author": {
          "gitId": "pongzers"
        },
        "content": "![Ui](images/Ui.png)"
      },
      {
        "lineNumber": 4,
        "author": {
          "gitId": "-"
        },
        "content": ""
      },
      {
        "lineNumber": 5,
        "author": {
          "gitId": "kunnan97"
        },
        "content": "* This is **a project for Software Engineering (SE) students**.\u003cbr\u003e"
      },
      {
        "lineNumber": 6,
        "author": {
          "gitId": "-"
        },
        "content": "  Example usages:"
      },
      {
        "lineNumber": 7,
        "author": {
          "gitId": "kunnan97"
        },
        "content": "* The project simulates an ongoing software project for a desktop application (called _MyMods_) used for managing module details."
      },
      {
        "lineNumber": 8,
        "author": {
          "gitId": "-"
        },
        "content": "  * It is **written in OOP fashion**. It provides a **reasonably well-written** code base **bigger** (around 6 KLoC) than what students usually write in beginner-level SE modules, without being overwhelmingly big."
      },
      {
        "lineNumber": 9,
        "author": {
          "gitId": "-"
        },
        "content": "  * It comes with a **reasonable level of user and developer documentation**."
      },
      {
        "lineNumber": 10,
        "author": {
          "gitId": "kunnan97"
        },
        "content": "* It is named `MyMods`."
      },
      {
        "lineNumber": 11,
        "author": {
          "gitId": "kunnan97"
        },
        "content": "* For the detailed documentation of this project, see the **[MyMods Product Website](https://ay2021s1-cs2103t-t17-1.github.io/tp/)**."
      },
      {
        "lineNumber": 12,
        "author": {
          "gitId": "-"
        },
        "content": "* This project is a **part of the se-education.org** initiative. If you would like to contribute code to this project, see [se-education.org](https://se-education.org#https://se-education.org/#contributing) for more info."
      },
      {
        "lineNumber": 13,
        "author": {
          "gitId": "pongzers"
        },
        "content": ""
      },
      {
        "lineNumber": 14,
        "author": {
          "gitId": "pongzers"
        },
        "content": "This project is based on the AddressBook-Level3 project created by the [SE-EDU initiative](https://se-education.org)."
      }
    ],
    "authorContributionMap": {
      "kunnan97": 4,
      "pongzers": 4,
      "-": 6
    }
  },
  {
    "path": "docs/UserGuide.md",
    "fileType": "docs",
    "lines": [
      {
        "lineNumber": 1,
        "author": {
          "gitId": "pongzers"
        },
        "content": "# User Guide"
      },
      {
        "lineNumber": 2,
        "author": {
          "gitId": "-"
        },
        "content": ""
      },
      {
        "lineNumber": 3,
        "author": {
          "gitId": "pongzers"
        },
        "content": "MyMods is a **desktop app for tracking modules and grades, optimized for use via a Command Line Interface** (CLI) while still having the benefits of a Graphical User Interface (GUI). If you can type fast, MyMods can get your module management tasks done faster than traditional GUI apps."
      },
      {
        "lineNumber": 4,
        "author": {
          "gitId": "-"
        },
        "content": ""
      },
      {
        "lineNumber": 5,
        "author": {
          "gitId": "-"
        },
        "content": ""
      },
      {
        "lineNumber": 6,
        "author": {
          "gitId": "-"
        },
        "content": ""
      },
      {
        "lineNumber": 7,
        "author": {
          "gitId": "pongzers"
        },
        "content": "*   Features"
      },
      {
        "lineNumber": 8,
        "author": {
          "gitId": "pongzers"
        },
        "content": "    *   Adding a module: add"
      },
      {
        "lineNumber": 9,
        "author": {
          "gitId": "pongzers"
        },
        "content": "    *   View modules added up to date, and current CAP: list"
      },
      {
        "lineNumber": 10,
        "author": {
          "gitId": "pongzers"
        },
        "content": "    *   S/U a module: s/u"
      },
      {
        "lineNumber": 11,
        "author": {
          "gitId": "pongzers"
        },
        "content": "    *   Deleting a module: delete"
      },
      {
        "lineNumber": 12,
        "author": {
          "gitId": "pongzers"
        },
        "content": "    *   Start editing modules: start"
      },
      {
        "lineNumber": 13,
        "author": {
          "gitId": "pongzers"
        },
        "content": "    *   Exit editing semester: exit"
      },
      {
        "lineNumber": 14,
        "author": {
          "gitId": "-"
        },
        "content": ""
      },
      {
        "lineNumber": 15,
        "author": {
          "gitId": "-"
        },
        "content": ""
      },
      {
        "lineNumber": 16,
        "author": {
          "gitId": "-"
        },
        "content": ""
      },
      {
        "lineNumber": 17,
        "author": {
          "gitId": "pongzers"
        },
        "content": "---"
      },
      {
        "lineNumber": 18,
        "author": {
          "gitId": "-"
        },
        "content": ""
      },
      {
        "lineNumber": 19,
        "author": {
          "gitId": "-"
        },
        "content": ""
      },
      {
        "lineNumber": 20,
        "author": {
          "gitId": "-"
        },
        "content": "## Features"
      },
      {
        "lineNumber": 21,
        "author": {
          "gitId": "-"
        },
        "content": ""
      },
      {
        "lineNumber": 22,
        "author": {
          "gitId": "pongzers"
        },
        "content": "**Notes about the command format:**"
      },
      {
        "lineNumber": 23,
        "author": {
          "gitId": "-"
        },
        "content": ""
      },
      {
        "lineNumber": 24,
        "author": {
          "gitId": "pongzers"
        },
        "content": "*   Words in UPPER_CASE are the parameters to be supplied by the user. \\"
      },
      {
        "lineNumber": 25,
        "author": {
          "gitId": "pongzers"
        },
        "content": "e.g. in add --mod MODULE_CODE, MODULE_CODE is a parameter which can be used as add --mod CS2100."
      },
      {
        "lineNumber": 26,
        "author": {
          "gitId": "pongzers"
        },
        "content": "*   Items in square brackets are optional. \\"
      },
      {
        "lineNumber": 27,
        "author": {
          "gitId": "pongzers"
        },
        "content": "e.g --mod MODULE_CODE [--grade GRADE] can be used as --mod CS2100 --grade A or as --mod CS2100."
      },
      {
        "lineNumber": 28,
        "author": {
          "gitId": "pongzers"
        },
        "content": "*   Parameters are not case-sensitive. e.g. add --mod CS2100 is the same as add --mod cs2100"
      },
      {
        "lineNumber": 29,
        "author": {
          "gitId": "-"
        },
        "content": ""
      },
      {
        "lineNumber": 30,
        "author": {
          "gitId": "pongzers"
        },
        "content": "### Start editing: `start`"
      },
      {
        "lineNumber": 31,
        "author": {
          "gitId": "pongzers"
        },
        "content": "Start editing modules to the semester."
      },
      {
        "lineNumber": 32,
        "author": {
          "gitId": "pongzers"
        },
        "content": "\\"
      },
      {
        "lineNumber": 33,
        "author": {
          "gitId": "pongzers"
        },
        "content": "Format: `start --sem SEMESTER`"
      },
      {
        "lineNumber": 34,
        "author": {
          "gitId": "pongzers"
        },
        "content": "\\"
      },
      {
        "lineNumber": 35,
        "author": {
          "gitId": "-"
        },
        "content": "Examples:"
      },
      {
        "lineNumber": 36,
        "author": {
          "gitId": "pongzers"
        },
        "content": "*   `start --sem Y2S1`"
      },
      {
        "lineNumber": 37,
        "author": {
          "gitId": "-"
        },
        "content": ""
      },
      {
        "lineNumber": 38,
        "author": {
          "gitId": "pongzers"
        },
        "content": "### Adding a module: `add`"
      },
      {
        "lineNumber": 39,
        "author": {
          "gitId": "-"
        },
        "content": ""
      },
      {
        "lineNumber": 40,
        "author": {
          "gitId": "-"
        },
        "content": ""
      },
      {
        "lineNumber": 41,
        "author": {
          "gitId": "-"
        },
        "content": ""
      },
      {
        "lineNumber": 42,
        "author": {
          "gitId": "pongzers"
        },
        "content": "### Updating a module: `update`"
      },
      {
        "lineNumber": 43,
        "author": {
          "gitId": "-"
        },
        "content": ""
      },
      {
        "lineNumber": 44,
        "author": {
          "gitId": "-"
        },
        "content": ""
      },
      {
        "lineNumber": 45,
        "author": {
          "gitId": "-"
        },
        "content": ""
      },
      {
        "lineNumber": 46,
        "author": {
          "gitId": "pongzers"
        },
        "content": "### View modules: `list`"
      },
      {
        "lineNumber": 47,
        "author": {
          "gitId": "augustinekau"
        },
        "content": "Displays the list of modules and their respective grades (if any). Narrow to specific semester if stated. \\"
      },
      {
        "lineNumber": 48,
        "author": {
          "gitId": "augustinekau"
        },
        "content": " \\"
      },
      {
        "lineNumber": 49,
        "author": {
          "gitId": "augustinekau"
        },
        "content": "Format: `list [--sem SEMESTER]` \\"
      },
      {
        "lineNumber": 50,
        "author": {
          "gitId": "augustinekau"
        },
        "content": " \\"
      },
      {
        "lineNumber": 51,
        "author": {
          "gitId": "-"
        },
        "content": "Examples:"
      },
      {
        "lineNumber": 52,
        "author": {
          "gitId": "augustinekau"
        },
        "content": "*   `list`"
      },
      {
        "lineNumber": 53,
        "author": {
          "gitId": "augustinekau"
        },
        "content": "*   `list --sem Y1S1`"
      },
      {
        "lineNumber": 54,
        "author": {
          "gitId": "augustinekau"
        },
        "content": "*   `list --sem Y2S1 `"
      },
      {
        "lineNumber": 55,
        "author": {
          "gitId": "augustinekau"
        },
        "content": "*   `list --sem y2s1 `"
      },
      {
        "lineNumber": 56,
        "author": {
          "gitId": "-"
        },
        "content": ""
      },
      {
        "lineNumber": 57,
        "author": {
          "gitId": "-"
        },
        "content": ""
      },
      {
        "lineNumber": 58,
        "author": {
          "gitId": "pongzers"
        },
        "content": "### S/U module:` s/u `"
      },
      {
        "lineNumber": 59,
        "author": {
          "gitId": "-"
        },
        "content": ""
      },
      {
        "lineNumber": 60,
        "author": {
          "gitId": "-"
        },
        "content": ""
      },
      {
        "lineNumber": 61,
        "author": {
          "gitId": "pongzers"
        },
        "content": "### Deleting:` delete`"
      },
      {
        "lineNumber": 62,
        "author": {
          "gitId": "-"
        },
        "content": ""
      },
      {
        "lineNumber": 63,
        "author": {
          "gitId": "-"
        },
        "content": ""
      },
      {
        "lineNumber": 64,
        "author": {
          "gitId": "pongzers"
        },
        "content": "### Exit Semester:` exit`"
      },
      {
        "lineNumber": 65,
        "author": {
          "gitId": "pongzers"
        },
        "content": "Exit editing that semester. \\"
      },
      {
        "lineNumber": 66,
        "author": {
          "gitId": "pongzers"
        },
        "content": " \\"
      },
      {
        "lineNumber": 67,
        "author": {
          "gitId": "pongzers"
        },
        "content": "Format: `exit --mod MODULE_CODE` \\"
      },
      {
        "lineNumber": 68,
        "author": {
          "gitId": "pongzers"
        },
        "content": " \\"
      },
      {
        "lineNumber": 69,
        "author": {
          "gitId": "-"
        },
        "content": "Examples:"
      },
      {
        "lineNumber": 70,
        "author": {
          "gitId": "pongzers"
        },
        "content": "*   `exit --sem Y2S1`"
      }
    ],
    "authorContributionMap": {
      "pongzers": 33,
      "-": 29,
      "augustinekau": 8
    }
  },
  {
    "path": "docs/index.md",
    "fileType": "docs",
    "lines": [
      {
        "lineNumber": 1,
        "author": {
          "gitId": "-"
        },
        "content": "---"
      },
      {
        "lineNumber": 2,
        "author": {
          "gitId": "-"
        },
        "content": "layout: page"
      },
      {
        "lineNumber": 3,
        "author": {
          "gitId": "pongzers"
        },
        "content": "title: MyMods"
      },
      {
        "lineNumber": 4,
        "author": {
          "gitId": "-"
        },
        "content": "---"
      },
      {
        "lineNumber": 5,
        "author": {
          "gitId": "-"
        },
        "content": ""
      },
      {
        "lineNumber": 6,
        "author": {
          "gitId": "pongzers"
        },
        "content": "[![CI Status](https://github.com/se-edu/addressbook-level3/workflows/Java%20CI/badge.svg)](https://github.com/AY2021S1-CS2103T-T17-1/tp/actions)"
      },
      {
        "lineNumber": 7,
        "author": {
          "gitId": "-"
        },
        "content": ""
      },
      {
        "lineNumber": 8,
        "author": {
          "gitId": "-"
        },
        "content": "![Ui](images/Ui.png)"
      },
      {
        "lineNumber": 9,
        "author": {
          "gitId": "-"
        },
        "content": ""
      },
      {
        "lineNumber": 10,
        "author": {
          "gitId": "pongzers"
        },
        "content": "**MyMods is a desktop application for managing your module results.** While it has a GUI, most of the user interactions happen using a CLI (Command Line Interface)."
      },
      {
        "lineNumber": 11,
        "author": {
          "gitId": "-"
        },
        "content": ""
      },
      {
        "lineNumber": 12,
        "author": {
          "gitId": "pongzers"
        },
        "content": "* If you are interested in using MyMods, head over to the [_Quick Start_ section of the **User Guide**](UserGuide.html#quick-start)."
      },
      {
        "lineNumber": 13,
        "author": {
          "gitId": "pongzers"
        },
        "content": "* If you are interested about developing MyMods, the [**Developer Guide**](DeveloperGuide.html) is a good place to start."
      },
      {
        "lineNumber": 14,
        "author": {
          "gitId": "-"
        },
        "content": ""
      },
      {
        "lineNumber": 15,
        "author": {
          "gitId": "-"
        },
        "content": ""
      },
      {
        "lineNumber": 16,
        "author": {
          "gitId": "-"
        },
        "content": "**Acknowledgements**"
      },
      {
        "lineNumber": 17,
        "author": {
          "gitId": "-"
        },
        "content": ""
      },
      {
        "lineNumber": 18,
        "author": {
          "gitId": "-"
        },
        "content": "* Libraries used: [JavaFX](https://openjfx.io/), [Jackson](https://github.com/FasterXML/jackson), [JUnit5](https://github.com/junit-team/junit5)"
      }
    ],
    "authorContributionMap": {
      "pongzers": 5,
      "-": 13
    }
  },
  {
    "path": "docs/team/augustinekau.md",
    "fileType": "docs",
    "lines": [
      {
        "lineNumber": 1,
        "author": {
          "gitId": "pongzers"
        },
        "content": "a---"
      },
      {
        "lineNumber": 2,
        "author": {
          "gitId": "augustinekau"
        },
        "content": "layout: page"
      },
      {
        "lineNumber": 3,
        "author": {
          "gitId": "augustinekau"
        },
        "content": "title: Augustine Kau\u0027s Project Portfolio Page"
      },
      {
        "lineNumber": 4,
        "author": {
          "gitId": "augustinekau"
        },
        "content": "---"
      },
      {
        "lineNumber": 5,
        "author": {
          "gitId": "augustinekau"
        },
        "content": ""
      },
      {
        "lineNumber": 6,
        "author": {
          "gitId": "augustinekau"
        },
        "content": "## Project: MyMod"
      },
      {
        "lineNumber": 7,
        "author": {
          "gitId": "augustinekau"
        },
        "content": ""
      },
      {
        "lineNumber": 8,
        "author": {
          "gitId": "augustinekau"
        },
        "content": "MyMod is a desktop mod tracking application used for tracking mods in NUS."
      },
      {
        "lineNumber": 9,
        "author": {
          "gitId": "augustinekau"
        },
        "content": "The user interacts with it using a CLI, and it has a GUI created with JavaFX. It is written in Java, and has about 10 kLoC."
      },
      {
        "lineNumber": 10,
        "author": {
          "gitId": "augustinekau"
        },
        "content": ""
      },
      {
        "lineNumber": 11,
        "author": {
          "gitId": "augustinekau"
        },
        "content": "Given below are my contributions to the project."
      }
    ],
    "authorContributionMap": {
      "pongzers": 1,
      "augustinekau": 10
    }
  },
  {
    "path": "docs/team/kunnan97.md",
    "fileType": "docs",
    "lines": [
      {
        "lineNumber": 1,
        "author": {
          "gitId": "augustinekau"
        },
        "content": "---"
      },
      {
        "lineNumber": 2,
        "author": {
          "gitId": "augustinekau"
        },
        "content": "layout: page"
      },
      {
        "lineNumber": 3,
        "author": {
          "gitId": "augustinekau"
        },
        "content": "title: Hong Kunnan\u0027s Project Portfolio Page"
      },
      {
        "lineNumber": 4,
        "author": {
          "gitId": "augustinekau"
        },
        "content": "---"
      },
      {
        "lineNumber": 5,
        "author": {
          "gitId": "augustinekau"
        },
        "content": ""
      },
      {
        "lineNumber": 6,
        "author": {
          "gitId": "augustinekau"
        },
        "content": "## Project: MyMod"
      },
      {
        "lineNumber": 7,
        "author": {
          "gitId": "augustinekau"
        },
        "content": ""
      },
      {
        "lineNumber": 8,
        "author": {
          "gitId": "augustinekau"
        },
        "content": "MyMod is a desktop mod tracking application used for tracking mods in NUS."
      },
      {
        "lineNumber": 9,
        "author": {
          "gitId": "augustinekau"
        },
        "content": "The user interacts with it using a CLI, and it has a GUI created with JavaFX. It is written in Java, and has about 10 kLoC."
      },
      {
        "lineNumber": 10,
        "author": {
          "gitId": "augustinekau"
        },
        "content": ""
      },
      {
        "lineNumber": 11,
        "author": {
          "gitId": "augustinekau"
        },
        "content": "Given below are my contributions to the project."
      }
    ],
    "authorContributionMap": {
      "augustinekau": 11
    }
  },
  {
    "path": "docs/team/pongzers.md",
    "fileType": "docs",
    "lines": [
      {
        "lineNumber": 1,
        "author": {
          "gitId": "augustinekau"
        },
        "content": "---"
      },
      {
        "lineNumber": 2,
        "author": {
          "gitId": "augustinekau"
        },
        "content": "layout: page"
      },
      {
        "lineNumber": 3,
        "author": {
          "gitId": "augustinekau"
        },
        "content": "title: Li Xupeng\u0027s Project Portfolio Page"
      },
      {
        "lineNumber": 4,
        "author": {
          "gitId": "augustinekau"
        },
        "content": "---"
      },
      {
        "lineNumber": 5,
        "author": {
          "gitId": "augustinekau"
        },
        "content": ""
      },
      {
        "lineNumber": 6,
        "author": {
          "gitId": "augustinekau"
        },
        "content": "## Project: MyMod"
      },
      {
        "lineNumber": 7,
        "author": {
          "gitId": "augustinekau"
        },
        "content": ""
      },
      {
        "lineNumber": 8,
        "author": {
          "gitId": "augustinekau"
        },
        "content": "MyMod is a desktop mod tracking application used for tracking mods in NUS."
      },
      {
        "lineNumber": 9,
        "author": {
          "gitId": "augustinekau"
        },
        "content": "The user interacts with it using a CLI, and it has a GUI created with JavaFX. It is written in Java, and has about 10 kLoC."
      },
      {
        "lineNumber": 10,
        "author": {
          "gitId": "augustinekau"
        },
        "content": ""
      },
      {
        "lineNumber": 11,
        "author": {
          "gitId": "augustinekau"
        },
        "content": "Given below are my contributions to the project."
      }
    ],
    "authorContributionMap": {
      "augustinekau": 11
    }
  },
  {
    "path": "docs/team/xyzhangg.md",
    "fileType": "docs",
    "lines": [
      {
        "lineNumber": 1,
        "author": {
          "gitId": "augustinekau"
        },
        "content": "---"
      },
      {
        "lineNumber": 2,
        "author": {
          "gitId": "augustinekau"
        },
        "content": "layout: page"
      },
      {
        "lineNumber": 3,
        "author": {
          "gitId": "augustinekau"
        },
        "content": "title: Zhang Xin Yue\u0027s Project Portfolio Page"
      },
      {
        "lineNumber": 4,
        "author": {
          "gitId": "augustinekau"
        },
        "content": "---"
      },
      {
        "lineNumber": 5,
        "author": {
          "gitId": "augustinekau"
        },
        "content": ""
      },
      {
        "lineNumber": 6,
        "author": {
          "gitId": "augustinekau"
        },
        "content": "## Project: MyMod"
      },
      {
        "lineNumber": 7,
        "author": {
          "gitId": "augustinekau"
        },
        "content": ""
      },
      {
        "lineNumber": 8,
        "author": {
          "gitId": "augustinekau"
        },
        "content": "MyMod is a desktop mod tracking application used for tracking mods in NUS."
      },
      {
        "lineNumber": 9,
        "author": {
          "gitId": "augustinekau"
        },
        "content": "The user interacts with it using a CLI, and it has a GUI created with JavaFX. It is written in Java, and has about 10 kLoC."
      },
      {
        "lineNumber": 10,
        "author": {
          "gitId": "augustinekau"
        },
        "content": ""
      },
      {
        "lineNumber": 11,
        "author": {
          "gitId": "augustinekau"
        },
        "content": "Given below are my contributions to the project."
      }
    ],
    "authorContributionMap": {
      "augustinekau": 11
    }
  },
  {
    "path": "docs/team/zhaolingshan.md",
    "fileType": "docs",
    "lines": [
      {
        "lineNumber": 1,
        "author": {
          "gitId": "augustinekau"
        },
        "content": "---"
      },
      {
        "lineNumber": 2,
        "author": {
          "gitId": "augustinekau"
        },
        "content": "layout: page"
      },
      {
        "lineNumber": 3,
        "author": {
          "gitId": "augustinekau"
        },
        "content": "title: Zhao Ling Shan\u0027s Project Portfolio Page"
      },
      {
        "lineNumber": 4,
        "author": {
          "gitId": "augustinekau"
        },
        "content": "---"
      },
      {
        "lineNumber": 5,
        "author": {
          "gitId": "augustinekau"
        },
        "content": ""
      },
      {
        "lineNumber": 6,
        "author": {
          "gitId": "augustinekau"
        },
        "content": "## Project: MyMod"
      },
      {
        "lineNumber": 7,
        "author": {
          "gitId": "augustinekau"
        },
        "content": ""
      },
      {
        "lineNumber": 8,
        "author": {
          "gitId": "augustinekau"
        },
        "content": "MyMod is a desktop mod tracking application used for tracking mods in NUS."
      },
      {
        "lineNumber": 9,
        "author": {
          "gitId": "augustinekau"
        },
        "content": "The user interacts with it using a CLI, and it has a GUI created with JavaFX. It is written in Java, and has about 10 kLoC."
      },
      {
        "lineNumber": 10,
        "author": {
          "gitId": "augustinekau"
        },
        "content": ""
      },
      {
        "lineNumber": 11,
        "author": {
          "gitId": "augustinekau"
        },
        "content": "Given below are my contributions to the project."
      }
    ],
    "authorContributionMap": {
      "augustinekau": 11
    }
  }
]
