{
  "authorDailyContributionsMap": {
    "abdurrahmanfaqihiskandar": [
      {
        "date": "2020-09-20",
        "commitResults": [
          {
            "hash": "12db0368f432dfd1e7b76c0e531e23dc2ded1f1b",
            "messageTitle": "Delete address attribute",
            "messageBody": "",
            "fileTypesAndContributionMap": {
              "functional-code": {
                "insertions": 12,
                "deletions": 145
              },
              "test-code": {
                "insertions": 55,
                "deletions": 211
              }
            }
          },
          {
            "hash": "38622d75165732ec5b4960410010225e244cbaa9",
            "messageTitle": "Refactor code to ensure test cases pass",
            "messageBody": "",
            "fileTypesAndContributionMap": {
              "test-code": {
                "insertions": 1,
                "deletions": 0
              }
            }
          }
        ]
      },
      {
        "date": "2020-09-21",
        "commitResults": [
          {
            "hash": "ab6f61ba93ba962d0579ce22353fbc7f13f89263",
            "messageTitle": "Resolve all merge conflicts",
            "messageBody": "",
            "fileTypesAndContributionMap": {
              "functional-code": {
                "insertions": 0,
                "deletions": 98
              },
              "test-code": {
                "insertions": 0,
                "deletions": 580
              }
            }
          }
        ]
      },
      {
        "date": "2020-09-22",
        "commitResults": [
          {
            "hash": "e136330bbe9c36ea82a0bb1800c4323652c27035",
            "messageTitle": "Update tests for FindCommand",
            "messageBody": "",
            "fileTypesAndContributionMap": {
              "test-code": {
                "insertions": 66,
                "deletions": 18
              }
            }
          }
        ]
      },
      {
        "date": "2020-09-23",
        "commitResults": [
          {
            "hash": "02b8123c8daf613ec51b8d6197aed61806495708",
            "messageTitle": "Update find command parser test",
            "messageBody": "",
            "fileTypesAndContributionMap": {
              "functional-code": {
                "insertions": 10,
                "deletions": 10
              },
              "test-code": {
                "insertions": 20,
                "deletions": 13
              }
            }
          },
          {
            "hash": "9aa11d90bd597fba061bd8eba7d1951ec55873db",
            "messageTitle": "Update address parser test",
            "messageBody": "",
            "fileTypesAndContributionMap": {
              "test-code": {
                "insertions": 11,
                "deletions": 8
              }
            }
          },
          {
            "hash": "b410d5d69cd03216eb9b200a1d8a1254a7a1c82d",
            "messageTitle": "Add test for phone matches predicate",
            "messageBody": "",
            "fileTypesAndContributionMap": {
              "test-code": {
                "insertions": 52,
                "deletions": 0
              }
            }
          },
          {
            "hash": "6e4e7fef02f0c5aee253828988e1dbe0454a108a",
            "messageTitle": "Add predicate list test",
            "messageBody": "",
            "fileTypesAndContributionMap": {
              "test-code": {
                "insertions": 164,
                "deletions": 1
              }
            }
          },
          {
            "hash": "b98819278547e585ec9f6f6b73f8997deed3854d",
            "messageTitle": "Delete unused code",
            "messageBody": "",
            "fileTypesAndContributionMap": {
              "test-code": {
                "insertions": 0,
                "deletions": 11
              }
            }
          },
          {
            "hash": "804bd621b1ac2c27e89fbe517d00de547607abd8",
            "messageTitle": "Update code to comply with CI checks",
            "messageBody": "",
            "fileTypesAndContributionMap": {
              "test-code": {
                "insertions": 3,
                "deletions": 0
              }
            }
          },
          {
            "hash": "6e34202d69e778c7b9a645120f00140363244380",
            "messageTitle": "Add newline at EOF",
            "messageBody": "",
            "fileTypesAndContributionMap": {
              "test-code": {
                "insertions": 2,
                "deletions": 2
              }
            }
          },
          {
            "hash": "bdf2ce4e05123beab3723c7e573f3cb43ad9acd9",
            "messageTitle": "Remove unused imports",
            "messageBody": "",
            "fileTypesAndContributionMap": {
              "functional-code": {
                "insertions": 0,
                "deletions": 1
              }
            }
          },
          {
            "hash": "0244148627485455294bb728440e5a920f8f9858",
            "messageTitle": "Update checkstyle",
            "messageBody": "",
            "fileTypesAndContributionMap": {
              "test-code": {
                "insertions": 1,
                "deletions": 1
              }
            }
          },
          {
            "hash": "452796f059cb81784b910c5f4dd7407d4df1b565",
            "messageTitle": "Update code style to conform with checkstyle",
            "messageBody": "",
            "fileTypesAndContributionMap": {
              "test-code": {
                "insertions": 14,
                "deletions": 7
              }
            }
          },
          {
            "hash": "323d74477861b24c3bbb233c47fd6b7542cf018a",
            "messageTitle": "Update PredicateListTest",
            "messageBody": "",
            "fileTypesAndContributionMap": {
              "test-code": {
                "insertions": 5,
                "deletions": 3
              }
            }
          },
          {
            "hash": "0213a166eac72af671ab752c000f4b63d554a0d6",
            "messageTitle": "Update UserGuide.md",
            "messageBody": "",
            "fileTypesAndContributionMap": {
              "docs": {
                "insertions": 67,
                "deletions": 62
              }
            }
          },
          {
            "hash": "69bab73ef85bf28c3cbc49f9aacf81c00bcee414",
            "messageTitle": "Update UserGuide.md",
            "messageBody": "",
            "fileTypesAndContributionMap": {
              "docs": {
                "insertions": 1,
                "deletions": 1
              }
            }
          },
          {
            "hash": "3897630bf6266c48b4a846af77f933b248228de2",
            "messageTitle": "Update README.md",
            "messageBody": "",
            "fileTypesAndContributionMap": {
              "docs": {
                "insertions": 9,
                "deletions": 132
              }
            }
          }
        ]
      },
      {
        "date": "2020-10-01",
        "commitResults": [
          {
            "hash": "13e69aaa18e0a3b328b8eb3eb7a2b278e8e8051e",
            "messageTitle": "Update AboutUs.md",
            "messageBody": "",
            "fileTypesAndContributionMap": {
              "docs": {
                "insertions": 4,
                "deletions": 1
              }
            }
          },
          {
            "hash": "a7e54724f25004e42c387514b35d6bade6234a77",
            "messageTitle": "Update AboutUs.md",
            "messageBody": "",
            "tags": [
              "v1.1"
            ],
            "fileTypesAndContributionMap": {
              "docs": {
                "insertions": 1,
                "deletions": 1
              }
            }
          }
        ]
      }
    ],
    "sudogene": [
      {
        "date": "2020-09-11",
        "commitResults": [
          {
            "hash": "96f82bb58913f7f1106363306f73cbd56796f659",
            "messageTitle": "Update README.md",
            "messageBody": "",
            "fileTypesAndContributionMap": {
              "docs": {
                "insertions": 2,
                "deletions": 14
              }
            }
          }
        ]
      },
      {
        "date": "2020-09-21",
        "commitResults": [
          {
            "hash": "b4d08fd0dd278fb3020377f0706ce60cd1d1d16d",
            "messageTitle": "Add Find feature that can find by multiple parameters",
            "messageBody": "",
            "fileTypesAndContributionMap": {
              "functional-code": {
                "insertions": 92,
                "deletions": 19
              },
              "test-code": {
                "insertions": 24,
                "deletions": 15
              }
            }
          }
        ]
      },
      {
        "date": "2020-09-23",
        "commitResults": [
          {
            "hash": "2d90112b91bd9b0d935f3123f19cc9f12e947476",
            "messageTitle": "Add Find by Academic Year",
            "messageBody": "",
            "fileTypesAndContributionMap": {
              "functional-code": {
                "insertions": 38,
                "deletions": 5
              },
              "test-code": {
                "insertions": 18,
                "deletions": 1
              }
            }
          },
          {
            "hash": "a9b42f586642a1841752b1952c7169d48b79c97b",
            "messageTitle": "Add Find by Email",
            "messageBody": "",
            "fileTypesAndContributionMap": {
              "functional-code": {
                "insertions": 34,
                "deletions": 1
              }
            }
          },
          {
            "hash": "e020af00f6590e3b98118e16c1ed41b33080a645",
            "messageTitle": "Revert \"Find by Name, Phone, Email, Academic Year\"",
            "messageBody": "",
            "fileTypesAndContributionMap": {
              "functional-code": {
                "insertions": 5,
                "deletions": 71
              },
              "test-code": {
                "insertions": 1,
                "deletions": 18
              }
            }
          },
          {
            "hash": "6135f959209587a1177416d5bbf55321d171169f",
            "messageTitle": "Add Find by Email and Academic Year",
            "messageBody": "",
            "fileTypesAndContributionMap": {
              "functional-code": {
                "insertions": 72,
                "deletions": 3
              },
              "test-code": {
                "insertions": 1,
                "deletions": 1
              }
            }
          }
        ]
      },
      {
        "date": "2020-09-26",
        "commitResults": [
          {
            "hash": "65b976ad5efe10069092514d381be4c625950ef5",
            "messageTitle": "Add Find by Dismissal Time",
            "messageBody": "",
            "fileTypesAndContributionMap": {
              "functional-code": {
                "insertions": 228,
                "deletions": 13
              }
            }
          },
          {
            "hash": "57cc4e92fbf8a6d29a459145c91185faa6cefaee",
            "messageTitle": "Fix dismissal time predicate",
            "messageBody": "",
            "fileTypesAndContributionMap": {
              "functional-code": {
                "insertions": 10,
                "deletions": 5
              }
            }
          }
        ]
      },
      {
        "date": "2020-09-27",
        "commitResults": [
          {
            "hash": "17c7f6685c294762d5c8a98f98f4ad2d312e6e55",
            "messageTitle": "Add static method `of` to construct the list",
            "messageBody": "",
            "fileTypesAndContributionMap": {
              "functional-code": {
                "insertions": 6,
                "deletions": 0
              },
              "test-code": {
                "insertions": 2,
                "deletions": 0
              }
            }
          },
          {
            "hash": "810d8b0b616187e2b3e3c4d5f1643c9dacf9f392",
            "messageTitle": "Add test cases for Dismissal Time Predicates and FindCommandParser",
            "messageBody": "",
            "fileTypesAndContributionMap": {
              "test-code": {
                "insertions": 300,
                "deletions": 7
              }
            }
          },
          {
            "hash": "17d3149ff80293177f4631087e27a09fa01e874b",
            "messageTitle": "Fix checkstyle - import order",
            "messageBody": "",
            "fileTypesAndContributionMap": {
              "test-code": {
                "insertions": 12,
                "deletions": 12
              }
            }
          },
          {
            "hash": "e588c13a6b26b414d07ac0bd7cd5095951344713",
            "messageTitle": "Add test cases for AcademicYearMatchesPredicate and EmailContainsKeywordPredicate",
            "messageBody": "",
            "fileTypesAndContributionMap": {
              "test-code": {
                "insertions": 105,
                "deletions": 0
              }
            }
          }
        ]
      }
    ],
    "Whleee": [
      {
        "date": "2020-09-21",
        "commitResults": [
          {
            "hash": "4cc5e8e5d7b48030a11bc0e16291953c2d1d0f31",
            "messageTitle": "Add Academic Year to Student",
            "messageBody": "",
            "fileTypesAndContributionMap": {
              "functional-code": {
                "insertions": 150,
                "deletions": 17
              },
              "test-code": {
                "insertions": 146,
                "deletions": 38
              }
            }
          }
        ]
      },
      {
        "date": "2020-09-22",
        "commitResults": [
          {
            "hash": "57310dc370e819430815befba4557d1fbf3561ca",
            "messageTitle": "Update Javadocs",
            "messageBody": "",
            "fileTypesAndContributionMap": {
              "functional-code": {
                "insertions": 1,
                "deletions": 1
              }
            }
          }
        ]
      },
      {
        "date": "2020-09-23",
        "commitResults": [
          {
            "hash": "69d26711a6d001bef622da5d3aa490407aa2ecc5",
            "messageTitle": "Update README.md",
            "messageBody": "",
            "fileTypesAndContributionMap": {
              "docs": {
                "insertions": 142,
                "deletions": 2
              }
            }
          },
          {
            "hash": "89fb21ec10a98f273bf5e31d044edd87292d4ed8",
            "messageTitle": "Update README.md",
            "messageBody": "",
            "fileTypesAndContributionMap": {
              "docs": {
                "insertions": 4,
                "deletions": 6
              }
            }
          },
          {
            "hash": "747a7481943e92457890606dfc0eb195217f9d12",
            "messageTitle": "Update README.md",
            "messageBody": "",
            "fileTypesAndContributionMap": {
              "docs": {
                "insertions": 1,
                "deletions": 1
              }
            }
          },
          {
            "hash": "1ced54dad0bc881831a774a8b4ec40f936ba6efd",
            "messageTitle": "Update AboutUs",
            "messageBody": "",
            "fileTypesAndContributionMap": {
              "docs": {
                "insertions": 8,
                "deletions": 7
              }
            }
          }
        ]
      },
      {
        "date": "2020-09-24",
        "commitResults": [
          {
            "hash": "4987b72fa132d72cdf89a996d3a507f8576a6581",
            "messageTitle": "Update AboutUs.md",
            "messageBody": "",
            "fileTypesAndContributionMap": {
              "docs": {
                "insertions": 19,
                "deletions": 29
              }
            }
          }
        ]
      },
      {
        "date": "2020-09-26",
        "commitResults": [
          {
            "hash": "49579a6f2ca302aee7060daa8b176ed85a0d9eae",
            "messageTitle": "Update AboutUs.md",
            "messageBody": "",
            "fileTypesAndContributionMap": {
              "docs": {
                "insertions": 5,
                "deletions": 5
              }
            }
          },
          {
            "hash": "bcdc81f720da092e3827378fd7a1a9291e4d8d64",
            "messageTitle": "Update AboutUs.md",
            "messageBody": "",
            "fileTypesAndContributionMap": {
              "docs": {
                "insertions": 6,
                "deletions": 6
              }
            }
          }
        ]
      }
    ],
    "kerkpy": [
      {
        "date": "2020-09-23",
        "commitResults": [
          {
            "hash": "7d95530304f69aff892f899e79735dfb6627f5cd",
            "messageTitle": "Improve Code Quality",
            "messageBody": "",
            "fileTypesAndContributionMap": {
              "functional-code": {
                "insertions": 36,
                "deletions": 45
              }
            }
          }
        ]
      },
      {
        "date": "2020-09-24",
        "commitResults": [
          {
            "hash": "28e075bd9e5157ab86cf408847eddd34a76b3c4f",
            "messageTitle": "Include test cases for Dismissal Times",
            "messageBody": "",
            "fileTypesAndContributionMap": {
              "test-code": {
                "insertions": 220,
                "deletions": 16
              }
            }
          },
          {
            "hash": "2555725b1b527411c6e5b986a07767691a6cdd6c",
            "messageTitle": "Merge test cases",
            "messageBody": "",
            "fileTypesAndContributionMap": {
              "functional-code": {
                "insertions": 38,
                "deletions": 30
              },
              "test-code": {
                "insertions": 27,
                "deletions": 25
              }
            }
          },
          {
            "hash": "a9dad6a31c855c44a2f2bf09dc5e330f46bb00e2",
            "messageTitle": "Fox bug where edit does not work for Academic Year",
            "messageBody": "",
            "fileTypesAndContributionMap": {
              "functional-code": {
                "insertions": 9,
                "deletions": 3
              }
            }
          }
        ]
      }
    ],
    "yejiadong": [
      {
        "date": "2020-09-17",
        "commitResults": [
          {
            "hash": "fa59f0f849c9449975f5b00ef690445ce06eee62",
            "messageTitle": "Remove Address field",
            "messageBody": "",
            "fileTypesAndContributionMap": {
              "functional-code": {
                "insertions": 12,
                "deletions": 143
              },
              "test-code": {
                "insertions": 54,
                "deletions": 213
              }
            }
          }
        ]
      },
      {
        "date": "2020-09-21",
        "commitResults": [
          {
            "hash": "b07e06e8333ba33d4fc314a658b6325e04820985",
            "messageTitle": "Refactor person class to student",
            "messageBody": "",
            "fileTypesAndContributionMap": {
              "functional-code": {
                "insertions": 412,
                "deletions": 410
              },
              "other": {
                "insertions": 175,
                "deletions": 175
              },
              "docs": {
                "insertions": 66,
                "deletions": 66
              },
              "test-code": {
                "insertions": 675,
                "deletions": 674
              }
            }
          }
        ]
      },
      {
        "date": "2020-09-23",
        "commitResults": [
          {
            "hash": "4a67343bfead305cf68a0db0798e55e2a7ec811d",
            "messageTitle": "Add Dismissal Time",
            "messageBody": "",
            "fileTypesAndContributionMap": {
              "functional-code": {
                "insertions": 521,
                "deletions": 13
              },
              "test-code": {
                "insertions": 1,
                "deletions": 1
              }
            }
          },
          {
            "hash": "245828de6c0db10cf3896e0f1be15173536f9353",
            "messageTitle": "Add dismissal times of students",
            "messageBody": "",
            "fileTypesAndContributionMap": {
              "functional-code": {
                "insertions": 96,
                "deletions": 49
              }
            }
          }
        ]
      },
      {
        "date": "2020-09-25",
        "commitResults": [
          {
            "hash": "beb2ad24eb2622f38af4ae9e3309b1dcc162d682",
            "messageTitle": "Fixed command prompts for add and edit commands",
            "messageBody": "",
            "fileTypesAndContributionMap": {
              "functional-code": {
                "insertions": 19,
                "deletions": 19
              }
            }
          },
          {
            "hash": "7a8368f525c3a3f11104c47dfa643d93e0301ffb",
            "messageTitle": "Edit user guide link in HelpWindow",
            "messageBody": "",
            "fileTypesAndContributionMap": {
              "functional-code": {
                "insertions": 1,
                "deletions": 1
              }
            }
          },
          {
            "hash": "813086451192e72d30c7f9aa69c97793e27e07e8",
            "messageTitle": "Update user guide",
            "messageBody": "",
            "fileTypesAndContributionMap": {
              "docs": {
                "insertions": 14,
                "deletions": 15
              }
            }
          }
        ]
      },
      {
        "date": "2020-10-01",
        "commitResults": [
          {
            "hash": "aeab60ec0efbb3c90e13a5d8c0ed1b94334927e8",
            "messageTitle": "Modify Documentation",
            "messageBody": "",
            "fileTypesAndContributionMap": {
              "docs": {
                "insertions": 109,
                "deletions": 30
              }
            }
          },
          {
            "hash": "3ff392169d59a5da0ac132dd76b79b00e1fa1230",
            "messageTitle": "Update User Guide",
            "messageBody": "",
            "fileTypesAndContributionMap": {
              "docs": {
                "insertions": 4,
                "deletions": 4
              }
            }
          },
          {
            "hash": "d6cc45ee197616aae8a9ce8d6d6a7ffc6ab827ac",
            "messageTitle": "Update Readme, AboutUs and UserGuide",
            "messageBody": "",
            "fileTypesAndContributionMap": {
              "docs": {
                "insertions": 97,
                "deletions": 54
              }
            }
          },
          {
            "hash": "262cacfe7579847e1541437d2f1fd8eb7a514d56",
            "messageTitle": "Update README file",
            "messageBody": "",
            "fileTypesAndContributionMap": {
              "docs": {
                "insertions": 1,
                "deletions": 1
              }
            }
          },
          {
            "hash": "a943e8fe8f075c0edf9f08264fb944a38e7d6d63",
            "messageTitle": "Update README and UserGuide",
            "messageBody": "",
            "fileTypesAndContributionMap": {
              "docs": {
                "insertions": 2,
                "deletions": 2
              }
            }
          },
          {
            "hash": "ba1e3a043df3d12d733a7eed1f84c545dfb091ab",
            "messageTitle": "Update README and User Guide",
            "messageBody": "",
            "fileTypesAndContributionMap": {
              "docs": {
                "insertions": 2,
                "deletions": 2
              }
            }
          },
          {
            "hash": "22ea90cb5762a4284ef9c82925d217d09826ecbf",
            "messageTitle": "Update AboutUs Page",
            "messageBody": "",
            "fileTypesAndContributionMap": {
              "docs": {
                "insertions": 2,
                "deletions": 0
              }
            }
          }
        ]
      }
    ]
  },
  "authorFileTypeContributionMap": {
    "abdurrahmanfaqihiskandar": {
      "docs": 59,
      "functional-code": 6,
      "test-code": 297
    },
    "sudogene": {
      "docs": 0,
      "functional-code": 373,
      "test-code": 404
    },
    "Whleee": {
      "docs": 111,
      "functional-code": 123,
      "test-code": 115
    },
    "kerkpy": {
      "docs": 0,
      "functional-code": 63,
      "test-code": 216
    },
    "yejiadong": {
      "docs": 257,
      "functional-code": 995,
      "test-code": 794
    }
  },
  "authorContributionVariance": {
    "abdurrahmanfaqihiskandar": 19458.557,
    "sudogene": 6765.279,
    "Whleee": 3021.0872,
    "kerkpy": 2813.6882,
    "yejiadong": 151677.02
  },
  "authorDisplayNameMap": {
    "abdurrahmanfaqihiskandar": "CS2103-F10-1 ABDU..NDAR",
    "sudogene": "CS2103-F10-1 WU J..ANDY",
    "Whleee": "CS2103-F10-1 LEE ..HENG",
    "kerkpy": "CS2103-F10-1 KERK..YONG",
    "yejiadong": "CS2103-F10-1 YE J..DONG"
  }
}
