{
  "authorDailyContributionsMap": {
    "Jillzyt": [
      {
        "date": "2020-09-27",
        "commitResults": [
          {
            "hash": "9f49179f87bedb94a80b0f57595b611d52582031",
            "messageTitle": "docs update AboutUs.md",
            "messageBody": "",
            "fileTypesAndContributionMap": {
              "docs": {
                "insertions": 20,
                "deletions": 22
              }
            }
          }
        ]
      },
      {
        "date": "2020-10-01",
        "commitResults": [
          {
            "hash": "6336817d04ccea42ed30d0f1389ed046a9aacefa",
            "messageTitle": "feat: add exercise",
            "messageBody": "Add exercise",
            "fileTypesAndContributionMap": {
              "functional-code": {
                "insertions": 119,
                "deletions": 9
              },
              "other": {
                "insertions": 17,
                "deletions": 16
              },
              "test-code": {
                "insertions": 173,
                "deletions": 15
              }
            }
          },
          {
            "hash": "a4e2717c5b0504ee2006f624871e8acf89980c51",
            "messageTitle": "docs: update AboutUs.md",
            "messageBody": "",
            "fileTypesAndContributionMap": {
              "docs": {
                "insertions": 20,
                "deletions": 22
              }
            }
          },
          {
            "hash": "4dbee6b534f25d72e2672412d0c598772a77a1bc",
            "messageTitle": "fix: correct isPositiveInteger in IntegerUtil",
            "messageBody": "",
            "fileTypesAndContributionMap": {
              "functional-code": {
                "insertions": 1,
                "deletions": 1
              }
            }
          },
          {
            "hash": "68bde84024fa5bba82daea7d268b00d80fcdfa0b",
            "messageTitle": "fix: update names of images for about us",
            "messageBody": "fix: update names of images for about us",
            "fileTypesAndContributionMap": {
              "docs": {
                "insertions": 8,
                "deletions": 12
              }
            }
          },
          {
            "hash": "a6c9d165b29d99f87413b39a6827e33cb0a8f8a9",
            "messageTitle": "fix: delete photos and update name",
            "messageBody": "fix: delete photos and update name",
            "fileTypesAndContributionMap": {
              "docs": {
                "insertions": 1,
                "deletions": 1
              }
            }
          }
        ]
      },
      {
        "date": "2020-10-02",
        "commitResults": [
          {
            "hash": "a5256f22220cfb236f7bab0b4cbb37995a7e59f4",
            "messageTitle": "docs: update IntegerUtil",
            "messageBody": "docs: update IntegerUtil",
            "fileTypesAndContributionMap": {
              "functional-code": {
                "insertions": 2,
                "deletions": 2
              }
            }
          }
        ]
      },
      {
        "date": "2020-10-03",
        "commitResults": [
          {
            "hash": "7a4fc6223a36ff67b0b1eabbf41efe3610c98beb",
            "messageTitle": "fix: update name conventions",
            "messageBody": "fix: update name conventions",
            "fileTypesAndContributionMap": {
              "functional-code": {
                "insertions": 9,
                "deletions": 10
              },
              "test-code": {
                "insertions": 4,
                "deletions": 8
              }
            }
          },
          {
            "hash": "757efbe029d9f07e43207d00e74c617d9688aba5",
            "messageTitle": "fix: update name conventions",
            "messageBody": "fix: update name conventions",
            "fileTypesAndContributionMap": {
              "functional-code": {
                "insertions": 5,
                "deletions": 5
              }
            }
          }
        ]
      },
      {
        "date": "2020-10-10",
        "commitResults": [
          {
            "hash": "9ae9a0d6831848255721b2915b021ed892a56192",
            "messageTitle": "fix: update index.md",
            "messageBody": "fix: update index.md",
            "fileTypesAndContributionMap": {
              "docs": {
                "insertions": 7,
                "deletions": 11
              }
            }
          }
        ]
      },
      {
        "date": "2020-10-12",
        "commitResults": [
          {
            "hash": "95ecd8e5d0adfd814791e66d81e15d0a0081c120",
            "messageTitle": "feat: update tests",
            "messageBody": "feat: update tests",
            "fileTypesAndContributionMap": {
              "functional-code": {
                "insertions": 15,
                "deletions": 73
              },
              "other": {
                "insertions": 9,
                "deletions": 9
              },
              "test-code": {
                "insertions": 181,
                "deletions": 192
              }
            }
          },
          {
            "hash": "41ec5f0cd8f55e656ab411817c10838afbe310d7",
            "messageTitle": "feat: update model unit tests",
            "messageBody": "feat: update model unit tests",
            "fileTypesAndContributionMap": {
              "test-code": {
                "insertions": 92,
                "deletions": 62
              }
            }
          },
          {
            "hash": "11c5e9b40586b8ecce8cf7bef3ec4c63aba3f7d0",
            "messageTitle": "fix: update gradle build",
            "messageBody": "fix: update gradle build",
            "fileTypesAndContributionMap": {
              "other": {
                "insertions": 2,
                "deletions": 2
              }
            }
          },
          {
            "hash": "6df3d189858b727c967bd19ee9ecd49b4de65f5c",
            "messageTitle": "fix: fix test getPrettyDateTime",
            "messageBody": "fix: fix test getPrettyDateTime ",
            "fileTypesAndContributionMap": {
              "test-code": {
                "insertions": 2,
                "deletions": 3
              }
            }
          },
          {
            "hash": "0b42321cb7bd208f7e355487afcc908afc7b63c3",
            "messageTitle": "fix: update method names",
            "messageBody": "fix: update method names",
            "fileTypesAndContributionMap": {
              "functional-code": {
                "insertions": 7,
                "deletions": 60
              },
              "test-code": {
                "insertions": 21,
                "deletions": 13
              }
            }
          },
          {
            "hash": "621fe0830e49ac54127482ab3cf2e5b83adc6ba6",
            "messageTitle": "fix: update method name",
            "messageBody": "fix: update method name",
            "fileTypesAndContributionMap": {
              "test-code": {
                "insertions": 2,
                "deletions": 2
              }
            }
          },
          {
            "hash": "0651f183b30d1f43d44c675d61296d80eb4f4a20",
            "messageTitle": "fix: seperate tag tests",
            "messageBody": "fix: seperate tag tests",
            "fileTypesAndContributionMap": {
              "test-code": {
                "insertions": 7,
                "deletions": 1
              }
            }
          },
          {
            "hash": "1a0f0f6abd09a176a1fbc6cc6409a93165d2c99d",
            "messageTitle": "fix: seperate name tests",
            "messageBody": "fix: seperate name tests",
            "fileTypesAndContributionMap": {
              "test-code": {
                "insertions": 5,
                "deletions": 2
              }
            }
          }
        ]
      },
      {
        "date": "2020-10-14",
        "commitResults": [
          {
            "hash": "4f0fbc2915d8b563f3db09e114d54f67ba6ddc7b",
            "messageTitle": "feat: Add more test cases for models",
            "messageBody": "feat: Add more test cases for models",
            "fileTypesAndContributionMap": {
              "functional-code": {
                "insertions": 8,
                "deletions": 6
              },
              "test-code": {
                "insertions": 624,
                "deletions": 473
              }
            }
          },
          {
            "hash": "dece4e671a459bdb7328ea4bc33ae955fcd9f747",
            "messageTitle": "fix: change am to AM for datetime",
            "messageBody": "fix: change am to AM for datetime",
            "fileTypesAndContributionMap": {
              "test-code": {
                "insertions": 2,
                "deletions": 2
              }
            }
          },
          {
            "hash": "83b64994dde2f28cace3cc650aa2f67d36fa3ba9",
            "messageTitle": "fix: refactor for clarity for variables in commandUtil",
            "messageBody": "fix: refactor for clarity for variables in commandTestUtil",
            "fileTypesAndContributionMap": {
              "test-code": {
                "insertions": 124,
                "deletions": 56
              }
            }
          }
        ]
      },
      {
        "date": "2020-10-15",
        "commitResults": [
          {
            "hash": "3fbc25554be7aed265d91b1234a1de351ca11ed7",
            "messageTitle": "fix: Fix merge conflict",
            "messageBody": "fix: Fix merge conflict",
            "fileTypesAndContributionMap": {
              "test-code": {
                "insertions": 16,
                "deletions": 15
              }
            }
          },
          {
            "hash": "016ed766ec101f49b6595a55595a324ca4cb769e",
            "messageTitle": "fix: fix method name",
            "messageBody": "fix: fix method name",
            "fileTypesAndContributionMap": {
              "test-code": {
                "insertions": 1,
                "deletions": 1
              }
            }
          },
          {
            "hash": "cfcded46050a755889b5aa3141c23419d2a2988c",
            "messageTitle": "fix: fix test case for sampleDataUtil",
            "messageBody": "fix: fix test case for sampleDataUtil",
            "fileTypesAndContributionMap": {
              "test-code": {
                "insertions": 6,
                "deletions": 11
              }
            }
          },
          {
            "hash": "e4678ac898182867705f72b61a0fdcc1b73c8647",
            "messageTitle": "fix: fix merge conflicts errors",
            "messageBody": "fix: fix merge conflicts errors",
            "fileTypesAndContributionMap": {
              "test-code": {
                "insertions": 3,
                "deletions": 0
              }
            }
          },
          {
            "hash": "cf76b6d27e7eddeafc8bacdcaf50ce27a807e343",
            "messageTitle": "fix: update ui",
            "messageBody": "fix: update ui",
            "fileTypesAndContributionMap": {
              "functional-code": {
                "insertions": 27,
                "deletions": 12
              },
              "test-code": {
                "insertions": 1,
                "deletions": 1
              }
            }
          },
          {
            "hash": "d67968389d73f41d2a20c9789db7424d993a2645",
            "messageTitle": "fix: remove text",
            "messageBody": "fix: remove text",
            "fileTypesAndContributionMap": {
              "functional-code": {
                "insertions": 0,
                "deletions": 1
              }
            }
          },
          {
            "hash": "c17faff64475aa3a36dac68367bda1ba85bad4d0",
            "messageTitle": "fix: fix compile error",
            "messageBody": "fix: fix compile error",
            "fileTypesAndContributionMap": {
              "test-code": {
                "insertions": 6,
                "deletions": 1
              }
            }
          }
        ]
      }
    ],
    "jeminsieow": [
      {
        "date": "2020-09-28",
        "commitResults": [
          {
            "hash": "8048f9c091981dd4a5186409ddbdb1610f9ed6e0",
            "messageTitle": "Update Developers Guide",
            "messageBody": "",
            "fileTypesAndContributionMap": {
              "docs": {
                "insertions": 55,
                "deletions": 22
              }
            }
          }
        ]
      },
      {
        "date": "2020-09-29",
        "commitResults": [
          {
            "hash": "e6e677aa3941559f8eecbf2f28a7194225075d99",
            "messageTitle": "Update user stories",
            "messageBody": "",
            "fileTypesAndContributionMap": {
              "docs": {
                "insertions": 5,
                "deletions": 3
              }
            }
          }
        ]
      },
      {
        "date": "2020-09-30",
        "commitResults": [
          {
            "hash": "b9aff6d25c4df75906a025d14f78cc49e97a5584",
            "messageTitle": "Edit use cases",
            "messageBody": "",
            "fileTypesAndContributionMap": {
              "docs": {
                "insertions": 1,
                "deletions": 3
              }
            }
          }
        ]
      },
      {
        "date": "2020-10-01",
        "commitResults": [
          {
            "hash": "47c8ccdc8e5789fe6ae990091d6f59878dd386e1",
            "messageTitle": "Edit developer\u0027s guide",
            "messageBody": "",
            "fileTypesAndContributionMap": {
              "docs": {
                "insertions": 1,
                "deletions": 1
              }
            }
          }
        ]
      },
      {
        "date": "2020-10-02",
        "commitResults": [
          {
            "hash": "7502c234b92429168f71c4889b0644bf1ca1610f",
            "messageTitle": "Revert \"Docs/update ui image\"",
            "messageBody": "",
            "fileTypesAndContributionMap": {
              "functional-code": {
                "insertions": 65,
                "deletions": 233
              },
              "test-code": {
                "insertions": 42,
                "deletions": 98
              }
            }
          }
        ]
      },
      {
        "date": "2020-10-04",
        "commitResults": [
          {
            "hash": "53611a6af081624a5e6f6a898877f67fa46acfd1",
            "messageTitle": "Refactor Person to Log. Refactor person package to log package",
            "messageBody": "",
            "fileTypesAndContributionMap": {
              "functional-code": {
                "insertions": 333,
                "deletions": 333
              },
              "other": {
                "insertions": 53,
                "deletions": 53
              },
              "docs": {
                "insertions": 37,
                "deletions": 37
              },
              "test-code": {
                "insertions": 189,
                "deletions": 189
              }
            }
          },
          {
            "hash": "cdce78e953b77b9e740bf3a972cf0958f8684da5",
            "messageTitle": "Refactor AddressBook to LogBook",
            "messageBody": "",
            "fileTypesAndContributionMap": {
              "functional-code": {
                "insertions": 99,
                "deletions": 111
              },
              "other": {
                "insertions": 39,
                "deletions": 39
              },
              "test-code": {
                "insertions": 51,
                "deletions": 51
              }
            }
          },
          {
            "hash": "cc9549c0a03c7c7c0bb24f61538854a7e8a5d660",
            "messageTitle": "Refactor LogBook back to AddressBook",
            "messageBody": "",
            "fileTypesAndContributionMap": {
              "functional-code": {
                "insertions": 48,
                "deletions": 45
              },
              "other": {
                "insertions": 38,
                "deletions": 38
              },
              "test-code": {
                "insertions": 42,
                "deletions": 42
              }
            }
          },
          {
            "hash": "5911bf0e9928566398e68bca3a6862b066e25372",
            "messageTitle": "Add Rep",
            "messageBody": "",
            "fileTypesAndContributionMap": {
              "functional-code": {
                "insertions": 76,
                "deletions": 7
              }
            }
          },
          {
            "hash": "6841579eedba414a15d660f0970a711c4b461193",
            "messageTitle": "Add Comment to Log",
            "messageBody": "",
            "fileTypesAndContributionMap": {
              "functional-code": {
                "insertions": 54,
                "deletions": 5
              }
            }
          },
          {
            "hash": "8ae30e25cb68540b578e6037f853616ffafd10b1",
            "messageTitle": "Edit comment and rep comments",
            "messageBody": "",
            "fileTypesAndContributionMap": {
              "functional-code": {
                "insertions": 3,
                "deletions": 3
              }
            }
          },
          {
            "hash": "3a8758cbf794f2bcc811d3d10deba4175ecc90e8",
            "messageTitle": "Revert log refactor changes",
            "messageBody": "",
            "fileTypesAndContributionMap": {
              "docs": {
                "insertions": 25,
                "deletions": 25
              }
            }
          },
          {
            "hash": "059724c4b3f4b13d66f8e7c68f69751b74a548c8",
            "messageTitle": "Remove unused functions in Log",
            "messageBody": "",
            "fileTypesAndContributionMap": {
              "functional-code": {
                "insertions": 0,
                "deletions": 22
              }
            }
          },
          {
            "hash": "88bf4679e5122f544fe71005a73a0700d1877fba",
            "messageTitle": "Add getCalories method to Log",
            "messageBody": "",
            "fileTypesAndContributionMap": {
              "functional-code": {
                "insertions": 4,
                "deletions": 0
              }
            }
          }
        ]
      },
      {
        "date": "2020-10-05",
        "commitResults": [
          {
            "hash": "04bddf8a379f65f4d642a4ffde9af4bf3a93c5bd",
            "messageTitle": "Edit comparision methods to better suit Log",
            "messageBody": "",
            "fileTypesAndContributionMap": {
              "functional-code": {
                "insertions": 3,
                "deletions": 5
              }
            }
          },
          {
            "hash": "af061821c2d77a113068e1f37fb74702e31a7cf7",
            "messageTitle": "Edit LogTest. Add LogBuilder and TypicalLogs to testutil",
            "messageBody": "",
            "fileTypesAndContributionMap": {
              "test-code": {
                "insertions": 347,
                "deletions": 358
              }
            }
          }
        ]
      },
      {
        "date": "2020-10-14",
        "commitResults": [
          {
            "hash": "722da9d017916af50d3985375ac50955fc219f17",
            "messageTitle": "Edit identity fields of Log.",
            "messageBody": "",
            "fileTypesAndContributionMap": {
              "functional-code": {
                "insertions": 2,
                "deletions": 3
              },
              "test-code": {
                "insertions": 24,
                "deletions": 27
              }
            }
          },
          {
            "hash": "ad375dfe4c2065b2196eda5ae3ff3f15f0423f6f",
            "messageTitle": "Add EditCommandParser test",
            "messageBody": "",
            "fileTypesAndContributionMap": {
              "test-code": {
                "insertions": 88,
                "deletions": 122
              }
            }
          },
          {
            "hash": "46e5ca5750a85a7f366bc439dd83211150d9cd87",
            "messageTitle": "Comment out AddCommandParser test",
            "messageBody": "",
            "fileTypesAndContributionMap": {
              "test-code": {
                "insertions": 138,
                "deletions": 141
              }
            }
          },
          {
            "hash": "18ca34cc00e025589a47a2d82cfb911e0843510a",
            "messageTitle": "Fix checkstyleTest errors",
            "messageBody": "",
            "fileTypesAndContributionMap": {
              "test-code": {
                "insertions": 32,
                "deletions": 48
              }
            }
          },
          {
            "hash": "2abe0faa75074c78e878ada7a09e2ad2c9922ebb",
            "messageTitle": "Refactor Jumping jacks variable name",
            "messageBody": "",
            "fileTypesAndContributionMap": {
              "test-code": {
                "insertions": 5,
                "deletions": 5
              }
            }
          },
          {
            "hash": "0668101b402be7b6de769f812390c8570e4632cd",
            "messageTitle": "Shorten length of line to match checkstyleTest",
            "messageBody": "",
            "fileTypesAndContributionMap": {
              "test-code": {
                "insertions": 4,
                "deletions": 2
              }
            }
          }
        ]
      },
      {
        "date": "2020-10-15",
        "commitResults": [
          {
            "hash": "ecb561991d6b08d143959bad0345b08aa74c6beb",
            "messageTitle": "Fix testutil test folder",
            "messageBody": "",
            "fileTypesAndContributionMap": {
              "test-code": {
                "insertions": 60,
                "deletions": 88
              }
            }
          },
          {
            "hash": "6ad7f894c441f96937c2d137c2dcfdbd5cb88b23",
            "messageTitle": "Add Clock and ZoneId to Log to allow manipulation during testing. Add AddCommandParser test.",
            "messageBody": "",
            "fileTypesAndContributionMap": {
              "functional-code": {
                "insertions": 11,
                "deletions": 2
              },
              "test-code": {
                "insertions": 51,
                "deletions": 80
              }
            }
          },
          {
            "hash": "3f61531876b7c99226ce5ad4d61e5f531e0adc6c",
            "messageTitle": "Remove ZoneId from Log. Fix checkstyleMain error.",
            "messageBody": "",
            "fileTypesAndContributionMap": {
              "functional-code": {
                "insertions": 3,
                "deletions": 4
              }
            }
          }
        ]
      }
    ],
    "youaremysky99": [
      {
        "date": "2020-10-02",
        "commitResults": [
          {
            "hash": "8d7bc82c5639da6ed3cf9972fa87cac63bce84fd",
            "messageTitle": "Update-UG",
            "messageBody": "",
            "fileTypesAndContributionMap": {
              "docs": {
                "insertions": 39,
                "deletions": 79
              }
            }
          }
        ]
      },
      {
        "date": "2020-10-06",
        "commitResults": [
          {
            "hash": "9095d496d5b8d463cb344d8198c7a3fc28269a9b",
            "messageTitle": "Partially refactor commands",
            "messageBody": "",
            "fileTypesAndContributionMap": {
              "functional-code": {
                "insertions": 286,
                "deletions": 318
              },
              "docs": {
                "insertions": 1,
                "deletions": 1
              },
              "test-code": {
                "insertions": 104,
                "deletions": 103
              }
            }
          }
        ]
      },
      {
        "date": "2020-10-13",
        "commitResults": [
          {
            "hash": "0def6df699a9dc1701b03945d339627318d4ad17",
            "messageTitle": "refactor-AddCommands",
            "messageBody": "",
            "fileTypesAndContributionMap": {
              "test-code": {
                "insertions": 264,
                "deletions": 237
              }
            }
          },
          {
            "hash": "0ee9991f21f30f5525d88895507bbfdeb4d2f355",
            "messageTitle": "refactor-Edit-Find-Commands",
            "messageBody": "",
            "fileTypesAndContributionMap": {
              "functional-code": {
                "insertions": 19,
                "deletions": 3
              },
              "test-code": {
                "insertions": 370,
                "deletions": 413
              }
            }
          },
          {
            "hash": "686f290609725b72ff3b5acee85e6c183b935018",
            "messageTitle": "fix-checkStyle",
            "messageBody": "",
            "fileTypesAndContributionMap": {
              "test-code": {
                "insertions": 22,
                "deletions": 14
              }
            }
          },
          {
            "hash": "10446d39682f406a54162dfe514166beac59750f",
            "messageTitle": "fix-remaining-persons",
            "messageBody": "",
            "fileTypesAndContributionMap": {
              "test-code": {
                "insertions": 7,
                "deletions": 7
              }
            }
          },
          {
            "hash": "fd4e6ad8a00f166939af8cf64d48a3ec847e09f9",
            "messageTitle": "fix-remaining-persons",
            "messageBody": "",
            "fileTypesAndContributionMap": {
              "test-code": {
                "insertions": 1,
                "deletions": 1
              }
            }
          }
        ]
      }
    ],
    "WhiteLio": [
      {
        "date": "2020-10-08",
        "commitResults": [
          {
            "hash": "07d45ea2f4126b022326ae16947e3ebec7c7eeae",
            "messageTitle": "Fixed data reading and formatting errors",
            "messageBody": "",
            "fileTypesAndContributionMap": {
              "functional-code": {
                "insertions": 169,
                "deletions": 178
              },
              "test-code": {
                "insertions": 1046,
                "deletions": 960
              }
            }
          },
          {
            "hash": "dff5f742251be14f71ed9c8928d4bca4a2a47ae5",
            "messageTitle": "Fixed compilation error in ExerciseTest",
            "messageBody": "",
            "fileTypesAndContributionMap": {
              "test-code": {
                "insertions": 33,
                "deletions": 57
              }
            }
          },
          {
            "hash": "d0efddccd0de8191ddfe799cf0116e922299ec1e",
            "messageTitle": "Remove irrelevant test",
            "messageBody": "",
            "fileTypesAndContributionMap": {
              "test-code": {
                "insertions": 4,
                "deletions": 7
              }
            }
          }
        ]
      },
      {
        "date": "2020-10-10",
        "commitResults": [
          {
            "hash": "dabcf9bd84a36a64452438b21e2ff14746bbdadc",
            "messageTitle": "Finished JsonAdaptedLog functionality",
            "messageBody": "LocalDateTime validation\nExercise validation\nparse Exercise from String\nhardcoded Exercises",
            "fileTypesAndContributionMap": {
              "functional-code": {
                "insertions": 40,
                "deletions": 26
              }
            }
          },
          {
            "hash": "f157bd56aeae082beb922eae5c9ecedd506676df",
            "messageTitle": "Added ExerciseNotFoundException",
            "messageBody": "",
            "fileTypesAndContributionMap": {
              "functional-code": {
                "insertions": 21,
                "deletions": 6
              }
            }
          },
          {
            "hash": "b7141d1bfa0e5eb21779882bf5ea5bfe8925aa8b",
            "messageTitle": "Added calories to UI",
            "messageBody": "",
            "fileTypesAndContributionMap": {
              "functional-code": {
                "insertions": 9,
                "deletions": 2
              }
            }
          },
          {
            "hash": "e30333aaf15ff98ab2f818fab4e5ae17918c317b",
            "messageTitle": "Fixed Rep Validation",
            "messageBody": "",
            "fileTypesAndContributionMap": {
              "functional-code": {
                "insertions": 4,
                "deletions": 49
              }
            }
          },
          {
            "hash": "0f74a62894f4ad3e1560394f6a33db902dc129c3",
            "messageTitle": "Added trivial sorting",
            "messageBody": "Logs sorted by most recent first",
            "fileTypesAndContributionMap": {
              "functional-code": {
                "insertions": 5,
                "deletions": 2
              }
            }
          },
          {
            "hash": "e4b6f7b5ec7c817c52bd861c64da1fe9c155bbd9",
            "messageTitle": "Removed irrelevant tests",
            "messageBody": "",
            "fileTypesAndContributionMap": {
              "functional-code": {
                "insertions": 4,
                "deletions": 8
              },
              "test-code": {
                "insertions": 0,
                "deletions": 78
              }
            }
          },
          {
            "hash": "7157736dda2963345abe1a1141d1a4afd725fd9c",
            "messageTitle": "Renamed calories for clarity",
            "messageBody": "",
            "fileTypesAndContributionMap": {
              "functional-code": {
                "insertions": 4,
                "deletions": 4
              }
            }
          }
        ]
      },
      {
        "date": "2020-10-12",
        "commitResults": [
          {
            "hash": "92a31b18dbee2351efe276c69d4f4c9bbb1122b5",
            "messageTitle": "Clean and test storage",
            "messageBody": "",
            "fileTypesAndContributionMap": {
              "test-code": {
                "insertions": 166,
                "deletions": 211
              }
            }
          },
          {
            "hash": "ba68501cbaeb62378786ba13bbcae7452830b1ad",
            "messageTitle": "Refactor storage partially",
            "messageBody": "",
            "fileTypesAndContributionMap": {
              "functional-code": {
                "insertions": 22,
                "deletions": 70
              },
              "other": {
                "insertions": 52,
                "deletions": 52
              },
              "test-code": {
                "insertions": 11,
                "deletions": 12
              }
            }
          },
          {
            "hash": "0bccf05ea071e3c51e2b682bde912aaf97926f61",
            "messageTitle": "Refactor everything",
            "messageBody": "my eyes hurt",
            "fileTypesAndContributionMap": {
              "functional-code": {
                "insertions": 190,
                "deletions": 256
              },
              "other": {
                "insertions": 56,
                "deletions": 56
              },
              "docs": {
                "insertions": 1,
                "deletions": 1
              },
              "test-code": {
                "insertions": 105,
                "deletions": 105
              }
            }
          }
        ]
      },
      {
        "date": "2020-10-13",
        "commitResults": [
          {
            "hash": "b22a18583e3e589bcd4fa69f890c4e3ad9f53cff",
            "messageTitle": "Refactor the stuff I missed",
            "messageBody": "",
            "fileTypesAndContributionMap": {
              "functional-code": {
                "insertions": 4,
                "deletions": 4
              },
              "test-code": {
                "insertions": 39,
                "deletions": 39
              }
            }
          }
        ]
      },
      {
        "date": "2020-10-15",
        "commitResults": [
          {
            "hash": "fdbce46097cd3f66774c2823e8147e02d36b5672",
            "messageTitle": "Fixed logging/command messages",
            "messageBody": "",
            "fileTypesAndContributionMap": {
              "functional-code": {
                "insertions": 7,
                "deletions": 7
              }
            }
          },
          {
            "hash": "c703957a24784c45222ba1f12d92519745137164",
            "messageTitle": "Added LogicManagerTest",
            "messageBody": "",
            "fileTypesAndContributionMap": {
              "functional-code": {
                "insertions": 12,
                "deletions": 2
              },
              "test-code": {
                "insertions": 157,
                "deletions": 166
              }
            }
          }
        ]
      },
      {
        "date": "2020-10-16",
        "commitResults": [
          {
            "hash": "123a1b2d592d5b35f064fe0aebc2e65ca6a12a29",
            "messageTitle": "Fixed duplicate log error",
            "messageBody": "",
            "fileTypesAndContributionMap": {
              "functional-code": {
                "insertions": 4,
                "deletions": 2
              },
              "test-code": {
                "insertions": 1,
                "deletions": 3
              }
            }
          },
          {
            "hash": "79bb15a647a09a0fee019935eab99af7a70fa6d3",
            "messageTitle": "Removed debugging lines in UniqueLogList",
            "messageBody": "",
            "fileTypesAndContributionMap": {
              "functional-code": {
                "insertions": 0,
                "deletions": 2
              }
            }
          }
        ]
      },
      {
        "date": "2020-10-17",
        "commitResults": [
          {
            "hash": "6fca235b45564183a33059d25e7b3d37f8682a37",
            "messageTitle": "Added Read and Write Exercise to Json file",
            "messageBody": "",
            "fileTypesAndContributionMap": {
              "functional-code": {
                "insertions": 349,
                "deletions": 29
              },
              "test-code": {
                "insertions": 1,
                "deletions": 1
              }
            }
          }
        ]
      },
      {
        "date": "2020-10-18",
        "commitResults": [
          {
            "hash": "77fbb016715fceecde14e2bb59ad9c4cfd92fa03",
            "messageTitle": "Moved Exercise list to LogBook",
            "messageBody": "Read TODO in LogBook\n\nIt effectively makes exercises a global variable, with 3 caveats:\n1. Only 1 instance of LogBook can exist at a time\n2. We have to update globalExercises every time exercise changes (use LogBook\u0027s setters)\n3. Always instantiate exercises before logs",
            "fileTypesAndContributionMap": {
              "functional-code": {
                "insertions": 27,
                "deletions": 28
              }
            }
          },
          {
            "hash": "cc079d64b065402437120efa0c127bc6dff883b2",
            "messageTitle": "Fixed Checkstyle",
            "messageBody": "",
            "fileTypesAndContributionMap": {
              "functional-code": {
                "insertions": 9,
                "deletions": 25
              },
              "test-code": {
                "insertions": 17,
                "deletions": 23
              }
            }
          },
          {
            "hash": "4b0153b07b5aa413a2cb690e0cc5030eb3af66ae",
            "messageTitle": "Fixed Tests relevant to Exercise creation",
            "messageBody": "",
            "fileTypesAndContributionMap": {
              "test-code": {
                "insertions": 47,
                "deletions": 41
              }
            }
          }
        ]
      },
      {
        "date": "2020-10-19",
        "commitResults": [
          {
            "hash": "f6804715d81feb19482c087a9212bda5c6bc8e9c",
            "messageTitle": "Fixed getSampleLogBook",
            "messageBody": "",
            "fileTypesAndContributionMap": {
              "functional-code": {
                "insertions": 3,
                "deletions": 3
              }
            }
          }
        ]
      }
    ],
    "therizhao": [
      {
        "date": "2020-09-04",
        "commitResults": [
          {
            "hash": "c914ed6f8272a66391d4cae93983a345ca2038b1",
            "messageTitle": "chore: Add title to readme",
            "messageBody": "",
            "fileTypesAndContributionMap": {
              "docs": {
                "insertions": 2,
                "deletions": 0
              }
            }
          }
        ]
      },
      {
        "date": "2020-10-01",
        "commitResults": [
          {
            "hash": "ffb1f8685264a568f4d5d6511de568269208908d",
            "messageTitle": "feat: add comment command",
            "messageBody": "",
            "fileTypesAndContributionMap": {
              "functional-code": {
                "insertions": 233,
                "deletions": 65
              },
              "test-code": {
                "insertions": 98,
                "deletions": 42
              }
            }
          },
          {
            "hash": "43f2439532bb0384d32b8d2b89ff9e90cfefe5b1",
            "messageTitle": "chore: update readme ci url",
            "messageBody": "",
            "fileTypesAndContributionMap": {
              "docs": {
                "insertions": 1,
                "deletions": 1
              }
            }
          }
        ]
      },
      {
        "date": "2020-10-02",
        "commitResults": [
          {
            "hash": "a3621a46c8d398a5d36ad8beed8eb90c51ff3c42",
            "messageTitle": "docs: update ui image",
            "messageBody": "",
            "fileTypesAndContributionMap": {
              "docs": {
                "insertions": 3,
                "deletions": 3
              }
            }
          }
        ]
      },
      {
        "date": "2020-10-08",
        "commitResults": [
          {
            "hash": "bbcff46cfbd7930751df5b9a457864b3ee61d68f",
            "messageTitle": "test: comment out all unused tests",
            "messageBody": "",
            "fileTypesAndContributionMap": {
              "test-code": {
                "insertions": 1811,
                "deletions": 1811
              }
            }
          },
          {
            "hash": "755dfbd28367016529f6d1200597fdd144824465",
            "messageTitle": "feat: add getPrettyDateTime method to Log class",
            "messageBody": "",
            "fileTypesAndContributionMap": {
              "functional-code": {
                "insertions": 110,
                "deletions": 104
              },
              "test-code": {
                "insertions": 9,
                "deletions": 7
              }
            }
          },
          {
            "hash": "0833c95925fccbd270950deedbb104737f97f168",
            "messageTitle": "feat: integrate features with ui",
            "messageBody": "",
            "fileTypesAndContributionMap": {
              "functional-code": {
                "insertions": 12,
                "deletions": 22
              },
              "test-code": {
                "insertions": 251,
                "deletions": 280
              }
            }
          },
          {
            "hash": "eaeef83f574c8dfc403bd84e9b1c2a9012ca2374",
            "messageTitle": "test: comment out additional unused tests",
            "messageBody": "",
            "fileTypesAndContributionMap": {
              "test-code": {
                "insertions": 115,
                "deletions": 115
              }
            }
          }
        ]
      },
      {
        "date": "2020-10-10",
        "commitResults": [
          {
            "hash": "28859a6e70e008ba542be0fb517f9d73e61a435d",
            "messageTitle": "fix: change list message success to listed all logs",
            "messageBody": "",
            "fileTypesAndContributionMap": {
              "functional-code": {
                "insertions": 2,
                "deletions": 2
              }
            }
          },
          {
            "hash": "2913ec335f0140f01a536b5b5c98fa306aaf4dd3",
            "messageTitle": "feat: add labels to ui field values",
            "messageBody": "",
            "fileTypesAndContributionMap": {
              "functional-code": {
                "insertions": 14,
                "deletions": 10
              }
            }
          },
          {
            "hash": "a6b03cbf85b2868456692c9d01fd5935a33f8f04",
            "messageTitle": "chore: changes package name from addressbook to fma",
            "messageBody": "",
            "fileTypesAndContributionMap": {
              "other": {
                "insertions": 443,
                "deletions": 443
              },
              "docs": {
                "insertions": 12,
                "deletions": 12
              },
              "test-code": {
                "insertions": 3,
                "deletions": 3
              }
            }
          },
          {
            "hash": "e3a01fb2470ed58b2b91514d73aed705ae72a802",
            "messageTitle": "chore: change ui header from address app to fix my abs",
            "messageBody": "",
            "fileTypesAndContributionMap": {
              "functional-code": {
                "insertions": 1,
                "deletions": 1
              }
            }
          }
        ]
      },
      {
        "date": "2020-10-14",
        "commitResults": [
          {
            "hash": "9fead7b46e9553878ce74283c33b1212a9f0d511",
            "messageTitle": "refactor: add parser tests",
            "messageBody": "",
            "fileTypesAndContributionMap": {
              "functional-code": {
                "insertions": 1,
                "deletions": 0
              },
              "test-code": {
                "insertions": 190,
                "deletions": 28
              }
            }
          },
          {
            "hash": "7ace176032ff4bcc87a232030f649cf93cf7dcfc",
            "messageTitle": "fix: fix checkstyleTest errors",
            "messageBody": "",
            "fileTypesAndContributionMap": {
              "test-code": {
                "insertions": 36,
                "deletions": 21
              }
            }
          }
        ]
      },
      {
        "date": "2020-10-15",
        "commitResults": [
          {
            "hash": "b43f269801156a331c946fab0b286659d11ea6b2",
            "messageTitle": "test: add test for add and edit command",
            "messageBody": "",
            "fileTypesAndContributionMap": {
              "test-code": {
                "insertions": 11,
                "deletions": 9
              }
            }
          },
          {
            "hash": "cbbd678b074b08f119cad99dfef8bfb66faadf74",
            "messageTitle": "test: fix tests for edit and delete command",
            "messageBody": "",
            "fileTypesAndContributionMap": {
              "test-code": {
                "insertions": 2,
                "deletions": 2
              }
            }
          }
        ]
      }
    ]
  },
  "authorFileTypeContributionMap": {
    "Jillzyt": {
      "docs": 26,
      "functional-code": 149,
      "test-code": 986,
      "other": 2
    },
    "jeminsieow": {
      "docs": 60,
      "functional-code": 328,
      "test-code": 345
    },
    "youaremysky99": {
      "docs": 39,
      "functional-code": 215,
      "test-code": 540
    },
    "WhiteLio": {
      "docs": 1,
      "functional-code": 700,
      "test-code": 780
    },
    "therizhao": {
      "docs": 17,
      "functional-code": 326,
      "test-code": 321
    }
  },
  "authorContributionVariance": {
    "Jillzyt": 34880.043,
    "jeminsieow": 79198.13,
    "youaremysky99": 36430.68,
    "WhiteLio": 117695.2,
    "therizhao": 330743.28
  },
  "authorDisplayNameMap": {
    "Jillzyt": "CS2103-F10-3 ZENG..TING",
    "jeminsieow": "CS2103-F10-3 SIEO.. MIN",
    "youaremysky99": "CS2103-F10-3 LE Q..TUAN",
    "WhiteLio": "CS2103-F10-3 LIM ..ONEL",
    "therizhao": "CS2103-F10-3 WANG..ZHAO"
  }
}
