{
  "authorDailyContributionsMap": {
    "Jillzyt": [
      {
        "date": "2020-09-27",
        "commitResults": [
          {
            "hash": "9f49179f87bedb94a80b0f57595b611d52582031",
            "messageTitle": "docs update AboutUs.md",
            "messageBody": "",
            "fileTypesAndContributionMap": {
              "docs": {
                "insertions": 20,
                "deletions": 22
              }
            }
          }
        ]
      },
      {
        "date": "2020-10-01",
        "commitResults": [
          {
            "hash": "6336817d04ccea42ed30d0f1389ed046a9aacefa",
            "messageTitle": "feat: add exercise",
            "messageBody": "Add exercise",
            "fileTypesAndContributionMap": {
              "functional-code": {
                "insertions": 119,
                "deletions": 9
              },
              "other": {
                "insertions": 17,
                "deletions": 16
              },
              "test-code": {
                "insertions": 173,
                "deletions": 15
              }
            }
          },
          {
            "hash": "a4e2717c5b0504ee2006f624871e8acf89980c51",
            "messageTitle": "docs: update AboutUs.md",
            "messageBody": "",
            "fileTypesAndContributionMap": {
              "docs": {
                "insertions": 20,
                "deletions": 22
              }
            }
          },
          {
            "hash": "4dbee6b534f25d72e2672412d0c598772a77a1bc",
            "messageTitle": "fix: correct isPositiveInteger in IntegerUtil",
            "messageBody": "",
            "fileTypesAndContributionMap": {
              "functional-code": {
                "insertions": 1,
                "deletions": 1
              }
            }
          },
          {
            "hash": "68bde84024fa5bba82daea7d268b00d80fcdfa0b",
            "messageTitle": "fix: update names of images for about us",
            "messageBody": "fix: update names of images for about us",
            "fileTypesAndContributionMap": {
              "docs": {
                "insertions": 8,
                "deletions": 12
              }
            }
          },
          {
            "hash": "a6c9d165b29d99f87413b39a6827e33cb0a8f8a9",
            "messageTitle": "fix: delete photos and update name",
            "messageBody": "fix: delete photos and update name",
            "fileTypesAndContributionMap": {
              "docs": {
                "insertions": 1,
                "deletions": 1
              }
            }
          }
        ]
      },
      {
        "date": "2020-10-02",
        "commitResults": [
          {
            "hash": "a5256f22220cfb236f7bab0b4cbb37995a7e59f4",
            "messageTitle": "docs: update IntegerUtil",
            "messageBody": "docs: update IntegerUtil",
            "fileTypesAndContributionMap": {
              "functional-code": {
                "insertions": 2,
                "deletions": 2
              }
            }
          }
        ]
      },
      {
        "date": "2020-10-03",
        "commitResults": [
          {
            "hash": "7a4fc6223a36ff67b0b1eabbf41efe3610c98beb",
            "messageTitle": "fix: update name conventions",
            "messageBody": "fix: update name conventions",
            "fileTypesAndContributionMap": {
              "functional-code": {
                "insertions": 9,
                "deletions": 10
              },
              "test-code": {
                "insertions": 4,
                "deletions": 8
              }
            }
          },
          {
            "hash": "757efbe029d9f07e43207d00e74c617d9688aba5",
            "messageTitle": "fix: update name conventions",
            "messageBody": "fix: update name conventions",
            "fileTypesAndContributionMap": {
              "functional-code": {
                "insertions": 5,
                "deletions": 5
              }
            }
          }
        ]
      }
    ],
    "jeminsieow": [
      {
        "date": "2020-09-28",
        "commitResults": [
          {
            "hash": "8048f9c091981dd4a5186409ddbdb1610f9ed6e0",
            "messageTitle": "Update Developers Guide",
            "messageBody": "",
            "fileTypesAndContributionMap": {
              "docs": {
                "insertions": 55,
                "deletions": 22
              }
            }
          }
        ]
      },
      {
        "date": "2020-09-29",
        "commitResults": [
          {
            "hash": "e6e677aa3941559f8eecbf2f28a7194225075d99",
            "messageTitle": "Update user stories",
            "messageBody": "",
            "fileTypesAndContributionMap": {
              "docs": {
                "insertions": 5,
                "deletions": 3
              }
            }
          }
        ]
      },
      {
        "date": "2020-09-30",
        "commitResults": [
          {
            "hash": "b9aff6d25c4df75906a025d14f78cc49e97a5584",
            "messageTitle": "Edit use cases",
            "messageBody": "",
            "fileTypesAndContributionMap": {
              "docs": {
                "insertions": 1,
                "deletions": 3
              }
            }
          }
        ]
      },
      {
        "date": "2020-10-01",
        "commitResults": [
          {
            "hash": "47c8ccdc8e5789fe6ae990091d6f59878dd386e1",
            "messageTitle": "Edit developer\u0027s guide",
            "messageBody": "",
            "fileTypesAndContributionMap": {
              "docs": {
                "insertions": 1,
                "deletions": 1
              }
            }
          }
        ]
      },
      {
        "date": "2020-10-02",
        "commitResults": [
          {
            "hash": "7502c234b92429168f71c4889b0644bf1ca1610f",
            "messageTitle": "Revert \"Docs/update ui image\"",
            "messageBody": "",
            "fileTypesAndContributionMap": {
              "functional-code": {
                "insertions": 65,
                "deletions": 233
              },
              "test-code": {
                "insertions": 42,
                "deletions": 98
              }
            }
          }
        ]
      }
    ],
    "youaremysky99": [
      {
        "date": "2020-10-02",
        "commitResults": [
          {
            "hash": "8d7bc82c5639da6ed3cf9972fa87cac63bce84fd",
            "messageTitle": "Update-UG",
            "messageBody": "",
            "fileTypesAndContributionMap": {
              "docs": {
                "insertions": 39,
                "deletions": 79
              }
            }
          }
        ]
      }
    ],
    "WhiteLio": [],
    "therizhao": [
      {
        "date": "2020-09-04",
        "commitResults": [
          {
            "hash": "c914ed6f8272a66391d4cae93983a345ca2038b1",
            "messageTitle": "chore: Add title to readme",
            "messageBody": "",
            "fileTypesAndContributionMap": {
              "docs": {
                "insertions": 2,
                "deletions": 0
              }
            }
          }
        ]
      },
      {
        "date": "2020-10-01",
        "commitResults": [
          {
            "hash": "ffb1f8685264a568f4d5d6511de568269208908d",
            "messageTitle": "feat: add comment command",
            "messageBody": "",
            "fileTypesAndContributionMap": {
              "functional-code": {
                "insertions": 233,
                "deletions": 65
              },
              "test-code": {
                "insertions": 98,
                "deletions": 42
              }
            }
          },
          {
            "hash": "43f2439532bb0384d32b8d2b89ff9e90cfefe5b1",
            "messageTitle": "chore: update readme ci url",
            "messageBody": "",
            "fileTypesAndContributionMap": {
              "docs": {
                "insertions": 1,
                "deletions": 1
              }
            }
          }
        ]
      },
      {
        "date": "2020-10-02",
        "commitResults": [
          {
            "hash": "a3621a46c8d398a5d36ad8beed8eb90c51ff3c42",
            "messageTitle": "docs: update ui image",
            "messageBody": "",
            "fileTypesAndContributionMap": {
              "docs": {
                "insertions": 3,
                "deletions": 3
              }
            }
          }
        ]
      }
    ]
  },
  "authorFileTypeContributionMap": {
    "Jillzyt": {
      "docs": 19,
      "functional-code": 132,
      "test-code": 176
    },
    "jeminsieow": {
      "docs": 50,
      "functional-code": 0,
      "test-code": 0
    },
    "youaremysky99": {
      "docs": 39,
      "functional-code": 0,
      "test-code": 0
    },
    "WhiteLio": {
      "docs": 0,
      "functional-code": 0,
      "test-code": 0
    },
    "therizhao": {
      "docs": 6,
      "functional-code": 0,
      "test-code": 0
    }
  },
  "authorContributionVariance": {
    "Jillzyt": 3347.9363,
    "jeminsieow": 3771.9592,
    "youaremysky99": 267.6663,
    "WhiteLio": 0.0,
    "therizhao": 3719.6987
  },
  "authorDisplayNameMap": {
    "Jillzyt": "CS2103-F10-3 ZENG..TING",
    "jeminsieow": "CS2103-F10-3 SIEO.. MIN",
    "youaremysky99": "CS2103-F10-3 LE Q..TUAN",
    "WhiteLio": "CS2103-F10-3 LIM ..ONEL",
    "therizhao": "CS2103-F10-3 WANG..ZHAO"
  }
}
