{
  "authorDailyContributionsMap": {
    "hopinxian": [
      {
        "date": "2020-09-25",
        "commitResults": [
          {
            "hash": "225d6da09cfa89a4d6305529b8c2b76359f497d8",
            "messageTitle": "Add QuarantineStatus.java and ability to parse it",
            "messageBody": "Code is unable to compile.\nRefactoring of Person class and more is needed.\nNo test cases have been added yet.\n",
            "fileTypesAndContributionMap": {
              "functional-code": {
                "insertions": 93,
                "deletions": 3
              }
            }
          },
          {
            "hash": "70678f525b3a45ae7ace5d26b20226dbc3f96d69",
            "messageTitle": "Update usages of persons and storage",
            "messageBody": "Code does not pass all test cases.\nRefactoring of Person class and storage was done.\nSome test cases have been added.\n",
            "fileTypesAndContributionMap": {
              "functional-code": {
                "insertions": 54,
                "deletions": 17
              },
              "test-code": {
                "insertions": 54,
                "deletions": 13
              }
            }
          },
          {
            "hash": "018a0b4c6e87abe9cbcab922619b2e063f4e09a7",
            "messageTitle": "Update test cases with quarantine status",
            "messageBody": "All test cases pass.\nQuarantine status has been added and can be edited using the\nedit command.\nQuarantine status must be declared when adding a new person.\n",
            "fileTypesAndContributionMap": {
              "test-code": {
                "insertions": 178,
                "deletions": 40
              }
            }
          },
          {
            "hash": "d934da3cd5593cd904309dababa3a8c15505d1a4",
            "messageTitle": "Fix UI bug with displaying quarantine status",
            "messageBody": "",
            "fileTypesAndContributionMap": {
              "functional-code": {
                "insertions": 2,
                "deletions": 2
              }
            }
          }
        ]
      },
      {
        "date": "2020-09-27",
        "commitResults": [
          {
            "hash": "3c6efc4d899e1b8e2304109d0b6652c09b524d88",
            "messageTitle": "Add AddLocationCommand.java",
            "messageBody": "Create an Add Location command for adding locations.\nErrors exist because underlying model is not created.\nNo test classes created yet.\n",
            "fileTypesAndContributionMap": {
              "functional-code": {
                "insertions": 59,
                "deletions": 0
              }
            }
          },
          {
            "hash": "8f05cf7a7748a702fb976f11307285d83dbb3336",
            "messageTitle": "Update Model and ModelManager",
            "messageBody": "Model and ModelManager have been updated to handle\nlocations. They are now able to manage a LocationBook\ntogether with a AddressBook.\n\nErrors still exist since LocationBook class has not\nbeen created.\n",
            "fileTypesAndContributionMap": {
              "functional-code": {
                "insertions": 35,
                "deletions": 4
              }
            }
          },
          {
            "hash": "e9506ce187b08d051be9a023d30dfbe52f914ddb",
            "messageTitle": "Add LocationBook and ReadOnlyLocationBook",
            "messageBody": "ReadOnlyLocationBook presents an interface for read only\nfunctions. LocationBook serves as a wrapper class for\nmanaging a list of locations.\n\nErrors still exist due to lack of model classes.\nNo test classes created yet.\n\nExtra methods involving deletion, editing of locations were\nmade. They are foreseen to be necessary in the adding of future\nfeatures involving deletion and editing of locations.\n",
            "fileTypesAndContributionMap": {
              "functional-code": {
                "insertions": 137,
                "deletions": 0
              }
            }
          },
          {
            "hash": "1c6a5ae9039063d23efde74e8f4168d61ebed217",
            "messageTitle": "Add UniqueLocationList and exceptions",
            "messageBody": "A unique location list is added to ensure no duplicates\nin locations. Exceptions were created to handle conflicts\nwhen a duplicate location is given or a location is not\nfound.\n\nExtra methods involving deletion, editing of locations were\nmade. They are foreseen to be necessary in the adding of future\nfeatures involving deletion and editing of locations.\n",
            "fileTypesAndContributionMap": {
              "functional-code": {
                "insertions": 155,
                "deletions": 0
              }
            }
          },
          {
            "hash": "00b4f640df723ced637c909732f78e70c4e37ca1",
            "messageTitle": "Add Location unit class",
            "messageBody": "Location unit class relies on the address and name class\nused in person class.\n",
            "fileTypesAndContributionMap": {
              "functional-code": {
                "insertions": 85,
                "deletions": 0
              }
            }
          },
          {
            "hash": "6075d333184d674f6340073bf56b8543e2cc3991",
            "messageTitle": "Add AddLocationCommandParser",
            "messageBody": "",
            "fileTypesAndContributionMap": {
              "functional-code": {
                "insertions": 54,
                "deletions": 0
              }
            }
          },
          {
            "hash": "986f49ee531f734805884069900916997ba0eb4e",
            "messageTitle": "Update locations exceptions format",
            "messageBody": "Exception classes updated to pass checkstyle.\n",
            "fileTypesAndContributionMap": {
              "functional-code": {
                "insertions": 3,
                "deletions": 3
              }
            }
          },
          {
            "hash": "f88bb5ab12048e2e4c88ff1f5e8dbbbb3d6bfef2",
            "messageTitle": "Add functionality to read and store locations",
            "messageBody": "Sample locations data has been added.\nVirus tracker is able to read in a list of locations\nand store a list of locations.\n\nNo test cases are added.\n",
            "fileTypesAndContributionMap": {
              "functional-code": {
                "insertions": 419,
                "deletions": 13
              }
            }
          },
          {
            "hash": "33dd54ce74b0aa5c7521772431919dd2766094c0",
            "messageTitle": "Update and add location test cases",
            "messageBody": "",
            "fileTypesAndContributionMap": {
              "functional-code": {
                "insertions": 1,
                "deletions": 0
              },
              "test-code": {
                "insertions": 1175,
                "deletions": 25
              }
            }
          },
          {
            "hash": "d4d87e4d4312cab0b52d06a2b32a4680dd0d55e0",
            "messageTitle": "Fix error from Location stubs",
            "messageBody": "",
            "fileTypesAndContributionMap": {
              "functional-code": {
                "insertions": 1,
                "deletions": 76
              }
            }
          }
        ]
      },
      {
        "date": "2020-09-29",
        "commitResults": [
          {
            "hash": "dfa658691cb3ba1c71f5df64aab73e9eb59742d7",
            "messageTitle": "Update AboutUs.md with personal details",
            "messageBody": "",
            "fileTypesAndContributionMap": {
              "docs": {
                "insertions": 22,
                "deletions": 2
              }
            }
          },
          {
            "hash": "ba6d6e5a6772938105220ef8a9a999c8bfde60c2",
            "messageTitle": "Update UserGuide",
            "messageBody": "Details about statistics features, quarantine status features and add location features are added.\n",
            "fileTypesAndContributionMap": {
              "docs": {
                "insertions": 41,
                "deletions": 6
              }
            }
          },
          {
            "hash": "05c716b49873b9879e89812432ba81407a0d1b8f",
            "messageTitle": "Update DeveloperGuide",
            "messageBody": "Details about statistics features, and add location features are added.\n",
            "fileTypesAndContributionMap": {
              "docs": {
                "insertions": 56,
                "deletions": 1
              }
            }
          },
          {
            "hash": "2f7e9c2fd87392ee116704a5f2854a3fd7a4dfcc",
            "messageTitle": "Add line at EOF",
            "messageBody": "",
            "fileTypesAndContributionMap": {
              "docs": {
                "insertions": 1,
                "deletions": 0
              }
            }
          },
          {
            "hash": "a408a64646b0bed1d84133bfca6d244cbad066eb",
            "messageTitle": "Add EOF to hopinxian.md",
            "messageBody": "",
            "fileTypesAndContributionMap": {
              "docs": {
                "insertions": 2,
                "deletions": 1
              }
            }
          },
          {
            "hash": "03ee9d6424b160769d8f3a40bf013cc6d492040a",
            "messageTitle": "Add EOF to hopinxian.md",
            "messageBody": "",
            "fileTypesAndContributionMap": {
              "docs": {
                "insertions": 3,
                "deletions": 1
              }
            }
          }
        ]
      },
      {
        "date": "2020-09-30",
        "commitResults": [
          {
            "hash": "0160ea02b353f71555a8c7c8ccb42b6e019ea8e3",
            "messageTitle": "Fix Checkstyle errors in MainApp",
            "messageBody": "",
            "fileTypesAndContributionMap": {
              "functional-code": {
                "insertions": 3,
                "deletions": 4
              }
            }
          },
          {
            "hash": "94f528dd60bc05b3fd794797c4a39c91059e6cef",
            "messageTitle": "Fix checkstyle errors in AddVisitCommandParser",
            "messageBody": "",
            "fileTypesAndContributionMap": {
              "functional-code": {
                "insertions": 1,
                "deletions": 1
              }
            }
          },
          {
            "hash": "d51f408a0d3ae9279471cd1a375e5e5c3593ca20",
            "messageTitle": "Fix more checkstyle errors in AddVisitCommandParser",
            "messageBody": "",
            "fileTypesAndContributionMap": {
              "functional-code": {
                "insertions": 4,
                "deletions": 5
              }
            }
          },
          {
            "hash": "231a1297d0fdd584089adfe33fbaf18a74ea1e7c",
            "messageTitle": "Fix checkstyle in SampleDataUtil",
            "messageBody": "",
            "fileTypesAndContributionMap": {
              "functional-code": {
                "insertions": 3,
                "deletions": 2
              }
            }
          },
          {
            "hash": "d00c3b3b6d2c896d1a06f21fc6a93dca742d206e",
            "messageTitle": "Fix checkstyle in Visit.java",
            "messageBody": "",
            "fileTypesAndContributionMap": {
              "functional-code": {
                "insertions": 0,
                "deletions": 1
              }
            }
          },
          {
            "hash": "5682d3d3ab1b6e5e6e233d7fe4ff2f9dc031cdc5",
            "messageTitle": "Fix checkstyle imports",
            "messageBody": "",
            "fileTypesAndContributionMap": {
              "functional-code": {
                "insertions": 4,
                "deletions": 5
              }
            }
          },
          {
            "hash": "4f99eb01964b91c278dce49ce48d59edf62c136f",
            "messageTitle": "Fix checkstyle",
            "messageBody": "",
            "fileTypesAndContributionMap": {
              "test-code": {
                "insertions": 114,
                "deletions": 97
              }
            }
          }
        ]
      },
      {
        "date": "2020-10-04",
        "commitResults": [
          {
            "hash": "8c6475fcf129d37414539d9b13bd895fe6668786",
            "messageTitle": "Fix bug with parsing error",
            "messageBody": "",
            "fileTypesAndContributionMap": {
              "functional-code": {
                "insertions": 1,
                "deletions": 1
              }
            }
          }
        ]
      }
    ],
    "DreamerDragon": [
      {
        "date": "2020-09-24",
        "commitResults": [
          {
            "hash": "f3dc555a542ca3abc36746e68c5ebb3bf7771b61",
            "messageTitle": "Add feature 1,2 to UG",
            "messageBody": "",
            "fileTypesAndContributionMap": {
              "docs": {
                "insertions": 21,
                "deletions": 0
              }
            }
          },
          {
            "hash": "3d80cf34e3a9713dc3caf66006696278b8aeec0a",
            "messageTitle": "Add UC01, UC02 to use cases",
            "messageBody": "",
            "fileTypesAndContributionMap": {
              "docs": {
                "insertions": 33,
                "deletions": 0
              }
            }
          },
          {
            "hash": "c571b050f6a10fa67bf38203d27c5de757b141a0",
            "messageTitle": "Add features 1 and 2 to US",
            "messageBody": "",
            "fileTypesAndContributionMap": {
              "docs": {
                "insertions": 3,
                "deletions": 0
              }
            }
          },
          {
            "hash": "0795f50963605c041cd0fbb2491f3042f8f4d27a",
            "messageTitle": "add extensions 2a, 2b, 2c to UC01",
            "messageBody": "",
            "fileTypesAndContributionMap": {
              "docs": {
                "insertions": 24,
                "deletions": 3
              }
            }
          },
          {
            "hash": "79bf1e6fb652744dad4b806e9a1ce7c3ef7d6293",
            "messageTitle": " add extensions 2a, 2b to UC02",
            "messageBody": "",
            "fileTypesAndContributionMap": {
              "docs": {
                "insertions": 14,
                "deletions": 2
              }
            }
          }
        ]
      },
      {
        "date": "2020-09-27",
        "commitResults": [
          {
            "hash": "e736af28bdf762b52e15e1c06e58e90f1d0e892f",
            "messageTitle": "Fix formatting issue in UC01 and UC02",
            "messageBody": "",
            "fileTypesAndContributionMap": {
              "docs": {
                "insertions": 49,
                "deletions": 40
              }
            }
          },
          {
            "hash": "1d23cf600bb112bd93cce85d65b70adf41e17fd2",
            "messageTitle": " Fix small errors in the bulleted points",
            "messageBody": "",
            "fileTypesAndContributionMap": {
              "docs": {
                "insertions": 2,
                "deletions": 2
              }
            }
          },
          {
            "hash": "6596d520ac5a35753d3585616b0db7d003a12b1f",
            "messageTitle": "Create AddVisitCommand Class",
            "messageBody": "",
            "fileTypesAndContributionMap": {
              "functional-code": {
                "insertions": 11,
                "deletions": 0
              }
            }
          },
          {
            "hash": "85490b7b32b0ffd67db547b6f242c992decb5cb8",
            "messageTitle": "Added new profile pic for AboutUs",
            "messageBody": "",
            "fileTypesAndContributionMap": {
              "docs": {
                "insertions": 2,
                "deletions": 2
              }
            }
          },
          {
            "hash": "4e5130bf1be6fde53cd0790daf088c6e48de52be",
            "messageTitle": "Implement AddVisit command",
            "messageBody": "",
            "fileTypesAndContributionMap": {
              "functional-code": {
                "insertions": 98,
                "deletions": 1
              }
            }
          }
        ]
      },
      {
        "date": "2020-09-30",
        "commitResults": [
          {
            "hash": "2991d4625650bb394428503f613c25819def7055",
            "messageTitle": "Fixed formatting issues before merge",
            "messageBody": "",
            "fileTypesAndContributionMap": {
              "functional-code": {
                "insertions": 106,
                "deletions": 57
              }
            }
          },
          {
            "hash": "75b1b78d65fb8ab8acbdb660d0e599f8029ac3cc",
            "messageTitle": "Fixed issues in import statements for add functionalities",
            "messageBody": "",
            "fileTypesAndContributionMap": {
              "functional-code": {
                "insertions": 15,
                "deletions": 26
              }
            }
          },
          {
            "hash": "6c8c531f9f5dd1b157039972f530584ebe3c8edf",
            "messageTitle": "Fixed testcase issues for add visit functionalities",
            "messageBody": "",
            "fileTypesAndContributionMap": {
              "functional-code": {
                "insertions": 36,
                "deletions": 17
              },
              "test-code": {
                "insertions": 24,
                "deletions": 71
              }
            }
          },
          {
            "hash": "d006a3bb0c1ee9284e4b03a50b5ea02a109f134c",
            "messageTitle": "Deleted unused import statement",
            "messageBody": "",
            "fileTypesAndContributionMap": {
              "test-code": {
                "insertions": 0,
                "deletions": 3
              }
            }
          }
        ]
      }
    ],
    "siangernlow": [
      {
        "date": "2020-09-21",
        "commitResults": [
          {
            "hash": "74c8b92665232f27e4b9523f0eded5415d0a77dd",
            "messageTitle": "Update user guide to include features 10 - 13",
            "messageBody": "",
            "fileTypesAndContributionMap": {
              "docs": {
                "insertions": 54,
                "deletions": 0
              }
            }
          }
        ]
      },
      {
        "date": "2020-09-22",
        "commitResults": [
          {
            "hash": "655438df44ed0cff066c4689695ea71462ffd24d",
            "messageTitle": "Reduces features added in user guide",
            "messageBody": "Features 12 and 13 are not to be implemented together with 10 and\n11.\n\nIt would be better to create a separate task to handle those\nfeatures.\n",
            "fileTypesAndContributionMap": {
              "docs": {
                "insertions": 0,
                "deletions": 34
              }
            }
          },
          {
            "hash": "eaaa9f7024b2323122683e7202f7e1d16f3083bc",
            "messageTitle": "Add use cases and user stories to developer\u0027s guide",
            "messageBody": "",
            "fileTypesAndContributionMap": {
              "docs": {
                "insertions": 48,
                "deletions": 1
              }
            }
          },
          {
            "hash": "92a963907dc15998f2f47b56c45b95e463898b62",
            "messageTitle": "Fix phrasing for user story",
            "messageBody": "",
            "fileTypesAndContributionMap": {
              "docs": {
                "insertions": 1,
                "deletions": 1
              }
            }
          }
        ]
      },
      {
        "date": "2020-09-23",
        "commitResults": [
          {
            "hash": "86b3b045ad02557a9cfa8a84c274b45f08096abe",
            "messageTitle": "Implement new property - infection status",
            "messageBody": "This commit only implements the new property of infection status\nfor a person. The program does not compile at this stage.\n\nRefactoring has to be done to ensure that this new property is\nsuccessfully integrated into the project.\n",
            "fileTypesAndContributionMap": {
              "functional-code": {
                "insertions": 71,
                "deletions": 2
              }
            }
          },
          {
            "hash": "4feb67c71e20790e487ce311ec1534ad0e210b6e",
            "messageTitle": "Refactor code for infection status (Main)",
            "messageBody": "To integrate the new infection status property, the main program\nshould be refactored.\n\nWe should also refactor test cases and data in a later commit.\n",
            "fileTypesAndContributionMap": {
              "functional-code": {
                "insertions": 77,
                "deletions": 16
              }
            }
          },
          {
            "hash": "d9bcbcc2b812a105047e730b075e60d9dabcd5d2",
            "messageTitle": "Fix equality of InfectionStatus class",
            "messageBody": "",
            "fileTypesAndContributionMap": {
              "functional-code": {
                "insertions": 2,
                "deletions": 2
              }
            }
          },
          {
            "hash": "bd9b81d8b192472fe562748f0e33fbf513075019",
            "messageTitle": "Refactor commands to handle infection status",
            "messageBody": "",
            "fileTypesAndContributionMap": {
              "functional-code": {
                "insertions": 16,
                "deletions": 4
              }
            }
          },
          {
            "hash": "06ada516ec7e8d628e89950bb7eaa09bb2d52a31",
            "messageTitle": "Refactor tests to include infection status",
            "messageBody": "",
            "fileTypesAndContributionMap": {
              "test-code": {
                "insertions": 149,
                "deletions": 57
              }
            }
          },
          {
            "hash": "78ffd79abea7950e59cfd17c893bcbcc0e00c59f",
            "messageTitle": "Add new test class for infection status property",
            "messageBody": "",
            "fileTypesAndContributionMap": {
              "test-code": {
                "insertions": 38,
                "deletions": 0
              }
            }
          },
          {
            "hash": "8fd23d72bdd56589441d0ecea8b35ecd0c8e102b",
            "messageTitle": "Make application display infection status",
            "messageBody": "",
            "fileTypesAndContributionMap": {
              "functional-code": {
                "insertions": 4,
                "deletions": 0
              }
            }
          },
          {
            "hash": "8bf7fb9ada2a61152e502144783fbc7f62710d40",
            "messageTitle": "Fix Checkstyle errors",
            "messageBody": "",
            "fileTypesAndContributionMap": {
              "test-code": {
                "insertions": 32,
                "deletions": 32
              }
            }
          },
          {
            "hash": "21548ef755ac6ac2f79bce7d24a8b5d2ce188dfa",
            "messageTitle": "Improve code layout",
            "messageBody": "",
            "fileTypesAndContributionMap": {
              "test-code": {
                "insertions": 1,
                "deletions": 0
              }
            }
          }
        ]
      },
      {
        "date": "2020-09-26",
        "commitResults": [
          {
            "hash": "87b8db99001684ba1b044ed12426375754781de4",
            "messageTitle": "Update tests to test infection status as well",
            "messageBody": "",
            "fileTypesAndContributionMap": {
              "test-code": {
                "insertions": 31,
                "deletions": 9
              }
            }
          },
          {
            "hash": "d7799b5c7eb372d5395d0a6d1fe967371fdbcbc1",
            "messageTitle": "Add profile photo",
            "messageBody": "",
            "fileTypesAndContributionMap": {
              "docs": {
                "insertions": 1,
                "deletions": 1
              }
            }
          },
          {
            "hash": "ad438ba5bb8ee93d7910ad62f5ec2698ca0088fb",
            "messageTitle": "Refactor ListCommand to now take in arguments",
            "messageBody": "The list command needs to be flexible to display different types of\nlists.\n\nWe should refactor the list command to take in a keyword which\nindicates the list that is requested.\n",
            "fileTypesAndContributionMap": {
              "functional-code": {
                "insertions": 76,
                "deletions": 4
              },
              "test-code": {
                "insertions": 60,
                "deletions": 6
              }
            }
          }
        ]
      },
      {
        "date": "2020-09-27",
        "commitResults": [
          {
            "hash": "a2a77bbe3c4ec02bf2106fa55eaa1dbe763486b0",
            "messageTitle": "Fix Checkstyle errors",
            "messageBody": "",
            "fileTypesAndContributionMap": {
              "functional-code": {
                "insertions": 29,
                "deletions": 27
              },
              "test-code": {
                "insertions": 14,
                "deletions": 14
              }
            }
          },
          {
            "hash": "ec3b739dc245d508dac7eab0665b0ff433d0877a",
            "messageTitle": "Refactor ListCommand to require a prefix",
            "messageBody": "ListCommand now requires \u0027l/\u0027 as a prefix to make use of parser\nutility methods.\n",
            "fileTypesAndContributionMap": {
              "functional-code": {
                "insertions": 10,
                "deletions": 9
              },
              "test-code": {
                "insertions": 17,
                "deletions": 9
              }
            }
          },
          {
            "hash": "131cb7d722226088fb338fcffd7172e3cc0c037e",
            "messageTitle": "Fix formatting of developer guide",
            "messageBody": "",
            "fileTypesAndContributionMap": {
              "docs": {
                "insertions": 32,
                "deletions": 31
              }
            }
          }
        ]
      },
      {
        "date": "2020-09-28",
        "commitResults": [
          {
            "hash": "08c983572209a9a5d0de88c1dfb5c559e19df883",
            "messageTitle": "Adapt developer guide to VirusTracker",
            "messageBody": "",
            "fileTypesAndContributionMap": {
              "docs": {
                "insertions": 78,
                "deletions": 171
              }
            }
          },
          {
            "hash": "fe6146b66da41caa426d902478e9ac608318ac91",
            "messageTitle": "Adapt User Guide to VirusTracker",
            "messageBody": "",
            "fileTypesAndContributionMap": {
              "docs": {
                "insertions": 41,
                "deletions": 29
              }
            }
          },
          {
            "hash": "7f988c6afe36f3e8fd9d4c82d30ef2dc7b68efa1",
            "messageTitle": "Update AboutUs to include GitHub usernames",
            "messageBody": "",
            "fileTypesAndContributionMap": {
              "docs": {
                "insertions": 11,
                "deletions": 12
              }
            }
          },
          {
            "hash": "3562c368735e8548d2bb001c94b5261fed07c808",
            "messageTitle": "Update links to VirusTracker repo",
            "messageBody": "",
            "fileTypesAndContributionMap": {
              "docs": {
                "insertions": 5,
                "deletions": 4
              }
            }
          },
          {
            "hash": "41cee565c3c90efc2270739c3f7ad9e3544e46c9",
            "messageTitle": "Update ReadMe to describe VirusTracker",
            "messageBody": "",
            "fileTypesAndContributionMap": {
              "docs": {
                "insertions": 9,
                "deletions": 11
              }
            }
          },
          {
            "hash": "762f5e009ec1393ddb43cf0a117c5d658f1727e6",
            "messageTitle": "Fix formatting",
            "messageBody": "",
            "fileTypesAndContributionMap": {
              "docs": {
                "insertions": 1,
                "deletions": 1
              }
            }
          },
          {
            "hash": "be0562061bed5b97d22b841b96b25806d06b9b61",
            "messageTitle": "Fix format error",
            "messageBody": "",
            "fileTypesAndContributionMap": {
              "docs": {
                "insertions": 2,
                "deletions": 2
              }
            }
          },
          {
            "hash": "eb7d784dd3e48010035b8ac5d4aac7c9539ed89d",
            "messageTitle": "Fix format error",
            "messageBody": "",
            "fileTypesAndContributionMap": {
              "docs": {
                "insertions": 1,
                "deletions": 1
              }
            }
          }
        ]
      },
      {
        "date": "2020-09-29",
        "commitResults": [
          {
            "hash": "2e5fbfe719b5205c8599291cebe1df0126cc5fd4",
            "messageTitle": "Add newline at EOF",
            "messageBody": "",
            "fileTypesAndContributionMap": {
              "docs": {
                "insertions": 1,
                "deletions": 1
              }
            }
          },
          {
            "hash": "ce32a1878b6996bd8c33d704da91dadfaaec1e2b",
            "messageTitle": "Rename profile photos to reflect GitHub usernames",
            "messageBody": "",
            "fileTypesAndContributionMap": {
              "docs": {
                "insertions": 2,
                "deletions": 2
              }
            }
          },
          {
            "hash": "7917ce6cff64bb4f7347ab30a78b2ce3e1ba81bb",
            "messageTitle": "Update phrasing of features",
            "messageBody": "",
            "fileTypesAndContributionMap": {
              "docs": {
                "insertions": 6,
                "deletions": 6
              }
            }
          },
          {
            "hash": "dbf6e58814e9f59fd6c16c270e432538fd333918",
            "messageTitle": "Remove trailing whitespace",
            "messageBody": "",
            "fileTypesAndContributionMap": {
              "test-code": {
                "insertions": 1,
                "deletions": 1
              }
            }
          }
        ]
      },
      {
        "date": "2020-09-30",
        "commitResults": [
          {
            "hash": "c6d8f30a8983414fa837da9b4dabb243cb2586a4",
            "messageTitle": "Fix GitHub pages build failure",
            "messageBody": "",
            "fileTypesAndContributionMap": {
              "docs": {
                "insertions": 4,
                "deletions": 2
              }
            }
          }
        ]
      }
    ],
    "hhdqirui": [
      {
        "date": "2020-09-24",
        "commitResults": [
          {
            "hash": "5cb53ab9911bf11fa7db37b8c3e4c179a0d775ad",
            "messageTitle": "[DG] add UC12 and UC13",
            "messageBody": "",
            "fileTypesAndContributionMap": {
              "docs": {
                "insertions": 39,
                "deletions": 1
              }
            }
          }
        ]
      },
      {
        "date": "2020-09-25",
        "commitResults": [
          {
            "hash": "5a333a0654d96defb086eace46f3d07b2492f64b",
            "messageTitle": "[US] Add update infection status and update quarantine status",
            "messageBody": "",
            "fileTypesAndContributionMap": {
              "docs": {
                "insertions": 2,
                "deletions": 0
              }
            }
          }
        ]
      },
      {
        "date": "2020-09-27",
        "commitResults": [
          {
            "hash": "c037b91729139630f5c8b3f03f4c73b027beb776",
            "messageTitle": "Add UC11 and UC12 to DG",
            "messageBody": "",
            "fileTypesAndContributionMap": {
              "docs": {
                "insertions": 4,
                "deletions": 4
              }
            }
          },
          {
            "hash": "4eda99b2c2b24a1726b4421b3988229620fb0c5a",
            "messageTitle": "Add profile photo for wuqirui",
            "messageBody": "",
            "fileTypesAndContributionMap": {
              "docs": {
                "insertions": 1,
                "deletions": 1
              }
            }
          }
        ]
      },
      {
        "date": "2020-09-29",
        "commitResults": [
          {
            "hash": "708fb1e6a70cfd93e3a85b4e1433094d4b39aa1a",
            "messageTitle": "Implement list all infected",
            "messageBody": "",
            "fileTypesAndContributionMap": {
              "functional-code": {
                "insertions": 20,
                "deletions": 2
              },
              "test-code": {
                "insertions": 17,
                "deletions": 0
              }
            }
          },
          {
            "hash": "b3cb89f4ce9590219cf8fcbec39ff1f34c1cafbf",
            "messageTitle": "Implement list all quarantined",
            "messageBody": "",
            "fileTypesAndContributionMap": {
              "functional-code": {
                "insertions": 20,
                "deletions": 2
              },
              "test-code": {
                "insertions": 9,
                "deletions": 0
              }
            }
          }
        ]
      },
      {
        "date": "2020-09-30",
        "commitResults": [
          {
            "hash": "f61fe25e71b5900301868fa7fa357cee1acee3a5",
            "messageTitle": "Correct profile photo format",
            "messageBody": "",
            "fileTypesAndContributionMap": {
              "docs": {
                "insertions": 1,
                "deletions": 1
              }
            }
          }
        ]
      }
    ],
    "KohHanMing": [
      {
        "date": "2020-09-12",
        "commitResults": [
          {
            "hash": "cf3c70381360d44938daf0db6802c6ae366ef1f8",
            "messageTitle": "Update README.md",
            "messageBody": "",
            "fileTypesAndContributionMap": {
              "docs": {
                "insertions": 1,
                "deletions": 0
              }
            }
          }
        ]
      },
      {
        "date": "2020-09-27",
        "commitResults": [
          {
            "hash": "8f7fd17703e9c0bb941a7cbd1975b5b9eb0c27a8",
            "messageTitle": "Test fork",
            "messageBody": "",
            "fileTypesAndContributionMap": {
              "functional-code": {
                "insertions": 1,
                "deletions": 1
              }
            }
          },
          {
            "hash": "39e8ce8d3753000943f2471e9acb4b4105ff11e8",
            "messageTitle": "Refactor ListCommand",
            "messageBody": "",
            "fileTypesAndContributionMap": {
              "functional-code": {
                "insertions": 71,
                "deletions": 4
              }
            }
          },
          {
            "hash": "a4ed88d614a49b6a2d210548b59131ef16466389",
            "messageTitle": "Edit tests",
            "messageBody": "",
            "fileTypesAndContributionMap": {
              "functional-code": {
                "insertions": 9,
                "deletions": 6
              },
              "test-code": {
                "insertions": 7,
                "deletions": 6
              }
            }
          },
          {
            "hash": "e2066cab7a2264d61b8c3e225b6caa199ba128cc",
            "messageTitle": "Test pr",
            "messageBody": "",
            "fileTypesAndContributionMap": {
              "functional-code": {
                "insertions": 1,
                "deletions": 1
              }
            }
          },
          {
            "hash": "c2503e72811358bb17dce001c8c2233917f7cd0e",
            "messageTitle": "Add location stub",
            "messageBody": "",
            "fileTypesAndContributionMap": {
              "functional-code": {
                "insertions": 81,
                "deletions": 1
              }
            }
          },
          {
            "hash": "bc79a53437352c10e43586e7f47e39484ffa2952",
            "messageTitle": "Edit checkstyle",
            "messageBody": "",
            "fileTypesAndContributionMap": {
              "functional-code": {
                "insertions": 1,
                "deletions": 2
              },
              "docs": {
                "insertions": 12,
                "deletions": 12
              }
            }
          },
          {
            "hash": "978d11ddedc26a4f8e55faba8dfcd594f05d9978",
            "messageTitle": "Correct checkstyle",
            "messageBody": "",
            "fileTypesAndContributionMap": {
              "functional-code": {
                "insertions": 26,
                "deletions": 20
              }
            }
          },
          {
            "hash": "ab7149a78c9f81deec7517b4f589524300a47cd1",
            "messageTitle": "Correct checkstyle",
            "messageBody": "",
            "fileTypesAndContributionMap": {
              "test-code": {
                "insertions": 4,
                "deletions": 2
              }
            }
          }
        ]
      },
      {
        "date": "2020-09-28",
        "commitResults": [
          {
            "hash": "5302bd48bd7ba00be43f582ff21ae83fb55ccd2f",
            "messageTitle": "Made GUI",
            "messageBody": "",
            "fileTypesAndContributionMap": {
              "functional-code": {
                "insertions": 234,
                "deletions": 9
              }
            }
          },
          {
            "hash": "b76ef4480de508b21d91808240d35b1b56853bb4",
            "messageTitle": "Add GUI switching",
            "messageBody": "",
            "fileTypesAndContributionMap": {
              "functional-code": {
                "insertions": 24,
                "deletions": 93
              },
              "test-code": {
                "insertions": 5,
                "deletions": 0
              }
            }
          }
        ]
      },
      {
        "date": "2020-09-29",
        "commitResults": [
          {
            "hash": "a32dfe7c2b9555f27b7d44b0b529a2d0ca8bea84",
            "messageTitle": "Fix GUI switching to follow existing logic",
            "messageBody": "",
            "fileTypesAndContributionMap": {
              "functional-code": {
                "insertions": 21,
                "deletions": 14
              }
            }
          },
          {
            "hash": "e11ef8b30420bcff4c384f95f96a8dab9ff5dc84",
            "messageTitle": "Fix tests",
            "messageBody": "",
            "fileTypesAndContributionMap": {
              "test-code": {
                "insertions": 19,
                "deletions": 7
              }
            }
          },
          {
            "hash": "9789702c8d6ae4cadfc3dbbbc423fdbc70a19ca5",
            "messageTitle": "Fix checkstyle",
            "messageBody": "",
            "fileTypesAndContributionMap": {
              "functional-code": {
                "insertions": 2,
                "deletions": 8
              }
            }
          }
        ]
      },
      {
        "date": "2020-09-30",
        "commitResults": [
          {
            "hash": "5dc186b0005c99779fae5f55f4cc016cbf81d127",
            "messageTitle": "Update docs",
            "messageBody": "",
            "fileTypesAndContributionMap": {
              "functional-code": {
                "insertions": 188,
                "deletions": 9
              },
              "docs": {
                "insertions": 73,
                "deletions": 15
              }
            }
          },
          {
            "hash": "a1c03a80bb172d82005eb9b405d5c4f59461721d",
            "messageTitle": "Resolve checkstyle",
            "messageBody": "",
            "fileTypesAndContributionMap": {
              "functional-code": {
                "insertions": 1,
                "deletions": 3
              },
              "test-code": {
                "insertions": 6,
                "deletions": 0
              }
            }
          }
        ]
      },
      {
        "date": "2020-10-03",
        "commitResults": [
          {
            "hash": "19feb06ed3234cca826725a793f712e2d25316fd",
            "messageTitle": "Add tests for lists in LogicManager",
            "messageBody": "",
            "fileTypesAndContributionMap": {
              "test-code": {
                "insertions": 10,
                "deletions": 0
              }
            }
          }
        ]
      }
    ]
  },
  "authorFileTypeContributionMap": {
    "hopinxian": {
      "docs": 116,
      "functional-code": 1088,
      "test-code": 1474
    },
    "DreamerDragon": {
      "docs": 41,
      "functional-code": 1037,
      "test-code": 857
    },
    "siangernlow": {
      "docs": 192,
      "functional-code": 207,
      "test-code": 291
    },
    "hhdqirui": {
      "docs": 18,
      "functional-code": 32,
      "test-code": 20
    },
    "KohHanMing": {
      "docs": 61,
      "functional-code": 425,
      "test-code": 40
    }
  },
  "authorContributionVariance": {
    "hopinxian": 98907.88,
    "DreamerDragon": 3277.8125,
    "siangernlow": 8466.824,
    "hhdqirui": 121.39055,
    "KohHanMing": 5338.4355
  },
  "authorDisplayNameMap": {
    "hopinxian": "CS2103T-T13-1 HO P..XIAN",
    "DreamerDragon": "CS2103T-T13-1 LIU ..LONG",
    "siangernlow": "CS2103T-T13-1 LOW .. ERN",
    "hhdqirui": "CS2103T-T13-1 WU Q..IRUI",
    "KohHanMing": "CS2103T-T13-1 KOH ..MING"
  }
}
