{
  "authorDailyContributionsMap": {
    "chiabs": [
      {
        "date": "2020-09-28",
        "commitResults": [
          {
            "hash": "73b3ebb571606dca639b9d700dbdf8a3f3f0d93d",
            "messageTitle": "Update AboutUs.md with chiabs",
            "messageBody": "",
            "fileTypesAndContributionMap": {
              "docs": {
                "insertions": 44,
                "deletions": 0
              }
            }
          },
          {
            "hash": "126ed8c01e544a2f443d877c3a6da01ec70b1958",
            "messageTitle": "Add Count functionality, update UG",
            "messageBody": "",
            "fileTypesAndContributionMap": {
              "functional-code": {
                "insertions": 48,
                "deletions": 9
              },
              "docs": {
                "insertions": 8,
                "deletions": 0
              },
              "test-code": {
                "insertions": 29,
                "deletions": 0
              }
            }
          }
        ]
      }
    ],
    "Cedo8": [
      {
        "date": "2020-09-22",
        "commitResults": [
          {
            "hash": "ad4067e05292c3ea759b3186f4728533253fa22b",
            "messageTitle": "Update NRIC field in Patient",
            "messageBody": "",
            "fileTypesAndContributionMap": {
              "functional-code": {
                "insertions": 61,
                "deletions": 50
              },
              "test-code": {
                "insertions": 54,
                "deletions": 30
              }
            }
          }
        ]
      },
      {
        "date": "2020-09-28",
        "commitResults": [
          {
            "hash": "aea1576e90e8958cbe8280448b4f8a501b996624",
            "messageTitle": "Update UserGuide Add cedo8.md and cedo8.png",
            "messageBody": "",
            "fileTypesAndContributionMap": {
              "docs": {
                "insertions": 37,
                "deletions": 4
              }
            }
          },
          {
            "hash": "690a57936b353a6e21b7637a75dbb4929072293d",
            "messageTitle": "Update AboutUs.md",
            "messageBody": "",
            "fileTypesAndContributionMap": {
              "docs": {
                "insertions": 11,
                "deletions": 4
              }
            }
          },
          {
            "hash": "021fdc4993ddc64c02f059121d42e4fc0889b697",
            "messageTitle": "Update imports and code to meet checkstyle requirements",
            "messageBody": "",
            "fileTypesAndContributionMap": {
              "functional-code": {
                "insertions": 76,
                "deletions": 26
              },
              "test-code": {
                "insertions": 103,
                "deletions": 45
              }
            }
          },
          {
            "hash": "42a37a86543a32cc9598617192f99edfe8e377c1",
            "messageTitle": "Fixed test bug",
            "messageBody": "",
            "fileTypesAndContributionMap": {
              "test-code": {
                "insertions": 12,
                "deletions": 12
              }
            }
          }
        ]
      }
    ],
    "todoge": [
      {
        "date": "2020-09-22",
        "commitResults": [
          {
            "hash": "3de08dbae9a3afdf7397933d010fc4fb4ecb6be8",
            "messageTitle": "Refactor Person to Patient",
            "messageBody": "",
            "fileTypesAndContributionMap": {
              "functional-code": {
                "insertions": 134,
                "deletions": 134
              },
              "other": {
                "insertions": 78,
                "deletions": 78
              },
              "docs": {
                "insertions": 65,
                "deletions": 65
              },
              "test-code": {
                "insertions": 169,
                "deletions": 169
              }
            }
          },
          {
            "hash": "0d09ae491e575f2ea7a4152ffb6777eef2a3e27d",
            "messageTitle": "Add Nric to Patient class",
            "messageBody": "",
            "fileTypesAndContributionMap": {
              "functional-code": {
                "insertions": 61,
                "deletions": 2
              }
            }
          },
          {
            "hash": "3098f0ffde00d01d12f11e1b71a1e698a36e9f23",
            "messageTitle": "Add Nric field",
            "messageBody": "",
            "fileTypesAndContributionMap": {
              "functional-code": {
                "insertions": 18,
                "deletions": 11
              },
              "other": {
                "insertions": 3,
                "deletions": 3
              }
            }
          }
        ]
      },
      {
        "date": "2020-09-24",
        "commitResults": [
          {
            "hash": "8e6e90e52e0d0938e92dca5f0b630aa0ffe0781a",
            "messageTitle": "Refactor Person to Patient",
            "messageBody": "",
            "fileTypesAndContributionMap": {
              "functional-code": {
                "insertions": 13,
                "deletions": 13
              },
              "other": {
                "insertions": 38,
                "deletions": 38
              },
              "test-code": {
                "insertions": 27,
                "deletions": 27
              }
            }
          },
          {
            "hash": "ac249f489a6ac648bc0f8731d8add2d62129a7c1",
            "messageTitle": "Update Readme",
            "messageBody": "",
            "fileTypesAndContributionMap": {
              "docs": {
                "insertions": 66,
                "deletions": 14
              }
            }
          },
          {
            "hash": "dfbf562497205bd92a48e94f546b8855eae4b52f",
            "messageTitle": "Update Readme",
            "messageBody": "",
            "fileTypesAndContributionMap": {
              "docs": {
                "insertions": 3,
                "deletions": 2
              }
            }
          },
          {
            "hash": "eca4e8054d9c1e978c696eaad8917250cc4ce901",
            "messageTitle": "Update AboutUs",
            "messageBody": "",
            "fileTypesAndContributionMap": {
              "docs": {
                "insertions": 35,
                "deletions": 3
              }
            }
          }
        ]
      },
      {
        "date": "2020-09-28",
        "commitResults": [
          {
            "hash": "8ed99ccf60abc31ad5d49a1b9b0a25f93b89bb17",
            "messageTitle": "Remove template traces",
            "messageBody": "",
            "fileTypesAndContributionMap": {
              "docs": {
                "insertions": 1,
                "deletions": 23
              }
            }
          },
          {
            "hash": "b8dda485d18ac7d1a747292f3b8dfc47d4b40aa8",
            "messageTitle": "Update status badge",
            "messageBody": "",
            "fileTypesAndContributionMap": {
              "docs": {
                "insertions": 1,
                "deletions": 1
              }
            }
          },
          {
            "hash": "d5ab9ad46d503484440c2b91fd2ee043989937b8",
            "messageTitle": "Add testcases to support NRIC",
            "messageBody": "",
            "fileTypesAndContributionMap": {
              "test-code": {
                "insertions": 55,
                "deletions": 64
              }
            }
          },
          {
            "hash": "147bb6e0d7338e302fe2a9915fb77ae0a29ba5b7",
            "messageTitle": "Refactor nric in NRIC to value",
            "messageBody": "",
            "fileTypesAndContributionMap": {
              "functional-code": {
                "insertions": 12,
                "deletions": 11
              },
              "test-code": {
                "insertions": 2,
                "deletions": 2
              }
            }
          },
          {
            "hash": "343e4b472deef5c12e82bfbb04f62f8a60787d25",
            "messageTitle": "Redo Testcases",
            "messageBody": "",
            "fileTypesAndContributionMap": {
              "functional-code": {
                "insertions": 4,
                "deletions": 0
              },
              "test-code": {
                "insertions": 2,
                "deletions": 1
              }
            }
          },
          {
            "hash": "93d0218b7ba804a3fb6b0d39d1a07bc3d3af88ad",
            "messageTitle": "Removed trailing white spaces",
            "messageBody": "",
            "fileTypesAndContributionMap": {
              "docs": {
                "insertions": 21,
                "deletions": 23
              }
            }
          }
        ]
      },
      {
        "date": "2020-09-29",
        "commitResults": [
          {
            "hash": "eb372b2fd34e607a0e57b1bc09dfb59a2336dfd0",
            "messageTitle": "Update UG",
            "messageBody": "",
            "fileTypesAndContributionMap": {
              "docs": {
                "insertions": 10,
                "deletions": 10
              }
            }
          }
        ]
      }
    ],
    "Ringo1225": [],
    "GabrielTeo": [
      {
        "date": "2020-09-27",
        "commitResults": [
          {
            "hash": "5ef72cc95a95e7ab7d376c5a840e27f48cc161e5",
            "messageTitle": "Update AboutUs",
            "messageBody": "",
            "fileTypesAndContributionMap": {
              "docs": {
                "insertions": 38,
                "deletions": 5
              }
            }
          },
          {
            "hash": "f86b1c3bdcfc92467f3f9ca8e65dc2c42991cfa5",
            "messageTitle": "update Developer Guide and fix typos in README",
            "messageBody": "",
            "fileTypesAndContributionMap": {
              "docs": {
                "insertions": 101,
                "deletions": 24
              }
            }
          }
        ]
      }
    ]
  },
  "authorFileTypeContributionMap": {
    "chiabs": {
      "docs": 45,
      "functional-code": 43,
      "test-code": 26
    },
    "Cedo8": {
      "docs": 42,
      "functional-code": 87,
      "test-code": 101
    },
    "todoge": {
      "docs": 165,
      "functional-code": 265,
      "test-code": 261
    },
    "Ringo1225": {
      "docs": 0,
      "functional-code": 0,
      "test-code": 0
    },
    "GabrielTeo": {
      "docs": 133,
      "functional-code": 0,
      "test-code": 0
    }
  },
  "authorContributionVariance": {
    "chiabs": 396.5704,
    "Cedo8": 3001.2903,
    "todoge": 22541.035,
    "Ringo1225": 0.0,
    "GabrielTeo": 587.7339
  },
  "authorDisplayNameMap": {
    "chiabs": "CS2103T-W15-3 CHON..A LE",
    "Cedo8": "CS2103T-W15-3 CEDR.. WEI",
    "todoge": "CS2103T-W15-3 PEH ..IANG",
    "Ringo1225": "CS2103T-W15-3 CAO .. QIN",
    "GabrielTeo": "CS2103T-W15-3 GABR..IANG"
  }
}
