{
  "authorDailyContributionsMap": {
    "chiabs": [
      {
        "date": "2020-09-28",
        "commitResults": [
          {
            "hash": "73b3ebb571606dca639b9d700dbdf8a3f3f0d93d",
            "messageTitle": "Update AboutUs.md with chiabs",
            "messageBody": "",
            "fileTypesAndContributionMap": {
              "docs": {
                "insertions": 44,
                "deletions": 0
              }
            }
          },
          {
            "hash": "126ed8c01e544a2f443d877c3a6da01ec70b1958",
            "messageTitle": "Add Count functionality, update UG",
            "messageBody": "",
            "fileTypesAndContributionMap": {
              "functional-code": {
                "insertions": 48,
                "deletions": 9
              },
              "docs": {
                "insertions": 8,
                "deletions": 0
              },
              "test-code": {
                "insertions": 29,
                "deletions": 0
              }
            }
          }
        ]
      },
      {
        "date": "2020-10-12",
        "commitResults": [
          {
            "hash": "007b8a974899fbd05374fa6453142569d562ba7a",
            "messageTitle": "Wrong edit",
            "messageBody": "",
            "fileTypesAndContributionMap": {
              "other": {
                "insertions": 1,
                "deletions": 1
              },
              "docs": {
                "insertions": 7,
                "deletions": 7
              }
            }
          }
        ]
      },
      {
        "date": "2020-10-19",
        "commitResults": [
          {
            "hash": "3a36ae31a99c25ed53d554954df0ae3f0dcc5c4d",
            "messageTitle": "Edit UG",
            "messageBody": "",
            "fileTypesAndContributionMap": {
              "docs": {
                "insertions": 0,
                "deletions": 5
              }
            }
          },
          {
            "hash": "efb4778df0407558fcb3db4168913d0f843be3d2",
            "messageTitle": "Change Tag to Allergy",
            "messageBody": "",
            "fileTypesAndContributionMap": {
              "functional-code": {
                "insertions": 116,
                "deletions": 116
              },
              "other": {
                "insertions": 7,
                "deletions": 7
              },
              "docs": {
                "insertions": 5,
                "deletions": 5
              },
              "test-code": {
                "insertions": 34,
                "deletions": 34
              }
            }
          },
          {
            "hash": "b81e292c3eba10b136619b9b82d548ca92a817d0",
            "messageTitle": "Edit for checkstyle",
            "messageBody": "",
            "fileTypesAndContributionMap": {
              "other": {
                "insertions": 2,
                "deletions": 1
              },
              "docs": {
                "insertions": 9,
                "deletions": 9
              }
            }
          },
          {
            "hash": "f288482656eda6990b47104fd838c9299226bd10",
            "messageTitle": "Edit for checkstyle again",
            "messageBody": "",
            "fileTypesAndContributionMap": {
              "other": {
                "insertions": 2,
                "deletions": 2
              },
              "docs": {
                "insertions": 1,
                "deletions": 1
              }
            }
          },
          {
            "hash": "b8cd816780aba41df4d4bb42057f19cf70896cfc",
            "messageTitle": "Edit for checkstyle once again",
            "messageBody": "",
            "fileTypesAndContributionMap": {
              "functional-code": {
                "insertions": 1,
                "deletions": 1
              }
            }
          },
          {
            "hash": "9b63de4c0241cd4db1977466b35328a5d92ed371",
            "messageTitle": "Edit tests for checkstyle",
            "messageBody": "",
            "fileTypesAndContributionMap": {
              "test-code": {
                "insertions": 7,
                "deletions": 5
              }
            }
          }
        ]
      },
      {
        "date": "2020-10-20",
        "commitResults": [
          {
            "hash": "fccb04ce67de15fb48eb8d87e7d67ece8334b6c9",
            "messageTitle": "Add Sort Command, Add and Edit not functioning",
            "messageBody": "",
            "fileTypesAndContributionMap": {
              "functional-code": {
                "insertions": 123,
                "deletions": 10
              },
              "other": {
                "insertions": 0,
                "deletions": 12
              }
            }
          },
          {
            "hash": "d92d32086bf913240f624f9c1d88be7dd8e41376",
            "messageTitle": "Clean up checkstyle and add javadoc comments",
            "messageBody": "",
            "fileTypesAndContributionMap": {
              "functional-code": {
                "insertions": 34,
                "deletions": 8
              },
              "test-code": {
                "insertions": 6,
                "deletions": 0
              }
            }
          },
          {
            "hash": "5cd5466354c69083449c6eed52644c65bfb1126d",
            "messageTitle": "Update UG and chiabs.md",
            "messageBody": "",
            "fileTypesAndContributionMap": {
              "docs": {
                "insertions": 18,
                "deletions": 1
              }
            }
          },
          {
            "hash": "4abb99ecf2962bc45d0f9090064c219f9a4e96db",
            "messageTitle": "Edit for tag to allergy",
            "messageBody": "",
            "fileTypesAndContributionMap": {
              "functional-code": {
                "insertions": 109,
                "deletions": 105
              },
              "test-code": {
                "insertions": 112,
                "deletions": 107
              }
            }
          }
        ]
      },
      {
        "date": "2020-10-26",
        "commitResults": [
          {
            "hash": "66b277fd291b4b7726ffe21149f7c32a622d9f0d",
            "messageTitle": "Add SortCommandTest.class",
            "messageBody": "",
            "fileTypesAndContributionMap": {
              "test-code": {
                "insertions": 68,
                "deletions": 0
              }
            }
          }
        ]
      },
      {
        "date": "2020-11-02",
        "commitResults": [
          {
            "hash": "f9ca38b8fae5e235de8ee5567da345f47c7319a1",
            "messageTitle": "Update Sort and Count in DG",
            "messageBody": "",
            "fileTypesAndContributionMap": {
              "docs": {
                "insertions": 98,
                "deletions": 0
              }
            }
          },
          {
            "hash": "4519d76efcb2354c6df7bba3677e4b284cb33157",
            "messageTitle": "Update DG Sort Count Diagrams",
            "messageBody": "",
            "fileTypesAndContributionMap": {
              "docs": {
                "insertions": 148,
                "deletions": 0
              }
            }
          },
          {
            "hash": "d5c1fcb7e475289c3663eda392dac3346bf5d2a4",
            "messageTitle": "Fixed bug with Sort Command",
            "messageBody": "",
            "fileTypesAndContributionMap": {
              "functional-code": {
                "insertions": 4,
                "deletions": 4
              }
            }
          }
        ]
      },
      {
        "date": "2020-11-03",
        "commitResults": [
          {
            "hash": "70651021e5b243c8e6f400d0596aea8113fb9ffe",
            "messageTitle": "Fix Add Command description bug",
            "messageBody": "",
            "fileTypesAndContributionMap": {
              "functional-code": {
                "insertions": 2,
                "deletions": 2
              }
            }
          },
          {
            "hash": "5de0d1e867ab4629fabae36d2f0e9aa3a6ab949d",
            "messageTitle": "Fix error in Allergy description",
            "messageBody": "",
            "fileTypesAndContributionMap": {
              "functional-code": {
                "insertions": 1,
                "deletions": 1
              }
            }
          },
          {
            "hash": "ce7a33993a732657b53f91256aee262b742d522c",
            "messageTitle": "Update UG Sort, Count",
            "messageBody": "",
            "fileTypesAndContributionMap": {
              "docs": {
                "insertions": 38,
                "deletions": 6
              }
            }
          },
          {
            "hash": "0f37d448e9b0ce5d0ecc9622090d4bd358608718",
            "messageTitle": "Minor edit to UG - Sort, Count",
            "messageBody": "",
            "fileTypesAndContributionMap": {
              "docs": {
                "insertions": 20,
                "deletions": 7
              }
            }
          }
        ]
      }
    ],
    "Cedo8": [
      {
        "date": "2020-09-22",
        "commitResults": [
          {
            "hash": "ad4067e05292c3ea759b3186f4728533253fa22b",
            "messageTitle": "Update NRIC field in Patient",
            "messageBody": "",
            "fileTypesAndContributionMap": {
              "functional-code": {
                "insertions": 61,
                "deletions": 50
              },
              "test-code": {
                "insertions": 54,
                "deletions": 30
              }
            }
          }
        ]
      },
      {
        "date": "2020-09-28",
        "commitResults": [
          {
            "hash": "aea1576e90e8958cbe8280448b4f8a501b996624",
            "messageTitle": "Update UserGuide Add cedo8.md and cedo8.png",
            "messageBody": "",
            "fileTypesAndContributionMap": {
              "docs": {
                "insertions": 37,
                "deletions": 4
              }
            }
          },
          {
            "hash": "690a57936b353a6e21b7637a75dbb4929072293d",
            "messageTitle": "Update AboutUs.md",
            "messageBody": "",
            "fileTypesAndContributionMap": {
              "docs": {
                "insertions": 11,
                "deletions": 4
              }
            }
          },
          {
            "hash": "021fdc4993ddc64c02f059121d42e4fc0889b697",
            "messageTitle": "Update imports and code to meet checkstyle requirements",
            "messageBody": "",
            "fileTypesAndContributionMap": {
              "functional-code": {
                "insertions": 76,
                "deletions": 26
              },
              "test-code": {
                "insertions": 103,
                "deletions": 45
              }
            }
          },
          {
            "hash": "42a37a86543a32cc9598617192f99edfe8e377c1",
            "messageTitle": "Fixed test bug",
            "messageBody": "",
            "fileTypesAndContributionMap": {
              "test-code": {
                "insertions": 12,
                "deletions": 12
              }
            }
          }
        ]
      },
      {
        "date": "2020-10-04",
        "commitResults": [
          {
            "hash": "a4adfb7ae031edf075b2b4b5a46df8dea07efd6d",
            "messageTitle": "Update Messages.java, Find functionality and Find test cases Fix NRIC bug Add NricTest.java",
            "messageBody": "",
            "fileTypesAndContributionMap": {
              "functional-code": {
                "insertions": 11,
                "deletions": 11
              },
              "test-code": {
                "insertions": 141,
                "deletions": 11
              }
            }
          }
        ]
      },
      {
        "date": "2020-10-11",
        "commitResults": [
          {
            "hash": "d7048be1b25ffa784265f4da741367bc139b4f08",
            "messageTitle": "Refactor some class and field names Update Developer Guide\u0027s UML diagrams Organise UML diagrams into separate folder",
            "messageBody": "",
            "fileTypesAndContributionMap": {
              "functional-code": {
                "insertions": 109,
                "deletions": 108
              },
              "other": {
                "insertions": 51,
                "deletions": 51
              },
              "docs": {
                "insertions": 66,
                "deletions": 63
              },
              "test-code": {
                "insertions": 143,
                "deletions": 143
              }
            }
          }
        ]
      },
      {
        "date": "2020-10-18",
        "commitResults": [
          {
            "hash": "768f06d64c7c3699e4cfc661a4a9318a4f9e7a15",
            "messageTitle": "Update Developer Guide with Medical Record design details",
            "messageBody": "",
            "fileTypesAndContributionMap": {
              "docs": {
                "insertions": 53,
                "deletions": 0
              }
            }
          }
        ]
      },
      {
        "date": "2020-10-19",
        "commitResults": [
          {
            "hash": "62825a199569715fb49d5fdd2c1aa87deb6971a7",
            "messageTitle": "Add Medical Record functionality and test cases",
            "messageBody": "",
            "fileTypesAndContributionMap": {
              "functional-code": {
                "insertions": 189,
                "deletions": 25
              },
              "test-code": {
                "insertions": 274,
                "deletions": 73
              }
            }
          },
          {
            "hash": "298ac92f7fc82d8ba9c05bf5155e5b09585a54a7",
            "messageTitle": "Add assertion statement",
            "messageBody": "",
            "fileTypesAndContributionMap": {
              "functional-code": {
                "insertions": 1,
                "deletions": 0
              }
            }
          }
        ]
      },
      {
        "date": "2020-10-25",
        "commitResults": [
          {
            "hash": "ed6e5bfbaf7d5c1df5a83788ad3fba8d4b60fce4",
            "messageTitle": "Fix NRIC bug Update Add, Delete and Edit functionality Update test cases relating to NRIC",
            "messageBody": "",
            "fileTypesAndContributionMap": {
              "functional-code": {
                "insertions": 47,
                "deletions": 11
              },
              "test-code": {
                "insertions": 40,
                "deletions": 14
              }
            }
          },
          {
            "hash": "5b00f1115b4b97dd4f8faba2325bc1d84073a7d4",
            "messageTitle": "Update User Guide",
            "messageBody": "",
            "fileTypesAndContributionMap": {
              "docs": {
                "insertions": 130,
                "deletions": 39
              }
            }
          }
        ]
      },
      {
        "date": "2020-10-26",
        "commitResults": [
          {
            "hash": "8e41e69ec57ca9d834d6d986c3ba031ef759c832",
            "messageTitle": "Update User Guide",
            "messageBody": "",
            "fileTypesAndContributionMap": {
              "docs": {
                "insertions": 18,
                "deletions": 11
              }
            }
          },
          {
            "hash": "ca4c6b2ae7f59c720574ba6d137f74f8275841c9",
            "messageTitle": "Update User Guide",
            "messageBody": "",
            "fileTypesAndContributionMap": {
              "docs": {
                "insertions": 2,
                "deletions": 2
              }
            }
          },
          {
            "hash": "d3b1b7a453272ed913c296c45ab517ea8d85f4f1",
            "messageTitle": "Update Developer Guide",
            "messageBody": "",
            "fileTypesAndContributionMap": {
              "docs": {
                "insertions": 111,
                "deletions": 14
              }
            }
          },
          {
            "hash": "82343919f6d0bfa55ca519c4edd112f624a7f314",
            "messageTitle": "Update Developer Guide",
            "messageBody": "",
            "fileTypesAndContributionMap": {
              "docs": {
                "insertions": 4,
                "deletions": 3
              }
            }
          }
        ]
      },
      {
        "date": "2020-10-31",
        "commitResults": [
          {
            "hash": "0b31b8f080696af04405a860ca6f5caaa0b07111",
            "messageTitle": "Update regex for MR URL and Phone",
            "messageBody": "",
            "fileTypesAndContributionMap": {
              "functional-code": {
                "insertions": 3,
                "deletions": 3
              }
            }
          },
          {
            "hash": "4b0e1a6c7e5266273056e4c65ad6245fc1589801",
            "messageTitle": "Update Phone regex and corresponding test cases",
            "messageBody": "",
            "fileTypesAndContributionMap": {
              "functional-code": {
                "insertions": 2,
                "deletions": 2
              },
              "test-code": {
                "insertions": 6,
                "deletions": 6
              }
            }
          },
          {
            "hash": "1f3bc4e45c60f8394f91f79109b80e5f84067074",
            "messageTitle": "Update Phone regex",
            "messageBody": "",
            "fileTypesAndContributionMap": {
              "functional-code": {
                "insertions": 2,
                "deletions": 2
              },
              "test-code": {
                "insertions": 1,
                "deletions": 1
              }
            }
          }
        ]
      },
      {
        "date": "2020-11-01",
        "commitResults": [
          {
            "hash": "e28cc854486112934bc8d22e13928577a73fb60c",
            "messageTitle": "Fix success message bugs Fix edit bug Fix bug where adding patients with same medical record url works Update email format Fix and update test cases",
            "messageBody": "",
            "fileTypesAndContributionMap": {
              "functional-code": {
                "insertions": 58,
                "deletions": 10
              },
              "test-code": {
                "insertions": 18,
                "deletions": 6
              }
            }
          }
        ]
      },
      {
        "date": "2020-11-02",
        "commitResults": [
          {
            "hash": "9f617d649a0e086222f46653a187ad653b1f5491",
            "messageTitle": "Update User Guide (based on UG consultation and PE-D reviews)",
            "messageBody": "",
            "fileTypesAndContributionMap": {
              "docs": {
                "insertions": 67,
                "deletions": 23
              }
            }
          },
          {
            "hash": "056965caa74708fec086729fab9472f4cdc644e2",
            "messageTitle": "Update User Guide",
            "messageBody": "",
            "fileTypesAndContributionMap": {
              "docs": {
                "insertions": 2,
                "deletions": 1
              }
            }
          },
          {
            "hash": "646a7728a672ca7534e1d3fa5d296f86ad1b5612",
            "messageTitle": "Update User Guide",
            "messageBody": "",
            "fileTypesAndContributionMap": {
              "docs": {
                "insertions": 0,
                "deletions": 1
              }
            }
          },
          {
            "hash": "9d233aeae6f03fd31064db2b7d8e8d567648def0",
            "messageTitle": "Update User Guide",
            "messageBody": "",
            "fileTypesAndContributionMap": {
              "docs": {
                "insertions": 2,
                "deletions": 2
              }
            }
          },
          {
            "hash": "cb88519f1064ae96ba10cb5f93eef537daf75965",
            "messageTitle": "Update PPP",
            "messageBody": "",
            "fileTypesAndContributionMap": {
              "docs": {
                "insertions": 18,
                "deletions": 2
              }
            }
          }
        ]
      }
    ],
    "todoge": [
      {
        "date": "2020-09-22",
        "commitResults": [
          {
            "hash": "5ebf59f5370c768681688c3e3da5f120a944d1eb",
            "messageTitle": "Update gradle",
            "messageBody": "",
            "fileTypesAndContributionMap": {
              "other": {
                "insertions": 3,
                "deletions": 2
              }
            }
          },
          {
            "hash": "3de08dbae9a3afdf7397933d010fc4fb4ecb6be8",
            "messageTitle": "Refactor Person to Patient",
            "messageBody": "",
            "fileTypesAndContributionMap": {
              "functional-code": {
                "insertions": 134,
                "deletions": 134
              },
              "other": {
                "insertions": 78,
                "deletions": 78
              },
              "docs": {
                "insertions": 65,
                "deletions": 65
              },
              "test-code": {
                "insertions": 169,
                "deletions": 169
              }
            }
          },
          {
            "hash": "0d09ae491e575f2ea7a4152ffb6777eef2a3e27d",
            "messageTitle": "Add Nric to Patient class",
            "messageBody": "",
            "fileTypesAndContributionMap": {
              "functional-code": {
                "insertions": 61,
                "deletions": 2
              }
            }
          },
          {
            "hash": "3098f0ffde00d01d12f11e1b71a1e698a36e9f23",
            "messageTitle": "Add Nric field",
            "messageBody": "",
            "fileTypesAndContributionMap": {
              "functional-code": {
                "insertions": 18,
                "deletions": 11
              },
              "other": {
                "insertions": 3,
                "deletions": 3
              }
            }
          }
        ]
      },
      {
        "date": "2020-09-24",
        "commitResults": [
          {
            "hash": "8e6e90e52e0d0938e92dca5f0b630aa0ffe0781a",
            "messageTitle": "Refactor Person to Patient",
            "messageBody": "",
            "fileTypesAndContributionMap": {
              "functional-code": {
                "insertions": 13,
                "deletions": 13
              },
              "other": {
                "insertions": 38,
                "deletions": 38
              },
              "test-code": {
                "insertions": 27,
                "deletions": 27
              }
            }
          },
          {
            "hash": "ac249f489a6ac648bc0f8731d8add2d62129a7c1",
            "messageTitle": "Update Readme",
            "messageBody": "",
            "fileTypesAndContributionMap": {
              "docs": {
                "insertions": 66,
                "deletions": 14
              }
            }
          },
          {
            "hash": "dfbf562497205bd92a48e94f546b8855eae4b52f",
            "messageTitle": "Update Readme",
            "messageBody": "",
            "fileTypesAndContributionMap": {
              "docs": {
                "insertions": 3,
                "deletions": 2
              }
            }
          },
          {
            "hash": "eca4e8054d9c1e978c696eaad8917250cc4ce901",
            "messageTitle": "Update AboutUs",
            "messageBody": "",
            "fileTypesAndContributionMap": {
              "docs": {
                "insertions": 35,
                "deletions": 3
              }
            }
          }
        ]
      },
      {
        "date": "2020-09-28",
        "commitResults": [
          {
            "hash": "8ed99ccf60abc31ad5d49a1b9b0a25f93b89bb17",
            "messageTitle": "Remove template traces",
            "messageBody": "",
            "fileTypesAndContributionMap": {
              "docs": {
                "insertions": 1,
                "deletions": 23
              }
            }
          },
          {
            "hash": "b8dda485d18ac7d1a747292f3b8dfc47d4b40aa8",
            "messageTitle": "Update status badge",
            "messageBody": "",
            "fileTypesAndContributionMap": {
              "docs": {
                "insertions": 1,
                "deletions": 1
              }
            }
          },
          {
            "hash": "d5ab9ad46d503484440c2b91fd2ee043989937b8",
            "messageTitle": "Add testcases to support NRIC",
            "messageBody": "",
            "fileTypesAndContributionMap": {
              "test-code": {
                "insertions": 55,
                "deletions": 64
              }
            }
          },
          {
            "hash": "147bb6e0d7338e302fe2a9915fb77ae0a29ba5b7",
            "messageTitle": "Refactor nric in NRIC to value",
            "messageBody": "",
            "fileTypesAndContributionMap": {
              "functional-code": {
                "insertions": 12,
                "deletions": 11
              },
              "test-code": {
                "insertions": 2,
                "deletions": 2
              }
            }
          },
          {
            "hash": "343e4b472deef5c12e82bfbb04f62f8a60787d25",
            "messageTitle": "Redo Testcases",
            "messageBody": "",
            "fileTypesAndContributionMap": {
              "functional-code": {
                "insertions": 4,
                "deletions": 0
              },
              "test-code": {
                "insertions": 15,
                "deletions": 1
              }
            }
          },
          {
            "hash": "93d0218b7ba804a3fb6b0d39d1a07bc3d3af88ad",
            "messageTitle": "Removed trailing white spaces",
            "messageBody": "",
            "fileTypesAndContributionMap": {
              "docs": {
                "insertions": 21,
                "deletions": 23
              }
            }
          }
        ]
      },
      {
        "date": "2020-09-29",
        "commitResults": [
          {
            "hash": "eb372b2fd34e607a0e57b1bc09dfb59a2336dfd0",
            "messageTitle": "Update UG",
            "messageBody": "",
            "fileTypesAndContributionMap": {
              "docs": {
                "insertions": 10,
                "deletions": 10
              }
            }
          }
        ]
      },
      {
        "date": "2020-10-05",
        "commitResults": [
          {
            "hash": "4d41083fd6efe811c67d267a7ef2e40c073b209b",
            "messageTitle": "Style Hospify",
            "messageBody": "",
            "fileTypesAndContributionMap": {
              "functional-code": {
                "insertions": 73,
                "deletions": 51
              },
              "other": {
                "insertions": 53,
                "deletions": 5
              }
            }
          }
        ]
      },
      {
        "date": "2020-10-11",
        "commitResults": [
          {
            "hash": "bf791baf46f00ea56548829b2b7bfb38fadd3ff7",
            "messageTitle": "Design and Update logo",
            "messageBody": "",
            "fileTypesAndContributionMap": {
              "functional-code": {
                "insertions": 4,
                "deletions": 3
              },
              "test-code": {
                "insertions": 1,
                "deletions": 1
              }
            }
          }
        ]
      },
      {
        "date": "2020-10-12",
        "commitResults": [
          {
            "hash": "2ae39138a603c7ea4d39ba4a6196dc0b3d083513",
            "messageTitle": "Fix Ui bug",
            "messageBody": "",
            "fileTypesAndContributionMap": {
              "functional-code": {
                "insertions": 1,
                "deletions": 1
              }
            }
          },
          {
            "hash": "404f9790b756a41af3fc407f4013fe2aa34e7d8d",
            "messageTitle": "Add CommandDescription for Help Window",
            "messageBody": "",
            "fileTypesAndContributionMap": {
              "functional-code": {
                "insertions": 50,
                "deletions": 0
              }
            }
          },
          {
            "hash": "8c3af6498f8af1671f1dcc5ba29f62d011f01fb5",
            "messageTitle": "Style Help Window",
            "messageBody": "",
            "fileTypesAndContributionMap": {
              "functional-code": {
                "insertions": 110,
                "deletions": 35
              }
            }
          },
          {
            "hash": "07176363e6ab8ff37e4c15845845f1ddfdb36c07",
            "messageTitle": "Rework Help Window",
            "messageBody": "",
            "fileTypesAndContributionMap": {
              "functional-code": {
                "insertions": 57,
                "deletions": 46
              }
            }
          }
        ]
      },
      {
        "date": "2020-10-18",
        "commitResults": [
          {
            "hash": "0fec64e0ce3481562b67c5a1fcabb0437f71d84a",
            "messageTitle": "Update ui",
            "messageBody": "",
            "fileTypesAndContributionMap": {
              "functional-code": {
                "insertions": 44,
                "deletions": 21
              }
            }
          }
        ]
      },
      {
        "date": "2020-10-20",
        "commitResults": [
          {
            "hash": "bb572c24dea7194a664fcb4ccbc15e30583df414",
            "messageTitle": "Fix visual bug",
            "messageBody": "",
            "fileTypesAndContributionMap": {
              "functional-code": {
                "insertions": 16,
                "deletions": 17
              },
              "other": {
                "insertions": 1,
                "deletions": 2
              }
            }
          },
          {
            "hash": "9f0c34c6b8a0b03ad02372ca48589985b3f1baa5",
            "messageTitle": "Add Fx for show appointment",
            "messageBody": "",
            "fileTypesAndContributionMap": {
              "functional-code": {
                "insertions": 72,
                "deletions": 1
              }
            }
          },
          {
            "hash": "3280c3145979a07ea852601856b6806759d42d3a",
            "messageTitle": "Add ShowAppt command",
            "messageBody": "",
            "fileTypesAndContributionMap": {
              "functional-code": {
                "insertions": 108,
                "deletions": 1
              }
            }
          },
          {
            "hash": "ad243380ec6bafea8ed2125bda6598a0830c4030",
            "messageTitle": "Parse ShowAppt command",
            "messageBody": "",
            "fileTypesAndContributionMap": {
              "functional-code": {
                "insertions": 22,
                "deletions": 1
              }
            }
          },
          {
            "hash": "f1cca148ad3e99214ae923ec716284235c7c8052",
            "messageTitle": "Work on showAppt",
            "messageBody": "",
            "fileTypesAndContributionMap": {
              "functional-code": {
                "insertions": 13,
                "deletions": 2
              }
            }
          },
          {
            "hash": "4ced952e32da63def754c4b6a77f6bbd26518bc1",
            "messageTitle": "Fix styling issue",
            "messageBody": "",
            "fileTypesAndContributionMap": {
              "functional-code": {
                "insertions": 2,
                "deletions": 6
              }
            }
          },
          {
            "hash": "8503fd66eaa5654dae6b679d2bf3754a91ea7cc4",
            "messageTitle": "Update MSS for show Appointments",
            "messageBody": "",
            "fileTypesAndContributionMap": {
              "docs": {
                "insertions": 27,
                "deletions": 5
              }
            }
          },
          {
            "hash": "5cfac60bb5f25729f5c5261574fbcfab1001385d",
            "messageTitle": "Work on show appointment feature",
            "messageBody": "",
            "fileTypesAndContributionMap": {
              "functional-code": {
                "insertions": 51,
                "deletions": 0
              }
            }
          }
        ]
      },
      {
        "date": "2020-10-21",
        "commitResults": [
          {
            "hash": "97d98d3171315181730b009caa7419cc4182c66a",
            "messageTitle": "Create window to show appointments in a tableview",
            "messageBody": "",
            "fileTypesAndContributionMap": {
              "functional-code": {
                "insertions": 89,
                "deletions": 25
              }
            }
          },
          {
            "hash": "2e41cb85b898431ec955367123d94d469ea1774a",
            "messageTitle": "Style Appointment Window",
            "messageBody": "",
            "fileTypesAndContributionMap": {
              "functional-code": {
                "insertions": 80,
                "deletions": 8
              }
            }
          },
          {
            "hash": "127b203fb4f5e0a81969a54a61498dc38b2e5915",
            "messageTitle": "Fix styling issues",
            "messageBody": "",
            "fileTypesAndContributionMap": {
              "functional-code": {
                "insertions": 20,
                "deletions": 4
              }
            }
          },
          {
            "hash": "88204e4cf883b7424a2bbf34ce27786d2e6ef878",
            "messageTitle": "Add fx skeleton for showing number of tasks",
            "messageBody": "",
            "fileTypesAndContributionMap": {
              "functional-code": {
                "insertions": 37,
                "deletions": 21
              }
            }
          },
          {
            "hash": "806f0a611b32d865ee515fbbeda9b2def793aa1c",
            "messageTitle": "Add number of appointments to patient card",
            "messageBody": "",
            "fileTypesAndContributionMap": {
              "functional-code": {
                "insertions": 21,
                "deletions": 9
              }
            }
          }
        ]
      },
      {
        "date": "2020-10-24",
        "commitResults": [
          {
            "hash": "8285b02c101ed6c55003f6865866aabd91d5c5bf",
            "messageTitle": "Fix visual bug with showAppt",
            "messageBody": "",
            "fileTypesAndContributionMap": {
              "functional-code": {
                "insertions": 4,
                "deletions": 0
              }
            }
          },
          {
            "hash": "46952fd4025eb637a80474c6fa23c002b6401e6c",
            "messageTitle": "Change number of appointments to upcoming appointments",
            "messageBody": "",
            "fileTypesAndContributionMap": {
              "functional-code": {
                "insertions": 13,
                "deletions": 3
              }
            }
          }
        ]
      },
      {
        "date": "2020-10-27",
        "commitResults": [
          {
            "hash": "ce76712234e7505eb53c440ca1c9c80621700dc9",
            "messageTitle": "Make getAppointmentTimeString static to allow dateTime to be parsed from outside Appointment",
            "messageBody": "",
            "fileTypesAndContributionMap": {
              "functional-code": {
                "insertions": 6,
                "deletions": 3
              }
            }
          },
          {
            "hash": "3fbcc7b168a0206ed195eddcad1b6e0c048033d9",
            "messageTitle": "Update Appointment Window sort policy",
            "messageBody": "",
            "fileTypesAndContributionMap": {
              "functional-code": {
                "insertions": 30,
                "deletions": 25
              }
            }
          },
          {
            "hash": "1ac64306edca7ce0d363d2cef2231d746ae02c98",
            "messageTitle": "Show Appointment by double clicking patient\u0027s card",
            "messageBody": "",
            "fileTypesAndContributionMap": {
              "functional-code": {
                "insertions": 12,
                "deletions": 1
              }
            }
          },
          {
            "hash": "ccf7b3d9592059c8d22d2c4827f971b2cfe91c61",
            "messageTitle": "Check style",
            "messageBody": "",
            "fileTypesAndContributionMap": {
              "functional-code": {
                "insertions": 1,
                "deletions": 3
              },
              "docs": {
                "insertions": 16,
                "deletions": 8
              }
            }
          },
          {
            "hash": "8deaeb91eb9cc2f719abe52d078c13d7e048b4a2",
            "messageTitle": "Allow only one instance of Appointment window",
            "messageBody": "",
            "fileTypesAndContributionMap": {
              "functional-code": {
                "insertions": 29,
                "deletions": 4
              }
            }
          },
          {
            "hash": "91388d3b376a64a10f3ba233609dcd36792b0804",
            "messageTitle": "Update Help Window",
            "messageBody": "",
            "fileTypesAndContributionMap": {
              "functional-code": {
                "insertions": 20,
                "deletions": 2
              }
            }
          },
          {
            "hash": "fba7767a32c90f0fb173a2bd462b9cfe79bad48c",
            "messageTitle": "Edit Appointments section",
            "messageBody": "",
            "fileTypesAndContributionMap": {
              "docs": {
                "insertions": 7,
                "deletions": 5
              }
            }
          },
          {
            "hash": "46ee00b2fea31dc24b6b600aae400a6990b33939",
            "messageTitle": "Add activity diagram",
            "messageBody": "",
            "fileTypesAndContributionMap": {
              "docs": {
                "insertions": 44,
                "deletions": 0
              }
            }
          }
        ]
      },
      {
        "date": "2020-10-29",
        "commitResults": [
          {
            "hash": "b308ce41d19f090c1800d8d784478303bae17193",
            "messageTitle": "Update UG and DG",
            "messageBody": "",
            "fileTypesAndContributionMap": {
              "docs": {
                "insertions": 25,
                "deletions": 4
              }
            }
          },
          {
            "hash": "830497215fb01585548c514afeb9e0e5580247bd",
            "messageTitle": "Update error message and fix assertion error",
            "messageBody": "",
            "fileTypesAndContributionMap": {
              "functional-code": {
                "insertions": 3,
                "deletions": 3
              }
            }
          },
          {
            "hash": "b24cd4c57252ea82bdaf32cfb892422c9065f14e",
            "messageTitle": "Update UG",
            "messageBody": "",
            "fileTypesAndContributionMap": {
              "docs": {
                "insertions": 36,
                "deletions": 0
              }
            }
          },
          {
            "hash": "476b29a3d7f8edcfb1419c23e7eb55ee7f0828f0",
            "messageTitle": "Update sample hospify data",
            "messageBody": "",
            "fileTypesAndContributionMap": {
              "functional-code": {
                "insertions": 43,
                "deletions": 23
              }
            }
          }
        ]
      },
      {
        "date": "2020-10-30",
        "commitResults": [
          {
            "hash": "f8c5c6169924762dcd6d6b2b5cd1ae347f4a3d9f",
            "messageTitle": "Update UG",
            "messageBody": "",
            "fileTypesAndContributionMap": {
              "docs": {
                "insertions": 8,
                "deletions": 6
              }
            }
          },
          {
            "hash": "cc93a8ead42e5f03ac24e8f743c7099f2fa5aa1d",
            "messageTitle": "Update DG",
            "messageBody": "",
            "fileTypesAndContributionMap": {
              "docs": {
                "insertions": 139,
                "deletions": 11
              }
            }
          },
          {
            "hash": "d8529c06a3ba40bad1329db76732884250e9244a",
            "messageTitle": "Fix styling issues",
            "messageBody": "",
            "fileTypesAndContributionMap": {
              "docs": {
                "insertions": 27,
                "deletions": 5
              }
            }
          }
        ]
      },
      {
        "date": "2020-11-03",
        "commitResults": [
          {
            "hash": "418866ce725535926b8298e1bd62ae239c3ab5d7",
            "messageTitle": "Fix bugs",
            "messageBody": "",
            "fileTypesAndContributionMap": {
              "functional-code": {
                "insertions": 48,
                "deletions": 7
              }
            }
          }
        ]
      }
    ],
    "Ringo1225": [
      {
        "date": "2020-09-28",
        "commitResults": [
          {
            "hash": "f0d0dab2da5674b920a23444510e9f20ecadb997",
            "messageTitle": "update AboutUs",
            "messageBody": "",
            "fileTypesAndContributionMap": {
              "docs": {
                "insertions": 37,
                "deletions": 4
              }
            }
          },
          {
            "hash": "3ed05a15d02f511a479ba0e106017e2b41361753",
            "messageTitle": "Handle DuplicateNricException",
            "messageBody": "",
            "fileTypesAndContributionMap": {
              "functional-code": {
                "insertions": 44,
                "deletions": 0
              }
            }
          }
        ]
      },
      {
        "date": "2020-10-07",
        "commitResults": [
          {
            "hash": "2ec86fcc5ccbe3097e3645f2f3f5f1c02ca8c90b",
            "messageTitle": "Fix bugs for \u0027delete\u0027 feature and add testcases",
            "messageBody": "",
            "fileTypesAndContributionMap": {
              "functional-code": {
                "insertions": 9,
                "deletions": 5
              },
              "test-code": {
                "insertions": 22,
                "deletions": 0
              }
            }
          }
        ]
      },
      {
        "date": "2020-10-10",
        "commitResults": [
          {
            "hash": "4120a66326c32d82283c0a9318b4df1d3d0e8274",
            "messageTitle": "Rewrite equals method in deleteCommand to include comparison of NRIC",
            "messageBody": "",
            "fileTypesAndContributionMap": {
              "functional-code": {
                "insertions": 3,
                "deletions": 1
              }
            }
          },
          {
            "hash": "0ea861bd5bbe788d02d6e65893795286e77b1671",
            "messageTitle": "Use Optional to wrap up targetIndex and targetNric, rewrite equals method",
            "messageBody": "",
            "fileTypesAndContributionMap": {
              "functional-code": {
                "insertions": 32,
                "deletions": 13
              }
            }
          },
          {
            "hash": "69527292c22daf1d2463b95ba9aeedd326a0ac19",
            "messageTitle": "Add test cases for delete command",
            "messageBody": "",
            "fileTypesAndContributionMap": {
              "test-code": {
                "insertions": 32,
                "deletions": 0
              }
            }
          }
        ]
      },
      {
        "date": "2020-10-11",
        "commitResults": [
          {
            "hash": "203c6fba277db977ccf1f5f66b7beb8bcaecfb66",
            "messageTitle": "Add test cases for count feature",
            "messageBody": "",
            "fileTypesAndContributionMap": {
              "test-code": {
                "insertions": 44,
                "deletions": 1
              }
            }
          },
          {
            "hash": "c9e82179c3795f4ac341faaf1f6ff2727637a9f1",
            "messageTitle": "Resolve conflicts on \"checkstyle\"",
            "messageBody": "",
            "fileTypesAndContributionMap": {
              "test-code": {
                "insertions": 0,
                "deletions": 1
              }
            }
          }
        ]
      },
      {
        "date": "2020-10-17",
        "commitResults": [
          {
            "hash": "8e5e8ad710584db8f64a8e6f95ffa954c22ccb1a",
            "messageTitle": "Enable Assertion in gradle",
            "messageBody": "",
            "fileTypesAndContributionMap": {
              "other": {
                "insertions": 4,
                "deletions": 0
              }
            }
          },
          {
            "hash": "2707e999e0ae5a6e2fc508ec61c19a2ba738d99c",
            "messageTitle": "Add AddAppCommand and DeleteAppCommand Class",
            "messageBody": "",
            "fileTypesAndContributionMap": {
              "functional-code": {
                "insertions": 13,
                "deletions": 4
              }
            }
          },
          {
            "hash": "f73b2589e31110a31259766e4fff55ec2844cb9a",
            "messageTitle": "Add AddApptCommand feature",
            "messageBody": "",
            "fileTypesAndContributionMap": {
              "functional-code": {
                "insertions": 216,
                "deletions": 18
              },
              "other": {
                "insertions": 1,
                "deletions": 2
              },
              "test-code": {
                "insertions": 14,
                "deletions": 1
              }
            }
          },
          {
            "hash": "602879bed81b759bd85c99e5d3de0b859da2e3ec",
            "messageTitle": "Add Json file for appointment",
            "messageBody": "",
            "fileTypesAndContributionMap": {
              "functional-code": {
                "insertions": 62,
                "deletions": 1
              },
              "test-code": {
                "insertions": 20,
                "deletions": 11
              }
            }
          }
        ]
      },
      {
        "date": "2020-10-18",
        "commitResults": [
          {
            "hash": "3519f12a35d3d7e17a3b1a505f0fb0120d667c08",
            "messageTitle": "Reformat the date input and fix bugs",
            "messageBody": "",
            "fileTypesAndContributionMap": {
              "functional-code": {
                "insertions": 20,
                "deletions": 11
              }
            }
          },
          {
            "hash": "e12c2d2031df2c4d1fc891c5ae4a67218a718e66",
            "messageTitle": "resolve conflicts",
            "messageBody": "",
            "fileTypesAndContributionMap": {
              "functional-code": {
                "insertions": 2,
                "deletions": 2
              }
            }
          },
          {
            "hash": "cae43f1b44fa33b6057066ae19080e245a7f8090",
            "messageTitle": "Resolve conflicts",
            "messageBody": "",
            "fileTypesAndContributionMap": {
              "functional-code": {
                "insertions": 2,
                "deletions": 17
              }
            }
          },
          {
            "hash": "2dee1edaba994978b5c5dc3b13627f1e2ad1949a",
            "messageTitle": "Fix minor bugs",
            "messageBody": "",
            "fileTypesAndContributionMap": {
              "functional-code": {
                "insertions": 12,
                "deletions": 9
              }
            }
          },
          {
            "hash": "3633842dca5c7ecc1609f56e2b37531f1e78a9b9",
            "messageTitle": "Fix bugs when loading the Json file",
            "messageBody": "",
            "fileTypesAndContributionMap": {
              "functional-code": {
                "insertions": 3,
                "deletions": 3
              }
            }
          },
          {
            "hash": "3bc8dbe4f981ddaec193e067303ef796d697e628",
            "messageTitle": "Fix CheckStyle error",
            "messageBody": "",
            "fileTypesAndContributionMap": {
              "functional-code": {
                "insertions": 0,
                "deletions": 1
              }
            }
          },
          {
            "hash": "ccfc9bc41748f2793398d553b04e9c619500c695",
            "messageTitle": "Update the format of date to also accept d/M/yyyy HH:mm",
            "messageBody": "",
            "fileTypesAndContributionMap": {
              "functional-code": {
                "insertions": 3,
                "deletions": 3
              }
            }
          }
        ]
      },
      {
        "date": "2020-10-19",
        "commitResults": [
          {
            "hash": "58a7c4d6b9374e8a25cd10746ff1b7bc67d72dc2",
            "messageTitle": "Add assertion and logging",
            "messageBody": "",
            "fileTypesAndContributionMap": {
              "functional-code": {
                "insertions": 7,
                "deletions": 5
              }
            }
          }
        ]
      },
      {
        "date": "2020-10-20",
        "commitResults": [
          {
            "hash": "7b2a34fd4e505614864d223a66bbdf66c5dd9c29",
            "messageTitle": "Edit logger",
            "messageBody": "",
            "fileTypesAndContributionMap": {
              "functional-code": {
                "insertions": 2,
                "deletions": 2
              }
            }
          },
          {
            "hash": "9b0b7b5913e424028310097f4bc5bcdf1054d513",
            "messageTitle": "edit preference.Json",
            "messageBody": "",
            "fileTypesAndContributionMap": {
              "other": {
                "insertions": 3,
                "deletions": 4
              }
            }
          },
          {
            "hash": "baa929b7219aae4f7fa0926919335ac61fbde7d9",
            "messageTitle": "edit path in preference.Json",
            "messageBody": "",
            "fileTypesAndContributionMap": {
              "other": {
                "insertions": 1,
                "deletions": 1
              }
            }
          },
          {
            "hash": "e2653bc9bb9d2377e70bd925133f512ed2937b9e",
            "messageTitle": "add new line at EOF",
            "messageBody": "",
            "fileTypesAndContributionMap": {
              "other": {
                "insertions": 1,
                "deletions": 1
              }
            }
          }
        ]
      },
      {
        "date": "2020-10-24",
        "commitResults": [
          {
            "hash": "c070fcdb863bfac531c07149700e9e42fe63cac4",
            "messageTitle": "add exception handling for missing timing in addAppt",
            "messageBody": "",
            "fileTypesAndContributionMap": {
              "functional-code": {
                "insertions": 6,
                "deletions": 0
              }
            }
          },
          {
            "hash": "fc71d0bb109e6e9691c4fc3828f6f4bc9f28d0d5",
            "messageTitle": "update error message for addAppt",
            "messageBody": "",
            "fileTypesAndContributionMap": {
              "functional-code": {
                "insertions": 11,
                "deletions": 2
              }
            }
          },
          {
            "hash": "fec2949a1d24bac25a359c7cf5db667af708fcbc",
            "messageTitle": "add setDescription method in Appointment class",
            "messageBody": "",
            "fileTypesAndContributionMap": {
              "functional-code": {
                "insertions": 8,
                "deletions": 0
              }
            }
          }
        ]
      },
      {
        "date": "2020-10-26",
        "commitResults": [
          {
            "hash": "62247005079c3c73377916867f3a0b42ce0ad6a9",
            "messageTitle": "update addApptCommand class",
            "messageBody": "",
            "fileTypesAndContributionMap": {
              "functional-code": {
                "insertions": 7,
                "deletions": 2
              }
            }
          },
          {
            "hash": "6a1a17539f1d2c6a8faa4b43d300234c3daa9dfe",
            "messageTitle": "parse description in AddApptCommandParser",
            "messageBody": "",
            "fileTypesAndContributionMap": {
              "functional-code": {
                "insertions": 6,
                "deletions": 1
              }
            }
          },
          {
            "hash": "d74f052346300a683e42f819a2ff3f25ae9a0b79",
            "messageTitle": "update parseAppointment method",
            "messageBody": "",
            "fileTypesAndContributionMap": {
              "functional-code": {
                "insertions": 18,
                "deletions": 13
              }
            }
          },
          {
            "hash": "99ad16a2ac5baee697e737bd661efeed3a2d8ed2",
            "messageTitle": "Finish the description feature for appt",
            "messageBody": "",
            "fileTypesAndContributionMap": {
              "functional-code": {
                "insertions": 54,
                "deletions": 13
              }
            }
          }
        ]
      },
      {
        "date": "2020-10-27",
        "commitResults": [
          {
            "hash": "23b7e4271d8f706b05a4a6a4e215556a6bcd0c73",
            "messageTitle": "fix bugs for description in editAppt",
            "messageBody": "",
            "fileTypesAndContributionMap": {
              "functional-code": {
                "insertions": 8,
                "deletions": 4
              }
            }
          },
          {
            "hash": "25db0d70c932dea119d124f855802b704e56f516",
            "messageTitle": "delete some unnecessary assertions",
            "messageBody": "",
            "fileTypesAndContributionMap": {
              "functional-code": {
                "insertions": 0,
                "deletions": 4
              }
            }
          },
          {
            "hash": "c32b58d527387d960ada3dd41af29db332d784f3",
            "messageTitle": "Update addAppt to use Nric",
            "messageBody": "",
            "fileTypesAndContributionMap": {
              "functional-code": {
                "insertions": 20,
                "deletions": 17
              }
            }
          },
          {
            "hash": "3e21c762f6b0a613513185e3fc1910495b06f7d2",
            "messageTitle": "update deleteAppt to use Nric",
            "messageBody": "",
            "fileTypesAndContributionMap": {
              "functional-code": {
                "insertions": 22,
                "deletions": 18
              }
            }
          },
          {
            "hash": "a805418ef7967f6bf0641ef0fc43e3fa2a16630b",
            "messageTitle": "update editAppt to use Nric",
            "messageBody": "",
            "fileTypesAndContributionMap": {
              "functional-code": {
                "insertions": 21,
                "deletions": 18
              }
            }
          },
          {
            "hash": "4b700081562c2aff3b1ce03cf761ef534f4bf3bd",
            "messageTitle": "refactor the ApptCommandParsers into a new package",
            "messageBody": "",
            "fileTypesAndContributionMap": {
              "functional-code": {
                "insertions": 4,
                "deletions": 0
              },
              "other": {
                "insertions": 16,
                "deletions": 4
              }
            }
          },
          {
            "hash": "b80a1479d9e1f76e38132361749039168690d53d",
            "messageTitle": "Add find feature in DG",
            "messageBody": "",
            "fileTypesAndContributionMap": {
              "docs": {
                "insertions": 39,
                "deletions": 0
              }
            }
          },
          {
            "hash": "66674553597ee6f00de12462f52cabafb7caf40d",
            "messageTitle": "update delete feature in UG",
            "messageBody": "",
            "fileTypesAndContributionMap": {
              "docs": {
                "insertions": 34,
                "deletions": 6
              }
            }
          }
        ]
      },
      {
        "date": "2020-10-31",
        "commitResults": [
          {
            "hash": "c58ea6115b3c64da163e3f13afd61b43e6468512",
            "messageTitle": "add AppointmentTest class",
            "messageBody": "",
            "fileTypesAndContributionMap": {
              "functional-code": {
                "insertions": 2,
                "deletions": 0
              },
              "test-code": {
                "insertions": 85,
                "deletions": 0
              }
            }
          },
          {
            "hash": "edd68206e75051ec69bd5c3d77a4138f18def7d9",
            "messageTitle": "new package for apptCommandTest",
            "messageBody": "",
            "fileTypesAndContributionMap": {
              "functional-code": {
                "insertions": 2,
                "deletions": 0
              },
              "test-code": {
                "insertions": 31,
                "deletions": 0
              }
            }
          },
          {
            "hash": "59e903e0716ea6dfdee451395aa2baa5bf99f2ab",
            "messageTitle": "add constructor testing",
            "messageBody": "",
            "fileTypesAndContributionMap": {
              "functional-code": {
                "insertions": 5,
                "deletions": 0
              },
              "test-code": {
                "insertions": 30,
                "deletions": 0
              }
            }
          },
          {
            "hash": "2e5e03cd467d482474281b90eca2c3716c619dfd",
            "messageTitle": "refactor package name",
            "messageBody": "",
            "fileTypesAndContributionMap": {
              "other": {
                "insertions": 3,
                "deletions": 3
              },
              "test-code": {
                "insertions": 4,
                "deletions": 4
              }
            }
          },
          {
            "hash": "5fa38c77fc8eb4bce18230b81c2c8117ca94645b",
            "messageTitle": "refactor some file name",
            "messageBody": "",
            "fileTypesAndContributionMap": {
              "functional-code": {
                "insertions": 4,
                "deletions": 4
              },
              "other": {
                "insertions": 4,
                "deletions": 4
              }
            }
          }
        ]
      },
      {
        "date": "2020-11-01",
        "commitResults": [
          {
            "hash": "9836d826f6c2af9e6254733e40bbc5daaea338fb",
            "messageTitle": "Fix isValidAppt bug",
            "messageBody": "",
            "fileTypesAndContributionMap": {
              "functional-code": {
                "insertions": 8,
                "deletions": 2
              }
            }
          }
        ]
      }
    ],
    "GabrielTeo": [
      {
        "date": "2020-09-27",
        "commitResults": [
          {
            "hash": "5ef72cc95a95e7ab7d376c5a840e27f48cc161e5",
            "messageTitle": "Update AboutUs",
            "messageBody": "",
            "fileTypesAndContributionMap": {
              "docs": {
                "insertions": 38,
                "deletions": 5
              }
            }
          },
          {
            "hash": "f86b1c3bdcfc92467f3f9ca8e65dc2c42991cfa5",
            "messageTitle": "update Developer Guide and fix typos in README",
            "messageBody": "",
            "fileTypesAndContributionMap": {
              "docs": {
                "insertions": 101,
                "deletions": 24
              }
            }
          }
        ]
      },
      {
        "date": "2020-10-03",
        "commitResults": [
          {
            "hash": "c4ec2fca70f35ec6d84229311281563c3f2ec008",
            "messageTitle": "find NRIC command",
            "messageBody": "",
            "fileTypesAndContributionMap": {
              "functional-code": {
                "insertions": 7,
                "deletions": 6
              },
              "other": {
                "insertions": 17,
                "deletions": 16
              },
              "test-code": {
                "insertions": 18,
                "deletions": 18
              }
            }
          },
          {
            "hash": "b36544b967cdb4cf7a0621b4ad4cca43c5cc6db9",
            "messageTitle": "delete NRIC command",
            "messageBody": "",
            "fileTypesAndContributionMap": {
              "functional-code": {
                "insertions": 42,
                "deletions": 7
              }
            }
          },
          {
            "hash": "2ef27b4b877a5335e96e4a1436e54fe352a451bb",
            "messageTitle": "fix checkstyle error",
            "messageBody": "",
            "fileTypesAndContributionMap": {
              "functional-code": {
                "insertions": 2,
                "deletions": 2
              }
            }
          },
          {
            "hash": "5dfc43f1d5916f5871fe1d690042b2817ad371ed",
            "messageTitle": "fix checkstyle error",
            "messageBody": "",
            "fileTypesAndContributionMap": {
              "functional-code": {
                "insertions": 0,
                "deletions": 13
              }
            }
          },
          {
            "hash": "d141715e7c7d5c49feed03c5b84b5afe970db464",
            "messageTitle": "Update AboutUs",
            "messageBody": "",
            "fileTypesAndContributionMap": {
              "docs": {
                "insertions": 3,
                "deletions": 1
              }
            }
          }
        ]
      },
      {
        "date": "2020-10-04",
        "commitResults": [
          {
            "hash": "fc4ecb979893a1589517b6bcbff4a654296e6334",
            "messageTitle": "Add base colors",
            "messageBody": "",
            "fileTypesAndContributionMap": {
              "functional-code": {
                "insertions": 3,
                "deletions": 3
              }
            }
          },
          {
            "hash": "06fd9db9b28f2448bbc20568fa66e053c19656f9",
            "messageTitle": "update AboutUs",
            "messageBody": "",
            "fileTypesAndContributionMap": {
              "docs": {
                "insertions": 1,
                "deletions": 0
              }
            }
          }
        ]
      },
      {
        "date": "2020-10-12",
        "commitResults": [
          {
            "hash": "74462751cb4c33259aabe4c6875cc889ac341747",
            "messageTitle": "edit help command",
            "messageBody": "",
            "fileTypesAndContributionMap": {
              "functional-code": {
                "insertions": 47,
                "deletions": 17
              },
              "docs": {
                "insertions": 7,
                "deletions": 7
              },
              "test-code": {
                "insertions": 59,
                "deletions": 59
              }
            }
          },
          {
            "hash": "97acdc0cafd4aa2d1cc82f818dafdb5b6c28a9be",
            "messageTitle": "update App window heading and bottom path display",
            "messageBody": "",
            "fileTypesAndContributionMap": {
              "functional-code": {
                "insertions": 7,
                "deletions": 4
              },
              "other": {
                "insertions": 11,
                "deletions": 0
              }
            }
          },
          {
            "hash": "c4ab5372a44cb452c3796e15f0535151cf644833",
            "messageTitle": "fix CI check fail",
            "messageBody": "",
            "fileTypesAndContributionMap": {
              "other": {
                "insertions": 1,
                "deletions": 1
              }
            }
          },
          {
            "hash": "fe405f27c8174a3c8a0955843576d2ed6e93b125",
            "messageTitle": "Update docs",
            "messageBody": "",
            "fileTypesAndContributionMap": {
              "functional-code": {
                "insertions": 1,
                "deletions": 1
              },
              "other": {
                "insertions": 1,
                "deletions": 1
              },
              "docs": {
                "insertions": 43,
                "deletions": 21
              }
            }
          },
          {
            "hash": "7a28907eaaa22377dc1877bd71035f8b847046e1",
            "messageTitle": "Untrack to fix failing CI",
            "messageBody": "",
            "fileTypesAndContributionMap": {
              "other": {
                "insertions": 0,
                "deletions": 11
              }
            }
          },
          {
            "hash": "b2f57ff1a1c6ed868bd138249d0edeab0dd98f4c",
            "messageTitle": "fix minor UG formatting",
            "messageBody": "",
            "fileTypesAndContributionMap": {
              "docs": {
                "insertions": 1,
                "deletions": 0
              }
            }
          },
          {
            "hash": "3504c3e61dac789c92a33fa35d4c5bda96a341bb",
            "messageTitle": "Update command desc and help display",
            "messageBody": "",
            "fileTypesAndContributionMap": {
              "functional-code": {
                "insertions": 19,
                "deletions": 17
              },
              "docs": {
                "insertions": 21,
                "deletions": 19
              }
            }
          }
        ]
      },
      {
        "date": "2020-10-17",
        "commitResults": [
          {
            "hash": "5a15f6cf47fc195a3fa40ea71c7d2ecd84df9eb3",
            "messageTitle": "Add Appointment Class",
            "messageBody": "",
            "fileTypesAndContributionMap": {
              "functional-code": {
                "insertions": 45,
                "deletions": 0
              }
            }
          },
          {
            "hash": "be8b938230445417dce3e22aec592465ff02cc61",
            "messageTitle": "fix Checkstyle errors",
            "messageBody": "",
            "fileTypesAndContributionMap": {
              "functional-code": {
                "insertions": 5,
                "deletions": 2
              }
            }
          }
        ]
      },
      {
        "date": "2020-10-18",
        "commitResults": [
          {
            "hash": "439ba0468a8b0138e2c91be4433db15cea37c6d4",
            "messageTitle": "Added enhancements to Appointment class",
            "messageBody": "",
            "fileTypesAndContributionMap": {
              "functional-code": {
                "insertions": 68,
                "deletions": 7
              },
              "test-code": {
                "insertions": 12,
                "deletions": 0
              }
            }
          },
          {
            "hash": "d9884ecd72620849c83566f72a349207f9f4be5f",
            "messageTitle": "Fix Checkstyle errors",
            "messageBody": "",
            "fileTypesAndContributionMap": {
              "functional-code": {
                "insertions": 2,
                "deletions": 2
              }
            }
          },
          {
            "hash": "a8bf525ed1124f52a987c1771f636284c915f116",
            "messageTitle": "Fix Checkstyle errors",
            "messageBody": "",
            "fileTypesAndContributionMap": {
              "test-code": {
                "insertions": 3,
                "deletions": 2
              }
            }
          }
        ]
      },
      {
        "date": "2020-10-19",
        "commitResults": [
          {
            "hash": "a2df9531906cae5e51f0b68b5326f0daec647b77",
            "messageTitle": "Refactor Hospify and update DG",
            "messageBody": "",
            "fileTypesAndContributionMap": {
              "functional-code": {
                "insertions": 39,
                "deletions": 34
              },
              "other": {
                "insertions": 1,
                "deletions": 1
              },
              "docs": {
                "insertions": 73,
                "deletions": 28
              },
              "test-code": {
                "insertions": 8,
                "deletions": 10
              }
            }
          },
          {
            "hash": "6847b5505ecce07323195f91f2d5fa86f68aedc5",
            "messageTitle": "Update docs",
            "messageBody": "",
            "fileTypesAndContributionMap": {
              "docs": {
                "insertions": 1,
                "deletions": 0
              }
            }
          },
          {
            "hash": "974a6cea3f6de2ff3bc44b87ec492ea2d0ca9c68",
            "messageTitle": "Fix Checkstyle errors",
            "messageBody": "",
            "fileTypesAndContributionMap": {
              "functional-code": {
                "insertions": 7,
                "deletions": 7
              },
              "other": {
                "insertions": 1,
                "deletions": 1
              }
            }
          }
        ]
      },
      {
        "date": "2020-10-20",
        "commitResults": [
          {
            "hash": "c70bd2a9167d8f2f91c92a03b68f9a228746702c",
            "messageTitle": "add duplicate appointment exception",
            "messageBody": "",
            "fileTypesAndContributionMap": {
              "functional-code": {
                "insertions": 9,
                "deletions": 2
              }
            }
          }
        ]
      },
      {
        "date": "2020-10-21",
        "commitResults": [
          {
            "hash": "8e106c37390d8ca269abee5a698f439c3b98518f",
            "messageTitle": "add description for appointment and methods for UI rendering",
            "messageBody": "",
            "fileTypesAndContributionMap": {
              "functional-code": {
                "insertions": 78,
                "deletions": 14
              }
            }
          },
          {
            "hash": "d261374fedd8818a4b6526346fd92210a5b1ad27",
            "messageTitle": "minor bug fixes",
            "messageBody": "",
            "fileTypesAndContributionMap": {
              "functional-code": {
                "insertions": 1,
                "deletions": 1
              }
            }
          },
          {
            "hash": "3958d14140eb7a7b62b68358e578522aba702b31",
            "messageTitle": "update docs",
            "messageBody": "",
            "fileTypesAndContributionMap": {
              "docs": {
                "insertions": 1,
                "deletions": 1
              }
            }
          },
          {
            "hash": "c37f3c7491cd29194fcee874ca0d4ddd2763fe08",
            "messageTitle": "Bug fixes",
            "messageBody": "",
            "fileTypesAndContributionMap": {
              "functional-code": {
                "insertions": 1,
                "deletions": 1
              },
              "docs": {
                "insertions": 1,
                "deletions": 1
              }
            }
          },
          {
            "hash": "5bb796f8f8a62553b255f74bb6f88c5998795420",
            "messageTitle": "trial JAR release",
            "messageBody": "",
            "fileTypesAndContributionMap": {
              "functional-code": {
                "insertions": 1,
                "deletions": 1
              },
              "docs": {
                "insertions": 1,
                "deletions": 0
              }
            }
          },
          {
            "hash": "d8bc13c4655c679a8ce278b205805bff6203e3fc",
            "messageTitle": "Update JAR link",
            "messageBody": "",
            "fileTypesAndContributionMap": {
              "docs": {
                "insertions": 1,
                "deletions": 1
              }
            }
          }
        ]
      },
      {
        "date": "2020-10-23",
        "commitResults": [
          {
            "hash": "58b5a2e99e5e0417a208cbb087c698fc77134ab1",
            "messageTitle": "Fix prefs and storage filepath bugs",
            "messageBody": "",
            "fileTypesAndContributionMap": {
              "functional-code": {
                "insertions": 113,
                "deletions": 112
              },
              "other": {
                "insertions": 19,
                "deletions": 19
              },
              "test-code": {
                "insertions": 141,
                "deletions": 141
              }
            }
          },
          {
            "hash": "f6357b3ade192a6498a2d30b343dd9814a32cf2d",
            "messageTitle": "add DeleteApptCommand",
            "messageBody": "",
            "fileTypesAndContributionMap": {
              "functional-code": {
                "insertions": 190,
                "deletions": 7
              },
              "docs": {
                "insertions": 7,
                "deletions": 2
              }
            }
          }
        ]
      },
      {
        "date": "2020-10-24",
        "commitResults": [
          {
            "hash": "8fa35210d76f642a1dcba7b4694d2d6478443693",
            "messageTitle": "add EditApptCommand",
            "messageBody": "",
            "fileTypesAndContributionMap": {
              "functional-code": {
                "insertions": 196,
                "deletions": 7
              },
              "docs": {
                "insertions": 8,
                "deletions": 4
              }
            }
          },
          {
            "hash": "8c89530783e47a5d11ef27f7ba681abece9621aa",
            "messageTitle": "update docs",
            "messageBody": "",
            "fileTypesAndContributionMap": {
              "docs": {
                "insertions": 1,
                "deletions": 1
              }
            }
          },
          {
            "hash": "a994903451db9c1c45f264369bc9b3a0239c6b3a",
            "messageTitle": "Update docs",
            "messageBody": "",
            "fileTypesAndContributionMap": {
              "docs": {
                "insertions": 20,
                "deletions": 16
              }
            }
          },
          {
            "hash": "506faca99780b782bd490bf5f1703e201ca1e2a5",
            "messageTitle": "Update docs",
            "messageBody": "",
            "fileTypesAndContributionMap": {
              "docs": {
                "insertions": 2,
                "deletions": 2
              }
            }
          }
        ]
      },
      {
        "date": "2020-10-27",
        "commitResults": [
          {
            "hash": "a09f57efba524b5164c62de6072961c379e3d32f",
            "messageTitle": "Update docs",
            "messageBody": "",
            "fileTypesAndContributionMap": {
              "docs": {
                "insertions": 7,
                "deletions": 7
              }
            }
          },
          {
            "hash": "d29c88fafbb628b005808a7c6a3c53dc1f00cb7f",
            "messageTitle": "Update docs",
            "messageBody": "",
            "fileTypesAndContributionMap": {
              "docs": {
                "insertions": 1,
                "deletions": 1
              }
            }
          },
          {
            "hash": "5b7f519fa15b1ff05ca4ecfca398596f24d5428c",
            "messageTitle": "Fix EditApptCommand bug",
            "messageBody": "",
            "fileTypesAndContributionMap": {
              "functional-code": {
                "insertions": 17,
                "deletions": 13
              },
              "docs": {
                "insertions": 1,
                "deletions": 1
              }
            }
          },
          {
            "hash": "ba2ba14d853cc3905c6c2f6d314c903aff509d38",
            "messageTitle": "update docs",
            "messageBody": "",
            "fileTypesAndContributionMap": {
              "docs": {
                "insertions": 1,
                "deletions": 1
              }
            }
          },
          {
            "hash": "3b90feecfe3aacb6c20a1592c7a8eeb22fd75280",
            "messageTitle": "refactor",
            "messageBody": "",
            "fileTypesAndContributionMap": {
              "functional-code": {
                "insertions": 75,
                "deletions": 75
              },
              "other": {
                "insertions": 61,
                "deletions": 60
              },
              "docs": {
                "insertions": 2,
                "deletions": 2
              },
              "test-code": {
                "insertions": 240,
                "deletions": 242
              }
            }
          },
          {
            "hash": "b5ec9fbcb5f043f14e19ed410dee22d8779a2837",
            "messageTitle": "Fix Checkstyle error",
            "messageBody": "",
            "fileTypesAndContributionMap": {
              "test-code": {
                "insertions": 4,
                "deletions": 2
              }
            }
          },
          {
            "hash": "b80188c1cf1304701503a47d6bffa308102182dd",
            "messageTitle": "Improve find command in UG",
            "messageBody": "",
            "fileTypesAndContributionMap": {
              "docs": {
                "insertions": 11,
                "deletions": 4
              }
            }
          },
          {
            "hash": "be263cf4ddba91bdc4b197b8aaa67e57aba7c667",
            "messageTitle": "addAppt command in UG",
            "messageBody": "",
            "fileTypesAndContributionMap": {
              "docs": {
                "insertions": 40,
                "deletions": 1
              }
            }
          },
          {
            "hash": "76fd1ffc1d02d153d6564a49b267080b61b04f1c",
            "messageTitle": "editAppt command in UG",
            "messageBody": "",
            "fileTypesAndContributionMap": {
              "docs": {
                "insertions": 29,
                "deletions": 0
              }
            }
          },
          {
            "hash": "64b5d3ebe39b9dfcc275a1783d625f66cd1a29d4",
            "messageTitle": "deleteAppt command in UG",
            "messageBody": "",
            "fileTypesAndContributionMap": {
              "functional-code": {
                "insertions": 1,
                "deletions": 1
              },
              "docs": {
                "insertions": 22,
                "deletions": 0
              }
            }
          },
          {
            "hash": "a73ff92fb7716765dae526b028105716b010623b",
            "messageTitle": "Bug fixes",
            "messageBody": "",
            "fileTypesAndContributionMap": {
              "docs": {
                "insertions": 2,
                "deletions": 2
              }
            }
          },
          {
            "hash": "615f51c29165cd3f64fc2e78d4788b87c57ae03f",
            "messageTitle": "Bug fixes",
            "messageBody": "",
            "fileTypesAndContributionMap": {
              "docs": {
                "insertions": 2,
                "deletions": 2
              }
            }
          },
          {
            "hash": "9de207b3d78f9dd92011cfb3bf71ecfd661d74d4",
            "messageTitle": "improve UG",
            "messageBody": "",
            "fileTypesAndContributionMap": {
              "docs": {
                "insertions": 2,
                "deletions": 2
              }
            }
          },
          {
            "hash": "c8f23b8abfc70d69c21d05978e9d284bdf0e5675",
            "messageTitle": "Update version number to v1.3.1",
            "messageBody": "",
            "fileTypesAndContributionMap": {
              "functional-code": {
                "insertions": 1,
                "deletions": 1
              }
            }
          },
          {
            "hash": "09a73f559da0a6f2dadb809944a226a070230a71",
            "messageTitle": "update docs",
            "messageBody": "",
            "fileTypesAndContributionMap": {
              "docs": {
                "insertions": 1,
                "deletions": 1
              }
            }
          }
        ]
      },
      {
        "date": "2020-10-30",
        "commitResults": [
          {
            "hash": "92ccdb7f2dde7eb3573f15b84e749842583c3295",
            "messageTitle": "Update releases link",
            "messageBody": "",
            "fileTypesAndContributionMap": {
              "docs": {
                "insertions": 1,
                "deletions": 1
              }
            }
          }
        ]
      }
    ]
  },
  "authorFileTypeContributionMap": {
    "chiabs": {
      "docs": 361,
      "functional-code": 372,
      "test-code": 217
    },
    "Cedo8": {
      "docs": 440,
      "functional-code": 454,
      "test-code": 565
    },
    "todoge": {
      "docs": 433,
      "functional-code": 1119,
      "test-code": 130,
      "other": 3
    },
    "Ringo1225": {
      "docs": 108,
      "functional-code": 520,
      "test-code": 225,
      "other": 4
    },
    "GabrielTeo": {
      "docs": 342,
      "functional-code": 758,
      "test-code": 512,
      "other": 1
    }
  },
  "authorContributionVariance": {
    "chiabs": 7528.177,
    "Cedo8": 13084.699,
    "todoge": 17549.777,
    "Ringo1225": 2958.9443,
    "GabrielTeo": 20134.982
  },
  "authorDisplayNameMap": {
    "chiabs": "CS2103T-W15-3 CHON..A LE",
    "Cedo8": "CS2103T-W15-3 CEDR.. WEI",
    "todoge": "CS2103T-W15-3 PEH ..IANG",
    "Ringo1225": "CS2103T-W15-3 CAO .. QIN",
    "GabrielTeo": "CS2103T-W15-3 GABR..IANG"
  }
}
