{
  "authorDailyContributionsMap": {
    "siddarth2824": [
      {
        "date": "2020-09-22",
        "commitResults": [
          {
            "hash": "dc4776cd3870850d518c27b6b1bd0df3e181d67e",
            "messageTitle": "Update \u0027About Us\u0027 information for Siddarth (#12)",
            "messageBody": "* Update \u0027About Us\u0027 information for Siddarth\r\n\r\n* Update picture\r\n\r\n* Edit picture for \u0027About Us\u0027 page\r\n\r\n* Edit \u0027About Us\u0027 page\r\n\r\nCo-authored-by: Ian Yong \u003cianyongyc@gmail.com\u003e",
            "fileTypesAndContributionMap": {
              "docs": {
                "insertions": 35,
                "deletions": 4
              }
            }
          }
        ]
      },
      {
        "date": "2020-09-26",
        "commitResults": [
          {
            "hash": "a009319ae2523347873e1514972c906a3fdc718c",
            "messageTitle": "Update README (#29)",
            "messageBody": "* Add Ui to README\r\n\r\n* Update index.md\r\n\r\n* Update root README.md\r\n\r\n* Update README.md to follow checkstyle\r\n\r\n* Update acknowledgements in README.md",
            "fileTypesAndContributionMap": {
              "docs": {
                "insertions": 21,
                "deletions": 17
              }
            }
          }
        ]
      },
      {
        "date": "2020-10-02",
        "commitResults": [
          {
            "hash": "9874ce643a2e7f49394526f6a66c9a68bfa4d73e",
            "messageTitle": "Add additional menu to the menubar (#49)",
            "messageBody": "",
            "fileTypesAndContributionMap": {
              "functional-code": {
                "insertions": 7,
                "deletions": 0
              }
            }
          }
        ]
      },
      {
        "date": "2020-10-08",
        "commitResults": [
          {
            "hash": "6ff9bd674f1e820a9be6d573329b0eb191800a15",
            "messageTitle": "Update UI to match project UI mockup (#75)",
            "messageBody": "* Update menu labels\r\n\r\n* Update menu label font style\r\n\r\n* Update layout of stack panes in Main Window\r\n\r\n* Update font style\r\n\r\n* Add space between transaction cards\r\n\r\n* Add border radius of result display pane\r\n\r\n* Add label for command box\r\n\r\n* Add functionality to tabs on menu bar\r\n\r\n* Edit tag style\r\n\r\n* Fix incorrect display of label according to tab selected\r\n\r\n* Clean up code as per comments\r\n\r\n* Disable empty user input submission",
            "fileTypesAndContributionMap": {
              "functional-code": {
                "insertions": 413,
                "deletions": 83
              }
            }
          }
        ]
      },
      {
        "date": "2020-10-11",
        "commitResults": [
          {
            "hash": "53b4dfebe523bcd557dc83af6b7ca653907b77b3",
            "messageTitle": "Refactor IncomePanel and ExpensePanel to display incomes and expenses (#85)",
            "messageBody": "* Refactor IncomePanel and ExpensePanel to display income and expenses\r\n\r\n* Remove unused imports",
            "fileTypesAndContributionMap": {
              "functional-code": {
                "insertions": 25,
                "deletions": 25
              }
            }
          }
        ]
      },
      {
        "date": "2020-10-13",
        "commitResults": [
          {
            "hash": "a162fa568ba9c1896b141b82a9a2e8953c09a028",
            "messageTitle": "Update UI styling to match UI mockup (#101)",
            "messageBody": "* Change background color of scrollbar\r\n\r\n* Refactor layout of transaction card\r\n\r\n* Resolve rebase conflict\r\n\r\n* Add button for command box\r\n\r\n* Resolve rebase conflicts\r\n\r\n* Refactor Tab Pane styling\r\n\r\n* Disable resizing of window\r\n\r\n* Refactor help comman functionality in ui\r\n\r\n* Clean up code style\r\n\r\n* Add border radius to transaction card\r\n\r\n* Add border radius to savings goal panel\r\n\r\n* Edit help command message\r\n\r\n* Update application name in main window",
            "fileTypesAndContributionMap": {
              "functional-code": {
                "insertions": 354,
                "deletions": 412
              }
            }
          }
        ]
      },
      {
        "date": "2020-10-17",
        "commitResults": [
          {
            "hash": "e79374b685700044386b6f23e4b101b5001f3825",
            "messageTitle": "Add meeting minutes for 16 October 2020 (#118)",
            "messageBody": "* Add meeting minutes for 16 October 2020\r\n\r\n* Remove trailing whitespaces\r\n\r\n* Remove remaining trailing whitespace\r\n\r\n* Update minutes as per PR review comments\r\n\r\n* Update minutes as per PR review comments\r\n\r\n* Remove trailing whitespaces",
            "fileTypesAndContributionMap": {
              "docs": {
                "insertions": 51,
                "deletions": 0
              }
            }
          }
        ]
      },
      {
        "date": "2020-10-21",
        "commitResults": [
          {
            "hash": "3220d2f87d7975a8b5c04f79df64fa76e9f59919",
            "messageTitle": "Update Developer Guide (#142)",
            "messageBody": "* Update Developer Guide\r\n\r\n* Remove trailing whitespace\r\n\r\n* Remove trailing whitespace",
            "fileTypesAndContributionMap": {
              "functional-code": {
                "insertions": 1,
                "deletions": 0
              },
              "docs": {
                "insertions": 108,
                "deletions": 0
              }
            }
          },
          {
            "hash": "289b9541994c356e4a44081ff4bf98e273316c15",
            "messageTitle": "Add frequent expense feature (#136)",
            "messageBody": "* Add command to add frequent expense\r\n\r\n* Add command to delete frequent expense\r\n\r\n* Clean up code to adhere to checkstyle\r\n\r\n* Fix ui for frequent expense panel\r\n\r\n* Add command to convert frequent expense to expense\r\n\r\n* Add command to edit a frequent expense\r\n\r\n* Update ui for displaying frequent expenses\r\n\r\n* Add tests for FrequentExpense\r\n\r\n* Add tests for FrequentExpenseList\r\n\r\n* Clean up code to adhere to checkstyle\r\n\r\n* Clean up code to adhere to checkstyle\r\n\r\n* Add frequent expense table in json files\r\n\r\n* Refactor to not allow adding duplicate frequent expense\r\n\r\n* Create abtsract FrequentTransaction\r\n\r\n* Refactor retrieving of frequent expense list\r\n\r\n* Clean up code as per comments\r\n\r\n* Add tests for FrequentExpense commands\r\n\r\n* Add tests for FrequentExpense command parsers\r\n\r\n* Clean up code\r\n\r\n* Add more tests for FrequentExpense command parsers\r\n\r\n* Add newline at EOF for main.iml\r\n\r\n* Refactor code as per comments\r\n\r\n* Update java doc for JsonAdaptedFrequentExpense\r\n\r\n* Clean up code\r\n\r\n* Remove tracking of main.iml\r\n\r\n* Combine index for transaction and frequent expense in TypicalIndexes",
            "fileTypesAndContributionMap": {
              "functional-code": {
                "insertions": 1254,
                "deletions": 19
              },
              "test-code": {
                "insertions": 1587,
                "deletions": 114
              }
            }
          }
        ]
      },
      {
        "date": "2020-10-22",
        "commitResults": [
          {
            "hash": "6f82c27d3b4306d39ed4c7fee02365c1cbf67575",
            "messageTitle": "Siddarth/fix ui bug (#147)",
            "messageBody": "* Fix incorrect headers for right panel under Income tab\r\n\r\n* Edit java doc in FrequentIncomePanel",
            "fileTypesAndContributionMap": {
              "functional-code": {
                "insertions": 70,
                "deletions": 16
              },
              "other": {
                "insertions": 1,
                "deletions": 1
              }
            }
          }
        ]
      },
      {
        "date": "2020-10-23",
        "commitResults": [
          {
            "hash": "f8d2a2e513ce1de0cb69af10d7ae6653881aea77",
            "messageTitle": "Add command to add frequent incomes (#148)",
            "messageBody": "* Add command to add Frequent Incomes\r\n\r\n* Add AddFrequentIncomeCommandParser\r\n\r\n* Add method to overwrite frequent income list\r\n\r\n* Add tests for FrequentIncome related classes\r\n\r\n* Clean up code\r\n\r\n* Clean up code and remove unnecessary variables\r\n\r\n* Refactor FrequentTransactionBuilder constructor to be generic",
            "fileTypesAndContributionMap": {
              "functional-code": {
                "insertions": 487,
                "deletions": 46
              },
              "test-code": {
                "insertions": 600,
                "deletions": 34
              }
            }
          }
        ]
      },
      {
        "date": "2020-10-24",
        "commitResults": [
          {
            "hash": "c0c289608d6ffcf7b7b0bf62975326bda28a5baf",
            "messageTitle": "Update layout of user guide (#169)",
            "messageBody": "* Update UG\r\n\r\n* Remove trailing whitespaces\r\n\r\n* Remove additional trailing whitespace\r\n\r\n* Fix minor formatting issues in user guide\r\n\r\n* Add new lines after every sentence",
            "fileTypesAndContributionMap": {
              "docs": {
                "insertions": 388,
                "deletions": 75
              }
            }
          },
          {
            "hash": "b4f65daa2fd770db540642afbe4461ad02902f33",
            "messageTitle": "Add additional commands for Frequent Income feature (#166)",
            "messageBody": "* Add command to edit frequent incomes\r\n\r\n* Add command to delete frequent incomes\r\n\r\n* Add command to convert frequent incomes and add it to finance tracker\r\n\r\n* Add equals method to edit and delete frequent commands\r\n\r\n* Create common EditFrequentTransactionDesecriptor\r\n\r\n* Refactor tests dependent on EditFrequentTransactionDescriptor\r\n\r\n* Add tests for editing of frequent income\r\n\r\n* Add tests for deleting of frequnt incomes\r\n\r\n* Add tests for converting frequent incomes\r\n\r\n* Clean up code\r\n\r\n* Add more tests for FrequentIncomeList\r\n\r\n* Clean up java doc\r\n\r\n* Add more tests to FrequentIncomeList\r\n\r\n* Clean up code to adhere to checkstyle",
            "fileTypesAndContributionMap": {
              "functional-code": {
                "insertions": 635,
                "deletions": 101
              },
              "other": {
                "insertions": 13,
                "deletions": 11
              },
              "test-code": {
                "insertions": 898,
                "deletions": 103
              }
            }
          }
        ]
      },
      {
        "date": "2020-10-25",
        "commitResults": [
          {
            "hash": "09cdfdc070c4a71d4e200876ef67c8d6763cc95a",
            "messageTitle": "Partially update user guide (#181)",
            "messageBody": "* Partially update user guide\r\n\r\n* Remove trailing whitespace",
            "fileTypesAndContributionMap": {
              "docs": {
                "insertions": 217,
                "deletions": 68
              }
            }
          }
        ]
      },
      {
        "date": "2020-10-26",
        "commitResults": [
          {
            "hash": "78cb1fdb44c62b2b446626778bbe807cf611e11d",
            "messageTitle": "Refactor add command for frequent expense and frequent income (#183)",
            "messageBody": "* Refactor add command for frequent expense and frequent income\r\n\r\n* Remove index field from add commands for frequent income and expense\r\n\r\n* Remove unused imports",
            "fileTypesAndContributionMap": {
              "functional-code": {
                "insertions": 8,
                "deletions": 2
              }
            }
          },
          {
            "hash": "c79361567b8b3af662511bb0d4bfae11912223b1",
            "messageTitle": "Refactor Ui to display dates of transactions (#188)",
            "messageBody": "",
            "fileTypesAndContributionMap": {
              "functional-code": {
                "insertions": 10,
                "deletions": 2
              }
            }
          }
        ]
      },
      {
        "date": "2020-10-27",
        "commitResults": [
          {
            "hash": "898e64ec2f78fa35b39accc81267f9164b1bc1b1",
            "messageTitle": "Refactor all instances of frequent to bookmark (#191)",
            "messageBody": "* Refactor all instances of frequent to bookmark\r\n\r\n* Refactor all remaining instances of frequent to bookmark\r\n\r\n* Clean up code to adhere to checkstyle\r\n\r\n* Refactor remaining instances of frequent to bookmark\r\n\r\n* Refactor instances of frequent to bookmark\r\n\r\n* Refactor instances of frequent in UG and DG to bookmark",
            "fileTypesAndContributionMap": {
              "functional-code": {
                "insertions": 752,
                "deletions": 751
              },
              "other": {
                "insertions": 632,
                "deletions": 633
              },
              "docs": {
                "insertions": 71,
                "deletions": 71
              },
              "test-code": {
                "insertions": 930,
                "deletions": 929
              }
            }
          }
        ]
      },
      {
        "date": "2020-10-29",
        "commitResults": [
          {
            "hash": "a5ab63feb019e715f75b387093cb5cad8cff75f4",
            "messageTitle": "Refactor parsing logic to make date input optional (#211)",
            "messageBody": "* Refactor parsing logic to make date input optional\r\n\r\n* Clean up code\r\n\r\n* Edit command usage messages\r\n\r\n* Remove redundant method calls\r\n\r\n* Clean up code",
            "fileTypesAndContributionMap": {
              "functional-code": {
                "insertions": 76,
                "deletions": 26
              },
              "test-code": {
                "insertions": 77,
                "deletions": 20
              }
            }
          }
        ]
      },
      {
        "date": "2020-10-30",
        "commitResults": [
          {
            "hash": "61fbcb355740c0d14d685384dce1650e8d17c0fa",
            "messageTitle": "Update User Guide (#224)",
            "messageBody": "",
            "fileTypesAndContributionMap": {
              "docs": {
                "insertions": 103,
                "deletions": 97
              }
            }
          }
        ]
      },
      {
        "date": "2020-10-31",
        "commitResults": [
          {
            "hash": "a22d7eadac42a9bdc172c13d3b66e6c9bb122c1e",
            "messageTitle": "Add screenshots for bookmark commands (#252)",
            "messageBody": "",
            "fileTypesAndContributionMap": {
              "docs": {
                "insertions": 52,
                "deletions": 26
              }
            }
          },
          {
            "hash": "ca42d1fa13ecfbace22fc4e4805e6262255a5514",
            "messageTitle": "Add additional parser method for parsing title (#254)",
            "messageBody": "* Add additional parser method for parsing title\r\n\r\n* Rename parser method\r\n\r\n* Clean up code\r\n\r\n* Clean up code\r\n\r\n* Refactor parsing method for title with additional whitespace\r\n\r\n* Refactor variable name\r\n\r\n* Update user guide on duplicate bookmark transactions\r\n\r\n* Add non breaking spaces in user guide",
            "fileTypesAndContributionMap": {
              "functional-code": {
                "insertions": 15,
                "deletions": 2
              },
              "docs": {
                "insertions": 14,
                "deletions": 2
              },
              "test-code": {
                "insertions": 10,
                "deletions": 1
              }
            }
          }
        ]
      },
      {
        "date": "2020-11-02",
        "commitResults": [
          {
            "hash": "cb919f47c9d91efdcad8a498c1dc2732b158a2f3",
            "messageTitle": "Refactor editing of bookmark transactions (#267)",
            "messageBody": "* Refactor to prevent setting duplicate transaction\r\n\r\n* Update user guide\r\n\r\n* Add unit tests for duplicate bookmark transactions\r\n\r\n* Rename parsing method name",
            "fileTypesAndContributionMap": {
              "functional-code": {
                "insertions": 29,
                "deletions": 11
              },
              "docs": {
                "insertions": 8,
                "deletions": 0
              },
              "test-code": {
                "insertions": 38,
                "deletions": 13
              }
            }
          }
        ]
      }
    ],
    "wltan": [
      {
        "date": "2020-09-15",
        "commitResults": [
          {
            "hash": "a1b7313f9d0a03e4819c7cae7d404e3e0bf6e557",
            "messageTitle": "Add draft user guide (#1)",
            "messageBody": "",
            "fileTypesAndContributionMap": {
              "docs": {
                "insertions": 69,
                "deletions": 116
              }
            }
          }
        ]
      },
      {
        "date": "2020-09-19",
        "commitResults": [
          {
            "hash": "ca7377867e809c3a1a111474c481289ef89d9a0a",
            "messageTitle": "Update Gradle to 6.6.1 (#3)",
            "messageBody": "* Upgrade Gradle using wrapper\r\n\r\nThe current version of Gradle used in this project is 5.2.1, while the latest version available is now 6.6.1.\r\n\r\nAn upgrade is needed to support additional plugins such as Pitest (which requires Gradle 5.6).\r\n\r\nLet us use the Gradle wrapper to upgrade itself. The exact command used is:\r\n    gradlew wrapper --gradle-version\u003d6.6.1 --distribution-type\u003dbin\r\n\r\nGradle 6.6.1 release notes: https://docs.gradle.org/6.6.1/release-notes.html\r\n\r\n* Fix deprecated property\r\n\r\nProperty archiveName is deprecated and will be removed from Gradle 7 onwards.\r\n\r\nhttps://docs.gradle.org/6.6.1/dsl/org.gradle.api.tasks.bundling.AbstractArchiveTask.html#org.gradle.api.tasks.bundling.AbstractArchiveTask:archiveName\r\n\r\nThe deprecation warning message suggests using archiveFileName. Let us update the property from archiveName to archiveFileName to stay compliant with the future Gradle 7.",
            "fileTypesAndContributionMap": {
              "other": {
                "insertions": 2,
                "deletions": 2
              }
            }
          }
        ]
      },
      {
        "date": "2020-09-21",
        "commitResults": [
          {
            "hash": "82b9df89871ef4fe26c4722ff5dc685b24bd42a6",
            "messageTitle": "Add PIT mutation testing (#6)",
            "messageBody": "",
            "fileTypesAndContributionMap": {
              "other": {
                "insertions": 7,
                "deletions": 0
              }
            }
          },
          {
            "hash": "bcb7d1080144f77b8196caf0744a2b83a8cefdc5",
            "messageTitle": "Update information for Wei Liang (#11)",
            "messageBody": "",
            "fileTypesAndContributionMap": {
              "docs": {
                "insertions": 37,
                "deletions": 6
              }
            }
          }
        ]
      },
      {
        "date": "2020-10-04",
        "commitResults": [
          {
            "hash": "1f3b24301602cd28ed58cbe872c5c026cadbe329",
            "messageTitle": "Add income commands (#56)",
            "messageBody": "* Add AddIncomeCommand\r\n\r\n* Add ListIncomeCommand\r\n\r\n* Add unit tests\r\n\r\n* Fix Javadoc\r\n\r\nCo-authored-by: Ian Yong \u003cianyongyc@gmail.com\u003e\r\n\r\nCo-authored-by: Ian Yong \u003cianyongyc@gmail.com\u003e",
            "fileTypesAndContributionMap": {
              "functional-code": {
                "insertions": 161,
                "deletions": 0
              },
              "test-code": {
                "insertions": 400,
                "deletions": 0
              }
            }
          }
        ]
      },
      {
        "date": "2020-10-06",
        "commitResults": [
          {
            "hash": "7bc60c5c80afe9a2971462af0b7669226806c2b8",
            "messageTitle": "Rework model validation rules (#73)",
            "messageBody": "* Rework data validation for Amount\r\n\r\nInclusive of unit test\r\n\r\n* Rework data validation for Date\r\n\r\n* Fix unit and integration tests\r\n\r\n* Add more unit tests for invalid dates",
            "fileTypesAndContributionMap": {
              "functional-code": {
                "insertions": 19,
                "deletions": 20
              },
              "test-code": {
                "insertions": 63,
                "deletions": 69
              }
            }
          }
        ]
      },
      {
        "date": "2020-10-11",
        "commitResults": [
          {
            "hash": "537504266112e9022950595063304f5fb28dc266",
            "messageTitle": "Add 2020-10-10 minutes (#87)",
            "messageBody": "* Add meeting minutes for 10 October 2020\r\n\r\n* Add monospace formatting",
            "fileTypesAndContributionMap": {
              "docs": {
                "insertions": 38,
                "deletions": 0
              }
            }
          }
        ]
      },
      {
        "date": "2020-10-12",
        "commitResults": [
          {
            "hash": "7557d0231ba278023098b502a108f056e3ffa131",
            "messageTitle": "Modify \u0027delete\u0027 command to depend on UI state (#93)",
            "messageBody": "* Split DeleteCommand to DeleteExpenseCommand and DeleteInputCommand\r\n\r\n* Fix javadoc",
            "fileTypesAndContributionMap": {
              "functional-code": {
                "insertions": 131,
                "deletions": 1
              },
              "test-code": {
                "insertions": 8,
                "deletions": 10
              }
            }
          },
          {
            "hash": "381cfbc8ca52b3abfdc8d746a3285bcf57549b98",
            "messageTitle": "Fix delete command messages (#96)",
            "messageBody": "",
            "fileTypesAndContributionMap": {
              "functional-code": {
                "insertions": 8,
                "deletions": 16
              }
            }
          }
        ]
      },
      {
        "date": "2020-10-13",
        "commitResults": [
          {
            "hash": "c7bc783f998317d6e9c75c9bf1f5ab2ea0eb36d4",
            "messageTitle": "Modify \u0027add\u0027 command to depend on UI state (#106)",
            "messageBody": "* Redirect AddCommand to AddExpenseCommand and AddIncomeCommand\r\n\r\n* Remove unused throws declaration\r\n\r\n* Fix AddCommand message",
            "fileTypesAndContributionMap": {
              "functional-code": {
                "insertions": 37,
                "deletions": 7
              },
              "test-code": {
                "insertions": 20,
                "deletions": 23
              }
            }
          }
        ]
      },
      {
        "date": "2020-10-17",
        "commitResults": [
          {
            "hash": "9179219e260cb8c9c4208dda76e0fd05951bc1bb",
            "messageTitle": "Standardise date format and add validation (#122)",
            "messageBody": "",
            "tags": [
              "v1.2"
            ],
            "fileTypesAndContributionMap": {
              "functional-code": {
                "insertions": 34,
                "deletions": 20
              },
              "test-code": {
                "insertions": 13,
                "deletions": 4
              }
            }
          }
        ]
      },
      {
        "date": "2020-10-18",
        "commitResults": [
          {
            "hash": "5d3995010df25a779e0167d2c19789041d7ff0aa",
            "messageTitle": "Standardise amount format (#124)",
            "messageBody": "",
            "fileTypesAndContributionMap": {
              "functional-code": {
                "insertions": 15,
                "deletions": 8
              },
              "test-code": {
                "insertions": 3,
                "deletions": 2
              }
            }
          }
        ]
      },
      {
        "date": "2020-10-19",
        "commitResults": [
          {
            "hash": "db4b795fa7024d39f2039e4bcca610855738326b",
            "messageTitle": "Fix jarfile name (#138)",
            "messageBody": "",
            "fileTypesAndContributionMap": {
              "other": {
                "insertions": 1,
                "deletions": 1
              },
              "docs": {
                "insertions": 1,
                "deletions": 1
              }
            }
          }
        ]
      },
      {
        "date": "2020-10-20",
        "commitResults": [
          {
            "hash": "deb281994c8181ff8f74189dc355cb0243608433",
            "messageTitle": "Update Developer guide and DevOps guide (#140)",
            "messageBody": "* Add logging and assertion\r\n\r\n* Update DevOps guide to include pitest\r\n\r\n* Update developer guide for Model component",
            "fileTypesAndContributionMap": {
              "functional-code": {
                "insertions": 13,
                "deletions": 5
              },
              "docs": {
                "insertions": 34,
                "deletions": 4
              }
            }
          }
        ]
      },
      {
        "date": "2020-10-24",
        "commitResults": [
          {
            "hash": "10b03bbb7189fee6e4c27f0796fb37ea96067ce9",
            "messageTitle": "Add meeting minutes for 23 October 2020 (#163)",
            "messageBody": "",
            "fileTypesAndContributionMap": {
              "docs": {
                "insertions": 29,
                "deletions": 0
              }
            }
          },
          {
            "hash": "87d169b341abd913324b841a0fe78390f118be8a",
            "messageTitle": "Fix expense and income lists to update automatically (#168)",
            "messageBody": "* Fix expense and income lists to update automatically\r\n\r\n* Add unit tests\r\n\r\n* Fix javadoc and add another assertion",
            "fileTypesAndContributionMap": {
              "functional-code": {
                "insertions": 40,
                "deletions": 6
              },
              "test-code": {
                "insertions": 38,
                "deletions": 0
              }
            }
          },
          {
            "hash": "cf7d40e7256b1f16f5574fe979b32d04df50c7c8",
            "messageTitle": "Standardize parse exception precedence across commands (#173)",
            "messageBody": "",
            "fileTypesAndContributionMap": {
              "functional-code": {
                "insertions": 7,
                "deletions": 10
              }
            }
          }
        ]
      },
      {
        "date": "2020-10-25",
        "commitResults": [
          {
            "hash": "bf40ae2474bb6613e2c2360f1abb2f662eb01973",
            "messageTitle": "Partially update user guide (#178)",
            "messageBody": "* Update user guide for add and edit expense/income commands\r\n\r\n* Update for consistency\r\n\r\n* Fix trailing whitespace",
            "fileTypesAndContributionMap": {
              "docs": {
                "insertions": 85,
                "deletions": 19
              }
            }
          }
        ]
      },
      {
        "date": "2020-10-27",
        "commitResults": [
          {
            "hash": "3326bbc407d8a564045ab9bfc39ee877ca9cf73c",
            "messageTitle": "Restrict users from using certain commands for Bookmark Transactions (#196)",
            "messageBody": "* Restrict bookmark commands to the appropriate tabs\r\n\r\n* Convert to generic commands\r\n\r\n* Fix broken link in user guide\r\n\r\n* Update user guide\r\n\r\n* Fix minor inconsistencies",
            "fileTypesAndContributionMap": {
              "functional-code": {
                "insertions": 62,
                "deletions": 50
              },
              "docs": {
                "insertions": 134,
                "deletions": 182
              }
            }
          }
        ]
      },
      {
        "date": "2020-10-28",
        "commitResults": [
          {
            "hash": "0f8dcc639c8bf9475a4c1aef2212a57f5a2e6680",
            "messageTitle": "Fix user guide bugs (#206)",
            "messageBody": "* Add missing list commands to user guide\r\n\r\n* Fix broken link in index page",
            "fileTypesAndContributionMap": {
              "docs": {
                "insertions": 7,
                "deletions": 3
              }
            }
          }
        ]
      },
      {
        "date": "2020-10-29",
        "commitResults": [
          {
            "hash": "509840653e637e53691d025e89d86bcdc3e573d0",
            "messageTitle": "Make model data attributes private (#213)",
            "messageBody": "",
            "fileTypesAndContributionMap": {
              "functional-code": {
                "insertions": 18,
                "deletions": 15
              },
              "test-code": {
                "insertions": 10,
                "deletions": 10
              }
            }
          },
          {
            "hash": "f9e28f70be65388b770485ef99fc8277a580edd3",
            "messageTitle": "Fix transaction list to update on clear command (#219)",
            "messageBody": "",
            "fileTypesAndContributionMap": {
              "functional-code": {
                "insertions": 1,
                "deletions": 0
              },
              "test-code": {
                "insertions": 11,
                "deletions": 0
              }
            }
          }
        ]
      },
      {
        "date": "2020-10-30",
        "commitResults": [
          {
            "hash": "d217fd1c995ebdf1facec7a88ed15cd6e095ba43",
            "messageTitle": "Fix analytics charts to update with the transaction list (#225)",
            "messageBody": "* Fix analytics charts to update with the transaction list\r\n\r\n* Remove animation from bar chart",
            "fileTypesAndContributionMap": {
              "functional-code": {
                "insertions": 78,
                "deletions": 11
              }
            }
          },
          {
            "hash": "694932d33f225c29565c5f0f67df7a0f05a7ead0",
            "messageTitle": "Limit Amount to 8 digits (#234)",
            "messageBody": "* Limit Amount to 8 digits\r\n\r\n* Fix checkstyle\r\n\r\n* Update user guide",
            "tags": [
              "v1.3.1"
            ],
            "fileTypesAndContributionMap": {
              "functional-code": {
                "insertions": 3,
                "deletions": 3
              },
              "docs": {
                "insertions": 1,
                "deletions": 1
              },
              "test-code": {
                "insertions": 5,
                "deletions": 2
              }
            }
          }
        ]
      },
      {
        "date": "2020-10-31",
        "commitResults": [
          {
            "hash": "8122569cc70c6a822d96d0c14e597aaa6a5a8ac4",
            "messageTitle": "Fix inaccurate date validation (#260)",
            "messageBody": "* Fix date validation to use strict formatting\r\n\r\n* Update unit tests\r\n\r\n* Update epoch to unix time epoch\r\n\r\n* Update user guide for date validation\r\n\r\n* Update user guide introduction\r\n\r\n* Update constraint message\r\n\r\n* Add minor improvements",
            "fileTypesAndContributionMap": {
              "functional-code": {
                "insertions": 9,
                "deletions": 4
              },
              "docs": {
                "insertions": 10,
                "deletions": 2
              },
              "test-code": {
                "insertions": 5,
                "deletions": 0
              }
            }
          }
        ]
      },
      {
        "date": "2020-11-03",
        "commitResults": [
          {
            "hash": "512bb7eb2847c2fb7b055ca2f5901af6c7d3f1de",
            "messageTitle": "Add clear command confirmation (#266)",
            "messageBody": "* Add clear command confirmation\r\n\r\n* Update user guide\r\n\r\n* Migrate command history from Ui to Model\r\n\r\n* Update clear command to use command history instead\r\n\r\n* Update user guide\r\n\r\n* Update user guide quick start",
            "fileTypesAndContributionMap": {
              "functional-code": {
                "insertions": 104,
                "deletions": 12
              },
              "docs": {
                "insertions": 62,
                "deletions": 3
              },
              "test-code": {
                "insertions": 93,
                "deletions": 1
              }
            }
          }
        ]
      }
    ],
    "zhaojj2209": [
      {
        "date": "2020-09-22",
        "commitResults": [
          {
            "hash": "1e70ae1bbe62bf4d8875b9b86590f0ae8fd52b4e",
            "messageTitle": "Update Developer Guide User Stories, Use Cases section (#13)",
            "messageBody": "* Update developer guide user stories, use cases\r\n\r\n* Edit grammar",
            "fileTypesAndContributionMap": {
              "docs": {
                "insertions": 28,
                "deletions": 24
              }
            }
          },
          {
            "hash": "2032dd5cba371959f093c3a9eaf381fa425a88b5",
            "messageTitle": "Update information for Jingjing (#15)",
            "messageBody": "",
            "fileTypesAndContributionMap": {
              "docs": {
                "insertions": 36,
                "deletions": 5
              }
            }
          }
        ]
      },
      {
        "date": "2020-09-26",
        "commitResults": [
          {
            "hash": "a16427d0f8a6bd30fe6a02ecf84ca40bc8860677",
            "messageTitle": "Add 2020-09-25 minutes (#36)",
            "messageBody": "* Add 20200925 minutes\r\n\r\n* Add newline to end of file\r\n\r\n* Remove trailing whitespace",
            "fileTypesAndContributionMap": {
              "docs": {
                "insertions": 43,
                "deletions": 0
              }
            }
          }
        ]
      },
      {
        "date": "2020-10-01",
        "commitResults": [
          {
            "hash": "2eaa6136cbe05a47fe31cf50d33dc8e69ba8ebc2",
            "messageTitle": "Refactor tag and person package to category and transaction respectively (#47)",
            "messageBody": "",
            "fileTypesAndContributionMap": {
              "functional-code": {
                "insertions": 45,
                "deletions": 45
              },
              "other": {
                "insertions": 23,
                "deletions": 23
              },
              "test-code": {
                "insertions": 51,
                "deletions": 51
              }
            }
          }
        ]
      },
      {
        "date": "2020-10-02",
        "commitResults": [
          {
            "hash": "33c4f8ea40151d6159ba8d3f37d5dba9f8bd1218",
            "messageTitle": "Add skeleton classes for Expense and Income (#50)",
            "messageBody": "",
            "fileTypesAndContributionMap": {
              "functional-code": {
                "insertions": 22,
                "deletions": 0
              }
            }
          }
        ]
      },
      {
        "date": "2020-10-03",
        "commitResults": [
          {
            "hash": "55b850a0e9dcded03450770171800c7407765271",
            "messageTitle": "Rename seedu.address (#52)",
            "messageBody": "* Rename seedu.address\r\n\r\n* Fix docs, imports, whitespaces\r\n\r\n* Indentation",
            "fileTypesAndContributionMap": {
              "other": {
                "insertions": 713,
                "deletions": 713
              },
              "test-code": {
                "insertions": 2,
                "deletions": 2
              }
            }
          }
        ]
      },
      {
        "date": "2020-10-06",
        "commitResults": [
          {
            "hash": "6ff22cd1165f715bf9d678b81f03a0577032866c",
            "messageTitle": "Rename AddressBook and relevant fields (#70)",
            "messageBody": "* Rename AddressBook and relevant fields\r\n\r\n* Correct erroneous usage of \"Fine$$e\"\r\n\r\n* Rename ab to ft, remove erroneous example usage",
            "fileTypesAndContributionMap": {
              "functional-code": {
                "insertions": 184,
                "deletions": 180
              },
              "other": {
                "insertions": 83,
                "deletions": 83
              },
              "test-code": {
                "insertions": 327,
                "deletions": 324
              }
            }
          },
          {
            "hash": "e640da7252622a0ad020e25ddf51329973024d33",
            "messageTitle": "Remove duplicate checks (#72)",
            "messageBody": "* Allow duplicate transactions\r\n\r\n* Remove redundant methods and tests",
            "fileTypesAndContributionMap": {
              "functional-code": {
                "insertions": 6,
                "deletions": 88
              },
              "other": {
                "insertions": 6,
                "deletions": 45
              },
              "test-code": {
                "insertions": 122,
                "deletions": 439
              }
            }
          }
        ]
      },
      {
        "date": "2020-10-12",
        "commitResults": [
          {
            "hash": "ebd349d8393cd989ec40a39f315209c42b52565c",
            "messageTitle": "Modify user guide link in help window (#97)",
            "messageBody": "",
            "fileTypesAndContributionMap": {
              "functional-code": {
                "insertions": 1,
                "deletions": 1
              }
            }
          },
          {
            "hash": "ad2cbdae43dcb1a69c4fd2270fa896d1a3ec1b92",
            "messageTitle": "Modify \u0027find\u0027 command to depend on UI state (#94)",
            "messageBody": "* Split FindCommand\r\n\r\n* Edit usage message",
            "fileTypesAndContributionMap": {
              "functional-code": {
                "insertions": 134,
                "deletions": 7
              },
              "test-code": {
                "insertions": 2,
                "deletions": 5
              }
            }
          },
          {
            "hash": "cc0c703890c5693519905b4b3eae995ca6b5c509",
            "messageTitle": "Fix list commands (#102)",
            "messageBody": "* Fix lse and lsi commands\r\n\r\n* Remove redundant predicates\r\n\r\n* Change test names\r\n\r\n* Improve tests\r\n\r\n* Rename tests",
            "fileTypesAndContributionMap": {
              "functional-code": {
                "insertions": 6,
                "deletions": 14
              },
              "test-code": {
                "insertions": 14,
                "deletions": 52
              }
            }
          }
        ]
      },
      {
        "date": "2020-10-18",
        "commitResults": [
          {
            "hash": "01b39c9f323ec2e74b0e76f060ea4ce56b07eacb",
            "messageTitle": "Delete ExpenseList, IncomeList and JsonAdaptedTransaction (#127)",
            "messageBody": "",
            "fileTypesAndContributionMap": {
              "functional-code": {
                "insertions": 0,
                "deletions": 297
              },
              "test-code": {
                "insertions": 0,
                "deletions": 345
              }
            }
          },
          {
            "hash": "989cfaf8f28fd8a1b38e9d2a8853c2b432fc0931",
            "messageTitle": "Update user guide (#114)",
            "messageBody": "* Update user guide\r\n\r\n* Update user guide UI\r\n\r\n* Remove trailing whitespace\r\n\r\n* Minor user guide edits",
            "fileTypesAndContributionMap": {
              "docs": {
                "insertions": 128,
                "deletions": 62
              }
            }
          }
        ]
      },
      {
        "date": "2020-10-19",
        "commitResults": [
          {
            "hash": "86df6cc3f8020f9bb2d9ed5aaf4aad298c96a566",
            "messageTitle": "Make Transaction abstract (#135)",
            "messageBody": "* Make Transaction abstract\r\n\r\n* Remove Model addTransaction method\r\n\r\n* Remove redundant assertions\r\n\r\n* Add assertions, change class of test transactions",
            "fileTypesAndContributionMap": {
              "functional-code": {
                "insertions": 12,
                "deletions": 177
              },
              "test-code": {
                "insertions": 31,
                "deletions": 462
              }
            }
          }
        ]
      },
      {
        "date": "2020-10-20",
        "commitResults": [
          {
            "hash": "7089d6f30d5a9a4409e96ee959107d384c434507",
            "messageTitle": "Update developer guide (#120)",
            "messageBody": "* Update user stories\r\n\r\n* Modify AB3 developer guide to Fine$$e\r\n\r\n* Update diagrams, delete AB3 docs\r\n\r\n* Update developer guide for find command\r\n\r\n* Update storage and ui class diagrams",
            "fileTypesAndContributionMap": {
              "docs": {
                "insertions": 231,
                "deletions": 1168
              }
            }
          }
        ]
      },
      {
        "date": "2020-10-21",
        "commitResults": [
          {
            "hash": "aa310fc6772e5849ba0ea1b385641dd292fb33fc",
            "messageTitle": "Add missing image, minor developer guide fixes (#144)",
            "messageBody": "",
            "fileTypesAndContributionMap": {
              "docs": {
                "insertions": 1,
                "deletions": 1
              }
            }
          }
        ]
      },
      {
        "date": "2020-10-23",
        "commitResults": [
          {
            "hash": "ed88fc46ac0345a0b6a31681d573b5756bea616a",
            "messageTitle": "Set monthly expense limit (#150)",
            "messageBody": "* Implement logic and model for setting expense limit\r\n\r\n* Implement storage for setting expense limit\r\n\r\n* Set Ui binding\r\n\r\n* Fix failing test\r\n\r\n* Remove MonthlyExpenseLimit dependency on Amount\r\n\r\n* Remove trailing whitespace\r\n\r\n* Add validation, partial tests\r\n\r\n* Refactor and fix bugs as per PR review\r\n\r\n* Remove trailing whitespace, fix tests\r\n\r\n* Edit javadocs, deconflict changes",
            "fileTypesAndContributionMap": {
              "functional-code": {
                "insertions": 328,
                "deletions": 6
              },
              "test-code": {
                "insertions": 161,
                "deletions": 1
              }
            }
          }
        ]
      },
      {
        "date": "2020-10-24",
        "commitResults": [
          {
            "hash": "402c80996fcd51a57e70452da6753f0066629708",
            "messageTitle": "Set monthly savings goal (#165)",
            "messageBody": "* Add set savings goal command\r\n\r\n* Fix bug in loading savings goal\r\n\r\n* Remove redundant text in savings goal panel\r\n\r\n* Remove extra newline, edit javadocs",
            "fileTypesAndContributionMap": {
              "functional-code": {
                "insertions": 161,
                "deletions": 29
              },
              "test-code": {
                "insertions": 236,
                "deletions": 3
              }
            }
          }
        ]
      },
      {
        "date": "2020-10-25",
        "commitResults": [
          {
            "hash": "d7fbd2200118b24874bb636097af3bddbb4d34eb",
            "messageTitle": "Add calculations of budget and savings (#172)",
            "messageBody": "* Add calculation of remaining budget\r\n\r\n* Add more budget calculation values\r\n\r\n* Restrict budget calculation to only the current month\r\n\r\n* Add lists of previous month expenses/incomes/savings\r\n\r\n* Add recalculation of budget info when converting frequent income\r\n\r\n* Add list of months to be displayed\r\n\r\n* Order lists such that current month is at last position\r\n\r\n* Fix bug where wrong month was taken for calculation of budget\r\n\r\n* Fix date calculations",
            "fileTypesAndContributionMap": {
              "functional-code": {
                "insertions": 352,
                "deletions": 88
              },
              "test-code": {
                "insertions": 94,
                "deletions": 120
              }
            }
          },
          {
            "hash": "5c4fdfeda93b51d7313a606f17e0da1b8a390438",
            "messageTitle": "Partially update user guide (#176)",
            "messageBody": "",
            "fileTypesAndContributionMap": {
              "docs": {
                "insertions": 105,
                "deletions": 46
              }
            }
          }
        ]
      },
      {
        "date": "2020-10-27",
        "commitResults": [
          {
            "hash": "0e28a4aa8fee113bdbd2c085aae970eb70d77175",
            "messageTitle": "Expand find command functionality (#194)",
            "messageBody": "* Sort transactions by most recent date first\r\n\r\n* Abstract duplicate method arePrefixesPresent\r\n\r\n* Refactor find to use t/ prefix for keywords\r\n\r\n* Remove redundant ModelStub class declarations, minor refactoring\r\n\r\n* Allow find command to search by field\r\n\r\n* Resolve rebase conflicts\r\n\r\n* Add predicate test classes\r\n\r\n* Fix amount and date range error handling",
            "fileTypesAndContributionMap": {
              "functional-code": {
                "insertions": 392,
                "deletions": 95
              },
              "other": {
                "insertions": 3,
                "deletions": 2
              },
              "test-code": {
                "insertions": 688,
                "deletions": 793
              }
            }
          },
          {
            "hash": "3a679f28ead76e61ae0f413c7d518430c97b70fd",
            "messageTitle": "Add amount prefix to set expense limit/savings goal commands (#197)",
            "messageBody": "* Add amount prefix to set expense limit/savings goal commands\r\n\r\n* Standardise tests\r\n\r\n* Standardise use of test constants",
            "fileTypesAndContributionMap": {
              "functional-code": {
                "insertions": 18,
                "deletions": 10
              },
              "test-code": {
                "insertions": 35,
                "deletions": 35
              }
            }
          },
          {
            "hash": "8a570be9e086193bbc07df7828f54025149568e7",
            "messageTitle": "Add restrictions to command inputs (#201)",
            "messageBody": "* Add restrictions to command inputs\r\n\r\n* Remove extra dash\r\n\r\nCo-authored-by: Ian Yong \u003cianyongyc@gmail.com\u003e\r\n\r\nCo-authored-by: Ian Yong \u003cianyongyc@gmail.com\u003e",
            "fileTypesAndContributionMap": {
              "functional-code": {
                "insertions": 139,
                "deletions": 2
              },
              "test-code": {
                "insertions": 68,
                "deletions": 24
              }
            }
          }
        ]
      },
      {
        "date": "2020-10-29",
        "commitResults": [
          {
            "hash": "1978ed807112e1934ee87912e7b657f8007cff83",
            "messageTitle": "Change instructions for set commands (#209)",
            "messageBody": "",
            "fileTypesAndContributionMap": {
              "functional-code": {
                "insertions": 6,
                "deletions": 4
              },
              "docs": {
                "insertions": 8,
                "deletions": 8
              }
            }
          },
          {
            "hash": "c0b7970fbad5f1b6263945f11eb1f69eb807b9e4",
            "messageTitle": "Add duplicate restrictions to edit transaction and add bookmark commands (#217)",
            "messageBody": "* Add duplicate restrictions to edit transaction, add/edit bookmark commands\r\n\r\n* Update tests",
            "fileTypesAndContributionMap": {
              "functional-code": {
                "insertions": 64,
                "deletions": 0
              },
              "test-code": {
                "insertions": 101,
                "deletions": 114
              }
            }
          }
        ]
      },
      {
        "date": "2020-10-30",
        "commitResults": [
          {
            "hash": "e8a7ae5f7a6bbf5ba3d9654db6f3436a5daa60bd",
            "messageTitle": "Update user guide (#232)",
            "messageBody": "* Update user guide\r\n\r\n* Edit glossary\r\n\r\n* Add missing command words in headings\r\n\r\n* Minor UG edits",
            "fileTypesAndContributionMap": {
              "docs": {
                "insertions": 313,
                "deletions": 258
              }
            }
          }
        ]
      },
      {
        "date": "2020-11-03",
        "commitResults": [
          {
            "hash": "0adb55c60dc58fc22ff6fd1c9a1fa1d845ba7aec",
            "messageTitle": "Modify search rules for find by title keyphrase (#265)",
            "messageBody": "* Allow find by title to match more than 1 word + match partial word\r\n\r\n* Minor UG edit\r\n\r\n* Edit find in-app command usage message, edit user guide\r\n\r\n* Add error checks for empty title keyphrase/category search strings\r\n\r\n* Refactor keyword to keyphrase",
            "fileTypesAndContributionMap": {
              "functional-code": {
                "insertions": 84,
                "deletions": 73
              },
              "docs": {
                "insertions": 25,
                "deletions": 25
              },
              "test-code": {
                "insertions": 160,
                "deletions": 170
              }
            }
          },
          {
            "hash": "be814c73b0499ee8b23f39c709df9e77bc913e83",
            "messageTitle": "Update PPP for Jingjing (#273)",
            "messageBody": "* Update PPP for Jingjing\r\n\r\n* Standardise fullstops\r\n\r\n* Fix headings, grammar\r\n\r\n* Add pull request links",
            "fileTypesAndContributionMap": {
              "docs": {
                "insertions": 22,
                "deletions": 8
              }
            }
          }
        ]
      }
    ],
    "yongping827": [
      {
        "date": "2020-09-22",
        "commitResults": [
          {
            "hash": "255ac6b1b9cf5109c96f2222d8a138d6f6c30725",
            "messageTitle": "Update \u0027About Us\u0027 information for Yong Ping (#16)",
            "messageBody": "* Update \u0027About Us\u0027 information for Yong Ping\r\n\r\n* Delete johndoe.md and johndoe.png\r\n\r\nCo-authored-by: yongping827 \u003cyongping827@users.noreply.github.com\u003e",
            "fileTypesAndContributionMap": {
              "docs": {
                "insertions": 36,
                "deletions": 51
              }
            }
          }
        ]
      },
      {
        "date": "2020-09-23",
        "commitResults": [
          {
            "hash": "ff9df40be09693cd8bacd9894a737b80311b2716",
            "messageTitle": "Update Developer Guide: NFR, Glossary (#14)",
            "messageBody": "* Add NFR and Glossary in docs/DeveloperGuide.md\r\n\r\n* Unformat instances of glossary terms\r\n\r\nCo-authored-by: yongping827 \u003cyongping827@users.noreply.github.com\u003e",
            "fileTypesAndContributionMap": {
              "docs": {
                "insertions": 8,
                "deletions": 1
              }
            }
          }
        ]
      },
      {
        "date": "2020-10-01",
        "commitResults": [
          {
            "hash": "aa5158cfe090a364cbf5ebbe669465f3c041fb86",
            "messageTitle": "Rename seedu.address.model classes (#39)",
            "messageBody": "* Rename classes\r\n\r\n* Edit coding style\r\n\r\n* Revert unnecessary edits\r\n\r\n* Refactor and update CLI syntax prefixes\r\n\r\n* Refactor methods and fields containing deprecated class names\r\n\r\n* Refactor parameter names, .fxml files\r\n\r\n* Revert changes in tutorials+diagrams, add import statement, DG typo\r\n\r\nCo-authored-by: yongping827 \u003cyongping827@users.noreply.github.com\u003e\r\nCo-authored-by: zhaojj2209 \u003czhaojj2000@gmail.com\u003e",
            "fileTypesAndContributionMap": {
              "functional-code": {
                "insertions": 874,
                "deletions": 862
              },
              "other": {
                "insertions": 68,
                "deletions": 67
              },
              "docs": {
                "insertions": 13,
                "deletions": 13
              },
              "test-code": {
                "insertions": 1416,
                "deletions": 1389
              }
            }
          }
        ]
      },
      {
        "date": "2020-10-03",
        "commitResults": [
          {
            "hash": "5800c0f158b2d8d99bd379a00181d87debe47ebf",
            "messageTitle": "Add 2020-10-02 minutes (#51)",
            "messageBody": "* Add 2020-10-02 minutes\r\n\r\n* Remove trailing whitespace\r\n\r\nCo-authored-by: yongping827 \u003cyongping827@users.noreply.github.com\u003e",
            "fileTypesAndContributionMap": {
              "docs": {
                "insertions": 76,
                "deletions": 0
              }
            }
          }
        ]
      },
      {
        "date": "2020-10-09",
        "commitResults": [
          {
            "hash": "2de446ab5c008ecbe96f728b25f61577f14c2bec",
            "messageTitle": "Modify storage to handle expense and income (#76)",
            "messageBody": "* Add ExpenseList and IncomeList classes\r\n\r\n* Add JsonAdaptedExpense and JsonAdaptedIncome classes\r\n\r\n* Add expense and income lists to FinanceTracker\r\n\r\n* Add expense and income lists to JsonSerializableFinanceTracker\r\n\r\n* Update sample data to fit current validation rules\r\n\r\n* Modify TypicalTransactions to use streams\r\n\r\n* Add missing newline\r\n\r\n* Remove trailing whitespace\r\n\r\nCo-authored-by: yongping827 \u003cyongping827@users.noreply.github.com\u003e",
            "fileTypesAndContributionMap": {
              "functional-code": {
                "insertions": 519,
                "deletions": 8
              },
              "test-code": {
                "insertions": 556,
                "deletions": 0
              }
            }
          },
          {
            "hash": "2ab9a1ee9b41964a8e47750fa7d3b56c596a6b3c",
            "messageTitle": "Modify Logic and Model to handle expense and income (#77)",
            "messageBody": "* Add filtered expense and income lists to Model\r\n\r\n* Update Logic to include filtered expense and income lists\r\n\r\n* Update add commands to include expense and income lists\r\n\r\n* Edit Javadocs\r\n\r\nCo-authored-by: yongping827 \u003cyongping827@users.noreply.github.com\u003e",
            "fileTypesAndContributionMap": {
              "functional-code": {
                "insertions": 159,
                "deletions": 11
              },
              "test-code": {
                "insertions": 212,
                "deletions": 17
              }
            }
          }
        ]
      },
      {
        "date": "2020-10-12",
        "commitResults": [
          {
            "hash": "93c66d21e51a4c3328f1ce6a25ff185e88bac58e",
            "messageTitle": "Modify getTypicalFinanceTracker (#103)",
            "messageBody": "Co-authored-by: yongping827 \u003cyongping827@users.noreply.github.com\u003e",
            "fileTypesAndContributionMap": {
              "test-code": {
                "insertions": 3,
                "deletions": 5
              }
            }
          },
          {
            "hash": "a1db4775fac11c316df00301c91af3ae539c783f",
            "messageTitle": "Remove trailing whitespace from minutes 2020-10-10 (#105)",
            "messageBody": "* Remove trailing whitespace from minutes 20201010\r\n\r\n* Remove unwanted newline\r\n\r\nCo-authored-by: yongping827 \u003cyongping827@users.noreply.github.com\u003e",
            "fileTypesAndContributionMap": {
              "docs": {
                "insertions": 2,
                "deletions": 3
              }
            }
          }
        ]
      },
      {
        "date": "2020-10-18",
        "commitResults": [
          {
            "hash": "c3fbf8067df710db1c9eb869af5aec1ed5c6a2de",
            "messageTitle": "Modify implementation of transaction, expense and income lists (#123)",
            "messageBody": "* Fix merge conflicts with #119\r\n\r\n* Modify EditCommand to fit with the current model\r\n\r\n* Edit coding style\r\n\r\n* Modify Model::getfilteredExpenseList and Model::getfilteredIncomeList return types\r\n\r\n* Remove unnecessary type-casting\r\n\r\n* Remove expense and income lists from FinanceTracker\r\n\r\n* Remove unused imports\r\n\r\n* Remove unnecessary newline\r\n\r\n* Split Model::addTransaction into three methods for each of transaction, expense and income\r\n\r\n* Modify transaction comparator\r\n\r\n* Add missing fullstop\r\n\r\nCo-authored-by: yongping827 \u003cyongping827@users.noreply.github.com\u003e",
            "fileTypesAndContributionMap": {
              "functional-code": {
                "insertions": 125,
                "deletions": 158
              },
              "test-code": {
                "insertions": 92,
                "deletions": 114
              }
            }
          }
        ]
      },
      {
        "date": "2020-10-21",
        "commitResults": [
          {
            "hash": "ce3f825f2129fbb1bf84fde99a00cf992bf5c73f",
            "messageTitle": "Update Model and Storage sections in Developer Guide (#143)",
            "messageBody": "* Update Model and Storage sections in Developer Guide\r\n\r\n* Change json to JSON\r\n\r\nCo-authored-by: yongping827 \u003cyongping827@users.noreply.github.com\u003e",
            "fileTypesAndContributionMap": {
              "docs": {
                "insertions": 24,
                "deletions": 4
              }
            }
          }
        ]
      },
      {
        "date": "2020-10-25",
        "commitResults": [
          {
            "hash": "b3bf0817249c96b7a7b059ba3d8ee8f24f45ce2c",
            "messageTitle": "Partially update user guide (#180)",
            "messageBody": "* Add content to Analytics section\r\n\r\n* Rephrase sentence in Analytics section\r\n\r\n* Add content to List Expense and List Income subsubsections\r\n\r\n* Modify word formatting\r\n\r\n* Rephrase sentence\r\n\r\n* Remove unnecessary whitespace\r\n\r\nCo-authored-by: yongping827 \u003cyongping827@users.noreply.github.com\u003e",
            "fileTypesAndContributionMap": {
              "docs": {
                "insertions": 30,
                "deletions": 20
              }
            }
          },
          {
            "hash": "190a89539344ccc315a57a9b582de25c140bc325",
            "messageTitle": "Add content to Analytics tab (#177)",
            "messageBody": "* Add dummy bar chart\r\n\r\n* Remove unused imports\r\n\r\n* Add FXML skeleton for Analytics\r\n\r\n* Add methods to AnalyticsTabPane\r\n\r\n* Modify initialization of variables\r\n\r\n* Redesign layout\r\n\r\n* Modify appearance of bar charts\r\n\r\n* Edit coding style\r\n\r\n* Edit coding style\r\n\r\nCo-authored-by: yongping827 \u003cyongping827@users.noreply.github.com\u003e",
            "fileTypesAndContributionMap": {
              "functional-code": {
                "insertions": 105,
                "deletions": 5
              }
            }
          }
        ]
      },
      {
        "date": "2020-10-29",
        "commitResults": [
          {
            "hash": "7e151a5ed8e81fa398104eaceb9846aa9dee5470",
            "messageTitle": "Modify savings goal panel (#207)",
            "messageBody": "* Modify Amount to be comparable\r\n\r\n* Modify savings goal panel\r\n\r\n* Fix issue of text colour not changing\r\n\r\n* Modify margins\r\n\r\n* Resolve rebase conflict\r\n\r\n* Add savings goal card in savings goal panel\r\n\r\n* Modify budget to include negative budget and savings\r\n\r\n* Reorder imports\r\n\r\n* Edit Javadocs\r\n\r\n* Add full-stops\r\n\r\n* Edit Javadocs\r\n\r\n* Fix text color not updating for budget and savings\r\n\r\n* Modify method in Amount to use existing constant\r\n\r\n* Remove unused constant\r\n\r\nCo-authored-by: yongping827 \u003cyongping827@users.noreply.github.com\u003e\r\nCo-authored-by: Tan Wei Liang \u003c53135010+wltan@users.noreply.github.com\u003e",
            "fileTypesAndContributionMap": {
              "functional-code": {
                "insertions": 172,
                "deletions": 137
              }
            }
          }
        ]
      },
      {
        "date": "2020-10-30",
        "commitResults": [
          {
            "hash": "fccf804645017013f64ce6d6eaa0e919943f7d5f",
            "messageTitle": "Modify duplicate check for bookmark expenses and incomes lists (#228)",
            "messageBody": "Co-authored-by: yongping827 \u003cyongping827@users.noreply.github.com\u003e",
            "fileTypesAndContributionMap": {
              "functional-code": {
                "insertions": 18,
                "deletions": 4
              }
            }
          }
        ]
      },
      {
        "date": "2020-11-01",
        "commitResults": [
          {
            "hash": "1e3a4e9d6d5b2c001b0fb53e1d1c2c2766a9dc9c",
            "messageTitle": "Update user guide (#258)",
            "messageBody": "* Update user guide\r\n\r\n* Remove trailing whitespace\r\n\r\n* Modify glossary into table format\r\n\r\n* Update amount format\r\n\r\n* Update docs/UserGuide.md\r\n\r\nCo-authored-by: Tan Wei Liang \u003c53135010+wltan@users.noreply.github.com\u003e\r\n\r\nCo-authored-by: yongping827 \u003cyongping827@users.noreply.github.com\u003e\r\nCo-authored-by: Zhao Jingjing \u003c54243224+zhaojj2209@users.noreply.github.com\u003e\r\nCo-authored-by: Tan Wei Liang \u003c53135010+wltan@users.noreply.github.com\u003e",
            "fileTypesAndContributionMap": {
              "docs": {
                "insertions": 59,
                "deletions": 38
              }
            }
          },
          {
            "hash": "7dcaa22aa5bd3bb92137389fcd27f603ea62400a",
            "messageTitle": "Add meeting minutes for 31 October 2020 (#264)",
            "messageBody": "* Add minutes 2020-10-31\r\n\r\n* Update minutes\r\n\r\n* Add metadata\r\n\r\n* Modify date in metadata\r\n\r\n* Fix broken link\r\n\r\nCo-authored-by: yongping827 \u003cyongping827@users.noreply.github.com\u003e",
            "fileTypesAndContributionMap": {
              "docs": {
                "insertions": 22,
                "deletions": 0
              }
            }
          }
        ]
      }
    ],
    "ianyong": [
      {
        "date": "2020-09-21",
        "commitResults": [
          {
            "hash": "ffb4d689dfa6bec63302ba9e9a11abb17e44996c",
            "messageTitle": "Update \u0027About Us\u0027 information for Ian (#10)",
            "messageBody": "* Update information for Ian\r\n\r\n* Add team email",
            "fileTypesAndContributionMap": {
              "docs": {
                "insertions": 38,
                "deletions": 7
              }
            }
          },
          {
            "hash": "789460a5a48645e2246d1238a17d097379b67241",
            "messageTitle": "Add Git pre-push hook (#7)",
            "messageBody": "* Add Git pre-push hook\r\n\r\n* Remove redundant pre-push task\r\n\r\nTask \u0027test\u0027 is a subset of \u0027check\u0027",
            "fileTypesAndContributionMap": {
              "other": {
                "insertions": 9,
                "deletions": 0
              }
            }
          }
        ]
      },
      {
        "date": "2020-09-24",
        "commitResults": [
          {
            "hash": "c69c23fae60193e34045a961da69be899bf67f60",
            "messageTitle": "Add meeting minutes to GitHub Pages (#18)",
            "messageBody": "* Add layout for minutes\r\n\r\n* Add automatic meeting minutes index page\r\n\r\n* Add meeting minutes for 29 August 2020\r\n\r\n* Add jekyll-spaceship\r\n\r\n* Update header links\r\n\r\n* Fix minutes formatting for 29 August 2020\r\n\r\n* Add meeting minutes for 5 September 2020\r\n\r\n* Add meeting minutes for 12 September 2020\r\n\r\n* Add meeting minutes for 19 September 2020\r\n\r\n* Remove trailing whitespace and add newline at EOF\r\n\r\n* Add CI job to build Jekyll without restrictions\r\n\r\nThe default GitHub Pages build process enforces safe mode which\r\ndisallows the use of any non-whitelisted dependencies.\r\n\r\n* Modify CI job to use \u0027GITHUB_TOKEN\u0027 instead\r\n\r\n* Add plugins used by GitHub pages\r\n\r\nThese plugins were previously packaged under the \u0027github-pages\u0027 gem\r\nwhich had to be removed so as to remove the safe mode restrictions.\r\n\r\n* Disable jekyll-github-metadata\r\n\r\n* Add `baseurl` flag when building Jekyll\r\n\r\n* Fix minutes index page not using base URL\r\n\r\n* Fix some links missing a \u0027/\u0027\r\n\r\nThis was achieved by prepending \u0027/\u0027 before the repo name and using\r\nthe resulting string as the base URL.",
            "fileTypesAndContributionMap": {
              "docs": {
                "insertions": 187,
                "deletions": 2
              }
            }
          }
        ]
      },
      {
        "date": "2020-09-26",
        "commitResults": [
          {
            "hash": "9c34ddca674a1cb859055a6a731e5fbd0ac2d340",
            "messageTitle": "Achieve parity between pre-push hook and CI job (#23)",
            "messageBody": "* Run \u0027run-checks.sh\u0027 before pushing\r\n\r\n* Print status of formatting checks\r\n\r\nAlso fix typo in \u0027check-trailing-whitespace.sh\u0027",
            "fileTypesAndContributionMap": {
              "other": {
                "insertions": 7,
                "deletions": 2
              }
            }
          }
        ]
      },
      {
        "date": "2020-10-02",
        "commitResults": [
          {
            "hash": "1c5decb2d1ff0c6f84c978ac0162c32186948e33",
            "messageTitle": "Remove \u0027address\u0027 field from \u0027person\u0027 model (#48)",
            "messageBody": "* Remove \u0027address\u0027 field from \u0027person\u0027 model\r\n\r\n* Remove stray `INVALID_ADDRESS` field\r\n\r\n* Remove redundant test and update comment\r\n\r\n* Remove \u0027Address\u0027 model\r\n\r\nAlso remove corresponding test class. The deletion of these classes\r\nwas silently reverted due to rebasing on #39 and #47.",
            "fileTypesAndContributionMap": {
              "functional-code": {
                "insertions": 11,
                "deletions": 143
              },
              "test-code": {
                "insertions": 66,
                "deletions": 253
              }
            }
          }
        ]
      },
      {
        "date": "2020-10-04",
        "commitResults": [
          {
            "hash": "41cc669a70ea62ac29db7cd8de85d34478b421ad",
            "messageTitle": "Add Gantt chart (#58)",
            "messageBody": "",
            "fileTypesAndContributionMap": {
              "docs": {
                "insertions": 7,
                "deletions": 0
              }
            }
          }
        ]
      },
      {
        "date": "2020-10-05",
        "commitResults": [
          {
            "hash": "de5fcfc9fe6c5543e0c2ed505446150f88885412",
            "messageTitle": "Change \u0027category\u0027 prefix (#66)",
            "messageBody": "",
            "fileTypesAndContributionMap": {
              "functional-code": {
                "insertions": 1,
                "deletions": 1
              }
            }
          },
          {
            "hash": "72bff12e88cd1628d7d88f7ca9d0836956d47de9",
            "messageTitle": "Add expense commands (#63)",
            "messageBody": "* Add \u0027add-expense\u0027 command\r\n\r\n* Add \u0027ls-expense\u0027 command\r\n\r\n* Update Javadoc",
            "fileTypesAndContributionMap": {
              "functional-code": {
                "insertions": 164,
                "deletions": 1
              },
              "test-code": {
                "insertions": 407,
                "deletions": 6
              }
            }
          },
          {
            "hash": "f5a8c54ffa39a16c470367412d45c720d8a4b33b",
            "messageTitle": "Rename \u0027name\u0027 field to \u0027title\u0027 (#67)",
            "messageBody": "* Rename \u0027name\u0027 field to \u0027title\u0027\r\n\r\n* Update stray comment",
            "fileTypesAndContributionMap": {
              "functional-code": {
                "insertions": 157,
                "deletions": 157
              },
              "other": {
                "insertions": 6,
                "deletions": 6
              },
              "test-code": {
                "insertions": 342,
                "deletions": 339
              }
            }
          }
        ]
      },
      {
        "date": "2020-10-07",
        "commitResults": [
          {
            "hash": "3e647c1926607240beae5c71a51458d0c36118b0",
            "messageTitle": "Add meeting minutes for 6 October 2020 (#74)",
            "messageBody": "In order to support :roll_of_paper:, a forked version of the\r\n`jekyll-spaceship` gem that is using an updated version of the\r\n`gemoji` gem is being used.",
            "fileTypesAndContributionMap": {
              "docs": {
                "insertions": 45,
                "deletions": 0
              }
            }
          }
        ]
      },
      {
        "date": "2020-10-10",
        "commitResults": [
          {
            "hash": "6a4047a3c7f64fe01c4da8ebf0dd75769c182f16",
            "messageTitle": "Fix input validation for category (#79)",
            "messageBody": "",
            "fileTypesAndContributionMap": {
              "functional-code": {
                "insertions": 2,
                "deletions": 2
              },
              "test-code": {
                "insertions": 6,
                "deletions": 6
              }
            }
          }
        ]
      },
      {
        "date": "2020-10-11",
        "commitResults": [
          {
            "hash": "8ff9fc5682ed31280520de00150c12201695e2b8",
            "messageTitle": "Refactor logic to allow for UI-dependent behaviour (#83)",
            "messageBody": "* Add UiState\r\n\r\n* Pass UiState to FinanceTrackerParser\r\n\r\n* Add test cases for all possible UI states\r\n\r\n* Update Javadoc capitalisation",
            "fileTypesAndContributionMap": {
              "functional-code": {
                "insertions": 95,
                "deletions": 17
              },
              "test-code": {
                "insertions": 465,
                "deletions": 36
              }
            }
          },
          {
            "hash": "862b9de43467c458fee2fb80851e418ed86138ac",
            "messageTitle": "Add \u0027tab\u0027 command (#90)",
            "messageBody": "* Add ability to programmatically switch UI tabs\r\n\r\n* Add \u0027tab\u0027 command\r\n\r\n* Add check for index bounds\r\n\r\n* Override \u0027toString\u0027 for \u0027Tab\u0027 enum\r\n\r\n* Add TabCommandTest\r\n\r\n* Add TabCommandParserTest\r\n\r\n* Update CommandResultTest\r\n\r\n* Update FinanceTrackerParserTest\r\n\r\n* Fix FinanceTrackerParserTest using wrong stubs\r\n\r\n* Fix test coverage decrease for CommandResult\r\n\r\n* Update TabCommand to take in an Index instead of Tab\r\n\r\nThis is in line with the EditCommand and DeleteCommand",
            "fileTypesAndContributionMap": {
              "functional-code": {
                "insertions": 175,
                "deletions": 4
              },
              "test-code": {
                "insertions": 158,
                "deletions": 19
              }
            }
          }
        ]
      },
      {
        "date": "2020-10-12",
        "commitResults": [
          {
            "hash": "9c8d9330d32e116c8b0025cefe2d1dfc80517662",
            "messageTitle": "Modify \u0027list\u0027 command to depend on UI state (#100)",
            "messageBody": "* Add programmatic tab switching for specific list commands\r\n\r\n* Add ListTransactionCommand\r\n\r\n* Add \u0027ls-overview\u0027 command to FinanceTrackerParser\r\n\r\n* Add generic \u0027list\u0027 command\r\n\r\n* Update stray \u0027UiState.Tab\u0027s",
            "fileTypesAndContributionMap": {
              "functional-code": {
                "insertions": 53,
                "deletions": 9
              },
              "test-code": {
                "insertions": 122,
                "deletions": 21
              }
            }
          }
        ]
      },
      {
        "date": "2020-10-13",
        "commitResults": [
          {
            "hash": "6b3aa2b1b6d5f0bf1effd213d22a64ab67082fa9",
            "messageTitle": "Modify \u0027edit\u0027 command to depend on UI state (#107)",
            "messageBody": "* Add EditExpenseCommand\r\n\r\n* Fix EditExpenseCommandTest\r\n\r\n* Add EditIncomeCommand\r\n\r\n* Update EditCommand usage example",
            "fileTypesAndContributionMap": {
              "functional-code": {
                "insertions": 209,
                "deletions": 20
              },
              "test-code": {
                "insertions": 361,
                "deletions": 16
              }
            }
          },
          {
            "hash": "c6e4604bdeb6eff0efa2e087ea2ad477540bb5e3",
            "messageTitle": "Fix error while loading custom fonts (#109)",
            "messageBody": "",
            "fileTypesAndContributionMap": {
              "functional-code": {
                "insertions": 7,
                "deletions": 10
              }
            }
          }
        ]
      },
      {
        "date": "2020-10-14",
        "commitResults": [
          {
            "hash": "e2a9125600374308c8c5ad82919a4916cd694d20",
            "messageTitle": "Fix \u0027tab\u0027 command not working with TabPane (#113)",
            "messageBody": "* Fix \u0027tab\u0027 command not working with TabPane\r\n\r\n* Remove unnecessary access modifier",
            "fileTypesAndContributionMap": {
              "functional-code": {
                "insertions": 31,
                "deletions": 22
              },
              "test-code": {
                "insertions": 8,
                "deletions": 0
              }
            }
          }
        ]
      },
      {
        "date": "2020-10-17",
        "commitResults": [
          {
            "hash": "97dc2ad897f6bfc57a4f412fd0c8aee5f9d937bb",
            "messageTitle": "Add tests to increase code coverage for \u0027logic\u0027 components (#119)",
            "messageBody": "* Update FinanceTrackerParserTest\r\n\r\nTo achieve 100% line coverage for FinanceTrackerParser\r\n\r\n* Add DeleteCommandStub\r\n\r\n* Add DeleteExpenseCommandTest\r\n\r\nTo achieve 100% test coverage for DeleteExpenseCommand\r\n\r\n* Add DeleteIncomeCommandTest\r\n\r\nTo achieve 100% test coverage for DeleteIncomeCommand\r\n\r\n* Update TabCommandTest\r\n\r\nTo achieve 100% line coverage for TabCommand\r\n\r\n* Add EditCommandStub\r\n\r\n* Update EditExpenseCommandTest to use EditCommandStub\r\n\r\n* Update EditIncomeCommandTest to use EditCommandStub\r\n\r\n* Add FindCommandStub\r\n\r\n* Update messages for FindCommand variants\r\n\r\n* Add FindTransactionCommandTest\r\n\r\nTo achieve 100% test coverage for FindTransactionCommand\r\n\r\n* Add FindExpenseCommandTest\r\n\r\nTo achieve 100% test coverage for FindExpenseCommand\r\n\r\n* Add FindIncomeCommandTest\r\n\r\nTo achieve 100% test coverage for FindIncomeCommand\r\n\r\n* Update LogicManagerTest\r\n\r\nTo achieve 100% test coverage for LogicManager\r\n\r\n* Fix AB3\u0027s English",
            "fileTypesAndContributionMap": {
              "functional-code": {
                "insertions": 22,
                "deletions": 20
              },
              "test-code": {
                "insertions": 766,
                "deletions": 69
              }
            }
          }
        ]
      },
      {
        "date": "2020-10-18",
        "commitResults": [
          {
            "hash": "b636dd9c017589aed18ea532c47f17cc9326a760",
            "messageTitle": "Update \u0027title\u0027 and \u0027category\u0027 validation (#130)",
            "messageBody": "* Update \u0027title\u0027 and \u0027category\u0027 validation\r\n\r\n* Update message constraints to be more user-friendly",
            "fileTypesAndContributionMap": {
              "functional-code": {
                "insertions": 5,
                "deletions": 9
              },
              "test-code": {
                "insertions": 25,
                "deletions": 8
              }
            }
          },
          {
            "hash": "1a702c7c31f7fc1855c006b6f248c4d309b041c2",
            "messageTitle": "Add tests to increase code coverage for \u0027model\u0027 components (#132)",
            "messageBody": "* Update AmountTest\r\n\r\nTo achieve 100% test coverage for Amount\r\n\r\n* Update DateTest\r\n\r\nTo achieve 100% test coverage for Date\r\n\r\n* Update TransactionListTest\r\n\r\nTo achieve 100% test coverage for TransactionList\r\n\r\n* Update TypicalTransactions\r\n\r\nUse more realistic transactions instead of persons\r\n\r\n* Update TransactionTest\r\n\r\nTo achieve 100% line coverage for Transaction\r\n\r\n* Update FinanceTrackerTest\r\n\r\nTo achieve 100% test coverage for FinanceTracker\r\n\r\n* Update UserPrefsTest\r\n\r\nTo achieve 100% test coverage for UserPrefs\r\n\r\n* Update sample transactions\r\n\r\n* Add SampleDataUtilTest\r\n\r\nTo achieve 100% test coverage for SampleDataUtil",
            "fileTypesAndContributionMap": {
              "functional-code": {
                "insertions": 19,
                "deletions": 12
              },
              "test-code": {
                "insertions": 851,
                "deletions": 639
              }
            }
          },
          {
            "hash": "5a0d0b1da7bd59f56a1fde4fcfb9414d1ac860b4",
            "messageTitle": "Enable assertions (#134)",
            "messageBody": "",
            "fileTypesAndContributionMap": {
              "other": {
                "insertions": 4,
                "deletions": 0
              }
            }
          }
        ]
      },
      {
        "date": "2020-10-20",
        "commitResults": [
          {
            "hash": "f71033353ce5862e7494fedc92c652752d2b582a",
            "messageTitle": "Add implementation details of programmatic tab switching to Developer Guide (#141)",
            "messageBody": "* Add CommandResultSequenceDiagram\r\n\r\n* Add implementation details for programmatic tab switching",
            "fileTypesAndContributionMap": {
              "docs": {
                "insertions": 65,
                "deletions": 0
              }
            }
          }
        ]
      },
      {
        "date": "2020-10-23",
        "commitResults": [
          {
            "hash": "f2cfef65497071f4975caf1a1d99c73ed0747b72",
            "messageTitle": "Update trailing whitespace check (#152)",
            "messageBody": "* Remove \u0027warning\u0027 severity from trailing whitespace check\r\n\r\n* Remove trailing whitespace",
            "fileTypesAndContributionMap": {
              "other": {
                "insertions": 2,
                "deletions": 10
              },
              "docs": {
                "insertions": 1,
                "deletions": 1
              }
            }
          }
        ]
      },
      {
        "date": "2020-10-24",
        "commitResults": [
          {
            "hash": "fb63b272966ac005bb83ba1ba685779983f88269",
            "messageTitle": "Refactor tabs (#161)",
            "messageBody": "* Refactor tabs\r\n\r\nSet tab contents instead of intercepting click events on tabs and\r\nmanually updating UI elements.\r\n\r\n* Remove hard-coded tab label colours\r\n\r\n* Highlight tabs on hover\r\n\r\n* Clean up code\r\n\r\n* Convert \u0027help\u0027 tab into a button\r\n\r\n* Refactor updating of UiState when tab changes\r\n\r\n* Reorder fxml imports",
            "fileTypesAndContributionMap": {
              "functional-code": {
                "insertions": 257,
                "deletions": 249
              },
              "test-code": {
                "insertions": 4,
                "deletions": 4
              }
            }
          }
        ]
      },
      {
        "date": "2020-10-25",
        "commitResults": [
          {
            "hash": "6f9887507e97a9777397c65fc43b54417f7da646",
            "messageTitle": "Make UI resizable (#174)",
            "messageBody": "* Enable resizing of application\r\n\r\n* Fix resizing of MainWindow\r\n\r\n* Enforce 3:2 ratio for main and side panels\r\n\r\n* Add text wrap to ResultDisplay\r\n\r\n* Add support for restoring fullscreen windows\r\n\r\n* Fix panels not growing vertically\r\n\r\n* Enforce minimum window size\r\n\r\n* Fix formatting of fxml files\r\n\r\n* Remove stray \u0027println\u0027 statement",
            "fileTypesAndContributionMap": {
              "functional-code": {
                "insertions": 209,
                "deletions": 142
              },
              "test-code": {
                "insertions": 9,
                "deletions": 9
              }
            }
          },
          {
            "hash": "68ffac13730110b96f5d3a1071f1328c6cabe921",
            "messageTitle": "Partially update user guide (#179)",
            "messageBody": "* Remove ToC bullet points in user guide\r\n\r\n* Add section 2 on the layout of the UI\r\n\r\n* Add preface for tabs\r\n\r\n* Add delete expense and delete income commands",
            "fileTypesAndContributionMap": {
              "docs": {
                "insertions": 82,
                "deletions": 15
              }
            }
          }
        ]
      },
      {
        "date": "2020-10-27",
        "commitResults": [
          {
            "hash": "fd1949100ca64585ef6aa04cb5af4d90de39654a",
            "messageTitle": "Add user guide to application (#199)",
            "messageBody": "* Add UserGuideTabPane\r\n\r\n* Disable user guide tab when not selected\r\n\r\nThis prevents the user from clicking on the invisible tab which\r\nholds the WebView.\r\n\r\n* Improve pseudo-tab behaviour of user guide button\r\n\r\n* Add URL whitelisting\r\n\r\n* Update \u0027No External Site\u0027 page link\r\n\r\n* Add logging whenever the state of the WebView updates\r\n\r\n* Add method to refresh page\r\n\r\n* Disable context menu of WebView\r\n\r\n* Add auto-refresh 10s after page load failure\r\n\r\n* Update \u0027No External Site\u0027 page link to be consistent\r\n\r\n* Add top anchor to the user guide button\r\n\r\n* Remove old help message",
            "tags": [
              "v1.3"
            ],
            "fileTypesAndContributionMap": {
              "functional-code": {
                "insertions": 159,
                "deletions": 18
              },
              "other": {
                "insertions": 6,
                "deletions": 0
              }
            }
          }
        ]
      },
      {
        "date": "2020-10-28",
        "commitResults": [
          {
            "hash": "35dec7b52e564f01ad2063676b6239214359ae0b",
            "messageTitle": "Add application icon and website favicon (#203)",
            "messageBody": "* Add application icon\r\n\r\n* Add favicon",
            "fileTypesAndContributionMap": {
              "functional-code": {
                "insertions": 4,
                "deletions": 0
              }
            }
          }
        ]
      },
      {
        "date": "2020-10-29",
        "commitResults": [
          {
            "hash": "9b07dd93469fbc387542b35adac61685d4782cbe",
            "messageTitle": "Load macOS default system font using its internal name (#212)",
            "messageBody": "* Load macOS font using its internal name\r\n\r\n* Update user agent log message",
            "fileTypesAndContributionMap": {
              "functional-code": {
                "insertions": 21,
                "deletions": 0
              }
            }
          },
          {
            "hash": "d7dd615525ff8f2599bd06fdb337c1a707cfd775",
            "messageTitle": "Fix crash on startup (#215)",
            "messageBody": "",
            "fileTypesAndContributionMap": {
              "functional-code": {
                "insertions": 4,
                "deletions": 2
              }
            }
          }
        ]
      },
      {
        "date": "2020-10-30",
        "commitResults": [
          {
            "hash": "b34b326fef6aba503515760e2b3a6195aabbe778",
            "messageTitle": "Disable scrolling of tabs using arrow keys (#231)",
            "messageBody": "",
            "fileTypesAndContributionMap": {
              "functional-code": {
                "insertions": 5,
                "deletions": 0
              }
            }
          },
          {
            "hash": "50c66b76a5656b72c03ef9a4ac78d33ae0ff8e38",
            "messageTitle": "Improve UI scalability (#226)",
            "messageBody": "* Remove StatusBarFooter\r\n\r\n* Fix image not scaling\r\n\r\n* Adjust saving goals panel padding\r\n\r\n* Stack title over categories\r\n\r\n* Add ScrollPane for categories\r\n\r\n* Center text in category labels\r\n\r\n* Add horizontal scrolling of categories with scroll wheel\r\n\r\n* Increase the size of bookmarked transactions\r\n\r\n* Increase command display box size\r\n\r\n* Rename side panels for consistency\r\n\r\n\u0027Bookmarked Incomes\u0027 -\u003e \u0027Bookmark Incomes\u0027\r\n\u0027Bookmarked Expenses\u0027 -\u003e \u0027Bookmark Expenses\u0027",
            "fileTypesAndContributionMap": {
              "functional-code": {
                "insertions": 199,
                "deletions": 167
              }
            }
          },
          {
            "hash": "2685d4e1202c83ee62580a39f22db068aa327f02",
            "messageTitle": "Update user guide screenshots (#235)",
            "messageBody": "",
            "fileTypesAndContributionMap": {
              "docs": {
                "insertions": 4,
                "deletions": 1
              }
            }
          }
        ]
      },
      {
        "date": "2020-10-31",
        "commitResults": [
          {
            "hash": "0c7585be0f0eb124791e1937a3f6dfe4fe906dad",
            "messageTitle": "Add command history (#253)",
            "messageBody": "* Add Node\r\n\r\n* Add EvictingStack\r\n\r\n* Add CommandHistory\r\n\r\n* Hook up CommandHistory to CommandBox\r\n\r\n* Add section on command history to user guide\r\n\r\n* Update user guide\r\n\r\n- Swap sections 4.11 and 4.12.\r\n- Elaborate on the need to be focused on the command input box.\r\n- Add \u0027text cursor\u0027 to the glossary.\r\n- Reorder the glossary by alphabetical order.",
            "fileTypesAndContributionMap": {
              "functional-code": {
                "insertions": 357,
                "deletions": 26
              },
              "docs": {
                "insertions": 22,
                "deletions": 5
              },
              "test-code": {
                "insertions": 206,
                "deletions": 0
              }
            }
          },
          {
            "hash": "9e37a56eccc74d658dd27bc405d3a71f16f8132d",
            "messageTitle": "Explicitly list out printable ASCII characters (#257)",
            "messageBody": "* Remove abbr HTML tag\r\n\r\n* Add ASCII test for Title and Category\r\n\r\nAlso update the constraints messages to be more descriptive.\r\n\r\n* Add exhaustive list of printable ASCII chars\r\n\r\n* Add comments to ASCII tests",
            "fileTypesAndContributionMap": {
              "functional-code": {
                "insertions": 4,
                "deletions": 2
              },
              "docs": {
                "insertions": 7,
                "deletions": 1
              },
              "test-code": {
                "insertions": 71,
                "deletions": 0
              }
            }
          }
        ]
      },
      {
        "date": "2020-11-01",
        "commitResults": [
          {
            "hash": "4f99068b860e288640116735700a439d947f77ed",
            "messageTitle": "Fix categories ScrollPane consuming all ScrollEvents (#261)",
            "messageBody": "* Fix categories ScrollPane consuming all ScrollEvents\r\n\r\n* Fix being unable to scroll when there are no categories",
            "fileTypesAndContributionMap": {
              "functional-code": {
                "insertions": 42,
                "deletions": 4
              }
            }
          },
          {
            "hash": "73f4e3f18787f2c1f55357d2d6f3b13a1815b604",
            "messageTitle": "Add image caption style (#263)",
            "messageBody": "",
            "fileTypesAndContributionMap": {
              "docs": {
                "insertions": 2,
                "deletions": 0
              }
            }
          }
        ]
      },
      {
        "date": "2020-11-02",
        "commitResults": [
          {
            "hash": "ae20d8546a98f8307085c2c23cc039d1cb0e4f72",
            "messageTitle": "Replace non-breaking spaces with regular spaces (#268)",
            "messageBody": "",
            "fileTypesAndContributionMap": {
              "functional-code": {
                "insertions": 4,
                "deletions": 1
              }
            }
          }
        ]
      }
    ]
  },
  "authorFileTypeContributionMap": {
    "siddarth2824": {
      "docs": 515,
      "functional-code": 2566,
      "test-code": 2605
    },
    "wltan": {
      "docs": 294,
      "functional-code": 608,
      "test-code": 385,
      "other": 9
    },
    "zhaojj2209": {
      "docs": 681,
      "functional-code": 1903,
      "test-code": 1896,
      "other": 3
    },
    "yongping827": {
      "docs": 235,
      "functional-code": 1188,
      "test-code": 721
    },
    "ianyong": {
      "docs": 387,
      "functional-code": 1860,
      "test-code": 2756,
      "other": 91
    }
  },
  "authorContributionVariance": {
    "siddarth2824": 454882.5,
    "wltan": 7935.0464,
    "zhaojj2209": 172113.05,
    "yongping827": 292793.84,
    "ianyong": 91999.36
  },
  "authorDisplayNameMap": {
    "siddarth2824": "CS2103T-W16-3 SIDD..RESH",
    "wltan": "CS2103T-W16-3 TAN ..IANG",
    "zhaojj2209": "CS2103T-W16-3 ZHAO..JING",
    "yongping827": "CS2103T-W16-3 YONG..PING",
    "ianyong": "CS2103T-W16-3 IAN ..UANG"
  }
}
