{
  "authorDailyContributionsMap": {
    "T-Fang": [
      {
        "date": "2020-09-21",
        "commitResults": [
          {
            "hash": "a44dd6281aa03f3b1afbc5dadb3992ae06d57247",
            "messageTitle": "Delete extra ProjectTemp class and Refactor Phone to Leader",
            "messageBody": "",
            "fileTypesAndContributionMap": {
              "functional-code": {
                "insertions": 41,
                "deletions": 161
              },
              "other": {
                "insertions": 4,
                "deletions": 4
              },
              "docs": {
                "insertions": 3,
                "deletions": 3
              },
              "test-code": {
                "insertions": 62,
                "deletions": 62
              }
            }
          },
          {
            "hash": "4337f82e3c53ccaaf27b6bb89531b96e367dbb88",
            "messageTitle": "Refactor Address to DueDate and Email to ProjectDescription",
            "messageBody": "",
            "fileTypesAndContributionMap": {
              "functional-code": {
                "insertions": 75,
                "deletions": 75
              },
              "other": {
                "insertions": 17,
                "deletions": 17
              },
              "docs": {
                "insertions": 36,
                "deletions": 36
              },
              "test-code": {
                "insertions": 102,
                "deletions": 102
              }
            }
          },
          {
            "hash": "af2cdfa81c41ae14439766c222093d4c02142fd2",
            "messageTitle": "Update method and documentation related to Leader, DueDate, and ProjectDescription",
            "messageBody": "",
            "fileTypesAndContributionMap": {
              "functional-code": {
                "insertions": 53,
                "deletions": 53
              },
              "test-code": {
                "insertions": 51,
                "deletions": 51
              }
            }
          },
          {
            "hash": "1b91a72dc0683d3e895a26d27c48e876317c29dc",
            "messageTitle": "Update Project\u0027s toString()",
            "messageBody": "",
            "fileTypesAndContributionMap": {
              "functional-code": {
                "insertions": 9,
                "deletions": 8
              },
              "test-code": {
                "insertions": 4,
                "deletions": 4
              }
            }
          },
          {
            "hash": "d7fcc4846be0802610c1ef45c56b2625a5411ab2",
            "messageTitle": "Update Regex of DueDate, Leader, and ProjectDescription",
            "messageBody": "",
            "fileTypesAndContributionMap": {
              "functional-code": {
                "insertions": 16,
                "deletions": 21
              }
            }
          },
          {
            "hash": "a1ebb1a2749f7250ce40b8e2f9e08d1025c1cc36",
            "messageTitle": "Improve Coding Style",
            "messageBody": "",
            "fileTypesAndContributionMap": {
              "functional-code": {
                "insertions": 81,
                "deletions": 75
              }
            }
          },
          {
            "hash": "0a2e67212f283a8b63f3ec734bfef86ee845eced",
            "messageTitle": "Add a line to separate import groups",
            "messageBody": "",
            "fileTypesAndContributionMap": {
              "functional-code": {
                "insertions": 1,
                "deletions": 0
              }
            }
          },
          {
            "hash": "871440abd0d3be9be0d78e955bb12f8136707da2",
            "messageTitle": "Improve Code style in test classes",
            "messageBody": "",
            "fileTypesAndContributionMap": {
              "test-code": {
                "insertions": 67,
                "deletions": 58
              }
            }
          }
        ]
      },
      {
        "date": "2020-09-29",
        "commitResults": [
          {
            "hash": "547b52c42091d00341a6c12c97ea7c97a073d860",
            "messageTitle": "Add more non-functional requirements",
            "messageBody": "",
            "fileTypesAndContributionMap": {
              "docs": {
                "insertions": 14,
                "deletions": 6
              }
            }
          },
          {
            "hash": "55f214694846fbcb2876e99436e52e2c1107bbfa",
            "messageTitle": "Fix a typo",
            "messageBody": "",
            "fileTypesAndContributionMap": {
              "docs": {
                "insertions": 1,
                "deletions": 1
              }
            }
          }
        ]
      },
      {
        "date": "2020-10-02",
        "commitResults": [
          {
            "hash": "11ab0f542d3ec97a8b57021b207d7ace7c42be9d",
            "messageTitle": "Upload personal image",
            "messageBody": "",
            "fileTypesAndContributionMap": {
              "docs": {
                "insertions": 1,
                "deletions": 1
              }
            }
          }
        ]
      },
      {
        "date": "2020-10-04",
        "commitResults": [
          {
            "hash": "d0ce88d9cb46da9458e6faf7c59cb83084758f97",
            "messageTitle": "Update Participation class and create corresponding methods in Project",
            "messageBody": "",
            "fileTypesAndContributionMap": {
              "functional-code": {
                "insertions": 68,
                "deletions": 16
              }
            }
          },
          {
            "hash": "3fd585ebe9b97f5bdc63a9189277a54a496b639d",
            "messageTitle": "Update individual doc",
            "messageBody": "",
            "fileTypesAndContributionMap": {
              "docs": {
                "insertions": 11,
                "deletions": 2
              }
            }
          }
        ]
      }
    ],
    "GeNiaaz": [
      {
        "date": "2020-09-21",
        "commitResults": [
          {
            "hash": "3f6b28dd392e4de38b4b6d6b454e88f620622e74",
            "messageTitle": "Adapted Teammate Class, to add tests.",
            "messageBody": "",
            "fileTypesAndContributionMap": {
              "functional-code": {
                "insertions": 422,
                "deletions": 0
              }
            }
          },
          {
            "hash": "c8a9a1f78d5c9ddc369546f49719b43fe8cc6b66",
            "messageTitle": "Adapted Teammate Class, rename branch, to add tests.",
            "messageBody": "",
            "fileTypesAndContributionMap": {
              "functional-code": {
                "insertions": 1,
                "deletions": 1
              }
            }
          }
        ]
      },
      {
        "date": "2020-09-22",
        "commitResults": [
          {
            "hash": "e705bbb11b3b5ff22c3adb2d992cfedcf79722b7",
            "messageTitle": "Rename class to Person to better abstract Leader. To add tests",
            "messageBody": "",
            "fileTypesAndContributionMap": {
              "other": {
                "insertions": 15,
                "deletions": 15
              }
            }
          },
          {
            "hash": "0ad6ed1425373170306f6c34a3fca2906fdf5748",
            "messageTitle": "Rename Person associated classes after Tianfang commit merge",
            "messageBody": "",
            "fileTypesAndContributionMap": {
              "other": {
                "insertions": 38,
                "deletions": 38
              }
            }
          },
          {
            "hash": "da7039123114400eb57b8754f847b9d33f8de3ca",
            "messageTitle": "Revert \"Project package refactor\"",
            "messageBody": "",
            "fileTypesAndContributionMap": {
              "functional-code": {
                "insertions": 410,
                "deletions": 292
              },
              "other": {
                "insertions": 23,
                "deletions": 24
              },
              "docs": {
                "insertions": 38,
                "deletions": 38
              },
              "test-code": {
                "insertions": 209,
                "deletions": 218
              }
            }
          }
        ]
      },
      {
        "date": "2020-09-23",
        "commitResults": [
          {
            "hash": "6fe3606f1caec049784d1954bbb6a9632fe638ac",
            "messageTitle": "Add Teammate class and associated classes. Remove Temp when class names finalised",
            "messageBody": "",
            "fileTypesAndContributionMap": {
              "functional-code": {
                "insertions": 422,
                "deletions": 0
              },
              "other": {
                "insertions": 2,
                "deletions": 2
              }
            }
          }
        ]
      },
      {
        "date": "2020-09-27",
        "commitResults": [
          {
            "hash": "151528877330e75dee5393f81781cfb13d154e57",
            "messageTitle": "Update readme with member-Niaaz information",
            "messageBody": "",
            "fileTypesAndContributionMap": {
              "docs": {
                "insertions": 15,
                "deletions": 11
              }
            }
          },
          {
            "hash": "ff8477672baa2b3da9ad106277689380e1a216ae",
            "messageTitle": "Update portfolio and image",
            "messageBody": "",
            "fileTypesAndContributionMap": {
              "docs": {
                "insertions": 53,
                "deletions": 3
              }
            }
          }
        ]
      },
      {
        "date": "2020-09-28",
        "commitResults": [
          {
            "hash": "f8102bdde553521df5ddb8eaac6302140b580eda",
            "messageTitle": "Add some UserGuide",
            "messageBody": "",
            "fileTypesAndContributionMap": {
              "docs": {
                "insertions": 31,
                "deletions": 23
              }
            }
          },
          {
            "hash": "6e6b99cdadaffd4a808e05e971fd236f724793aa",
            "messageTitle": "Add description, features before proj init",
            "messageBody": "",
            "fileTypesAndContributionMap": {
              "docs": {
                "insertions": 20,
                "deletions": 88
              }
            }
          },
          {
            "hash": "a90df501075c347bde94436ff3e133b2b9195d89",
            "messageTitle": "Create copy of developer guide tempalte",
            "messageBody": "",
            "fileTypesAndContributionMap": {
              "docs": {
                "insertions": 356,
                "deletions": 0
              }
            }
          },
          {
            "hash": "6fe7d1e0f63be07c915798063edb4c4673c381c2",
            "messageTitle": "Add description for Readme, to add Ui image",
            "messageBody": "",
            "fileTypesAndContributionMap": {
              "docs": {
                "insertions": 26,
                "deletions": 11
              }
            }
          },
          {
            "hash": "4d0a76986291ffdaf8bfe495b33bf6b775c83399",
            "messageTitle": "Edited Appendix requirements",
            "messageBody": "",
            "fileTypesAndContributionMap": {
              "docs": {
                "insertions": 106,
                "deletions": 22
              }
            }
          },
          {
            "hash": "3673549d6d966367117170ccc64874ac0eef7556",
            "messageTitle": "Add more non-functional requirements",
            "messageBody": "",
            "fileTypesAndContributionMap": {
              "docs": {
                "insertions": 6,
                "deletions": 3
              }
            }
          },
          {
            "hash": "2cf2a25e56a88dd3a9ac654a2a291939c9dd0a49",
            "messageTitle": "Corrected grammatical errors",
            "messageBody": "",
            "fileTypesAndContributionMap": {
              "docs": {
                "insertions": 2,
                "deletions": 2
              }
            }
          },
          {
            "hash": "dbdc0924d5cbf093e8f528928736397f2e2e471f",
            "messageTitle": "Corrected more grammatical mistakes",
            "messageBody": "",
            "fileTypesAndContributionMap": {
              "docs": {
                "insertions": 1,
                "deletions": 1
              }
            }
          }
        ]
      },
      {
        "date": "2020-10-03",
        "commitResults": [
          {
            "hash": "352a920ef4f923e405752d97a0385837a45e315f",
            "messageTitle": "refactor name in Project to projectName",
            "messageBody": "",
            "fileTypesAndContributionMap": {
              "functional-code": {
                "insertions": 104,
                "deletions": 108
              },
              "other": {
                "insertions": 22,
                "deletions": 22
              },
              "docs": {
                "insertions": 27,
                "deletions": 27
              },
              "test-code": {
                "insertions": 124,
                "deletions": 130
              }
            }
          },
          {
            "hash": "9b09d572d9ed10efaccdbbca3bb5a77000aad7cf",
            "messageTitle": "fix import checkstyle errors",
            "messageBody": "",
            "fileTypesAndContributionMap": {
              "functional-code": {
                "insertions": 24,
                "deletions": 14
              }
            }
          },
          {
            "hash": "b99192dfb54eec3c95330ec74d24b95d69285489",
            "messageTitle": "fix even more checkstyle errors",
            "messageBody": "",
            "fileTypesAndContributionMap": {
              "functional-code": {
                "insertions": 6,
                "deletions": 4
              }
            }
          },
          {
            "hash": "75ed6cd79d8eb3cccf391dbab1146c75b14cd636",
            "messageTitle": "Add javadoc to Participation method in project",
            "messageBody": "",
            "fileTypesAndContributionMap": {
              "functional-code": {
                "insertions": 3,
                "deletions": 0
              }
            }
          }
        ]
      },
      {
        "date": "2020-10-04",
        "commitResults": [
          {
            "hash": "0344cffba64777d55d14409dec13b2dcccbb9e3d",
            "messageTitle": "Fix image names in AboutUs to work on teamlist site",
            "messageBody": "",
            "fileTypesAndContributionMap": {
              "docs": {
                "insertions": 1,
                "deletions": 1
              }
            }
          },
          {
            "hash": "82e99c3544af052aacecba57c6f6f38ba8ab85a5",
            "messageTitle": "Fix all checkstyle except linglength",
            "messageBody": "",
            "fileTypesAndContributionMap": {
              "test-code": {
                "insertions": 14,
                "deletions": 8
              }
            }
          },
          {
            "hash": "c1d5223b7ddc3d765db0f46032160273726f4370",
            "messageTitle": "Fix line length checkstyle in ProjectUtil",
            "messageBody": "",
            "fileTypesAndContributionMap": {
              "docs": {
                "insertions": 142,
                "deletions": 59
              },
              "test-code": {
                "insertions": 4,
                "deletions": 2
              }
            }
          },
          {
            "hash": "bcee9ecc0e286bdd79e916c93faf8d0e4b2d2b33",
            "messageTitle": "Fix \u0027.\u0027 on previous line error",
            "messageBody": "",
            "fileTypesAndContributionMap": {
              "test-code": {
                "insertions": 4,
                "deletions": 4
              }
            }
          }
        ]
      }
    ],
    "TCQian": [
      {
        "date": "2020-09-12",
        "commitResults": [
          {
            "hash": "518c1aefd4a52cc7ff9b077d6ea78778dc2faf34",
            "messageTitle": "Update README.md",
            "messageBody": "",
            "fileTypesAndContributionMap": {
              "docs": {
                "insertions": 4,
                "deletions": 0
              }
            }
          },
          {
            "hash": "627fada66ab42dc98c857b857874871469b74ab9",
            "messageTitle": "Update README.md",
            "messageBody": "",
            "fileTypesAndContributionMap": {
              "docs": {
                "insertions": 3,
                "deletions": 1
              }
            }
          },
          {
            "hash": "fa4a61f9404a2df2bc4972120de10bbbba29f6d9",
            "messageTitle": "Update README.md",
            "messageBody": "",
            "fileTypesAndContributionMap": {
              "docs": {
                "insertions": 0,
                "deletions": 6
              }
            }
          }
        ]
      },
      {
        "date": "2020-09-21",
        "commitResults": [
          {
            "hash": "4b093e95f309cff7769f02822ef352305375e304",
            "messageTitle": "solves fxml nullpointerexpection",
            "messageBody": "",
            "fileTypesAndContributionMap": {
              "functional-code": {
                "insertions": 19,
                "deletions": 14
              },
              "other": {
                "insertions": 0,
                "deletions": 0
              },
              "test-code": {
                "insertions": 24,
                "deletions": 24
              }
            }
          },
          {
            "hash": "4ab918a9fc21159129e729cfb5ce71591dfab5a2",
            "messageTitle": "updates model.java to fix CI build",
            "messageBody": "",
            "fileTypesAndContributionMap": {
              "functional-code": {
                "insertions": 0,
                "deletions": 3
              }
            }
          },
          {
            "hash": "554c3b6521fe8c46f22bb34e29f8b36eaf5bfc84",
            "messageTitle": "updates AddCommentTest.java\u0027s Model stub to fix build error",
            "messageBody": "",
            "fileTypesAndContributionMap": {
              "test-code": {
                "insertions": 1,
                "deletions": 1
              }
            }
          }
        ]
      },
      {
        "date": "2020-09-29",
        "commitResults": [
          {
            "hash": "ad1015b43acf495d85478b20c3bc5dc405e5a214",
            "messageTitle": "Update profile of Tan Chia Qian on AboutUs.md",
            "messageBody": "",
            "fileTypesAndContributionMap": {
              "docs": {
                "insertions": 52,
                "deletions": 6
              }
            }
          },
          {
            "hash": "3db7946390a2faa97161ef2496b2bc46236d4f0a",
            "messageTitle": "Update Feature Of List, Delete, Find, Prioritise into UG",
            "messageBody": "",
            "fileTypesAndContributionMap": {
              "docs": {
                "insertions": 70,
                "deletions": 0
              }
            }
          },
          {
            "hash": "c8c149f3498afbbfeec566ad40cd750fabc31bd0",
            "messageTitle": "Remove Of Extra tanchiaqian.md",
            "messageBody": "",
            "fileTypesAndContributionMap": {
              "docs": {
                "insertions": 0,
                "deletions": 46
              }
            }
          },
          {
            "hash": "2ad0a36af5250989d4b6c833cc4f3ca57d9d2fc7",
            "messageTitle": "Quote words used as command into coding form",
            "messageBody": "",
            "fileTypesAndContributionMap": {
              "docs": {
                "insertions": 10,
                "deletions": 10
              }
            }
          },
          {
            "hash": "73f495eb94c045322e58f9c18b5df90feed433a6",
            "messageTitle": "Update the use cases in DG",
            "messageBody": "",
            "fileTypesAndContributionMap": {
              "docs": {
                "insertions": 90,
                "deletions": 72
              }
            }
          }
        ]
      }
    ],
    "lll-jy": [
      {
        "date": "2020-09-19",
        "commitResults": [
          {
            "hash": "f6d4daa029b880b576d67fbb0b61ff32ea24e24b",
            "messageTitle": "Refactor the model.person package as model.project",
            "messageBody": "",
            "fileTypesAndContributionMap": {
              "functional-code": {
                "insertions": 38,
                "deletions": 38
              },
              "other": {
                "insertions": 20,
                "deletions": 20
              },
              "docs": {
                "insertions": 2,
                "deletions": 2
              },
              "test-code": {
                "insertions": 45,
                "deletions": 45
              }
            }
          },
          {
            "hash": "918f28e83240a2b0d4f59de997926ad28654d6a0",
            "messageTitle": "Duplicate Person.java to PersonTemp for future use as Person in our project",
            "messageBody": "",
            "fileTypesAndContributionMap": {
              "functional-code": {
                "insertions": 119,
                "deletions": 0
              }
            }
          },
          {
            "hash": "598548a3c26f38fa57fe4f9b3d8bd57be152e5ef",
            "messageTitle": "Refactor Person class to Project",
            "messageBody": "",
            "fileTypesAndContributionMap": {
              "functional-code": {
                "insertions": 203,
                "deletions": 203
              },
              "other": {
                "insertions": 32,
                "deletions": 32
              },
              "docs": {
                "insertions": 63,
                "deletions": 63
              },
              "test-code": {
                "insertions": 172,
                "deletions": 172
              }
            }
          },
          {
            "hash": "127f081602f24fa74bc531eb480c273746b17375",
            "messageTitle": "Refactor UniquePersonList as UniqueProjectList",
            "messageBody": "",
            "fileTypesAndContributionMap": {
              "functional-code": {
                "insertions": 3,
                "deletions": 3
              },
              "other": {
                "insertions": 5,
                "deletions": 5
              },
              "test-code": {
                "insertions": 51,
                "deletions": 51
              }
            }
          },
          {
            "hash": "da2acdfda530d3ed019ced708181974164239b0e",
            "messageTitle": "Refactor AddressBook as MainCatalogue",
            "messageBody": "",
            "fileTypesAndContributionMap": {
              "functional-code": {
                "insertions": 44,
                "deletions": 43
              },
              "other": {
                "insertions": 38,
                "deletions": 38
              },
              "test-code": {
                "insertions": 39,
                "deletions": 39
              }
            }
          },
          {
            "hash": "fb98755e14a8c952c499239b92e53661e3ab1b90",
            "messageTitle": "Refactor ReadOnlyAddressBook as ReadOnlyMainCatalogue",
            "messageBody": "",
            "fileTypesAndContributionMap": {
              "functional-code": {
                "insertions": 42,
                "deletions": 42
              },
              "other": {
                "insertions": 1,
                "deletions": 1
              },
              "test-code": {
                "insertions": 16,
                "deletions": 16
              }
            }
          },
          {
            "hash": "ae4933b01652003225127530d0970d481bd50a6f",
            "messageTitle": "Refactor AddressBookStorage to MainCatalogueStorage",
            "messageBody": "",
            "fileTypesAndContributionMap": {
              "functional-code": {
                "insertions": 14,
                "deletions": 14
              },
              "other": {
                "insertions": 4,
                "deletions": 4
              },
              "test-code": {
                "insertions": 13,
                "deletions": 13
              }
            }
          },
          {
            "hash": "a03dee2a15d3589541d7472eb229f9738c7e9925",
            "messageTitle": "Refactor JsonAdaptedPerson as JsonAdaptedProject",
            "messageBody": "",
            "fileTypesAndContributionMap": {
              "functional-code": {
                "insertions": 5,
                "deletions": 5
              },
              "other": {
                "insertions": 6,
                "deletions": 6
              },
              "test-code": {
                "insertions": 16,
                "deletions": 16
              }
            }
          },
          {
            "hash": "68e406c14d5b3e559ede3b22f73d987c60e215ab",
            "messageTitle": "Refactor Ui package Person to Project",
            "messageBody": "",
            "fileTypesAndContributionMap": {
              "functional-code": {
                "insertions": 5,
                "deletions": 5
              },
              "other": {
                "insertions": 11,
                "deletions": 11
              },
              "docs": {
                "insertions": 1,
                "deletions": 1
              }
            }
          },
          {
            "hash": "905ba0c7437a2be54adbfca81769489182e6c547",
            "messageTitle": "Refactor JsonSerializableAddressBook as JsonSerializableMainCatalogue",
            "messageBody": "",
            "fileTypesAndContributionMap": {
              "functional-code": {
                "insertions": 3,
                "deletions": 3
              },
              "other": {
                "insertions": 5,
                "deletions": 5
              },
              "test-code": {
                "insertions": 7,
                "deletions": 7
              }
            }
          },
          {
            "hash": "ed3212e4b6f7b9db2f9309248ea267d54b8d20f1",
            "messageTitle": "Refactor AddressBookParser as MainCatalogueParser",
            "messageBody": "",
            "fileTypesAndContributionMap": {
              "functional-code": {
                "insertions": 4,
                "deletions": 4
              },
              "other": {
                "insertions": 1,
                "deletions": 1
              },
              "test-code": {
                "insertions": 1,
                "deletions": 1
              }
            }
          },
          {
            "hash": "e68c20dde598d44c107db1fdf57089e55d4b6265",
            "messageTitle": "Replace other occurences of person to project",
            "messageBody": "",
            "fileTypesAndContributionMap": {
              "functional-code": {
                "insertions": 167,
                "deletions": 167
              },
              "other": {
                "insertions": 19,
                "deletions": 19
              },
              "docs": {
                "insertions": 55,
                "deletions": 55
              },
              "test-code": {
                "insertions": 439,
                "deletions": 439
              }
            }
          },
          {
            "hash": "ab86abb366e4055d15d54568ec813e74e86bb112",
            "messageTitle": "Rename json data files for refactoring",
            "messageBody": "",
            "fileTypesAndContributionMap": {
              "test-code": {
                "insertions": 1,
                "deletions": 1
              }
            }
          },
          {
            "hash": "045ca279b82953c1cd3be73e660cdf64a9b12f1e",
            "messageTitle": "Refactor file names person -\u003e project and addressBook -\u003e mainCatalogue",
            "messageBody": "",
            "fileTypesAndContributionMap": {
              "other": {
                "insertions": 5,
                "deletions": 5
              },
              "test-code": {
                "insertions": 2,
                "deletions": 2
              }
            }
          },
          {
            "hash": "7d36e6a7ee9c4c36b35eb3d8a2e710ae065b4257",
            "messageTitle": "Replace all occurrences of addressbook to maincatalogue",
            "messageBody": "",
            "fileTypesAndContributionMap": {
              "functional-code": {
                "insertions": 120,
                "deletions": 120
              },
              "other": {
                "insertions": 1,
                "deletions": 1
              },
              "docs": {
                "insertions": 69,
                "deletions": 69
              },
              "test-code": {
                "insertions": 112,
                "deletions": 112
              }
            }
          },
          {
            "hash": "9d6eb79394e914d1207d352fcd6a3533110dbf92",
            "messageTitle": "Adapt import order and truncate excessively long lines for checkstyle tests",
            "messageBody": "",
            "fileTypesAndContributionMap": {
              "functional-code": {
                "insertions": 19,
                "deletions": 15
              }
            }
          },
          {
            "hash": "8e9f091105a3b173e84c7ef3f8fda1eafd4e5b8f",
            "messageTitle": "Adapt import order and truncate excessively long lines for checkstyle tests in test cases",
            "messageBody": "",
            "fileTypesAndContributionMap": {
              "test-code": {
                "insertions": 22,
                "deletions": 20
              }
            }
          }
        ]
      },
      {
        "date": "2020-09-26",
        "commitResults": [
          {
            "hash": "6b4fc7ddca42f6eabd87de505a51a96e7f1e318d",
            "messageTitle": "Rename package Teammate as teammate",
            "messageBody": "",
            "fileTypesAndContributionMap": {
              "other": {
                "insertions": 8,
                "deletions": 8
              }
            }
          },
          {
            "hash": "dab2327005d7e6832fe6e94bee148e48a2f37c83",
            "messageTitle": "Put Participation class in model package",
            "messageBody": "",
            "fileTypesAndContributionMap": {
              "other": {
                "insertions": 1,
                "deletions": 1
              }
            }
          },
          {
            "hash": "72aed57223dac35e11e8dfc440bb89775247c664",
            "messageTitle": "Update import statement referring Participation",
            "messageBody": "",
            "fileTypesAndContributionMap": {
              "functional-code": {
                "insertions": 0,
                "deletions": 1
              }
            }
          },
          {
            "hash": "5da6c3b20654dc0934f8d225b38a250866cafa52",
            "messageTitle": "Update import statement referring Participation",
            "messageBody": "",
            "fileTypesAndContributionMap": {
              "functional-code": {
                "insertions": 1,
                "deletions": 1
              }
            }
          },
          {
            "hash": "f8647d49511802337de5165a1f1cd1bce3640ed1",
            "messageTitle": "Fix checkstyel fails and add initialization of role of participation",
            "messageBody": "",
            "fileTypesAndContributionMap": {
              "functional-code": {
                "insertions": 3,
                "deletions": 2
              }
            }
          },
          {
            "hash": "ca825da9aebf933ffb9fc09b812a50218feae5d7",
            "messageTitle": "Delete teammate package",
            "messageBody": "",
            "fileTypesAndContributionMap": {
              "functional-code": {
                "insertions": 0,
                "deletions": 422
              }
            }
          },
          {
            "hash": "9a70d637dd0ee77913d3216727772a6593d840c9",
            "messageTitle": "Delete ProjectTemp.java",
            "messageBody": "",
            "fileTypesAndContributionMap": {
              "functional-code": {
                "insertions": 0,
                "deletions": 120
              }
            }
          },
          {
            "hash": "6ab9d9457c27f08fb458cfe58ebb6fccb0cad858",
            "messageTitle": "Create Task class",
            "messageBody": "",
            "fileTypesAndContributionMap": {
              "functional-code": {
                "insertions": 4,
                "deletions": 0
              }
            }
          },
          {
            "hash": "1a00d1cd59762f8ed4f7ad123d53a5bde574a5a8",
            "messageTitle": "Add all fields of Task",
            "messageBody": "",
            "fileTypesAndContributionMap": {
              "functional-code": {
                "insertions": 12,
                "deletions": 0
              }
            }
          },
          {
            "hash": "f31e80da1fa492dc8f0bfac99a7548c70d29141f",
            "messageTitle": "Write basic constructor for Task",
            "messageBody": "",
            "fileTypesAndContributionMap": {
              "functional-code": {
                "insertions": 12,
                "deletions": 0
              }
            }
          },
          {
            "hash": "923e1e070fa594dbc45c9832b79f9fd529ce0243",
            "messageTitle": "Add constructor with deadline",
            "messageBody": "",
            "fileTypesAndContributionMap": {
              "functional-code": {
                "insertions": 13,
                "deletions": 8
              }
            }
          },
          {
            "hash": "704c252816edfaf0d24e4a0b8270bd7681d84b4e",
            "messageTitle": "Add constructor with date as deadline input",
            "messageBody": "",
            "fileTypesAndContributionMap": {
              "functional-code": {
                "insertions": 5,
                "deletions": 0
              }
            }
          },
          {
            "hash": "80c0153de44050b59c8f60a5483990542bdfd788",
            "messageTitle": "Change the Task constructor to most basic",
            "messageBody": "",
            "fileTypesAndContributionMap": {
              "functional-code": {
                "insertions": 13,
                "deletions": 25
              }
            }
          },
          {
            "hash": "f54298493f264902577d75c83f448caad0e1a3b3",
            "messageTitle": "Rename addProject as addParticipation",
            "messageBody": "",
            "fileTypesAndContributionMap": {
              "functional-code": {
                "insertions": 1,
                "deletions": 1
              }
            }
          },
          {
            "hash": "1d18611350565655955e34232478ed936a75265a",
            "messageTitle": "Create getters in Task",
            "messageBody": "",
            "fileTypesAndContributionMap": {
              "functional-code": {
                "insertions": 26,
                "deletions": 0
              }
            }
          },
          {
            "hash": "fed192f25e8d07d7740bb3b47cb98dd320f92624",
            "messageTitle": "Add equals and hashCode in Task",
            "messageBody": "",
            "fileTypesAndContributionMap": {
              "functional-code": {
                "insertions": 19,
                "deletions": 0
              }
            }
          },
          {
            "hash": "ae0752bf1e4fae690b670861bd1ba5180b785b71",
            "messageTitle": "Set listOfParticipations final",
            "messageBody": "",
            "fileTypesAndContributionMap": {
              "functional-code": {
                "insertions": 1,
                "deletions": 1
              }
            }
          },
          {
            "hash": "dbe43100903f4a728a6cb5cbb68b313605374b8f",
            "messageTitle": "Add tasks field in Project",
            "messageBody": "",
            "fileTypesAndContributionMap": {
              "functional-code": {
                "insertions": 2,
                "deletions": 0
              }
            }
          },
          {
            "hash": "b32dfb27f354cf4ed05ad99ea96377a49601f845",
            "messageTitle": "Add documentations for Task#equals()",
            "messageBody": "",
            "fileTypesAndContributionMap": {
              "functional-code": {
                "insertions": 3,
                "deletions": 3
              }
            }
          },
          {
            "hash": "b6e472a70e1b7ccf6aa28bcd6fb5a5c650e04e58",
            "messageTitle": "Create getter of tasks",
            "messageBody": "",
            "fileTypesAndContributionMap": {
              "functional-code": {
                "insertions": 12,
                "deletions": 4
              }
            }
          },
          {
            "hash": "ebeb4837d1628353353152b7af53d07a4fe0fd34",
            "messageTitle": "Add requireNonNull check to Task constructor",
            "messageBody": "",
            "fileTypesAndContributionMap": {
              "functional-code": {
                "insertions": 3,
                "deletions": 0
              }
            }
          },
          {
            "hash": "8d5eea275ba609b0a1396338e505645994b88b4d",
            "messageTitle": "Add getTaskSet method in SampleDataUtil",
            "messageBody": "",
            "fileTypesAndContributionMap": {
              "functional-code": {
                "insertions": 10,
                "deletions": 0
              }
            }
          },
          {
            "hash": "7db35561719ab0fab7e46f35c60651fb11802b58",
            "messageTitle": "Refactor the Project constructor to include participations of tasks",
            "messageBody": "",
            "fileTypesAndContributionMap": {
              "functional-code": {
                "insertions": 20,
                "deletions": 11
              },
              "test-code": {
                "insertions": 2,
                "deletions": 1
              }
            }
          },
          {
            "hash": "f8b07b3db3bee81981f22ebc13781ad5f08db92d",
            "messageTitle": "Update SampleDataUtil with instances of task names",
            "messageBody": "",
            "fileTypesAndContributionMap": {
              "functional-code": {
                "insertions": 7,
                "deletions": 6
              }
            }
          },
          {
            "hash": "e4b6495f81f26e0a98174464263a6d313db61d99",
            "messageTitle": "Create parseTask method for creating task in main catalogue",
            "messageBody": "",
            "fileTypesAndContributionMap": {
              "functional-code": {
                "insertions": 11,
                "deletions": 0
              }
            }
          },
          {
            "hash": "3bd250334ab7f07e43102c0ab7796b057ac988ca",
            "messageTitle": "Create parseTasks method for creating task in main catalogue",
            "messageBody": "",
            "fileTypesAndContributionMap": {
              "functional-code": {
                "insertions": 13,
                "deletions": 0
              }
            }
          },
          {
            "hash": "b44feda183356c91402cae753604ccad56793783",
            "messageTitle": "Add task prefix to cli syntax",
            "messageBody": "",
            "fileTypesAndContributionMap": {
              "functional-code": {
                "insertions": 2,
                "deletions": 1
              }
            }
          },
          {
            "hash": "13fca6f78a88d1d1e16833a0ba5d0122add86ce9",
            "messageTitle": "Update AddCommandParser for task list",
            "messageBody": "",
            "fileTypesAndContributionMap": {
              "functional-code": {
                "insertions": 6,
                "deletions": 2
              }
            }
          },
          {
            "hash": "b654be54f23a5bcb3e59a331e3dc7040f57972ab",
            "messageTitle": "Create parseTasks method for edit in main catalogue",
            "messageBody": "",
            "fileTypesAndContributionMap": {
              "functional-code": {
                "insertions": 18,
                "deletions": 1
              }
            }
          },
          {
            "hash": "946933efe93edd93a8b0b8095bea94c796126c8b",
            "messageTitle": "Add task field in EditDescriptor",
            "messageBody": "",
            "fileTypesAndContributionMap": {
              "functional-code": {
                "insertions": 20,
                "deletions": 0
              }
            }
          },
          {
            "hash": "b2c68a82a2e570cea79c15f933bf2e5cada56c6d",
            "messageTitle": "Update constructor of EditProjectDescriptor",
            "messageBody": "",
            "fileTypesAndContributionMap": {
              "functional-code": {
                "insertions": 1,
                "deletions": 1
              }
            }
          },
          {
            "hash": "5eda9386fd74863aa06f9a01c1886285d415daee",
            "messageTitle": "Add parsing tasks for EditCommandParser",
            "messageBody": "",
            "fileTypesAndContributionMap": {
              "functional-code": {
                "insertions": 1,
                "deletions": 0
              }
            }
          },
          {
            "hash": "c426e4994d75794a674272141dacb1b375f507ea",
            "messageTitle": "Fix checkstyle fails in Task.java",
            "messageBody": "",
            "fileTypesAndContributionMap": {
              "functional-code": {
                "insertions": 14,
                "deletions": 7
              }
            }
          },
          {
            "hash": "1d74ba61a20a92d620fc01cb6c6733b064cb3ca7",
            "messageTitle": "Delete unused import of HashSet in AddCommandParser",
            "messageBody": "",
            "fileTypesAndContributionMap": {
              "functional-code": {
                "insertions": 0,
                "deletions": 1
              }
            }
          },
          {
            "hash": "3dfc36badf4b82c4fe6b0fa52124ad5937df8a98",
            "messageTitle": "Change the order of import of static fields to put together",
            "messageBody": "",
            "fileTypesAndContributionMap": {
              "functional-code": {
                "insertions": 1,
                "deletions": 1
              }
            }
          },
          {
            "hash": "e3ebeadca76fbde18bd95722682247409ed52176",
            "messageTitle": "Cut excessively long line in EditCommand.java",
            "messageBody": "",
            "fileTypesAndContributionMap": {
              "functional-code": {
                "insertions": 2,
                "deletions": 1
              }
            }
          },
          {
            "hash": "5080ec361abc3233629e4a61bebe4dd8e83ae4a7",
            "messageTitle": "Change the order of import of static fields to put together",
            "messageBody": "",
            "fileTypesAndContributionMap": {
              "functional-code": {
                "insertions": 1,
                "deletions": 1
              }
            }
          },
          {
            "hash": "7e69b2ad7b3cc83265aea0106072b54d13b0bb73",
            "messageTitle": "Delete unused import of HashSet in SampleDataUtil.java",
            "messageBody": "",
            "fileTypesAndContributionMap": {
              "functional-code": {
                "insertions": 0,
                "deletions": 1
              }
            }
          },
          {
            "hash": "55bc1703ad168d8f9dd80e229f23911d3b50a93b",
            "messageTitle": "Cut excessively long line in JsonAdaptedProject.java",
            "messageBody": "",
            "fileTypesAndContributionMap": {
              "functional-code": {
                "insertions": 2,
                "deletions": 1
              }
            }
          },
          {
            "hash": "a05471a28f38ba2c6f79aa8423af458d5eb636f9",
            "messageTitle": "Update MESSAGE_USAGE to include tasks",
            "messageBody": "",
            "fileTypesAndContributionMap": {
              "functional-code": {
                "insertions": 4,
                "deletions": 1
              }
            }
          },
          {
            "hash": "d4825b2fad4d131125cb9a380944d680839685ab",
            "messageTitle": "Update MESSAGE_USAGE to include tasks",
            "messageBody": "",
            "fileTypesAndContributionMap": {
              "functional-code": {
                "insertions": 2,
                "deletions": 0
              }
            }
          },
          {
            "hash": "851ccf76a142766ddf1b36271507e5762b8a7e2e",
            "messageTitle": "Update createEditedProject to include tasks",
            "messageBody": "",
            "fileTypesAndContributionMap": {
              "functional-code": {
                "insertions": 4,
                "deletions": 2
              }
            }
          },
          {
            "hash": "7ba9436d3c5350f39a8bef71aeba9b70a38841f7",
            "messageTitle": "Change import order in AddCommand to put static fields together",
            "messageBody": "",
            "fileTypesAndContributionMap": {
              "functional-code": {
                "insertions": 1,
                "deletions": 1
              }
            }
          },
          {
            "hash": "11b1b803c54a600ba9948db2340ddf1d2380cb3e",
            "messageTitle": "Duplicate JsonAdaptedTag to task",
            "messageBody": "",
            "fileTypesAndContributionMap": {
              "functional-code": {
                "insertions": 47,
                "deletions": 0
              }
            }
          },
          {
            "hash": "704f69d6459f147900cde41c5c65d7d9cf14fa90",
            "messageTitle": "Rename name to taskName in Task",
            "messageBody": "",
            "fileTypesAndContributionMap": {
              "functional-code": {
                "insertions": 8,
                "deletions": 8
              }
            }
          },
          {
            "hash": "61043aeeb7057a07b586ffeaeda464abb2c58623",
            "messageTitle": "Modify JsonAdaptedTask to meet features of task",
            "messageBody": "",
            "fileTypesAndContributionMap": {
              "functional-code": {
                "insertions": 16,
                "deletions": 19
              }
            }
          },
          {
            "hash": "2e5b1f5e5516207de0fcdbd4c1e70541603bc096",
            "messageTitle": "Update local fields and constructor to include tasks",
            "messageBody": "",
            "fileTypesAndContributionMap": {
              "functional-code": {
                "insertions": 6,
                "deletions": 1
              },
              "test-code": {
                "insertions": 9,
                "deletions": 9
              }
            }
          },
          {
            "hash": "b3ddd338ea0e319b7f98de25f6ce0276944e9553",
            "messageTitle": "Add task field to another constructor of JsonAdaptedProject",
            "messageBody": "",
            "fileTypesAndContributionMap": {
              "functional-code": {
                "insertions": 3,
                "deletions": 0
              }
            }
          },
          {
            "hash": "3c73d9982225077e3872084706807053afb280f8",
            "messageTitle": "Add task field to toModelType",
            "messageBody": "",
            "fileTypesAndContributionMap": {
              "functional-code": {
                "insertions": 7,
                "deletions": 1
              }
            }
          },
          {
            "hash": "55943d90ce19cec11d97fc3b7931b103abb6f6e2",
            "messageTitle": "Group import statements",
            "messageBody": "",
            "fileTypesAndContributionMap": {
              "functional-code": {
                "insertions": 1,
                "deletions": 0
              }
            }
          },
          {
            "hash": "5e60cedf64b2c89b3be2d7ac109b30d08cab5072",
            "messageTitle": "Cut excessively long lines",
            "messageBody": "",
            "fileTypesAndContributionMap": {
              "test-code": {
                "insertions": 18,
                "deletions": 9
              }
            }
          },
          {
            "hash": "8accbc96298bf8bb805415110a4b6ba83506684c",
            "messageTitle": "Add tasks to ui.ProjectCard",
            "messageBody": "",
            "fileTypesAndContributionMap": {
              "functional-code": {
                "insertions": 5,
                "deletions": 0
              }
            }
          },
          {
            "hash": "d8699cb0c8893a0ccc503b66e6291342bb3d086e",
            "messageTitle": "Add tasks to PersonCard fxml file",
            "messageBody": "",
            "fileTypesAndContributionMap": {
              "functional-code": {
                "insertions": 1,
                "deletions": 0
              }
            }
          },
          {
            "hash": "27b8f6e84177f537372a56a355109bb66775880c",
            "messageTitle": "Write samples of tasks in CommandTestUtil",
            "messageBody": "",
            "fileTypesAndContributionMap": {
              "functional-code": {
                "insertions": 1,
                "deletions": 1
              },
              "test-code": {
                "insertions": 5,
                "deletions": 0
              }
            }
          },
          {
            "hash": "4b3040f3223034f3ad0f1abb40c0e14609976f34",
            "messageTitle": "Add task field to EditProjectDescriptorBuilder",
            "messageBody": "",
            "fileTypesAndContributionMap": {
              "test-code": {
                "insertions": 13,
                "deletions": 0
              }
            }
          },
          {
            "hash": "7145e46f5ed5404c8cf2a9fffeff47279dd0c075",
            "messageTitle": "Add task field to CommandTestUtil",
            "messageBody": "",
            "fileTypesAndContributionMap": {
              "test-code": {
                "insertions": 3,
                "deletions": 2
              }
            }
          },
          {
            "hash": "2ddce3fcb7ad4f7713f264d9e6014d558bd5927c",
            "messageTitle": "Add comparison of tasks to EditProjectDescriptorTest",
            "messageBody": "",
            "fileTypesAndContributionMap": {
              "test-code": {
                "insertions": 6,
                "deletions": 0
              }
            }
          },
          {
            "hash": "cf478b3f1390fdf24127cb9eb0c115dfa6b35096",
            "messageTitle": "Fix checkstyle fails due to wrong import order",
            "messageBody": "",
            "fileTypesAndContributionMap": {
              "test-code": {
                "insertions": 2,
                "deletions": 2
              }
            }
          },
          {
            "hash": "c52609107171153367fd54d7a97df121629bd49b",
            "messageTitle": "Add task field to ProjectBuilder",
            "messageBody": "",
            "fileTypesAndContributionMap": {
              "test-code": {
                "insertions": 13,
                "deletions": 1
              }
            }
          },
          {
            "hash": "cd90aeaa58c422b85ca16366dc9b0d2a869eefb9",
            "messageTitle": "Include task field in parse_allFieldsPresent_sucess of AddCommandParserTest",
            "messageBody": "",
            "fileTypesAndContributionMap": {
              "test-code": {
                "insertions": 16,
                "deletions": 7
              }
            }
          },
          {
            "hash": "8cae4e3d1ad8957d77675383189492b469d734b3",
            "messageTitle": "Add task test to EditCommandParserTest",
            "messageBody": "",
            "fileTypesAndContributionMap": {
              "functional-code": {
                "insertions": 2,
                "deletions": 0
              },
              "test-code": {
                "insertions": 18,
                "deletions": 5
              }
            }
          },
          {
            "hash": "479222768da7be3933e465ed536f48697ed88705",
            "messageTitle": "Add task tests to ParserUtilTest",
            "messageBody": "",
            "fileTypesAndContributionMap": {
              "test-code": {
                "insertions": 43,
                "deletions": 0
              }
            }
          },
          {
            "hash": "9ea265158758a607ea34360e17f7674821447b0b",
            "messageTitle": "Add withTask to expected builder",
            "messageBody": "",
            "fileTypesAndContributionMap": {
              "test-code": {
                "insertions": 1,
                "deletions": 1
              }
            }
          },
          {
            "hash": "dc4a13d1a63c40f221f10318cc14b7fea862932d",
            "messageTitle": "Create TaskTest.java",
            "messageBody": "",
            "fileTypesAndContributionMap": {
              "test-code": {
                "insertions": 26,
                "deletions": 0
              }
            }
          },
          {
            "hash": "d8585ca87a6b82f21c38283f0580be7471099d09",
            "messageTitle": "Adapt TaskTest.java for real Task class",
            "messageBody": "",
            "fileTypesAndContributionMap": {
              "test-code": {
                "insertions": 2,
                "deletions": 13
              }
            }
          },
          {
            "hash": "8422b782eb7c955a01774c4aeeb0ab7c4e7bf314",
            "messageTitle": "Fix checkstyle fails",
            "messageBody": "",
            "fileTypesAndContributionMap": {
              "test-code": {
                "insertions": 3,
                "deletions": 2
              }
            }
          },
          {
            "hash": "9fe6d5afd97347c68d5b251670704f901efbcbfc",
            "messageTitle": "Update isSameProject with task field",
            "messageBody": "",
            "fileTypesAndContributionMap": {
              "test-code": {
                "insertions": 5,
                "deletions": 3
              }
            }
          },
          {
            "hash": "310a2b87dad41800be373e0bece6760228a7f693",
            "messageTitle": "Add task check to equals test of ProjectTest",
            "messageBody": "",
            "fileTypesAndContributionMap": {
              "test-code": {
                "insertions": 5,
                "deletions": 0
              }
            }
          },
          {
            "hash": "736e4c1d064d9f9c6716da473af67d8691c6bd6d",
            "messageTitle": "Add task field in UniqueProjectListTest",
            "messageBody": "",
            "fileTypesAndContributionMap": {
              "test-code": {
                "insertions": 3,
                "deletions": 0
              }
            }
          },
          {
            "hash": "5646981fe59c6aaaa0362d0c09ebdf3f41817b1a",
            "messageTitle": "Add task field in MainCatalogueTest",
            "messageBody": "",
            "fileTypesAndContributionMap": {
              "test-code": {
                "insertions": 3,
                "deletions": 0
              }
            }
          },
          {
            "hash": "a19eed9bbfb07f8cfe48aea2e3b4a93c12a56727",
            "messageTitle": "Add task field in JsonAdaptedProjectTest",
            "messageBody": "",
            "fileTypesAndContributionMap": {
              "test-code": {
                "insertions": 13,
                "deletions": 8
              }
            }
          },
          {
            "hash": "a2a36cf705a435d211ca37f73f8fdbdab19a5c86",
            "messageTitle": "Add task field in ProjectUtil",
            "messageBody": "",
            "fileTypesAndContributionMap": {
              "test-code": {
                "insertions": 13,
                "deletions": 0
              }
            }
          },
          {
            "hash": "77751f8aa9f07ee70f7f4ed19d8ef1df9704a998",
            "messageTitle": "Add task field in TypicalProjects",
            "messageBody": "",
            "fileTypesAndContributionMap": {
              "test-code": {
                "insertions": 8,
                "deletions": 5
              }
            }
          },
          {
            "hash": "a8ee5faeae966fd487b1e4a27ab53ed17a0bf8e0",
            "messageTitle": "Change import order to fix checkstyle fails",
            "messageBody": "",
            "fileTypesAndContributionMap": {
              "test-code": {
                "insertions": 3,
                "deletions": 3
              }
            }
          }
        ]
      },
      {
        "date": "2020-09-27",
        "commitResults": [
          {
            "hash": "f4bfb3a1641c7b0c84ff821852140f6a893765a1",
            "messageTitle": "Fix failed test case in AddCommandParserTest",
            "messageBody": "",
            "fileTypesAndContributionMap": {
              "functional-code": {
                "insertions": 11,
                "deletions": 3
              },
              "test-code": {
                "insertions": 2,
                "deletions": 1
              }
            }
          },
          {
            "hash": "213a81d46e9998b43388b9fc98b49dace4f935c6",
            "messageTitle": "Fix failed test case in AddCommandParserTest",
            "messageBody": "",
            "fileTypesAndContributionMap": {
              "test-code": {
                "insertions": 2,
                "deletions": 1
              }
            }
          },
          {
            "hash": "dad472ca2c290b5ac326ab4f3b8c7f1222d1aab7",
            "messageTitle": "Fix failed test case in EditCommandParserTest",
            "messageBody": "",
            "fileTypesAndContributionMap": {
              "functional-code": {
                "insertions": 1,
                "deletions": 1
              },
              "test-code": {
                "insertions": 2,
                "deletions": 2
              }
            }
          },
          {
            "hash": "7a637e0fe5d309de48a996c698f28552910f861a",
            "messageTitle": "Fix failed test case in MainCatalogueParserTest",
            "messageBody": "",
            "fileTypesAndContributionMap": {
              "test-code": {
                "insertions": 1,
                "deletions": 0
              }
            }
          },
          {
            "hash": "6fb7fbba61cc61935ee2388110c76c1abe35d596",
            "messageTitle": "Fix failed test case in EditProjectDescriptorTest",
            "messageBody": "",
            "fileTypesAndContributionMap": {
              "test-code": {
                "insertions": 1,
                "deletions": 1
              }
            }
          },
          {
            "hash": "2258c7bd5337c257ab613e42de2601fbb65c0990",
            "messageTitle": "Fix failed test case for json files",
            "messageBody": "",
            "fileTypesAndContributionMap": {
              "functional-code": {
                "insertions": 1,
                "deletions": 1
              }
            }
          },
          {
            "hash": "f9c744e77aea8d1bb324a25f8d1ea9671ccd161f",
            "messageTitle": "Fix checkstyle fails",
            "messageBody": "",
            "fileTypesAndContributionMap": {
              "test-code": {
                "insertions": 2,
                "deletions": 2
              }
            }
          },
          {
            "hash": "041607895c67f24c026d80d281dc104860a89247",
            "messageTitle": "Add tasks field to participation",
            "messageBody": "",
            "fileTypesAndContributionMap": {
              "functional-code": {
                "insertions": 6,
                "deletions": 0
              }
            }
          },
          {
            "hash": "bee7fcf29432149e04f9d64b22b86a1eb9b15930",
            "messageTitle": "Fix checkstyle fails in Participation imports",
            "messageBody": "",
            "fileTypesAndContributionMap": {
              "functional-code": {
                "insertions": 3,
                "deletions": 3
              }
            }
          }
        ]
      },
      {
        "date": "2020-09-29",
        "commitResults": [
          {
            "hash": "a60633eac62142d9464b95637dd6f49d032fe8b9",
            "messageTitle": "Add teammate-related features in UG",
            "messageBody": "",
            "fileTypesAndContributionMap": {
              "docs": {
                "insertions": 66,
                "deletions": 8
              }
            }
          },
          {
            "hash": "ce887cb161d2ec3082aa24e3eaf1461e1cf5518c",
            "messageTitle": "Update AboutUs.md",
            "messageBody": "",
            "fileTypesAndContributionMap": {
              "docs": {
                "insertions": 24,
                "deletions": 24
              }
            }
          },
          {
            "hash": "d42416d06bf16b698deeb1f0183c80157e91d71a",
            "messageTitle": "Create project portfolio page for each team member",
            "messageBody": "",
            "fileTypesAndContributionMap": {
              "docs": {
                "insertions": 184,
                "deletions": 0
              }
            }
          },
          {
            "hash": "131bb57feb9faee55962e70622bcc64e8b3d5367",
            "messageTitle": "Update User Guide contributions of Niaaz",
            "messageBody": "",
            "fileTypesAndContributionMap": {
              "docs": {
                "insertions": 3,
                "deletions": 2
              }
            }
          },
          {
            "hash": "1f8585ab56ee9461d553f479f41f84fa087bc9d6",
            "messageTitle": "Update User Guide contributions of Jiayu",
            "messageBody": "",
            "fileTypesAndContributionMap": {
              "docs": {
                "insertions": 1,
                "deletions": 2
              }
            }
          },
          {
            "hash": "ec871cce0c6762cba91c2f697ae548a45ff9abbe",
            "messageTitle": "Update User Guide contributions of Lucas",
            "messageBody": "",
            "fileTypesAndContributionMap": {
              "docs": {
                "insertions": 2,
                "deletions": 2
              }
            }
          },
          {
            "hash": "bfb28195e8ca6194b1728693b32377e532c8672d",
            "messageTitle": "Update User Guide contributions of Qian",
            "messageBody": "",
            "fileTypesAndContributionMap": {
              "docs": {
                "insertions": 1,
                "deletions": 2
              }
            }
          },
          {
            "hash": "d7af1d799eebeabd7a841667e221a1e461b7d03a",
            "messageTitle": "Update User Guide contributions of Tian Fang",
            "messageBody": "",
            "fileTypesAndContributionMap": {
              "docs": {
                "insertions": 1,
                "deletions": 2
              }
            }
          },
          {
            "hash": "b2ad995736f7b1e9124ce80dcf791a4dadb22501",
            "messageTitle": "Update Model Modification contributions of Niaaz",
            "messageBody": "",
            "fileTypesAndContributionMap": {
              "docs": {
                "insertions": 13,
                "deletions": 0
              }
            }
          },
          {
            "hash": "dc2e20de34f81bd6315db0274138d67488d38ca6",
            "messageTitle": "Update Model Modification contributions of Jiayu",
            "messageBody": "",
            "fileTypesAndContributionMap": {
              "docs": {
                "insertions": 16,
                "deletions": 1
              }
            }
          },
          {
            "hash": "38cdab516db98cf59cbf5ea483b997d5c32f684c",
            "messageTitle": "Update Model Modification contributions of Tian Fang",
            "messageBody": "",
            "fileTypesAndContributionMap": {
              "docs": {
                "insertions": 6,
                "deletions": 0
              }
            }
          },
          {
            "hash": "1ab799a6907ab6c082e29c6f49d92a4b9fff2425",
            "messageTitle": "Update Model Modification contributions of Qian",
            "messageBody": "",
            "fileTypesAndContributionMap": {
              "docs": {
                "insertions": 7,
                "deletions": 0
              }
            }
          },
          {
            "hash": "0cd80236a5272689a4ba3cd6f16f1ca7640d6e28",
            "messageTitle": "Update Model Modification contributions of Lucas",
            "messageBody": "",
            "fileTypesAndContributionMap": {
              "docs": {
                "insertions": 12,
                "deletions": 0
              }
            }
          },
          {
            "hash": "5f381ce644f1254af8d0bfb01d791a51149ea0ca",
            "messageTitle": "Update contributions in Community, DG, management for everyone",
            "messageBody": "",
            "fileTypesAndContributionMap": {
              "docs": {
                "insertions": 12,
                "deletions": 29
              }
            }
          },
          {
            "hash": "12e12a18a3bc4cb2b528b6b24865548128e5f927",
            "messageTitle": "Finalize first drafts of team member contributions",
            "messageBody": "",
            "fileTypesAndContributionMap": {
              "docs": {
                "insertions": 42,
                "deletions": 77
              }
            }
          },
          {
            "hash": "3403aca105ad3382f4ac6df6b0f4cf2bcd80755e",
            "messageTitle": "Add use cases for PMS",
            "messageBody": "",
            "fileTypesAndContributionMap": {
              "docs": {
                "insertions": 159,
                "deletions": 0
              }
            }
          }
        ]
      },
      {
        "date": "2020-09-30",
        "commitResults": [
          {
            "hash": "3584ce16d0bb3dad563bc368237bd9dfd0c18ad2",
            "messageTitle": "Add RepoSense link of everyone",
            "messageBody": "",
            "fileTypesAndContributionMap": {
              "docs": {
                "insertions": 5,
                "deletions": 5
              }
            }
          }
        ]
      },
      {
        "date": "2020-10-03",
        "commitResults": [
          {
            "hash": "0236da4cb313a199f4d0d4fa6f8fbe34e9c88311",
            "messageTitle": "Create Status enum class",
            "messageBody": "",
            "fileTypesAndContributionMap": {
              "functional-code": {
                "insertions": 5,
                "deletions": 0
              }
            }
          },
          {
            "hash": "f59b54b34b2dec8ecfe21ed5f571891612485fce",
            "messageTitle": "Add relevant field of scope status in MainCatalogue.java",
            "messageBody": "",
            "fileTypesAndContributionMap": {
              "functional-code": {
                "insertions": 5,
                "deletions": 0
              }
            }
          },
          {
            "hash": "64711a73ac51ba5f804b141ef84ad96c5c034a31",
            "messageTitle": "Make project field an optional in MainCatalogue",
            "messageBody": "",
            "fileTypesAndContributionMap": {
              "functional-code": {
                "insertions": 3,
                "deletions": 2
              }
            }
          },
          {
            "hash": "abc1b7bfe00bd804edbf65fbebb9365998b7e805",
            "messageTitle": "Add getter of status",
            "messageBody": "",
            "fileTypesAndContributionMap": {
              "functional-code": {
                "insertions": 13,
                "deletions": 0
              }
            }
          },
          {
            "hash": "632c813f13c8eb4d694fdb25a5fd835e1802ec6e",
            "messageTitle": "Add getter of status in logic and model",
            "messageBody": "",
            "fileTypesAndContributionMap": {
              "functional-code": {
                "insertions": 24,
                "deletions": 0
              }
            }
          },
          {
            "hash": "605aa0e4e3462b951d02a313433747f5cd995e71",
            "messageTitle": "Create Invalid Scope Exception",
            "messageBody": "",
            "fileTypesAndContributionMap": {
              "functional-code": {
                "insertions": 14,
                "deletions": 0
              }
            }
          },
          {
            "hash": "3013ad308589c0f8947673a92b3ac1c5038d818f",
            "messageTitle": "Enter project in main catalogue",
            "messageBody": "",
            "fileTypesAndContributionMap": {
              "functional-code": {
                "insertions": 22,
                "deletions": 0
              }
            }
          },
          {
            "hash": "49f11caedce0fef61915aa1cac4cfcfd13d6544c",
            "messageTitle": "Enable enter of projects in model and logic",
            "messageBody": "",
            "fileTypesAndContributionMap": {
              "functional-code": {
                "insertions": 22,
                "deletions": 3
              }
            }
          },
          {
            "hash": "ac11bcc8d85f9d6e73fe680b26eb4ff2e397a7c7",
            "messageTitle": "Fix checkstyle fails and small bugs",
            "messageBody": "",
            "fileTypesAndContributionMap": {
              "functional-code": {
                "insertions": 7,
                "deletions": 2
              }
            }
          },
          {
            "hash": "84a93099280657cf80b6452ac49e95c754533f90",
            "messageTitle": "Fix failed test cases",
            "messageBody": "",
            "fileTypesAndContributionMap": {
              "test-code": {
                "insertions": 23,
                "deletions": 0
              }
            }
          },
          {
            "hash": "d57f5628002d1eca59e045458a10451114ada45d",
            "messageTitle": "Update filter by entering",
            "messageBody": "",
            "fileTypesAndContributionMap": {
              "functional-code": {
                "insertions": 3,
                "deletions": 0
              }
            }
          },
          {
            "hash": "c7a9b970f17f934df05f8c23033ec3e0606265d8",
            "messageTitle": "Throw exception for enter",
            "messageBody": "",
            "fileTypesAndContributionMap": {
              "functional-code": {
                "insertions": 4,
                "deletions": 0
              }
            }
          },
          {
            "hash": "48f8794e5d7f0663e0603f132ba308cffcb9e93c",
            "messageTitle": "Enable quitting after entering project",
            "messageBody": "",
            "fileTypesAndContributionMap": {
              "functional-code": {
                "insertions": 35,
                "deletions": 0
              }
            }
          },
          {
            "hash": "fd0c58a994bfebf199a4d3386630ceb4cb79e8c4",
            "messageTitle": "Fix failed test cases",
            "messageBody": "",
            "fileTypesAndContributionMap": {
              "test-code": {
                "insertions": 10,
                "deletions": 0
              }
            }
          },
          {
            "hash": "5f6c474a22d15b416394c103665624905a096033",
            "messageTitle": "Add test cases for enter and quit for MainCatalogue",
            "messageBody": "",
            "fileTypesAndContributionMap": {
              "functional-code": {
                "insertions": 28,
                "deletions": 0
              },
              "test-code": {
                "insertions": 39,
                "deletions": 0
              }
            }
          },
          {
            "hash": "748f18cfad32c45cd5792a72c9fbecf29dd3004b",
            "messageTitle": "Add test cases for enter and quit for Model",
            "messageBody": "",
            "fileTypesAndContributionMap": {
              "functional-code": {
                "insertions": 4,
                "deletions": 3
              },
              "test-code": {
                "insertions": 28,
                "deletions": 0
              }
            }
          },
          {
            "hash": "771ef616541881138f2fe9579cefbf565d9392f6",
            "messageTitle": "Add status to signature of ProjectCard",
            "messageBody": "",
            "fileTypesAndContributionMap": {
              "functional-code": {
                "insertions": 13,
                "deletions": 6
              }
            }
          },
          {
            "hash": "bf215adb5b72ef361008244af4130842a29145c0",
            "messageTitle": "Adjust output according to status",
            "messageBody": "",
            "fileTypesAndContributionMap": {
              "functional-code": {
                "insertions": 8,
                "deletions": 3
              }
            }
          },
          {
            "hash": "0df668724b1156e55f3a46d7577179dcbd853703",
            "messageTitle": "Set CATALOGUE status unmanaged for certain attributes",
            "messageBody": "",
            "fileTypesAndContributionMap": {
              "functional-code": {
                "insertions": 5,
                "deletions": 5
              }
            }
          },
          {
            "hash": "3b92395a111cfac2aebb57b0e47124b790a172ae",
            "messageTitle": "Create StartCommand method",
            "messageBody": "",
            "fileTypesAndContributionMap": {
              "functional-code": {
                "insertions": 52,
                "deletions": 0
              }
            }
          },
          {
            "hash": "eddf29bd012b88b8899d75accdc931974e80079c",
            "messageTitle": "Create parser for start command",
            "messageBody": "",
            "fileTypesAndContributionMap": {
              "functional-code": {
                "insertions": 28,
                "deletions": 0
              }
            }
          },
          {
            "hash": "3404954b674755807a789f68a9f2d1fff3eb187f",
            "messageTitle": "Enable parsing of start command",
            "messageBody": "",
            "fileTypesAndContributionMap": {
              "functional-code": {
                "insertions": 4,
                "deletions": 0
              }
            }
          },
          {
            "hash": "06a4efad2b6dd4464c3c563ac1653a97b73ed7eb",
            "messageTitle": "Update UI for start",
            "messageBody": "",
            "fileTypesAndContributionMap": {
              "functional-code": {
                "insertions": 22,
                "deletions": 10
              }
            }
          },
          {
            "hash": "d97454d3f07c01e6e58a3c42a4aff4c7f441bb48",
            "messageTitle": "Add exception thrown for start command",
            "messageBody": "",
            "fileTypesAndContributionMap": {
              "functional-code": {
                "insertions": 9,
                "deletions": 1
              }
            }
          },
          {
            "hash": "19dc9ff6f923a7640ce6a4fd3c3e70a7a6ebf85b",
            "messageTitle": "Add test cases for start command",
            "messageBody": "",
            "fileTypesAndContributionMap": {
              "test-code": {
                "insertions": 107,
                "deletions": 0
              }
            }
          },
          {
            "hash": "08ee75a7fa044acef7ba3fccad31ebc8f38c3351",
            "messageTitle": "Add test case for invalid scope for start command",
            "messageBody": "",
            "fileTypesAndContributionMap": {
              "functional-code": {
                "insertions": 1,
                "deletions": 1
              },
              "test-code": {
                "insertions": 13,
                "deletions": 0
              }
            }
          },
          {
            "hash": "3818ab8163934afe12926470f86f69c2bb747021",
            "messageTitle": "Create test cases for StartCommandParser",
            "messageBody": "",
            "fileTypesAndContributionMap": {
              "test-code": {
                "insertions": 30,
                "deletions": 0
              }
            }
          },
          {
            "hash": "476d4fdc4c768f063027d1c70731c7fc3cc02573",
            "messageTitle": "Add test case for start in MainCatalogueParserTest",
            "messageBody": "",
            "fileTypesAndContributionMap": {
              "test-code": {
                "insertions": 8,
                "deletions": 0
              }
            }
          },
          {
            "hash": "715147671b6c64231c2e07b660ad1e48ebb02f2a",
            "messageTitle": "Add LeaveCommand class",
            "messageBody": "",
            "fileTypesAndContributionMap": {
              "functional-code": {
                "insertions": 42,
                "deletions": 0
              }
            }
          },
          {
            "hash": "871fcfe190991be35b2d71d987fee72fc0aba3e7",
            "messageTitle": "Parse leave command",
            "messageBody": "",
            "fileTypesAndContributionMap": {
              "functional-code": {
                "insertions": 4,
                "deletions": 0
              }
            }
          },
          {
            "hash": "3d6e220f6ba1a3e27e45a57dbabfe189c3819b86",
            "messageTitle": "Add test case for LeaveCommand",
            "messageBody": "",
            "fileTypesAndContributionMap": {
              "test-code": {
                "insertions": 54,
                "deletions": 0
              }
            }
          },
          {
            "hash": "8eb22d8b8215fd612a0fcf1d3bc16ea0763b1cf1",
            "messageTitle": "Add test case to parse leave",
            "messageBody": "",
            "fileTypesAndContributionMap": {
              "test-code": {
                "insertions": 7,
                "deletions": 0
              }
            }
          },
          {
            "hash": "9cbaf9f7ae1c085fe2e43a454861b591e615b49c",
            "messageTitle": "Fix the checkstyle fails",
            "messageBody": "",
            "fileTypesAndContributionMap": {
              "functional-code": {
                "insertions": 6,
                "deletions": 4
              },
              "test-code": {
                "insertions": 21,
                "deletions": 21
              }
            }
          },
          {
            "hash": "d90ef05ab55b7440fc2081bd0950ecf790da24c8",
            "messageTitle": "Update my contributions",
            "messageBody": "",
            "fileTypesAndContributionMap": {
              "docs": {
                "insertions": 16,
                "deletions": 4
              }
            }
          }
        ]
      }
    ],
    "lucastai98": [
      {
        "date": "2020-09-24",
        "commitResults": [
          {
            "hash": "03e25ea7ed936d6ffc9d50a46ea289518b125ce9",
            "messageTitle": "add Participation class and added participation objects to person and project class",
            "messageBody": "",
            "fileTypesAndContributionMap": {
              "functional-code": {
                "insertions": 65,
                "deletions": 0
              }
            }
          },
          {
            "hash": "c7808337b11f8e6546531851c7f0bb5155903463",
            "messageTitle": "cleaned up code indentation",
            "messageBody": "",
            "fileTypesAndContributionMap": {
              "functional-code": {
                "insertions": 7,
                "deletions": 7
              }
            }
          },
          {
            "hash": "e0f76158d17140f875f7c4ab751c91365c7a047c",
            "messageTitle": "changes the way participation class works, holds only 2 objects now instead of a collection, collection of participation is handled in person/project class",
            "messageBody": "",
            "fileTypesAndContributionMap": {
              "functional-code": {
                "insertions": 25,
                "deletions": 45
              }
            }
          },
          {
            "hash": "ce3f176b2064080dea4381c4a6652eff989e82a8",
            "messageTitle": "fixed a few checkstyle errors",
            "messageBody": "",
            "fileTypesAndContributionMap": {
              "functional-code": {
                "insertions": 1,
                "deletions": 6
              }
            }
          },
          {
            "hash": "0765f548be170371b51e986d2f35385dcbf2d4cb",
            "messageTitle": "fixed a few more checkstyle errors",
            "messageBody": "",
            "fileTypesAndContributionMap": {
              "functional-code": {
                "insertions": 8,
                "deletions": 8
              }
            }
          },
          {
            "hash": "30f72f9a903683741d1886b0d239bc37a6c6efac",
            "messageTitle": "fixed a few more checkstyle errors",
            "messageBody": "",
            "fileTypesAndContributionMap": {
              "functional-code": {
                "insertions": 6,
                "deletions": 2
              }
            }
          }
        ]
      },
      {
        "date": "2020-09-25",
        "commitResults": [
          {
            "hash": "c639125134ed9ac8907998dd89dec719d91d84ba",
            "messageTitle": "fixed a few more checkstyle errors",
            "messageBody": "",
            "fileTypesAndContributionMap": {
              "functional-code": {
                "insertions": 11,
                "deletions": 7
              }
            }
          }
        ]
      },
      {
        "date": "2020-09-28",
        "commitResults": [
          {
            "hash": "49a3b0e3c780e7925126fb3a77496cdd0b7b21ea",
            "messageTitle": "update aboutus with lucas info",
            "messageBody": "",
            "fileTypesAndContributionMap": {
              "docs": {
                "insertions": 11,
                "deletions": 0
              }
            }
          },
          {
            "hash": "0a2686e0194dee9cb8e5896ba82022b3368a7e67",
            "messageTitle": "add dashboard and view features to UserGuide.md",
            "messageBody": "",
            "fileTypesAndContributionMap": {
              "docs": {
                "insertions": 59,
                "deletions": 1
              }
            }
          }
        ]
      },
      {
        "date": "2020-10-02",
        "commitResults": [
          {
            "hash": "80ca86233b4624d47a342ca843969cf3a4e13327",
            "messageTitle": "update participation class and project class to incorporate meetings",
            "messageBody": "",
            "fileTypesAndContributionMap": {
              "functional-code": {
                "insertions": 135,
                "deletions": 0
              }
            }
          },
          {
            "hash": "87197d61ff63288f230ebabdfe18530dd58bfad8",
            "messageTitle": "fixed chcekstyle errors",
            "messageBody": "",
            "fileTypesAndContributionMap": {
              "functional-code": {
                "insertions": 18,
                "deletions": 7
              }
            }
          }
        ]
      }
    ]
  },
  "authorFileTypeContributionMap": {
    "T-Fang": {
      "docs": 19,
      "functional-code": 69,
      "test-code": 0
    },
    "GeNiaaz": {
      "docs": 250,
      "functional-code": 375,
      "test-code": 175
    },
    "TCQian": {
      "docs": 105,
      "functional-code": 16,
      "test-code": 25
    },
    "lll-jy": {
      "docs": 560,
      "functional-code": 1091,
      "test-code": 1135,
      "other": 1
    },
    "lucastai98": {
      "docs": 9,
      "functional-code": 169,
      "test-code": 0
    }
  },
  "authorContributionVariance": {
    "T-Fang": 34539.906,
    "GeNiaaz": 54823.562,
    "TCQian": 2506.3313,
    "lll-jy": 345853.22,
    "lucastai98": 1150.4952
  },
  "authorDisplayNameMap": {
    "T-Fang": "CS2103T-W10-3 TIAN..FANG",
    "GeNiaaz": "CS2103T-W10-3 MUHA..AHAB",
    "TCQian": "CS2103T-W10-3 TAN ..QIAN",
    "lll-jy": "CS2103T-W10-3 LI J..IAYU",
    "lucastai98": "CS2103T-W10-3 TAI ..UCAS"
  }
}
