{
  "authorDailyContributionsMap": {
    "koonweee": [
      {
        "date": "2020-09-23",
        "commitResults": [
          {
            "hash": "dafc3f2cba31faa6efc3f89edc09464c7f08e854",
            "messageTitle": "Add Jeremy to About Us",
            "messageBody": "",
            "fileTypesAndContributionMap": {
              "docs": {
                "insertions": 50,
                "deletions": 4
              }
            }
          },
          {
            "hash": "e01ea280e204489c2c2f981748d020f436934a14",
            "messageTitle": "Add use cases",
            "messageBody": "",
            "fileTypesAndContributionMap": {
              "docs": {
                "insertions": 70,
                "deletions": 13
              }
            }
          },
          {
            "hash": "67f90b382320df614ab225923d7c25008dbd7fee",
            "messageTitle": "Fix use cases",
            "messageBody": "",
            "fileTypesAndContributionMap": {
              "docs": {
                "insertions": 1,
                "deletions": 1
              }
            }
          },
          {
            "hash": "753c508da4111bb3068fd3b95dba75fce18f3c54",
            "messageTitle": "Update index.md",
            "messageBody": "",
            "fileTypesAndContributionMap": {
              "docs": {
                "insertions": 10,
                "deletions": 10
              }
            }
          }
        ]
      },
      {
        "date": "2020-10-04",
        "commitResults": [
          {
            "hash": "146b8318dd077a00110348cd410432e617c0e4f0",
            "messageTitle": "Update MainWindow.fxml to ZooKeep",
            "messageBody": "",
            "fileTypesAndContributionMap": {
              "functional-code": {
                "insertions": 1,
                "deletions": 1
              }
            }
          },
          {
            "hash": "5494d40aeee1a83a84ffda71191109af18123cfa",
            "messageTitle": "Rename addressbook.json and references",
            "messageBody": "",
            "fileTypesAndContributionMap": {
              "functional-code": {
                "insertions": 1,
                "deletions": 1
              },
              "docs": {
                "insertions": 1,
                "deletions": 1
              }
            }
          }
        ]
      },
      {
        "date": "2020-10-05",
        "commitResults": [
          {
            "hash": "ffc3830a89d18fedd808705f78e9c1550392fbc3",
            "messageTitle": "Change delete command to use ID instead of index",
            "messageBody": "",
            "fileTypesAndContributionMap": {
              "functional-code": {
                "insertions": 25,
                "deletions": 16
              },
              "test-code": {
                "insertions": 24,
                "deletions": 25
              }
            }
          },
          {
            "hash": "e7c7dcc085eed22028ed2e29a1e477787492d554",
            "messageTitle": "Fix checkstyle issues",
            "messageBody": "",
            "fileTypesAndContributionMap": {
              "test-code": {
                "insertions": 1,
                "deletions": 3
              }
            }
          },
          {
            "hash": "5f7044fb324b1d42f95842be6e53f6176ecf127a",
            "messageTitle": "Fix checkstyle issues 2",
            "messageBody": "",
            "fileTypesAndContributionMap": {
              "functional-code": {
                "insertions": 0,
                "deletions": 2
              }
            }
          }
        ]
      }
    ],
    "JunCheng98": [
      {
        "date": "2020-09-20",
        "commitResults": [
          {
            "hash": "f62f1b7de3482a55eddaec4acd61e7ae2ecc39c6",
            "messageTitle": "Add new NFRS and glossary entries",
            "messageBody": "",
            "fileTypesAndContributionMap": {
              "docs": {
                "insertions": 17,
                "deletions": 4
              }
            }
          },
          {
            "hash": "aa9f5a4e28a4720d1abe41bc5cf1e086d34b8c86",
            "messageTitle": "Add personal details to AboutUs page",
            "messageBody": "",
            "fileTypesAndContributionMap": {
              "docs": {
                "insertions": 5,
                "deletions": 6
              }
            }
          }
        ]
      },
      {
        "date": "2020-10-04",
        "commitResults": [
          {
            "hash": "281c4d0d29d0cb6c1b8eb77be0c261124b407ab0",
            "messageTitle": "Morph Phone field to ID",
            "messageBody": "",
            "fileTypesAndContributionMap": {
              "functional-code": {
                "insertions": 68,
                "deletions": 72
              },
              "other": {
                "insertions": 14,
                "deletions": 14
              },
              "test-code": {
                "insertions": 180,
                "deletions": 179
              }
            }
          },
          {
            "hash": "1f4100dfbaf5b75a0ab2b8e32f6649a2a3b0c95d",
            "messageTitle": "Fix checkstyle",
            "messageBody": "",
            "fileTypesAndContributionMap": {
              "functional-code": {
                "insertions": 13,
                "deletions": 9
              },
              "test-code": {
                "insertions": 22,
                "deletions": 22
              }
            }
          }
        ]
      },
      {
        "date": "2020-10-05",
        "commitResults": [
          {
            "hash": "1102405631c8f097574facc3ef96d87e344fbde8",
            "messageTitle": "Fix fxml file to morph ID entry",
            "messageBody": "",
            "fileTypesAndContributionMap": {
              "functional-code": {
                "insertions": 1,
                "deletions": 1
              }
            }
          }
        ]
      }
    ],
    "m0nggh": [
      {
        "date": "2020-09-23",
        "commitResults": [
          {
            "hash": "2cc7b06e5cc9a5852bfee6c9c6063dfc19a10eb4",
            "messageTitle": "Added details to aboutus page",
            "messageBody": "",
            "fileTypesAndContributionMap": {
              "docs": {
                "insertions": 5,
                "deletions": 5
              }
            }
          },
          {
            "hash": "c16c273bbffa35211f193e19e752c36530996cbf",
            "messageTitle": "Add user profile, value proposition and user stories",
            "messageBody": "",
            "fileTypesAndContributionMap": {
              "docs": {
                "insertions": 21,
                "deletions": 9
              }
            }
          }
        ]
      },
      {
        "date": "2020-10-06",
        "commitResults": [
          {
            "hash": "66a479fa75e4977405bad218cd52829fc56c7603",
            "messageTitle": "Removed the email field for animals",
            "messageBody": "",
            "fileTypesAndContributionMap": {
              "functional-code": {
                "insertions": 21,
                "deletions": 157
              },
              "test-code": {
                "insertions": 70,
                "deletions": 256
              }
            }
          }
        ]
      }
    ],
    "aizatazhar": [
      {
        "date": "2020-09-22",
        "commitResults": [
          {
            "hash": "d570bba385ba6803f0b0b687bb5942c4faac2e67",
            "messageTitle": "Update build status badge",
            "messageBody": "Closes #7\n",
            "fileTypesAndContributionMap": {
              "docs": {
                "insertions": 1,
                "deletions": 1
              }
            }
          },
          {
            "hash": "1808fa93f99aba08ddf7beeb0530808eef4917f1",
            "messageTitle": "Update personal details on AboutUs page",
            "messageBody": "",
            "fileTypesAndContributionMap": {
              "docs": {
                "insertions": 50,
                "deletions": 4
              }
            }
          },
          {
            "hash": "ded2ef431bd4283142ba50575f2577abe4fdeb41",
            "messageTitle": "Update UserGuide",
            "messageBody": "",
            "fileTypesAndContributionMap": {
              "docs": {
                "insertions": 51,
                "deletions": 91
              }
            }
          },
          {
            "hash": "a8cb6dbe8c03f683a000c742d9c4f11d7ae65a05",
            "messageTitle": "Update UserGuide.md",
            "messageBody": "",
            "fileTypesAndContributionMap": {
              "docs": {
                "insertions": 4,
                "deletions": 4
              }
            }
          },
          {
            "hash": "197a338c6337d3f35ca01f070026790d344cb1c4",
            "messageTitle": "Add portfolio links for teammates",
            "messageBody": "",
            "fileTypesAndContributionMap": {
              "docs": {
                "insertions": 96,
                "deletions": 1
              }
            }
          }
        ]
      },
      {
        "date": "2020-09-23",
        "commitResults": [
          {
            "hash": "6003a483e02da29da1e8b758283ce40f9f660bbd",
            "messageTitle": "Update UserGuide.md",
            "messageBody": "Update formatting",
            "fileTypesAndContributionMap": {
              "docs": {
                "insertions": 2,
                "deletions": 8
              }
            }
          },
          {
            "hash": "1e6b4771474d57a451062a531ea5d10ce62da120",
            "messageTitle": "Update UserGuide formatting",
            "messageBody": "",
            "fileTypesAndContributionMap": {
              "docs": {
                "insertions": 7,
                "deletions": 7
              }
            }
          },
          {
            "hash": "6732d1efe5e9eedb586a1b7ae451d0ec18e0ae7c",
            "messageTitle": "Update UserGuide.md",
            "messageBody": "",
            "fileTypesAndContributionMap": {
              "docs": {
                "insertions": 8,
                "deletions": 7
              }
            }
          },
          {
            "hash": "07df237d1de3a8465104695ec994159db555add4",
            "messageTitle": "Update UserGuide",
            "messageBody": "",
            "fileTypesAndContributionMap": {
              "docs": {
                "insertions": 1,
                "deletions": 1
              }
            }
          }
        ]
      },
      {
        "date": "2020-10-03",
        "commitResults": [
          {
            "hash": "22892bd21d3802754f568bdb2f28bf6da482a095",
            "messageTitle": "Add Codecov badge to index.md",
            "messageBody": "",
            "fileTypesAndContributionMap": {
              "docs": {
                "insertions": 2,
                "deletions": 0
              }
            }
          },
          {
            "hash": "6fd0c458feb37f1b7d22080ae8ab9da0f1c58206",
            "messageTitle": "Add Codecov badge to README.md",
            "messageBody": "",
            "fileTypesAndContributionMap": {
              "docs": {
                "insertions": 1,
                "deletions": 0
              }
            }
          },
          {
            "hash": "4bd4ce61494750555cce206ff953983d0b6c67cb",
            "messageTitle": "Fix help command\u0027s URL",
            "messageBody": "",
            "fileTypesAndContributionMap": {
              "functional-code": {
                "insertions": 1,
                "deletions": 1
              }
            }
          }
        ]
      },
      {
        "date": "2020-10-04",
        "commitResults": [
          {
            "hash": "050c6aa2e941aca6738edc87343ce53c2484f527",
            "messageTitle": "Add Codacy badge",
            "messageBody": "",
            "fileTypesAndContributionMap": {
              "docs": {
                "insertions": 2,
                "deletions": 1
              }
            }
          },
          {
            "hash": "3c65854f3cf76cb205a0fff66247c071be0430eb",
            "messageTitle": "Rename Address class to Species",
            "messageBody": "",
            "fileTypesAndContributionMap": {
              "functional-code": {
                "insertions": 55,
                "deletions": 55
              },
              "other": {
                "insertions": 15,
                "deletions": 15
              },
              "test-code": {
                "insertions": 113,
                "deletions": 113
              }
            }
          },
          {
            "hash": "c082ccfd63976717ac5bea500b029b2514eb08d8",
            "messageTitle": "Modify CliSyntax prefix for species to s/",
            "messageBody": "",
            "fileTypesAndContributionMap": {
              "functional-code": {
                "insertions": 14,
                "deletions": 14
              },
              "test-code": {
                "insertions": 7,
                "deletions": 7
              }
            }
          },
          {
            "hash": "b8874288186089b2dd5268cb07aaff9824c0ef03",
            "messageTitle": "Update tests to reflect new Species class",
            "messageBody": "",
            "fileTypesAndContributionMap": {
              "test-code": {
                "insertions": 70,
                "deletions": 70
              }
            }
          },
          {
            "hash": "d2609e7d40707a13dd164bd0e937504c9388211c",
            "messageTitle": "Fix checkstyle issues",
            "messageBody": "",
            "fileTypesAndContributionMap": {
              "functional-code": {
                "insertions": 4,
                "deletions": 4
              },
              "test-code": {
                "insertions": 10,
                "deletions": 10
              }
            }
          },
          {
            "hash": "de91ca381220e9298b7c7ecc4852be2cea830dfc",
            "messageTitle": "Standardise portfolio introduction for all teammates",
            "messageBody": "",
            "fileTypesAndContributionMap": {
              "docs": {
                "insertions": 10,
                "deletions": 10
              }
            }
          },
          {
            "hash": "ce1420fade7f26028252b8041c1ad59557180faf",
            "messageTitle": "Update personal portfolio",
            "messageBody": "",
            "fileTypesAndContributionMap": {
              "docs": {
                "insertions": 28,
                "deletions": 1
              }
            }
          },
          {
            "hash": "29613e80d9631884735b752756b8eacd8b7e3f0b",
            "messageTitle": "Fix trailing whitespace issues",
            "messageBody": "",
            "fileTypesAndContributionMap": {
              "docs": {
                "insertions": 11,
                "deletions": 9
              }
            }
          }
        ]
      },
      {
        "date": "2020-10-05",
        "commitResults": [
          {
            "hash": "2fc832f1d1882629f88f1592234849526d770f7b",
            "messageTitle": "Modify address to species in add and edit command",
            "messageBody": "",
            "fileTypesAndContributionMap": {
              "functional-code": {
                "insertions": 3,
                "deletions": 3
              }
            }
          }
        ]
      }
    ],
    "lamlaaaam": [
      {
        "date": "2020-09-20",
        "commitResults": [
          {
            "hash": "f918c6bb0b481e60aa5855ef5847f650668aeadd",
            "messageTitle": "Add personal details to AboutUs page",
            "messageBody": "",
            "fileTypesAndContributionMap": {
              "docs": {
                "insertions": 5,
                "deletions": 8
              }
            }
          },
          {
            "hash": "58d718a079fff31605f4c4e9ad249beb44b08b2b",
            "messageTitle": "Update README to include UI mockup, description and acknowledgement",
            "messageBody": "",
            "fileTypesAndContributionMap": {
              "docs": {
                "insertions": 9,
                "deletions": 9
              }
            }
          }
        ]
      },
      {
        "date": "2020-10-05",
        "commitResults": [
          {
            "hash": "c7a4dc6c8a8f3038a993ccd6022eab6cdb3c593e",
            "messageTitle": "Refactor instances of Person to Animal",
            "messageBody": "",
            "fileTypesAndContributionMap": {
              "functional-code": {
                "insertions": 416,
                "deletions": 416
              },
              "other": {
                "insertions": 187,
                "deletions": 187
              },
              "docs": {
                "insertions": 2,
                "deletions": 2
              },
              "test-code": {
                "insertions": 704,
                "deletions": 704
              }
            }
          },
          {
            "hash": "441b327c8b8289f73cd1c5cfe1c9eabd88901218",
            "messageTitle": "Fix checkstyle issues regarding order of imports alphabetically",
            "messageBody": "",
            "fileTypesAndContributionMap": {
              "functional-code": {
                "insertions": 5,
                "deletions": 5
              },
              "test-code": {
                "insertions": 11,
                "deletions": 11
              }
            }
          },
          {
            "hash": "3b9784ad8b603b5d918a146d4fc1daa129e1ced3",
            "messageTitle": "Fix checkstyle issues",
            "messageBody": "",
            "fileTypesAndContributionMap": {
              "functional-code": {
                "insertions": 1,
                "deletions": 2
              },
              "test-code": {
                "insertions": 0,
                "deletions": 7
              }
            }
          }
        ]
      },
      {
        "date": "2020-10-06",
        "commitResults": [
          {
            "hash": "8e4371f93d21aaeed71801362162b2c28111c54d",
            "messageTitle": "Change sample data to include animals instead of people",
            "messageBody": "",
            "fileTypesAndContributionMap": {
              "functional-code": {
                "insertions": 13,
                "deletions": 19
              }
            }
          },
          {
            "hash": "26153bbeb546e9929e773bb97a5a7bfe2cb50ebd",
            "messageTitle": "Change add command error message to reflect an animal instead of person",
            "messageBody": "",
            "fileTypesAndContributionMap": {
              "functional-code": {
                "insertions": 5,
                "deletions": 5
              }
            }
          },
          {
            "hash": "3b13883e89e4dec6fab2d65e7406c57f86cd22db",
            "messageTitle": "Change references to phone to id",
            "messageBody": "",
            "fileTypesAndContributionMap": {
              "test-code": {
                "insertions": 11,
                "deletions": 11
              }
            }
          },
          {
            "hash": "fb59e036a7b3854fc2c84c8a2e2f382e1205acbe",
            "messageTitle": "Add test for SampleDataUtil",
            "messageBody": "",
            "fileTypesAndContributionMap": {
              "test-code": {
                "insertions": 17,
                "deletions": 0
              }
            }
          },
          {
            "hash": "02446b2a35c6bd028ce31a92ca298d78c71f3931",
            "messageTitle": "Fix checkstyle issues",
            "messageBody": "",
            "fileTypesAndContributionMap": {
              "test-code": {
                "insertions": 1,
                "deletions": 1
              }
            }
          }
        ]
      }
    ]
  },
  "authorFileTypeContributionMap": {
    "koonweee": {
      "docs": 127,
      "functional-code": 18,
      "test-code": 14
    },
    "JunCheng98": {
      "docs": 22,
      "functional-code": 54,
      "test-code": 83
    },
    "m0nggh": {
      "docs": 25,
      "functional-code": 20,
      "test-code": 77
    },
    "aizatazhar": {
      "docs": 184,
      "functional-code": 56,
      "test-code": 86
    },
    "lamlaaaam": {
      "docs": 16,
      "functional-code": 474,
      "test-code": 780
    }
  },
  "authorContributionVariance": {
    "koonweee": 616.1389,
    "JunCheng98": 6396.2383,
    "m0nggh": 4632.1426,
    "aizatazhar": 9163.43,
    "lamlaaaam": 128536.086
  },
  "authorDisplayNameMap": {
    "koonweee": "CS2103T-W15-4 JERE.. WEE",
    "JunCheng98": "CS2103T-W15-4 LIM ..HENG",
    "m0nggh": "CS2103T-W15-4 ONG ..COLM",
    "aizatazhar": "CS2103T-W15-4 AIZA..ZHAR",
    "lamlaaaam": "CS2103T-W15-4 LAM ..YUAN"
  }
}
