{
  "authorDailyContributionsMap": {
    "JinHao-L": [
      {
        "date": "2020-09-13",
        "commitResults": [
          {
            "hash": "2f6946d619f7e843873829865bbefdae1e237795",
            "messageTitle": "Remove forPROnly file",
            "messageBody": "",
            "fileTypesAndContributionMap": {
              "functional-code": {
                "insertions": 0,
                "deletions": 2
              }
            }
          }
        ]
      },
      {
        "date": "2020-09-28",
        "commitResults": [
          {
            "hash": "3e879f68e3fc8fa0c0f4e4cf536b760abed02549",
            "messageTitle": "Update README to nuudle project info",
            "messageBody": "",
            "fileTypesAndContributionMap": {
              "docs": {
                "insertions": 8,
                "deletions": 6
              }
            }
          },
          {
            "hash": "83fe03eeacfe6b662b3e5306aa1a8c11be28a0c4",
            "messageTitle": "Add newline at EOF in README",
            "messageBody": "",
            "fileTypesAndContributionMap": {
              "docs": {
                "insertions": 2,
                "deletions": 2
              }
            }
          },
          {
            "hash": "ccb5d8747d46b6697014a0cc4bb82c4510b84004",
            "messageTitle": "Update UserGuide: assign, cancel",
            "messageBody": "",
            "fileTypesAndContributionMap": {
              "docs": {
                "insertions": 42,
                "deletions": 7
              }
            }
          }
        ]
      },
      {
        "date": "2020-09-29",
        "commitResults": [
          {
            "hash": "bc5e1edafe74f018fb75595ab3465b744bb170bb",
            "messageTitle": "Update command guide for assign",
            "messageBody": "",
            "fileTypesAndContributionMap": {
              "docs": {
                "insertions": 2,
                "deletions": 2
              }
            }
          },
          {
            "hash": "a242551252274144016ffc66d4c4efae4b9bc72a",
            "messageTitle": "Add details for supported date time format",
            "messageBody": "",
            "fileTypesAndContributionMap": {
              "docs": {
                "insertions": 15,
                "deletions": 0
              }
            }
          },
          {
            "hash": "1842c4a4a12dea10ce571c97fa9563993de86814",
            "messageTitle": "Add NFRs and glossary in developer guide",
            "messageBody": "",
            "fileTypesAndContributionMap": {
              "docs": {
                "insertions": 4,
                "deletions": 5
              }
            }
          }
        ]
      },
      {
        "date": "2020-09-30",
        "commitResults": [
          {
            "hash": "9fdb15e8ff5cf84675a04ffc83889004f3a9310b",
            "messageTitle": "Update aboutus with jinhao-l details",
            "messageBody": "",
            "fileTypesAndContributionMap": {
              "docs": {
                "insertions": 49,
                "deletions": 53
              }
            }
          },
          {
            "hash": "979bd3b84dd1c5174dc0e2a27f97390779046412",
            "messageTitle": "Sync aboutus.md and johndoe.md",
            "messageBody": "",
            "fileTypesAndContributionMap": {
              "docs": {
                "insertions": 48,
                "deletions": 0
              }
            }
          },
          {
            "hash": "8ceccf036a7fc443e31716de7d96821dcb0e8752",
            "messageTitle": "Update repo README",
            "messageBody": "",
            "fileTypesAndContributionMap": {
              "docs": {
                "insertions": 19,
                "deletions": 12
              }
            }
          },
          {
            "hash": "acb2c7632b054dd5d206ac8773e1affb55e53f1b",
            "messageTitle": "Correct styling bug",
            "messageBody": "",
            "fileTypesAndContributionMap": {
              "docs": {
                "insertions": 14,
                "deletions": 14
              }
            }
          },
          {
            "hash": "fda2ce3652099b1f149b085b94ff90a2cb5c215d",
            "messageTitle": "Correct styling bug",
            "messageBody": "",
            "fileTypesAndContributionMap": {
              "docs": {
                "insertions": 55,
                "deletions": 41
              }
            }
          }
        ]
      },
      {
        "date": "2020-10-01",
        "commitResults": [
          {
            "hash": "012e4858e22278ef5d7a5aeffab8c771dfdb7592",
            "messageTitle": "Update AboutUs.md",
            "messageBody": "",
            "fileTypesAndContributionMap": {
              "docs": {
                "insertions": 4,
                "deletions": 4
              }
            }
          }
        ]
      },
      {
        "date": "2020-10-04",
        "commitResults": [
          {
            "hash": "bde56e6d34d8b1ffb8399d1566d2a605d366dc68",
            "messageTitle": "Create NaturalDay, Time and Date for appointment",
            "messageBody": "",
            "fileTypesAndContributionMap": {
              "functional-code": {
                "insertions": 245,
                "deletions": 0
              },
              "test-code": {
                "insertions": 249,
                "deletions": 0
              }
            }
          },
          {
            "hash": "704707e098e062e3ae7c6db6609786d0602a4361",
            "messageTitle": "Fix date and time unit tests",
            "messageBody": "",
            "fileTypesAndContributionMap": {
              "functional-code": {
                "insertions": 12,
                "deletions": 2
              },
              "test-code": {
                "insertions": 25,
                "deletions": 23
              }
            }
          }
        ]
      },
      {
        "date": "2020-10-05",
        "commitResults": [
          {
            "hash": "adda2702ff264c95f9971428a0f8cdc069c05993",
            "messageTitle": "Add appointment class and supporting methods.",
            "messageBody": "",
            "fileTypesAndContributionMap": {
              "functional-code": {
                "insertions": 241,
                "deletions": 23
              },
              "test-code": {
                "insertions": 109,
                "deletions": 32
              }
            }
          },
          {
            "hash": "b8a95181b252ed0ca0e6cc6e05303a94d78405fa",
            "messageTitle": "Add tests for appointment and comparator",
            "messageBody": "",
            "fileTypesAndContributionMap": {
              "functional-code": {
                "insertions": 14,
                "deletions": 9
              },
              "test-code": {
                "insertions": 402,
                "deletions": 2
              }
            }
          }
        ]
      }
    ],
    "ZhangWanlin98": [
      {
        "date": "2020-09-05",
        "commitResults": [
          {
            "hash": "5fd7e95547aea2ed98636066584b3074b25ebd95",
            "messageTitle": "Update for PR only",
            "messageBody": "",
            "fileTypesAndContributionMap": {
              "functional-code": {
                "insertions": 2,
                "deletions": 0
              }
            }
          }
        ]
      },
      {
        "date": "2020-09-29",
        "commitResults": [
          {
            "hash": "f390796dc86e381ce61c98854ffd8d7dfd4e94ee",
            "messageTitle": "Remove unnecessary forPrOnly.java file",
            "messageBody": "",
            "fileTypesAndContributionMap": {
              "functional-code": {
                "insertions": 0,
                "deletions": 2
              }
            }
          },
          {
            "hash": "d7bc8a3b51f4040953545b6d717574fb13c1454a",
            "messageTitle": "update user guide: list, edit, delete",
            "messageBody": "",
            "fileTypesAndContributionMap": {
              "docs": {
                "insertions": 17,
                "deletions": 14
              }
            }
          },
          {
            "hash": "e053fcaf9ac8ed58fda47ef83ace5573150eb328",
            "messageTitle": "update developer guide:",
            "messageBody": "add use cases 2, 4, 6, 8, 10\n",
            "fileTypesAndContributionMap": {
              "docs": {
                "insertions": 103,
                "deletions": 7
              }
            }
          }
        ]
      },
      {
        "date": "2020-09-30",
        "commitResults": [
          {
            "hash": "082b57f70e56364d1a05fc4d0715dedd147b2b26",
            "messageTitle": "update about us",
            "messageBody": "",
            "fileTypesAndContributionMap": {
              "docs": {
                "insertions": 7,
                "deletions": 6
              }
            }
          },
          {
            "hash": "f3785da362681f473cd23065231f4cad583d99b2",
            "messageTitle": "add personal portfolio file for ZhangWanlin",
            "messageBody": "",
            "fileTypesAndContributionMap": {
              "docs": {
                "insertions": 39,
                "deletions": 0
              }
            }
          },
          {
            "hash": "f6061324ea147b2baeef0ed573c8bc6595de5c45",
            "messageTitle": "update about us",
            "messageBody": "files are renamed to fulfil requirements\n",
            "fileTypesAndContributionMap": {
              "docs": {
                "insertions": 2,
                "deletions": 2
              }
            }
          },
          {
            "hash": "d4d678ab8e599dcea2f776ba827aad6bdecf8fb7",
            "messageTitle": "update user guide",
            "messageBody": "correction for typo in find format\n",
            "fileTypesAndContributionMap": {
              "docs": {
                "insertions": 1,
                "deletions": 1
              }
            }
          },
          {
            "hash": "61fc2e46f4b68ac6f2a81ad502b0c3512923ff57",
            "messageTitle": "update develope guide: improve language clarity",
            "messageBody": "",
            "fileTypesAndContributionMap": {
              "docs": {
                "insertions": 3,
                "deletions": 3
              }
            }
          },
          {
            "hash": "6fbd191ee8af0533bcb3364c66e539cb03a4d2d1",
            "messageTitle": "update developer guide: add period to all content sententces in use cases",
            "messageBody": "",
            "fileTypesAndContributionMap": {
              "docs": {
                "insertions": 22,
                "deletions": 22
              }
            }
          },
          {
            "hash": "418fcf8e4a5de98afbeaf3d74878c16c48f05ad4",
            "messageTitle": "update developer guide: remove redundent lines and make amendments",
            "messageBody": "",
            "fileTypesAndContributionMap": {
              "docs": {
                "insertions": 1,
                "deletions": 3
              }
            }
          },
          {
            "hash": "d21e0253a3119e7859aa79cec3e290b09dcb1337",
            "messageTitle": "update developer guide: correction of line spacing and grammer",
            "messageBody": "",
            "fileTypesAndContributionMap": {
              "docs": {
                "insertions": 9,
                "deletions": 7
              }
            }
          },
          {
            "hash": "ce91168c0e8b5b002eb3aa9db33568b6d3a2fdbe",
            "messageTitle": "update developer guide: finalize the use of vocabularies and format",
            "messageBody": "",
            "fileTypesAndContributionMap": {
              "docs": {
                "insertions": 6,
                "deletions": 6
              }
            }
          }
        ]
      },
      {
        "date": "2020-10-01",
        "commitResults": [
          {
            "hash": "e883faf583c719705555fd9e8147b132b5f00e94",
            "messageTitle": "update about us: rename documents and make format change",
            "messageBody": "",
            "fileTypesAndContributionMap": {
              "docs": {
                "insertions": 7,
                "deletions": 7
              }
            }
          }
        ]
      }
    ],
    "Avalionnet": [
      {
        "date": "2020-09-22",
        "commitResults": [
          {
            "hash": "0250068cee4564e56126ca69d4fed2efa88bad68",
            "messageTitle": "Update for IntelliJ setup",
            "messageBody": "",
            "fileTypesAndContributionMap": {
              "functional-code": {
                "insertions": 5148,
                "deletions": 5142
              },
              "other": {
                "insertions": 84,
                "deletions": 84
              },
              "docs": {
                "insertions": 812,
                "deletions": 812
              },
              "test-code": {
                "insertions": 4715,
                "deletions": 4715
              }
            }
          }
        ]
      },
      {
        "date": "2020-09-23",
        "commitResults": [
          {
            "hash": "02babafde129a657bafafdb286d79f9b6437b73c",
            "messageTitle": "Update line separator to adopt LF format",
            "messageBody": "",
            "fileTypesAndContributionMap": {
              "functional-code": {
                "insertions": 5148,
                "deletions": 5148
              },
              "test-code": {
                "insertions": 4715,
                "deletions": 4715
              }
            }
          },
          {
            "hash": "0649fcee8f1471607a20f411318b67a3724e717f",
            "messageTitle": "Update line separator to LF format v2",
            "messageBody": "",
            "fileTypesAndContributionMap": {
              "docs": {
                "insertions": 812,
                "deletions": 812
              }
            }
          },
          {
            "hash": "5342ed0505dc16221859f9369b09119286abbc42",
            "messageTitle": "Update line separator to LF format v3",
            "messageBody": "",
            "fileTypesAndContributionMap": {
              "other": {
                "insertions": 84,
                "deletions": 84
              }
            }
          }
        ]
      },
      {
        "date": "2020-09-28",
        "commitResults": [
          {
            "hash": "33faf4091b659d93ca349a851a0c531b2535164a",
            "messageTitle": "Update UserGuide.md",
            "messageBody": "",
            "fileTypesAndContributionMap": {
              "docs": {
                "insertions": 21,
                "deletions": 21
              }
            }
          },
          {
            "hash": "15abeecb224ffb8a98c1762da414fdaf2dd06331",
            "messageTitle": "Fix UserGuide add patient header",
            "messageBody": "",
            "fileTypesAndContributionMap": {
              "docs": {
                "insertions": 1,
                "deletions": 1
              }
            }
          },
          {
            "hash": "db82a077a795d5d2d71b7155f5ec3d949dce99a1",
            "messageTitle": "Update Developer Guide: User Profile",
            "messageBody": "",
            "fileTypesAndContributionMap": {
              "docs": {
                "insertions": 27,
                "deletions": 11
              }
            }
          },
          {
            "hash": "b8180763dd4963adbc6b50bd4e0c6ab34b03b9f9",
            "messageTitle": "Update AboutUs and team files",
            "messageBody": "",
            "fileTypesAndContributionMap": {
              "docs": {
                "insertions": 44,
                "deletions": 9
              }
            }
          }
        ]
      },
      {
        "date": "2020-10-06",
        "commitResults": [
          {
            "hash": "e3a986486144f9b9868b38cbc74406ab2884789f",
            "messageTitle": "Add support for Nric for Nuddle",
            "messageBody": "",
            "fileTypesAndContributionMap": {
              "functional-code": {
                "insertions": 146,
                "deletions": 22
              }
            }
          }
        ]
      },
      {
        "date": "2020-10-07",
        "commitResults": [
          {
            "hash": "bce49be8797e7826fea328a2cbc81820ed1d3ff2",
            "messageTitle": "Fix checkstyle for Nric related files",
            "messageBody": "",
            "fileTypesAndContributionMap": {
              "functional-code": {
                "insertions": 4,
                "deletions": 4
              }
            }
          },
          {
            "hash": "5be526b2d37fda04bb4f5d35c9b61ebcc62623a9",
            "messageTitle": "Fix test files to integrate Nric",
            "messageBody": "",
            "fileTypesAndContributionMap": {
              "test-code": {
                "insertions": 33,
                "deletions": 10
              }
            }
          },
          {
            "hash": "68eed5b1108dd2de9c283686d292f4754cf0c76e",
            "messageTitle": "Add test cases to support Nric",
            "messageBody": "",
            "fileTypesAndContributionMap": {
              "functional-code": {
                "insertions": 1,
                "deletions": 1
              },
              "test-code": {
                "insertions": 92,
                "deletions": 32
              }
            }
          },
          {
            "hash": "84b59f11312b35028194e392753cd474da4cee59",
            "messageTitle": "Fix checkstyle",
            "messageBody": "",
            "fileTypesAndContributionMap": {
              "test-code": {
                "insertions": 3,
                "deletions": 2
              }
            }
          }
        ]
      }
    ],
    "xz0127": [
      {
        "date": "2020-09-29",
        "commitResults": [
          {
            "hash": "eced0f3f1c76dab30b572acc57872c6cbb72564b",
            "messageTitle": "Update AboutUs",
            "messageBody": "",
            "fileTypesAndContributionMap": {
              "docs": {
                "insertions": 46,
                "deletions": 9
              }
            }
          }
        ]
      },
      {
        "date": "2020-09-30",
        "commitResults": [
          {
            "hash": "f26e659b059bfdf9a4a4af6bab81e5ba8c07129c",
            "messageTitle": "Update team profile",
            "messageBody": "",
            "fileTypesAndContributionMap": {
              "docs": {
                "insertions": 0,
                "deletions": 1
              }
            }
          },
          {
            "hash": "fce2080e6debbc1788f17c57005817370d374636",
            "messageTitle": "Update UserGuide",
            "messageBody": "",
            "fileTypesAndContributionMap": {
              "docs": {
                "insertions": 15,
                "deletions": 4
              }
            }
          },
          {
            "hash": "58d34cbec8f948e18b54bb38b7b62d00c93f54ad",
            "messageTitle": "Update DeveloperGuide",
            "messageBody": "",
            "fileTypesAndContributionMap": {
              "docs": {
                "insertions": 115,
                "deletions": 11
              }
            }
          },
          {
            "hash": "76ec27e6fc2f7287435dbc79298f45f94e242e56",
            "messageTitle": "Update documentation section",
            "messageBody": "",
            "fileTypesAndContributionMap": {
              "docs": {
                "insertions": 2,
                "deletions": 2
              }
            }
          },
          {
            "hash": "48ba39c6d8505b0fd7584b1cc497455bc02149fa",
            "messageTitle": "Update DeveloperGuide.md",
            "messageBody": "Fix phrasing issues",
            "fileTypesAndContributionMap": {
              "docs": {
                "insertions": 1,
                "deletions": 1
              }
            }
          },
          {
            "hash": "0cae40a086504524d4c4835ad44ff8cf993bd70f",
            "messageTitle": "Update use cases",
            "messageBody": "",
            "fileTypesAndContributionMap": {
              "docs": {
                "insertions": 28,
                "deletions": 28
              }
            }
          },
          {
            "hash": "539ff88fe0886415e624b4bcbf88f620d05415b5",
            "messageTitle": "Remove examples for single word command",
            "messageBody": "",
            "fileTypesAndContributionMap": {
              "docs": {
                "insertions": 1,
                "deletions": 13
              }
            }
          },
          {
            "hash": "64244ab54ab1c74ce2b9f8c216b5903678bd9917",
            "messageTitle": "Fix phrasing",
            "messageBody": "",
            "fileTypesAndContributionMap": {
              "docs": {
                "insertions": 1,
                "deletions": 1
              }
            }
          }
        ]
      },
      {
        "date": "2020-10-07",
        "commitResults": [
          {
            "hash": "95027a85ab60a566b9735222f8f9f0171ea132b2",
            "messageTitle": "Remove email field in person\u0027s model",
            "messageBody": "",
            "fileTypesAndContributionMap": {
              "functional-code": {
                "insertions": 19,
                "deletions": 155
              },
              "test-code": {
                "insertions": 56,
                "deletions": 246
              }
            }
          },
          {
            "hash": "efdc3a8d684ebb43d2b219e60afcea387a3628cb",
            "messageTitle": "Resolve conflicts in person\u0027s model",
            "messageBody": "",
            "fileTypesAndContributionMap": {
              "test-code": {
                "insertions": 1,
                "deletions": 1
              }
            }
          }
        ]
      }
    ],
    "YangYue128-helen": [
      {
        "date": "2020-09-29",
        "commitResults": [
          {
            "hash": "bd27ee64dbc603d20729157f57fc559e3c915737",
            "messageTitle": "Update AboutUs",
            "messageBody": "",
            "fileTypesAndContributionMap": {
              "docs": {
                "insertions": 5,
                "deletions": 5
              }
            }
          },
          {
            "hash": "4e7f62ef184778ce11c016dfffc01984cf8212c0",
            "messageTitle": "Update UG: add view command add done command",
            "messageBody": "",
            "fileTypesAndContributionMap": {
              "docs": {
                "insertions": 27,
                "deletions": 0
              }
            }
          }
        ]
      },
      {
        "date": "2020-09-30",
        "commitResults": [
          {
            "hash": "dba0646e4e497d25a2a74658dcfee0870f32e395",
            "messageTitle": "Update Developer Guide: Add all user stories into the table.",
            "messageBody": "",
            "fileTypesAndContributionMap": {
              "docs": {
                "insertions": 23,
                "deletions": 8
              }
            }
          },
          {
            "hash": "8b708bc27e9423b59df891202c35fcf2fed23db8",
            "messageTitle": "Update portfolio",
            "messageBody": "",
            "fileTypesAndContributionMap": {
              "docs": {
                "insertions": 32,
                "deletions": 50
              }
            }
          }
        ]
      },
      {
        "date": "2020-10-06",
        "commitResults": [
          {
            "hash": "a6e7f08bbb3ce5465ef38302488634dd94db1692",
            "messageTitle": "Create appointment book model and add some test cases on appointment book model.",
            "messageBody": "",
            "fileTypesAndContributionMap": {
              "functional-code": {
                "insertions": 147,
                "deletions": 0
              },
              "test-code": {
                "insertions": 111,
                "deletions": 10
              }
            }
          },
          {
            "hash": "d1fc288b116aacf0f2793a37e5ab6658349bf18b",
            "messageTitle": "Check style",
            "messageBody": "",
            "fileTypesAndContributionMap": {
              "functional-code": {
                "insertions": 4,
                "deletions": 3
              },
              "test-code": {
                "insertions": 40,
                "deletions": 41
              }
            }
          }
        ]
      },
      {
        "date": "2020-10-07",
        "commitResults": [
          {
            "hash": "d38f3e69458e989a48ed95cc5261ec07281ea0a7",
            "messageTitle": "Update model manager: Add appointmentBook instructions into model manager",
            "messageBody": "",
            "fileTypesAndContributionMap": {
              "functional-code": {
                "insertions": 89,
                "deletions": 5
              },
              "test-code": {
                "insertions": 94,
                "deletions": 22
              }
            }
          },
          {
            "hash": "4dac2263007e477132d2933c0a98c2651467c508",
            "messageTitle": "Improve code quality: add java doc for public method setAppointments()",
            "messageBody": "",
            "fileTypesAndContributionMap": {
              "functional-code": {
                "insertions": 4,
                "deletions": 0
              }
            }
          }
        ]
      }
    ]
  },
  "authorFileTypeContributionMap": {
    "JinHao-L": {
      "docs": 190,
      "functional-code": 478,
      "test-code": 726
    },
    "ZhangWanlin98": {
      "docs": 157,
      "functional-code": 0,
      "test-code": 0
    },
    "Avalionnet": {
      "docs": 68,
      "functional-code": 135,
      "test-code": 81
    },
    "xz0127": {
      "docs": 172,
      "functional-code": 21,
      "test-code": 62
    },
    "YangYue128-helen": {
      "docs": 58,
      "functional-code": 241,
      "test-code": 196
    }
  },
  "authorContributionVariance": {
    "JinHao-L": 18926.322,
    "ZhangWanlin98": 702.246,
    "Avalionnet": 1.6208035E7,
    "xz0127": 4932.1074,
    "YangYue128-helen": 3222.6282
  },
  "authorDisplayNameMap": {
    "JinHao-L": "CS2103T-T12-4 LIM .. HAO",
    "ZhangWanlin98": "CS2103T-T12-4 ZHAN..NLIN",
    "Avalionnet": "CS2103T-T12-4 LOW .. LIM",
    "xz0127": "CS2103T-T12-4 XIN .. ZHE",
    "YangYue128-helen": "CS2103T-T12-4 YANG.. YUE"
  }
}
