{
  "authorDailyContributionsMap": {
    "IronBiscuit": [
      {
        "date": "2020-09-22",
        "commitResults": [
          {
            "hash": "6c05d98179348b5522f6a3055eb2d6025a14fbcb",
            "messageTitle": "Update AboutUs",
            "messageBody": "",
            "fileTypesAndContributionMap": {
              "docs": {
                "insertions": 130,
                "deletions": 24
              }
            }
          },
          {
            "hash": "ec8cba852dc8e39cabb68ba9e2e8abc35fdb5ea1",
            "messageTitle": "Rearrange names according to role and alphebetical order",
            "messageBody": "",
            "fileTypesAndContributionMap": {
              "docs": {
                "insertions": 20,
                "deletions": 16
              }
            }
          },
          {
            "hash": "ded82b3179132d3d527de3e51fa48202b60aad48",
            "messageTitle": "Correct styling for CI",
            "messageBody": "",
            "fileTypesAndContributionMap": {
              "docs": {
                "insertions": 21,
                "deletions": 21
              }
            }
          },
          {
            "hash": "dc41c20e14ccab4e1a9509cd5a24adf570766508",
            "messageTitle": "Removed space",
            "messageBody": "",
            "fileTypesAndContributionMap": {
              "docs": {
                "insertions": 1,
                "deletions": 1
              }
            }
          }
        ]
      },
      {
        "date": "2020-09-25",
        "commitResults": [
          {
            "hash": "e745dcf9e07c54fd681e705f93bf97ffeb77253d",
            "messageTitle": "Add Use Cases",
            "messageBody": "",
            "fileTypesAndContributionMap": {
              "docs": {
                "insertions": 76,
                "deletions": 9
              }
            }
          }
        ]
      },
      {
        "date": "2020-09-30",
        "commitResults": [
          {
            "hash": "b1511f9694a4397b6e190530cd6d4e9097751db3",
            "messageTitle": "Update DG",
            "messageBody": "",
            "fileTypesAndContributionMap": {
              "docs": {
                "insertions": 31,
                "deletions": 19
              }
            }
          }
        ]
      },
      {
        "date": "2020-10-01",
        "commitResults": [
          {
            "hash": "b1f257226b78150be9a83277889fa6b40a4541ff",
            "messageTitle": "Further update DG",
            "messageBody": "",
            "fileTypesAndContributionMap": {
              "docs": {
                "insertions": 7,
                "deletions": 5
              }
            }
          }
        ]
      },
      {
        "date": "2020-10-03",
        "commitResults": [
          {
            "hash": "4929519cc5f6c042cada641ba0a61a1cfa858258",
            "messageTitle": "Add view inventory",
            "messageBody": "",
            "fileTypesAndContributionMap": {
              "functional-code": {
                "insertions": 270,
                "deletions": 22
              },
              "test-code": {
                "insertions": 51,
                "deletions": 0
              }
            }
          }
        ]
      },
      {
        "date": "2020-10-04",
        "commitResults": [
          {
            "hash": "26c023f93b84d17306ea6cb9e2722f4ce5791261",
            "messageTitle": "Update list_inventory command",
            "messageBody": "",
            "fileTypesAndContributionMap": {
              "functional-code": {
                "insertions": 4,
                "deletions": 1
              }
            }
          },
          {
            "hash": "805d34e23a2f9ca603565acfb47a3245e10021f5",
            "messageTitle": "Fix CI",
            "messageBody": "",
            "fileTypesAndContributionMap": {
              "functional-code": {
                "insertions": 2,
                "deletions": 2
              },
              "docs": {
                "insertions": 12,
                "deletions": 12
              }
            }
          },
          {
            "hash": "148fe76a1c0e5f04ab50d5223bb457908f3677b3",
            "messageTitle": "Further Fix CI",
            "messageBody": "",
            "fileTypesAndContributionMap": {
              "functional-code": {
                "insertions": 20,
                "deletions": 4
              }
            }
          },
          {
            "hash": "7df7c2457068295522135d01b575ea83485f122a",
            "messageTitle": "Clear Test",
            "messageBody": "",
            "fileTypesAndContributionMap": {
              "test-code": {
                "insertions": 0,
                "deletions": 39
              }
            }
          },
          {
            "hash": "1a052d3f3d94ddb54dd61afd113e115680cdcd1c",
            "messageTitle": "Fix CLI",
            "messageBody": "",
            "fileTypesAndContributionMap": {
              "functional-code": {
                "insertions": 1,
                "deletions": 1
              }
            }
          },
          {
            "hash": "80a5b0d8e6789cfc76b18d31eb36cf062c128d5c",
            "messageTitle": "Test",
            "messageBody": "",
            "fileTypesAndContributionMap": {
              "functional-code": {
                "insertions": 1,
                "deletions": 1
              }
            }
          }
        ]
      },
      {
        "date": "2020-10-11",
        "commitResults": [
          {
            "hash": "03a9fe5f4bb0bf87fc757150c7efb98cfe8a60d0",
            "messageTitle": "Add finance/inventory record viewing support",
            "messageBody": "",
            "fileTypesAndContributionMap": {
              "functional-code": {
                "insertions": 81,
                "deletions": 25
              }
            }
          }
        ]
      }
    ],
    "FizzyAgent": [
      {
        "date": "2020-09-21",
        "commitResults": [
          {
            "hash": "74f5a5fdb83bbfba7b9d8738a66b2049391739a5",
            "messageTitle": "Setup package structure",
            "messageBody": "",
            "fileTypesAndContributionMap": {
              "other": {
                "insertions": 745,
                "deletions": 745
              }
            }
          },
          {
            "hash": "d0ebb09ecdad9770fb603d70afa289a2ae63f50c",
            "messageTitle": "Fix test cases",
            "messageBody": "",
            "fileTypesAndContributionMap": {
              "docs": {
                "insertions": 13,
                "deletions": 13
              },
              "test-code": {
                "insertions": 2,
                "deletions": 2
              }
            }
          },
          {
            "hash": "a8f9696f0ffa074432202646af033d7ab29a5ce7",
            "messageTitle": "Add finance record",
            "messageBody": "",
            "fileTypesAndContributionMap": {
              "functional-code": {
                "insertions": 54,
                "deletions": 0
              }
            }
          },
          {
            "hash": "27bf087e3b9bbf838786675b6e3c79933a4f63ba",
            "messageTitle": "Fix styling",
            "messageBody": "",
            "fileTypesAndContributionMap": {
              "functional-code": {
                "insertions": 19,
                "deletions": 1
              },
              "other": {
                "insertions": 0,
                "deletions": 0
              }
            }
          },
          {
            "hash": "418e6a24aeb892ce07bbc0a34cdb06e65eda8cd4",
            "messageTitle": "Fix renaming",
            "messageBody": "",
            "fileTypesAndContributionMap": {
              "other": {
                "insertions": 0,
                "deletions": 0
              }
            }
          }
        ]
      },
      {
        "date": "2020-09-23",
        "commitResults": [
          {
            "hash": "835c0af42b04fc90b19e6930276b082f94aa33a2",
            "messageTitle": "Add finance record add logic",
            "messageBody": "",
            "fileTypesAndContributionMap": {
              "functional-code": {
                "insertions": 163,
                "deletions": 0
              }
            }
          },
          {
            "hash": "bb4f6675e795a65fd9fc28ce530a7d1f2cd1456a",
            "messageTitle": "Fix test files",
            "messageBody": "",
            "fileTypesAndContributionMap": {
              "test-code": {
                "insertions": 6,
                "deletions": 0
              }
            }
          },
          {
            "hash": "dc1a17b593b6b03aa8536d02da2218ddf3f00e3a",
            "messageTitle": "Fix styling",
            "messageBody": "",
            "fileTypesAndContributionMap": {
              "test-code": {
                "insertions": 1,
                "deletions": 1
              }
            }
          }
        ]
      },
      {
        "date": "2020-09-26",
        "commitResults": [
          {
            "hash": "3a42b602ec9e5560a2fbfdc3330c11444da48e15",
            "messageTitle": "Implement finance record delete",
            "messageBody": "",
            "fileTypesAndContributionMap": {
              "functional-code": {
                "insertions": 93,
                "deletions": 16
              },
              "other": {
                "insertions": 20,
                "deletions": 6
              },
              "test-code": {
                "insertions": 8,
                "deletions": 1
              }
            }
          },
          {
            "hash": "16ca418a24dfec3a3814176f0140e08ac85ac1f8",
            "messageTitle": "Fix styling",
            "messageBody": "",
            "fileTypesAndContributionMap": {
              "functional-code": {
                "insertions": 11,
                "deletions": 1
              }
            }
          }
        ]
      },
      {
        "date": "2020-09-30",
        "commitResults": [
          {
            "hash": "83f4838a77f5f5219136f5acc29fae331ed21942",
            "messageTitle": "Fix date time formatting",
            "messageBody": "",
            "fileTypesAndContributionMap": {
              "functional-code": {
                "insertions": 8,
                "deletions": 1
              }
            }
          },
          {
            "hash": "b84eb570cfbd5cb24084abc6d301e5ab27e8818d",
            "messageTitle": "Add finance datetime",
            "messageBody": "",
            "fileTypesAndContributionMap": {
              "functional-code": {
                "insertions": 69,
                "deletions": 40
              }
            }
          }
        ]
      },
      {
        "date": "2020-10-01",
        "commitResults": [
          {
            "hash": "61595a2c5b3176c679e11f3a988561b2541a95ce",
            "messageTitle": "Delete address class",
            "messageBody": "",
            "fileTypesAndContributionMap": {
              "functional-code": {
                "insertions": 10,
                "deletions": 131
              },
              "test-code": {
                "insertions": 23,
                "deletions": 142
              }
            }
          },
          {
            "hash": "a2d062dc341061a3deb2909a6e52133331f096d3",
            "messageTitle": "Fix styling",
            "messageBody": "",
            "fileTypesAndContributionMap": {
              "test-code": {
                "insertions": 0,
                "deletions": 4
              }
            }
          },
          {
            "hash": "808e16cbd4b45eb99bed6787f8b315973de22e20",
            "messageTitle": "Improve add finance datetime logic",
            "messageBody": "",
            "fileTypesAndContributionMap": {
              "functional-code": {
                "insertions": 27,
                "deletions": 24
              }
            }
          }
        ]
      },
      {
        "date": "2020-10-03",
        "commitResults": [
          {
            "hash": "5daab544179932b6e634fb6d47d274b949ae59b8",
            "messageTitle": "Link inventory add with finance",
            "messageBody": "",
            "fileTypesAndContributionMap": {
              "functional-code": {
                "insertions": 42,
                "deletions": 13
              }
            }
          }
        ]
      },
      {
        "date": "2020-10-04",
        "commitResults": [
          {
            "hash": "6b24613945a8651446a4c6f4f4f5ef08be6847fb",
            "messageTitle": "Add ID to json finance class",
            "messageBody": "",
            "fileTypesAndContributionMap": {
              "functional-code": {
                "insertions": 24,
                "deletions": 3
              },
              "test-code": {
                "insertions": 15,
                "deletions": 9
              }
            }
          }
        ]
      },
      {
        "date": "2020-10-05",
        "commitResults": [
          {
            "hash": "121cb3d667d23ad9b7a1f84fe6d1e873adfc5122",
            "messageTitle": "Update optional cost field",
            "messageBody": "",
            "fileTypesAndContributionMap": {
              "functional-code": {
                "insertions": 18,
                "deletions": 10
              }
            }
          },
          {
            "hash": "239c3fefba2f12f7941033817d8df5cd234d17f5",
            "messageTitle": "Fix styling",
            "messageBody": "",
            "fileTypesAndContributionMap": {
              "functional-code": {
                "insertions": 5,
                "deletions": 3
              }
            }
          }
        ]
      },
      {
        "date": "2020-10-07",
        "commitResults": [
          {
            "hash": "c1683ccc24056a9cc11f74979fa9e4fbc1c308da",
            "messageTitle": "Implement observable finance list",
            "messageBody": "",
            "fileTypesAndContributionMap": {
              "functional-code": {
                "insertions": 225,
                "deletions": 28
              },
              "test-code": {
                "insertions": 6,
                "deletions": 2
              }
            }
          }
        ]
      },
      {
        "date": "2020-10-09",
        "commitResults": [
          {
            "hash": "3b4cc84f533943913d09399d53b9530b0e2ededb",
            "messageTitle": "Implement edit finance",
            "messageBody": "",
            "fileTypesAndContributionMap": {
              "functional-code": {
                "insertions": 55,
                "deletions": 16
              }
            }
          },
          {
            "hash": "e2da50580ef0addd69263c3f40cc84e1a1a489fc",
            "messageTitle": "Fix styling",
            "messageBody": "",
            "fileTypesAndContributionMap": {
              "functional-code": {
                "insertions": 21,
                "deletions": 5
              }
            }
          }
        ]
      },
      {
        "date": "2020-10-14",
        "commitResults": [
          {
            "hash": "60f9294a50831c7a16f55b32b7bc395b8c0fca06",
            "messageTitle": "Add finance test cases",
            "messageBody": "",
            "fileTypesAndContributionMap": {
              "functional-code": {
                "insertions": 32,
                "deletions": 2
              },
              "test-code": {
                "insertions": 318,
                "deletions": 134
              }
            }
          },
          {
            "hash": "fcc03a2bdf0c678ee172a9a33b25930de5b27810",
            "messageTitle": "Restructure finance model",
            "messageBody": "",
            "fileTypesAndContributionMap": {
              "functional-code": {
                "insertions": 191,
                "deletions": 64
              },
              "test-code": {
                "insertions": 43,
                "deletions": 53
              }
            }
          }
        ]
      },
      {
        "date": "2020-10-15",
        "commitResults": [
          {
            "hash": "01e95222ca208ff9c96c96fa6f546af9c1f086d0",
            "messageTitle": "Add test case for addfinanceparser",
            "messageBody": "",
            "fileTypesAndContributionMap": {
              "functional-code": {
                "insertions": 32,
                "deletions": 8
              },
              "test-code": {
                "insertions": 216,
                "deletions": 81
              }
            }
          },
          {
            "hash": "7dc147ab1f2de922678fb060caacab7148a522b8",
            "messageTitle": "Update user guide",
            "messageBody": "",
            "fileTypesAndContributionMap": {
              "docs": {
                "insertions": 19,
                "deletions": 14
              }
            }
          }
        ]
      },
      {
        "date": "2020-10-18",
        "commitResults": [
          {
            "hash": "ab0b3a655209da44b30f1750bde15d09743fdfe9",
            "messageTitle": "Update index page",
            "messageBody": "",
            "fileTypesAndContributionMap": {
              "docs": {
                "insertions": 1,
                "deletions": 2
              }
            }
          },
          {
            "hash": "18408fbf22b7a2aa8b6615c16bf0b0742a22442a",
            "messageTitle": "Update DG logic section",
            "messageBody": "",
            "fileTypesAndContributionMap": {
              "functional-code": {
                "insertions": 4,
                "deletions": 4
              },
              "other": {
                "insertions": 1,
                "deletions": 1
              },
              "docs": {
                "insertions": 1,
                "deletions": 1
              }
            }
          },
          {
            "hash": "cdd90bf2964f207f38124284c45a8e7e98b69fb0",
            "messageTitle": "Fix test case",
            "messageBody": "",
            "fileTypesAndContributionMap": {
              "test-code": {
                "insertions": 1,
                "deletions": 1
              }
            }
          },
          {
            "hash": "9f2646332fb3c945fca0ba1b425fe449fcad6efc",
            "messageTitle": "Update DG logic sequence diagram",
            "messageBody": "",
            "fileTypesAndContributionMap": {
              "other": {
                "insertions": 1,
                "deletions": 1
              },
              "docs": {
                "insertions": 3,
                "deletions": 6
              }
            }
          }
        ]
      }
    ],
    "Elgoh": [
      {
        "date": "2020-09-22",
        "commitResults": [
          {
            "hash": "1f8cb7142aaa83e26c6f17356620bef357725bc7",
            "messageTitle": "Add Inventory and item class",
            "messageBody": "",
            "fileTypesAndContributionMap": {
              "functional-code": {
                "insertions": 137,
                "deletions": 0
              }
            }
          }
        ]
      },
      {
        "date": "2020-09-23",
        "commitResults": [
          {
            "hash": "fd5c8e3bd4da8a16f35944770da3f7117b7d800b",
            "messageTitle": "Delete whitespace in InventoryRecord class",
            "messageBody": "",
            "fileTypesAndContributionMap": {
              "functional-code": {
                "insertions": 1,
                "deletions": 1
              }
            }
          },
          {
            "hash": "55c18d075538c0443c13a8bb54af6c6618d04e7e",
            "messageTitle": "Add javadocs",
            "messageBody": "",
            "fileTypesAndContributionMap": {
              "functional-code": {
                "insertions": 63,
                "deletions": 3
              }
            }
          }
        ]
      },
      {
        "date": "2020-09-26",
        "commitResults": [
          {
            "hash": "6b6475f24c89d36f4b5ca03ecda52a4fb6b2d829",
            "messageTitle": "Add add_inventory command to Parser",
            "messageBody": "",
            "fileTypesAndContributionMap": {
              "functional-code": {
                "insertions": 174,
                "deletions": 86
              },
              "test-code": {
                "insertions": 4,
                "deletions": 0
              }
            }
          }
        ]
      },
      {
        "date": "2020-09-27",
        "commitResults": [
          {
            "hash": "679e2e773dbdacf638f1e2527d6ebbdd289b7f17",
            "messageTitle": "Update to follow style guide",
            "messageBody": "",
            "fileTypesAndContributionMap": {
              "functional-code": {
                "insertions": 20,
                "deletions": 12
              }
            }
          },
          {
            "hash": "a2480e3a5751a8f8fd8381f973f4c106eaa2958b",
            "messageTitle": "Update InventoryRecord to fit styleguide",
            "messageBody": "",
            "fileTypesAndContributionMap": {
              "functional-code": {
                "insertions": 1,
                "deletions": 1
              }
            }
          }
        ]
      },
      {
        "date": "2020-10-01",
        "commitResults": [
          {
            "hash": "efeceffd24a91040bb31f272f3fdc2947835da3c",
            "messageTitle": "Add javadocs to InventoryRecord class",
            "messageBody": "",
            "fileTypesAndContributionMap": {
              "functional-code": {
                "insertions": 3,
                "deletions": 0
              }
            }
          },
          {
            "hash": "e58ff8c7f42212fb292462a02769a8693d158f7d",
            "messageTitle": "Update AddInventoryCommand class",
            "messageBody": "",
            "fileTypesAndContributionMap": {
              "functional-code": {
                "insertions": 3,
                "deletions": 0
              }
            }
          }
        ]
      },
      {
        "date": "2020-10-04",
        "commitResults": [
          {
            "hash": "30f071766e0659a09418ad3b822c2cd42c0a01a1",
            "messageTitle": "Add view_inventory_records into UserGuide.md",
            "messageBody": "",
            "fileTypesAndContributionMap": {
              "docs": {
                "insertions": 6,
                "deletions": 2
              }
            }
          }
        ]
      },
      {
        "date": "2020-10-05",
        "commitResults": [
          {
            "hash": "324a00732964c17fba97e0cea7a527e36c494557",
            "messageTitle": "Add edit_inventory command",
            "messageBody": "",
            "fileTypesAndContributionMap": {
              "functional-code": {
                "insertions": 295,
                "deletions": 44
              },
              "test-code": {
                "insertions": 10,
                "deletions": 30
              }
            }
          },
          {
            "hash": "ecdbd3f3ae22d90a26b39714fecd2878eb06d78a",
            "messageTitle": "Remove trailing whitespace in EditInventoryCommand.java",
            "messageBody": "",
            "fileTypesAndContributionMap": {
              "functional-code": {
                "insertions": 0,
                "deletions": 1
              }
            }
          },
          {
            "hash": "15fc25d463abc1ab79ded4fe9c9cdb7135435393",
            "messageTitle": "Update to fit checkstyle",
            "messageBody": "",
            "fileTypesAndContributionMap": {
              "functional-code": {
                "insertions": 0,
                "deletions": 4
              }
            }
          },
          {
            "hash": "a906c0cbbf57a55fe22a74668af2b834ac74873b",
            "messageTitle": "Update tests to fit style guide",
            "messageBody": "",
            "fileTypesAndContributionMap": {
              "test-code": {
                "insertions": 12,
                "deletions": 7
              }
            }
          }
        ]
      },
      {
        "date": "2020-10-06",
        "commitResults": [
          {
            "hash": "63a4b42a87329d6391ef3cc834c08983400d5129",
            "messageTitle": "Change name if item directory to inventory",
            "messageBody": "",
            "fileTypesAndContributionMap": {
              "functional-code": {
                "insertions": 2,
                "deletions": 2
              },
              "other": {
                "insertions": 3,
                "deletions": 3
              }
            }
          },
          {
            "hash": "38750484de49894b4d1daa823bfef20c597d572d",
            "messageTitle": "Refactor Inventory class from inventory directory to model directory",
            "messageBody": "",
            "fileTypesAndContributionMap": {
              "functional-code": {
                "insertions": 1,
                "deletions": 2
              },
              "other": {
                "insertions": 3,
                "deletions": 3
              }
            }
          }
        ]
      },
      {
        "date": "2020-10-11",
        "commitResults": [
          {
            "hash": "225c772205be891c5b72ddc47672ff0ea6995d46",
            "messageTitle": "Add DeleteInventoryRecordCommand and DeleteInventoryRecordCommandParser classes",
            "messageBody": "",
            "fileTypesAndContributionMap": {
              "functional-code": {
                "insertions": 95,
                "deletions": 4
              },
              "other": {
                "insertions": 11,
                "deletions": 9
              }
            }
          },
          {
            "hash": "a57a2b41450502c5d69459c018751886c8de2347",
            "messageTitle": "Correct AddInventoryRecordCommand class",
            "messageBody": "",
            "fileTypesAndContributionMap": {
              "functional-code": {
                "insertions": 11,
                "deletions": 4
              }
            }
          },
          {
            "hash": "1915b6e12993abc44310c9ea6bb70375e7334116",
            "messageTitle": "Update AddInventoryRecordCommand class to adhere to checkstyle guide",
            "messageBody": "",
            "fileTypesAndContributionMap": {
              "functional-code": {
                "insertions": 1,
                "deletions": 2
              }
            }
          },
          {
            "hash": "ac5c955962893434a8940d098df29841a7fb3a70",
            "messageTitle": "Update AddInventoryRecordCommandParser class to adhere to style guide",
            "messageBody": "",
            "fileTypesAndContributionMap": {
              "functional-code": {
                "insertions": 2,
                "deletions": 1
              }
            }
          },
          {
            "hash": "d5af36bb6996224270c8a83dc9840d33f35c1c86",
            "messageTitle": "Update AddCommandTest to implement updated Model interface",
            "messageBody": "",
            "fileTypesAndContributionMap": {
              "test-code": {
                "insertions": 3,
                "deletions": 0
              }
            }
          }
        ]
      },
      {
        "date": "2020-10-15",
        "commitResults": [
          {
            "hash": "9a54d246ad568825ef766d1f04ac8ceb78ab1a63",
            "messageTitle": "Update UserGuide",
            "messageBody": "",
            "fileTypesAndContributionMap": {
              "functional-code": {
                "insertions": 2,
                "deletions": 3
              },
              "docs": {
                "insertions": 12,
                "deletions": 10
              }
            }
          },
          {
            "hash": "36a20f704ae7cc09cd03861b499dfaad9d7ac767",
            "messageTitle": "Update UserGuide",
            "messageBody": "",
            "fileTypesAndContributionMap": {
              "docs": {
                "insertions": 2,
                "deletions": 2
              }
            }
          },
          {
            "hash": "5cbe9bcb4954f2b66a7a9724884e9c64ef8331a9",
            "messageTitle": "Update UserGuide",
            "messageBody": "",
            "fileTypesAndContributionMap": {
              "docs": {
                "insertions": 2,
                "deletions": 2
              }
            }
          },
          {
            "hash": "8ea90f2938079633ce49370d909e5f92e1d156a9",
            "messageTitle": "Update inventoryRecordCard class",
            "messageBody": "",
            "fileTypesAndContributionMap": {
              "functional-code": {
                "insertions": 4,
                "deletions": 4
              }
            }
          },
          {
            "hash": "470f42e576e328e1e7b593c0ecf82db5e1cc506c",
            "messageTitle": "Update UserGuide to fit checkstyle",
            "messageBody": "",
            "fileTypesAndContributionMap": {
              "docs": {
                "insertions": 1,
                "deletions": 1
              }
            }
          }
        ]
      },
      {
        "date": "2020-10-16",
        "commitResults": [
          {
            "hash": "042c0e92d1598547aa724f1fca43aa3152fad9ce",
            "messageTitle": "Update MainWindow.fxml Finance tab",
            "messageBody": "",
            "fileTypesAndContributionMap": {
              "functional-code": {
                "insertions": 1,
                "deletions": 1
              }
            }
          }
        ]
      }
    ],
    "Door-oof": [
      {
        "date": "2020-09-22",
        "commitResults": [
          {
            "hash": "c07529f544f5bfcfeec552bb11b264bf2ffbd999",
            "messageTitle": "Update README.md",
            "messageBody": "",
            "fileTypesAndContributionMap": {
              "docs": {
                "insertions": 19,
                "deletions": 10
              }
            }
          },
          {
            "hash": "242de3e09796c6f0d7f05763e73f813c499942ff",
            "messageTitle": "Add newline to README.md",
            "messageBody": "",
            "fileTypesAndContributionMap": {
              "docs": {
                "insertions": 1,
                "deletions": 1
              }
            }
          },
          {
            "hash": "fd3afa66c0fd179f6ea7661e775b8ca075630356",
            "messageTitle": "Update README.md",
            "messageBody": "",
            "fileTypesAndContributionMap": {
              "docs": {
                "insertions": 1,
                "deletions": 1
              }
            }
          }
        ]
      },
      {
        "date": "2020-10-01",
        "commitResults": [
          {
            "hash": "2cbaca0833bb2ccb3849fc9291f7c291bce7d6ca",
            "messageTitle": "Update AddFinanceCommand and DeleteFinanceCommand classes",
            "messageBody": "",
            "fileTypesAndContributionMap": {
              "functional-code": {
                "insertions": 7,
                "deletions": 1
              }
            }
          },
          {
            "hash": "55f23a5fb2e82b478d8f1a7077e9b32e3706344b",
            "messageTitle": "Edit AddFinanceCommand class",
            "messageBody": "",
            "fileTypesAndContributionMap": {
              "functional-code": {
                "insertions": 1,
                "deletions": 1
              }
            }
          },
          {
            "hash": "cf1e838f4d876c4b9446250b8b8d68c850c1b0a3",
            "messageTitle": "Edit README",
            "messageBody": "",
            "fileTypesAndContributionMap": {
              "docs": {
                "insertions": 1,
                "deletions": 1
              }
            }
          }
        ]
      },
      {
        "date": "2020-10-03",
        "commitResults": [
          {
            "hash": "2d7252aa6f144fadfb686550a6930f24b5f6b7ce",
            "messageTitle": "Implement finance record view function",
            "messageBody": "",
            "fileTypesAndContributionMap": {
              "functional-code": {
                "insertions": 46,
                "deletions": 12
              }
            }
          },
          {
            "hash": "a9e137cf6a4a8515e08527b7d6dbb1a3e6507b6e",
            "messageTitle": "Edit address book parser",
            "messageBody": "",
            "fileTypesAndContributionMap": {
              "functional-code": {
                "insertions": 13,
                "deletions": 1
              }
            }
          },
          {
            "hash": "18e4da8e4eb497d17234e5d9a8c53045e1d43b27",
            "messageTitle": "Edit ListFinanceRecordsCommand imports",
            "messageBody": "",
            "fileTypesAndContributionMap": {
              "functional-code": {
                "insertions": 2,
                "deletions": 3
              }
            }
          },
          {
            "hash": "1d5b8933539b49c083cfeed39901ba2335f0e41a",
            "messageTitle": "Edit AddCommandTest",
            "messageBody": "",
            "fileTypesAndContributionMap": {
              "test-code": {
                "insertions": 6,
                "deletions": 0
              }
            }
          }
        ]
      },
      {
        "date": "2020-10-10",
        "commitResults": [
          {
            "hash": "bd0c29ab2cd977e02cf825756a04fdfc74ea52ed",
            "messageTitle": "Update list finance",
            "messageBody": "",
            "fileTypesAndContributionMap": {
              "functional-code": {
                "insertions": 219,
                "deletions": 24
              }
            }
          },
          {
            "hash": "512a0d8915c1701be7d450b75b48001def98aad0",
            "messageTitle": "Update list finance",
            "messageBody": "",
            "fileTypesAndContributionMap": {
              "functional-code": {
                "insertions": 1,
                "deletions": 1
              }
            }
          },
          {
            "hash": "09d7fa6c35bbf31619b0cae0daff80fc475eb920",
            "messageTitle": "Edit imports",
            "messageBody": "",
            "fileTypesAndContributionMap": {
              "functional-code": {
                "insertions": 14,
                "deletions": 8
              }
            }
          },
          {
            "hash": "4de519b63d2b702c4fe3aefa20c5ef3e52ca5c46",
            "messageTitle": "Edit imports",
            "messageBody": "",
            "fileTypesAndContributionMap": {
              "functional-code": {
                "insertions": 1,
                "deletions": 1
              }
            }
          },
          {
            "hash": "facd2dd3ea556ef2691885dfd36c0321d87dabf9",
            "messageTitle": "Edit AddCommandTest",
            "messageBody": "",
            "fileTypesAndContributionMap": {
              "test-code": {
                "insertions": 5,
                "deletions": 0
              }
            }
          }
        ]
      },
      {
        "date": "2020-10-16",
        "commitResults": [
          {
            "hash": "f4c8324530a71fd76aad9f2239510398670f89b4",
            "messageTitle": "Improve Ui",
            "messageBody": "",
            "fileTypesAndContributionMap": {
              "functional-code": {
                "insertions": 173,
                "deletions": 69
              }
            }
          },
          {
            "hash": "19feb7dea97e793b102343233f1f68c2f5874f80",
            "messageTitle": "Edit UiLogicManager",
            "messageBody": "",
            "fileTypesAndContributionMap": {
              "functional-code": {
                "insertions": 1,
                "deletions": 1
              }
            }
          },
          {
            "hash": "4b6c12c710e02f31c60b26c5d06997955c30f26b",
            "messageTitle": "Edit uilogic package",
            "messageBody": "",
            "fileTypesAndContributionMap": {
              "functional-code": {
                "insertions": 2,
                "deletions": 2
              }
            }
          },
          {
            "hash": "6aee5b4f8095715e4af545ef765f470e9968d513",
            "messageTitle": "Edit uilogic package",
            "messageBody": "",
            "fileTypesAndContributionMap": {
              "functional-code": {
                "insertions": 2,
                "deletions": 2
              }
            }
          }
        ]
      },
      {
        "date": "2020-10-17",
        "commitResults": [
          {
            "hash": "43d34a2999a3284c96fc404ea9f2de7d82e78fe8",
            "messageTitle": "Change package naming for uilogic",
            "messageBody": "",
            "fileTypesAndContributionMap": {
              "other": {
                "insertions": 0,
                "deletions": 0
              }
            }
          }
        ]
      },
      {
        "date": "2020-10-18",
        "commitResults": [
          {
            "hash": "2452982db60eb247fd66d294507117726c50e4d6",
            "messageTitle": "Update DG ui section",
            "messageBody": "",
            "fileTypesAndContributionMap": {
              "docs": {
                "insertions": 10,
                "deletions": 4
              }
            }
          },
          {
            "hash": "424746f0d17beba29f63441db6e2738cb79aab0b",
            "messageTitle": "Update DG",
            "messageBody": "",
            "fileTypesAndContributionMap": {
              "docs": {
                "insertions": 0,
                "deletions": 5
              }
            }
          }
        ]
      }
    ],
    "howtoosee": [
      {
        "date": "2020-09-14",
        "commitResults": [
          {
            "hash": "36439c948da320e3e9ef1a03ccacd9dd787dba89",
            "messageTitle": "Update index.md",
            "messageBody": "",
            "fileTypesAndContributionMap": {
              "docs": {
                "insertions": 1,
                "deletions": 4
              }
            }
          }
        ]
      },
      {
        "date": "2020-09-23",
        "commitResults": [
          {
            "hash": "8655a1404f55beca9da0bdb33c8fcec0e0096c2c",
            "messageTitle": "Update user guide",
            "messageBody": "",
            "fileTypesAndContributionMap": {
              "docs": {
                "insertions": 47,
                "deletions": 116
              }
            }
          }
        ]
      },
      {
        "date": "2020-09-29",
        "commitResults": [
          {
            "hash": "a08581633b2b387750b30351df25343fb4a12bb7",
            "messageTitle": "Redirect CI to team repo",
            "messageBody": "",
            "fileTypesAndContributionMap": {
              "docs": {
                "insertions": 1,
                "deletions": 2
              }
            }
          }
        ]
      },
      {
        "date": "2020-10-01",
        "commitResults": [
          {
            "hash": "59f7f855d46d29f2112c2f4d2a698ed61a0359c1",
            "messageTitle": "Update developer guide",
            "messageBody": "",
            "fileTypesAndContributionMap": {
              "docs": {
                "insertions": 3,
                "deletions": 1
              }
            }
          },
          {
            "hash": "5f64c47bb76a7764fdf4a2c8e4659a25e8f2840d",
            "messageTitle": "Add support for jackson: finance records, and corresponding tests",
            "messageBody": "",
            "fileTypesAndContributionMap": {
              "functional-code": {
                "insertions": 74,
                "deletions": 0
              },
              "test-code": {
                "insertions": 147,
                "deletions": 6
              }
            }
          },
          {
            "hash": "7a5aed7b44e6b1f96ea580794826d9cd47791a2d",
            "messageTitle": "Add support for jackson: inventory records, and corresponding tests",
            "messageBody": "",
            "fileTypesAndContributionMap": {
              "functional-code": {
                "insertions": 78,
                "deletions": 0
              },
              "test-code": {
                "insertions": 127,
                "deletions": 0
              }
            }
          },
          {
            "hash": "d45e5410492d71081bdadb31ece8cf5f2824db6d",
            "messageTitle": "Fix styling for CI",
            "messageBody": "",
            "fileTypesAndContributionMap": {
              "test-code": {
                "insertions": 4,
                "deletions": 2
              }
            }
          },
          {
            "hash": "37b9fc468633d23ee6f3c31fb7d315e8e0ca4b22",
            "messageTitle": "Update JsonAdaptedFinanceRecord class to comply with updated FinanceRecord class",
            "messageBody": "",
            "fileTypesAndContributionMap": {
              "functional-code": {
                "insertions": 9,
                "deletions": 19
              },
              "test-code": {
                "insertions": 30,
                "deletions": 27
              }
            }
          },
          {
            "hash": "01833375823b5e2883114ff47248e725c5c1e1fd",
            "messageTitle": "Fix import order for CI",
            "messageBody": "",
            "fileTypesAndContributionMap": {
              "functional-code": {
                "insertions": 2,
                "deletions": 0
              }
            }
          }
        ]
      },
      {
        "date": "2020-10-02",
        "commitResults": [
          {
            "hash": "ed2c735b8b4a9eda33bf0ae0af98f933c8ac2be0",
            "messageTitle": "Fix import order",
            "messageBody": "",
            "fileTypesAndContributionMap": {
              "test-code": {
                "insertions": 10,
                "deletions": 10
              }
            }
          },
          {
            "hash": "5d7fb43077a8d638138daea18eaf2324162fcb72",
            "messageTitle": "Update code styling",
            "messageBody": "",
            "fileTypesAndContributionMap": {
              "test-code": {
                "insertions": 6,
                "deletions": 3
              }
            }
          },
          {
            "hash": "cc20093ce833ebe85699f985c34ce38732e962bb",
            "messageTitle": "Rename variables and optimise imports",
            "messageBody": "",
            "fileTypesAndContributionMap": {
              "test-code": {
                "insertions": 48,
                "deletions": 37
              }
            }
          }
        ]
      },
      {
        "date": "2020-10-05",
        "commitResults": [
          {
            "hash": "3ebf66c2906586082d310eea0e1a7a06a4c2336b",
            "messageTitle": "Add support for storage for json serializable finance account",
            "messageBody": "",
            "fileTypesAndContributionMap": {
              "functional-code": {
                "insertions": 275,
                "deletions": 1
              }
            }
          }
        ]
      },
      {
        "date": "2020-10-06",
        "commitResults": [
          {
            "hash": "73683fad15b34a5581255d555b106810d12a0e93",
            "messageTitle": "Add finance storage methods to Storage.java",
            "messageBody": "",
            "fileTypesAndContributionMap": {
              "functional-code": {
                "insertions": 9,
                "deletions": 0
              }
            }
          },
          {
            "hash": "211c4b7d5fe359a88dce81aba616619fedebef72",
            "messageTitle": "Add codecov badge to readme",
            "messageBody": "",
            "fileTypesAndContributionMap": {
              "docs": {
                "insertions": 1,
                "deletions": 0
              }
            }
          },
          {
            "hash": "1370765e4824aacdce0385ee4a1f887c9c0b7c74",
            "messageTitle": "Fix parameter name typo",
            "messageBody": "",
            "fileTypesAndContributionMap": {
              "functional-code": {
                "insertions": 3,
                "deletions": 3
              }
            }
          },
          {
            "hash": "ed4d966cdc9fbf3f39f9853dc2669d7f33834d15",
            "messageTitle": "Fix javadoc for clarity",
            "messageBody": "",
            "fileTypesAndContributionMap": {
              "functional-code": {
                "insertions": 3,
                "deletions": 1
              }
            }
          },
          {
            "hash": "6b667ab79fa89e35781796af3a51361619b3657d",
            "messageTitle": "Fix typo in variable name",
            "messageBody": "",
            "fileTypesAndContributionMap": {
              "functional-code": {
                "insertions": 2,
                "deletions": 2
              }
            }
          },
          {
            "hash": "3b29a6a9d8003a625ec93e96795ae29968eef7cc",
            "messageTitle": "Add missing javadoc",
            "messageBody": "",
            "fileTypesAndContributionMap": {
              "functional-code": {
                "insertions": 9,
                "deletions": 1
              }
            }
          },
          {
            "hash": "68cda3836ed77f02261ba21a6029d2d2f3179734",
            "messageTitle": "Fix wrong @code and typo in javadoc",
            "messageBody": "",
            "fileTypesAndContributionMap": {
              "functional-code": {
                "insertions": 1,
                "deletions": 1
              }
            }
          },
          {
            "hash": "1e1da5eefb3472d01b11ab4ab1ee781192929de5",
            "messageTitle": "Add support for storage for inventory",
            "messageBody": "",
            "fileTypesAndContributionMap": {
              "functional-code": {
                "insertions": 221,
                "deletions": 0
              }
            }
          },
          {
            "hash": "6a99bf864247ccd2bdf69fb6518f54fa3a2ee857",
            "messageTitle": "Adapt Storage and StorageManager for inventory",
            "messageBody": "",
            "fileTypesAndContributionMap": {
              "functional-code": {
                "insertions": 49,
                "deletions": 4
              }
            }
          },
          {
            "hash": "52551e50326d65bb78f2a24fd1d36d4ebaff1666",
            "messageTitle": "Adapted UserPrefs with inventory file path and finance acc file path and corresponding methods",
            "messageBody": "",
            "fileTypesAndContributionMap": {
              "functional-code": {
                "insertions": 10,
                "deletions": 0
              }
            }
          },
          {
            "hash": "4d6f156bb7c31c063e336fb40c40dc94c425286d",
            "messageTitle": "Adapted initModelManager method for finance account and inventory",
            "messageBody": "",
            "fileTypesAndContributionMap": {
              "functional-code": {
                "insertions": 71,
                "deletions": 18
              }
            }
          },
          {
            "hash": "538ccfd5cdbbcaa79877c223aceebf28630bc3ca",
            "messageTitle": "Created new constructor for finance account and inventory",
            "messageBody": "",
            "fileTypesAndContributionMap": {
              "functional-code": {
                "insertions": 18,
                "deletions": 0
              }
            }
          },
          {
            "hash": "f3132afed2356bc6dd69536b27a77f7356b3bb46",
            "messageTitle": "Fix styling for CI",
            "messageBody": "",
            "fileTypesAndContributionMap": {
              "functional-code": {
                "insertions": 8,
                "deletions": 3
              }
            }
          },
          {
            "hash": "8be56b2de616298b1694ff0549f85a38755f403e",
            "messageTitle": "Adapt to save financeAcc and inventory",
            "messageBody": "",
            "fileTypesAndContributionMap": {
              "functional-code": {
                "insertions": 3,
                "deletions": 1
              }
            }
          },
          {
            "hash": "2915f3ef4ceec855a53fec08c44d68c2fb72dda4",
            "messageTitle": "Add methods to get financeAcc and inventory",
            "messageBody": "",
            "fileTypesAndContributionMap": {
              "functional-code": {
                "insertions": 88,
                "deletions": 27
              }
            }
          },
          {
            "hash": "224a414c5c4986960ebf5f4322ee3791edebf75c",
            "messageTitle": "Fix variable name to follow convention",
            "messageBody": "",
            "fileTypesAndContributionMap": {
              "functional-code": {
                "insertions": 6,
                "deletions": 6
              }
            }
          },
          {
            "hash": "bb1dda84fca967f0ba18273a8a5c798126f4a747",
            "messageTitle": "Add stubs for test",
            "messageBody": "No actual unit tests added.",
            "fileTypesAndContributionMap": {
              "test-code": {
                "insertions": 87,
                "deletions": 26
              }
            }
          },
          {
            "hash": "39c434222024f76288a2ee68107eeb751a3f1a8f",
            "messageTitle": "Comment out AB3 methods and tests",
            "messageBody": "",
            "fileTypesAndContributionMap": {
              "functional-code": {
                "insertions": 15,
                "deletions": 10
              },
              "test-code": {
                "insertions": 53,
                "deletions": 42
              }
            }
          },
          {
            "hash": "944ad1c04f34fb447a377345453288c583ecdd7b",
            "messageTitle": "Remove unused imports",
            "messageBody": "",
            "fileTypesAndContributionMap": {
              "functional-code": {
                "insertions": 2,
                "deletions": 1
              },
              "test-code": {
                "insertions": 30,
                "deletions": 14
              }
            }
          },
          {
            "hash": "f9df79a558781121bc63925c3a50d31be554538e",
            "messageTitle": "Edit code style for CI",
            "messageBody": "",
            "fileTypesAndContributionMap": {
              "test-code": {
                "insertions": 2,
                "deletions": 1
              }
            }
          }
        ]
      },
      {
        "date": "2020-10-12",
        "commitResults": [
          {
            "hash": "756761a3667edd9da69405355ed593fad2053bf9",
            "messageTitle": "Remove redundant commands from merge conflict",
            "messageBody": "",
            "fileTypesAndContributionMap": {
              "functional-code": {
                "insertions": 7,
                "deletions": 8
              }
            }
          },
          {
            "hash": "cb9583450fa053402dc432a73ddf7cf1c6d97166",
            "messageTitle": "Fix merge conflict in addCommandTest",
            "messageBody": "",
            "fileTypesAndContributionMap": {
              "test-code": {
                "insertions": 5,
                "deletions": 6
              }
            }
          }
        ]
      },
      {
        "date": "2020-10-13",
        "commitResults": [
          {
            "hash": "52d0cdeb4438b66b44d331cb3e28b8691142130f",
            "messageTitle": "Change variable name for clarity",
            "messageBody": "",
            "fileTypesAndContributionMap": {
              "functional-code": {
                "insertions": 4,
                "deletions": 4
              }
            }
          },
          {
            "hash": "8e4bd65714c72e86d132c9f723138afc8cc0fc9d",
            "messageTitle": "Update calls to methods with refactored names",
            "messageBody": "",
            "fileTypesAndContributionMap": {
              "functional-code": {
                "insertions": 3,
                "deletions": 3
              }
            }
          },
          {
            "hash": "eb612a6652eb4aa134dc90b84d7c72e4e762c7b7",
            "messageTitle": "Refactor guard condition for clarity",
            "messageBody": "",
            "fileTypesAndContributionMap": {
              "functional-code": {
                "insertions": 1,
                "deletions": 1
              }
            }
          }
        ]
      },
      {
        "date": "2020-10-14",
        "commitResults": [
          {
            "hash": "50392a4e8629190ab990a4f61b4aa1bd816c4718",
            "messageTitle": "Remove comments from merge conflict",
            "messageBody": "",
            "fileTypesAndContributionMap": {
              "functional-code": {
                "insertions": 1,
                "deletions": 10
              }
            }
          },
          {
            "hash": "1b7b2414192100be63073419b5ad6197c48b0317",
            "messageTitle": "Remove comments from merge conflict",
            "messageBody": "",
            "fileTypesAndContributionMap": {
              "functional-code": {
                "insertions": 1,
                "deletions": 5
              }
            }
          },
          {
            "hash": "0fbb29c493c64fa5c7dbd60d68662fce60be7453",
            "messageTitle": "Fix bug for not saving to local file properly",
            "messageBody": "",
            "fileTypesAndContributionMap": {
              "functional-code": {
                "insertions": 24,
                "deletions": 31
              }
            }
          },
          {
            "hash": "7bbed2c57deed400b040f35fa1ffe45e7bda049e",
            "messageTitle": "Move todo comment",
            "messageBody": "",
            "fileTypesAndContributionMap": {
              "functional-code": {
                "insertions": 2,
                "deletions": 1
              }
            }
          },
          {
            "hash": "9dbc2ad698a2ead97f2b60f9254e383b405a440c",
            "messageTitle": "Restore changes to interface and updated javadoc",
            "messageBody": "",
            "fileTypesAndContributionMap": {
              "functional-code": {
                "insertions": 1,
                "deletions": 30
              }
            }
          },
          {
            "hash": "b1921e7d0c93c113a0d795a832989bb766e1b1e4",
            "messageTitle": "Remove override tags",
            "messageBody": "",
            "fileTypesAndContributionMap": {
              "functional-code": {
                "insertions": 0,
                "deletions": 8
              }
            }
          },
          {
            "hash": "9a9c9bbeca00ce5502cd2571f72e90573cb3f281",
            "messageTitle": "Make toModelType return concrete FinanceAccount class",
            "messageBody": "",
            "fileTypesAndContributionMap": {
              "functional-code": {
                "insertions": 2,
                "deletions": 2
              }
            }
          }
        ]
      },
      {
        "date": "2020-10-15",
        "commitResults": [
          {
            "hash": "75da5316ad54efb669ba1e432fc033239a2365ed",
            "messageTitle": "Fix storage loading from json",
            "messageBody": "",
            "fileTypesAndContributionMap": {
              "functional-code": {
                "insertions": 0,
                "deletions": 4
              }
            }
          },
          {
            "hash": "5bb0cb16d2a8db139dc26793aafd351486a7eaa3",
            "messageTitle": "Resolve CI failure",
            "messageBody": "",
            "fileTypesAndContributionMap": {
              "functional-code": {
                "insertions": 2,
                "deletions": 1
              }
            }
          }
        ]
      }
    ]
  },
  "authorFileTypeContributionMap": {
    "IronBiscuit": {
      "docs": 241,
      "functional-code": 298,
      "test-code": 6
    },
    "FizzyAgent": {
      "docs": 35,
      "functional-code": 1190,
      "test-code": 954,
      "other": 1
    },
    "Elgoh": {
      "docs": 13,
      "functional-code": 646,
      "test-code": 5
    },
    "Door-oof": {
      "docs": 25,
      "functional-code": 404,
      "test-code": 5
    },
    "howtoosee": {
      "docs": 34,
      "functional-code": 957,
      "test-code": 357
    }
  },
  "authorContributionVariance": {
    "IronBiscuit": 2884.93,
    "FizzyAgent": 51549.99,
    "Elgoh": 3943.6416,
    "Door-oof": 2124.249,
    "howtoosee": 16197.474
  },
  "authorDisplayNameMap": {
    "IronBiscuit": "CS2103T-T11-3 LIM ..YANG",
    "FizzyAgent": "CS2103T-T11-3 TAN ..INXI",
    "Elgoh": "CS2103T-T11-3 GOH ..IANG",
    "Door-oof": "CS2103T-T11-3 DORA.. QIN",
    "howtoosee": "CS2103T-T11-3 CHEN..IHAO"
  }
}
