{
  "authorDailyContributionsMap": {
    "KOH-ZHE-HAO": [
      {
        "date": "2020-09-27",
        "commitResults": [
          {
            "hash": "bcf1299a493d9ae4bf3ee57359cc98d9ed8fde5b",
            "messageTitle": "Update AboutUs for Zhe Hao",
            "messageBody": "",
            "fileTypesAndContributionMap": {
              "docs": {
                "insertions": 52,
                "deletions": 6
              }
            }
          },
          {
            "hash": "5917cc091af5652f316d1175886c22f4bd0df106",
            "messageTitle": "Update User Guide",
            "messageBody": "",
            "fileTypesAndContributionMap": {
              "docs": {
                "insertions": 18,
                "deletions": 4
              }
            }
          },
          {
            "hash": "faf4111392ac213a5c0b31a344563dd3a29dce8b",
            "messageTitle": "Update Developer Guide",
            "messageBody": "",
            "fileTypesAndContributionMap": {
              "docs": {
                "insertions": 27,
                "deletions": 8
              }
            }
          }
        ]
      }
    ],
    "zhaohuanqdcn": [
      {
        "date": "2020-09-29",
        "commitResults": [
          {
            "hash": "0e0ba66dbd33c5df77dd76bb45e623e669ce6e2a",
            "messageTitle": "Update AboutUs",
            "messageBody": "",
            "fileTypesAndContributionMap": {
              "docs": {
                "insertions": 56,
                "deletions": 0
              }
            }
          },
          {
            "hash": "f93f6700e8f67fe160e46bf4a12038230e6886fd",
            "messageTitle": "Update UserGuide",
            "messageBody": "",
            "fileTypesAndContributionMap": {
              "docs": {
                "insertions": 6,
                "deletions": 6
              }
            }
          }
        ]
      },
      {
        "date": "2020-09-30",
        "commitResults": [
          {
            "hash": "7f668a2ba770a8067f8ecabb5abfefcb8876b3ab",
            "messageTitle": "Update DeveloperGuide",
            "messageBody": "",
            "fileTypesAndContributionMap": {
              "docs": {
                "insertions": 30,
                "deletions": 10
              }
            }
          }
        ]
      }
    ],
    "ramenmen": [
      {
        "date": "2020-09-29",
        "commitResults": [
          {
            "hash": "62fa945d69ce6e35d0c3f62fedd0e9c832541aad",
            "messageTitle": "Update readme",
            "messageBody": "",
            "fileTypesAndContributionMap": {
              "docs": {
                "insertions": 4,
                "deletions": 4
              }
            }
          },
          {
            "hash": "0ae400cdecbf6a8c6db1225ebdb51ebaf448cd1d",
            "messageTitle": "Add team doc",
            "messageBody": "",
            "fileTypesAndContributionMap": {
              "docs": {
                "insertions": 46,
                "deletions": 0
              }
            }
          },
          {
            "hash": "4c1d8951e944f66c102163a7e22e2b714271857b",
            "messageTitle": "Update User Guide",
            "messageBody": "",
            "fileTypesAndContributionMap": {
              "docs": {
                "insertions": 7,
                "deletions": 7
              }
            }
          },
          {
            "hash": "4545247c90151c2a3baa6fc05dd86c9f48107854",
            "messageTitle": "update Developer Guide",
            "messageBody": "",
            "fileTypesAndContributionMap": {
              "docs": {
                "insertions": 50,
                "deletions": 8
              }
            }
          }
        ]
      },
      {
        "date": "2020-09-30",
        "commitResults": [
          {
            "hash": "6b1a3dee32e2222d487ebd8df15bf1a86b0829e9",
            "messageTitle": "remove dummy profiles from about us",
            "messageBody": "",
            "fileTypesAndContributionMap": {
              "docs": {
                "insertions": 0,
                "deletions": 20
              }
            }
          }
        ]
      }
    ],
    "AdithyaNarayan": [
      {
        "date": "2020-09-14",
        "commitResults": [
          {
            "hash": "2c9549cd0cdfe199c72f16e7c1817919c065999e",
            "messageTitle": "Update README.md",
            "messageBody": "",
            "fileTypesAndContributionMap": {
              "docs": {
                "insertions": 1,
                "deletions": 0
              }
            }
          }
        ]
      },
      {
        "date": "2020-09-29",
        "commitResults": [
          {
            "hash": "8d06275069030325ab3906da2e2b1c00787ece70",
            "messageTitle": "Update AboutUs.md",
            "messageBody": "",
            "fileTypesAndContributionMap": {
              "docs": {
                "insertions": 7,
                "deletions": 4
              }
            }
          },
          {
            "hash": "7a5b0f736007f9af3b3a4390f2c64b13e94ce5ea",
            "messageTitle": "Update general section of UserGuide",
            "messageBody": "",
            "fileTypesAndContributionMap": {
              "docs": {
                "insertions": 5,
                "deletions": 9
              }
            }
          },
          {
            "hash": "ae7c2de656763254d866ab6a8f4df317cd8e218c",
            "messageTitle": "Fix typo",
            "messageBody": "",
            "fileTypesAndContributionMap": {
              "docs": {
                "insertions": 1,
                "deletions": 1
              }
            }
          },
          {
            "hash": "d063fe65acb67c21dc8352dceabf5c329afa17b0",
            "messageTitle": "Update Non-Functional Requirements in Developer Guide",
            "messageBody": "",
            "fileTypesAndContributionMap": {
              "docs": {
                "insertions": 4,
                "deletions": 2
              }
            }
          },
          {
            "hash": "3529d3d3c37c8065aba2bb19e299090ea91588bd",
            "messageTitle": "Update README and index",
            "messageBody": "",
            "fileTypesAndContributionMap": {
              "docs": {
                "insertions": 19,
                "deletions": 19
              }
            }
          },
          {
            "hash": "fce6f0c98191426e47c7e82790adcda731b3c4d1",
            "messageTitle": "Update README.md",
            "messageBody": "",
            "fileTypesAndContributionMap": {
              "docs": {
                "insertions": 1,
                "deletions": 1
              }
            }
          }
        ]
      }
    ],
    "xxzz-tt": [
      {
        "date": "2020-09-29",
        "commitResults": [
          {
            "hash": "eeb2f0f41b165b270a9a9261941424b48cc2a35f",
            "messageTitle": "Update features in user guide",
            "messageBody": "",
            "fileTypesAndContributionMap": {
              "docs": {
                "insertions": 108,
                "deletions": 16
              }
            }
          },
          {
            "hash": "bdc9535a31f91fd6ec3692f3f7ec0d9ef712a4af",
            "messageTitle": "Update use cases in DG",
            "messageBody": "",
            "fileTypesAndContributionMap": {
              "docs": {
                "insertions": 172,
                "deletions": 12
              }
            }
          },
          {
            "hash": "edbbb8ef9cc00623b8177148c302b4e2e441ac01",
            "messageTitle": "Update AboutUs",
            "messageBody": "",
            "fileTypesAndContributionMap": {
              "docs": {
                "insertions": 51,
                "deletions": 5
              }
            }
          }
        ]
      },
      {
        "date": "2020-09-30",
        "commitResults": [
          {
            "hash": "cf978371266da3083db6d9c5295894275f97d013",
            "messageTitle": "Rename photo",
            "messageBody": "",
            "fileTypesAndContributionMap": {
              "docs": {
                "insertions": 1,
                "deletions": 1
              }
            }
          }
        ]
      }
    ]
  },
  "authorFileTypeContributionMap": {
    "KOH-ZHE-HAO": {
      "docs": 93,
      "functional-code": 0,
      "test-code": 0
    },
    "zhaohuanqdcn": {
      "docs": 88,
      "functional-code": 0,
      "test-code": 0
    },
    "ramenmen": {
      "docs": 106,
      "functional-code": 0,
      "test-code": 0
    },
    "AdithyaNarayan": {
      "docs": 33,
      "functional-code": 0,
      "test-code": 0
    },
    "xxzz-tt": {
      "docs": 311,
      "functional-code": 0,
      "test-code": 0
    }
  },
  "authorContributionVariance": {
    "KOH-ZHE-HAO": 269.78082,
    "zhaohuanqdcn": 124.604164,
    "ramenmen": 329.8316,
    "AdithyaNarayan": 108.66495,
    "xxzz-tt": 2702.2761
  },
  "authorDisplayNameMap": {
    "KOH-ZHE-HAO": "CS2103T-W16-1 KOH .. HAO",
    "zhaohuanqdcn": "CS2103T-W16-1 ZHAO..HUAN",
    "ramenmen": "CS2103T-W16-1 LIU ..UYUE",
    "AdithyaNarayan": "CS2103T-W16-1 ADIT..ASAN",
    "xxzz-tt": "CS2103T-W16-1 TAN .. ZHI"
  }
}
