{
  "authorDailyContributionsMap": {
    "KOH-ZHE-HAO": [
      {
        "date": "2020-09-27",
        "commitResults": [
          {
            "hash": "bcf1299a493d9ae4bf3ee57359cc98d9ed8fde5b",
            "messageTitle": "Update AboutUs for Zhe Hao",
            "messageBody": "",
            "fileTypesAndContributionMap": {
              "docs": {
                "insertions": 52,
                "deletions": 6
              }
            }
          },
          {
            "hash": "5917cc091af5652f316d1175886c22f4bd0df106",
            "messageTitle": "Update User Guide",
            "messageBody": "",
            "fileTypesAndContributionMap": {
              "docs": {
                "insertions": 18,
                "deletions": 4
              }
            }
          },
          {
            "hash": "faf4111392ac213a5c0b31a344563dd3a29dce8b",
            "messageTitle": "Update Developer Guide",
            "messageBody": "",
            "fileTypesAndContributionMap": {
              "docs": {
                "insertions": 27,
                "deletions": 8
              }
            }
          }
        ]
      },
      {
        "date": "2020-10-03",
        "commitResults": [
          {
            "hash": "d87387c1cf4edfa31f0ce75cc8c766225cbb6861",
            "messageTitle": "v1.1 (#1)",
            "messageBody": "* Update AboutUs for Zhe Hao\r\n\r\n* Update User Guide\r\n\r\n* Update Developer Guide\r\n\r\n* Update AboutUs\r\n\r\n* Update UserGuide\r\n\r\n* Update features in user guide\r\n\r\n* Update use cases in DG\r\n\r\n* Update AboutUs\r\n\r\n* Update AboutUs.md\r\n\r\n* Update general section of UserGuide\r\n\r\n* Fix typo\r\n\r\n* Fix typos\r\n\r\n* Update Non-Functional Requirements in Developer Guide\r\n\r\n* Update README and index\r\n\r\n* Update readme\r\n\r\n* Update README.md\r\n\r\n* Add team doc\r\n\r\n* Update User Guide\r\n\r\n* update Developer Guide\r\n\r\n* Rename photo\r\n\r\n* remove dummy profiles from about us\r\n\r\n* Update DeveloperGuide\r\n\r\nCo-authored-by: zhaohuanqdcn \u003c61936274+zhaohuanqdcn@users.noreply.github.com\u003e\r\nCo-authored-by: xxzz-tt \u003ctanxuanzhi@gmail.com\u003e\r\nCo-authored-by: xxzz-tt \u003c59352954+xxzz-tt@users.noreply.github.com\u003e\r\nCo-authored-by: Adithya Narayan Rangarajan Sreenivasan \u003ce0426343@u.nus.edu\u003e\r\nCo-authored-by: Adithya Narayan \u003cr.s.adithya.narayan@gmail.com\u003e\r\nCo-authored-by: chuyue \u003cchuyue.liu@gmail.com\u003e\r\nCo-authored-by: ramenmen \u003c66139098+ramenmen@users.noreply.github.com\u003e",
            "fileTypesAndContributionMap": {
              "docs": {
                "insertions": 652,
                "deletions": 121
              }
            }
          }
        ]
      },
      {
        "date": "2020-10-04",
        "commitResults": [
          {
            "hash": "e45054220cf05a340bdaaba6c889b1436c2c14b0",
            "messageTitle": "Add Company as an attribute to a Person",
            "messageBody": "",
            "fileTypesAndContributionMap": {
              "functional-code": {
                "insertions": 147,
                "deletions": 18
              },
              "test-code": {
                "insertions": 109,
                "deletions": 59
              }
            }
          },
          {
            "hash": "0d2c7af4801374897c1f6d35a1887a23f9e81231",
            "messageTitle": "Revert \"Add Company as an attribute to a Person\"",
            "messageBody": "This reverts commit e45054220cf05a340bdaaba6c889b1436c2c14b0.\n",
            "fileTypesAndContributionMap": {
              "functional-code": {
                "insertions": 18,
                "deletions": 147
              },
              "test-code": {
                "insertions": 59,
                "deletions": 109
              }
            }
          },
          {
            "hash": "fa1f61d90a1e48152bab52bc1331b29c6aa09e0e",
            "messageTitle": "Refactor and add test cases",
            "messageBody": "",
            "fileTypesAndContributionMap": {
              "functional-code": {
                "insertions": 8,
                "deletions": 13
              },
              "test-code": {
                "insertions": 35,
                "deletions": 2
              }
            }
          },
          {
            "hash": "606960cc47d6f77ea1710462ab3c8614d32c19df",
            "messageTitle": "Fix checkstyle error",
            "messageBody": "",
            "fileTypesAndContributionMap": {
              "functional-code": {
                "insertions": 14,
                "deletions": 7
              },
              "other": {
                "insertions": 44,
                "deletions": 43
              },
              "docs": {
                "insertions": 5,
                "deletions": 5
              },
              "test-code": {
                "insertions": 16,
                "deletions": 10
              }
            }
          }
        ]
      },
      {
        "date": "2020-10-05",
        "commitResults": [
          {
            "hash": "f8015fbbff91f6017e16d90a152f2c480eb9f37a",
            "messageTitle": "Add optional company role",
            "messageBody": "",
            "fileTypesAndContributionMap": {
              "functional-code": {
                "insertions": 245,
                "deletions": 21
              }
            }
          },
          {
            "hash": "7fe7ff6a09ed78b49f17e09a1c4bf7d3ab6c6357",
            "messageTitle": "Refactor and add test cases",
            "messageBody": "",
            "fileTypesAndContributionMap": {
              "functional-code": {
                "insertions": 10,
                "deletions": 1
              },
              "test-code": {
                "insertions": 122,
                "deletions": 28
              }
            }
          }
        ]
      },
      {
        "date": "2020-10-06",
        "commitResults": [
          {
            "hash": "472505bb59727852ad9feebcab521c67ec3565e8",
            "messageTitle": "Refactor existing commands and parsers",
            "messageBody": "",
            "fileTypesAndContributionMap": {
              "functional-code": {
                "insertions": 15,
                "deletions": 15
              },
              "other": {
                "insertions": 138,
                "deletions": 134
              },
              "test-code": {
                "insertions": 27,
                "deletions": 27
              }
            }
          }
        ]
      },
      {
        "date": "2020-10-13",
        "commitResults": [
          {
            "hash": "a4528dd424787cb64990603dacb1ef1d80f18bbb",
            "messageTitle": "Bug fix DataContainsKeywordsPredicate.java",
            "messageBody": "",
            "fileTypesAndContributionMap": {
              "functional-code": {
                "insertions": 41,
                "deletions": 0
              }
            }
          }
        ]
      },
      {
        "date": "2020-10-21",
        "commitResults": [
          {
            "hash": "5ca6ec8efd6ba33e3fed5fdfb697016addd141ac",
            "messageTitle": "Implement sorting after every operation that might break the order",
            "messageBody": "",
            "fileTypesAndContributionMap": {
              "functional-code": {
                "insertions": 51,
                "deletions": 1
              },
              "other": {
                "insertions": 4,
                "deletions": 0
              }
            }
          },
          {
            "hash": "4c37e8c2814dca8f4cc149811f61633cf8828559",
            "messageTitle": "Adjust DG to reflect Company and CompanyRole",
            "messageBody": "",
            "fileTypesAndContributionMap": {
              "docs": {
                "insertions": 33,
                "deletions": 1
              }
            }
          }
        ]
      },
      {
        "date": "2020-10-24",
        "commitResults": [
          {
            "hash": "dbcae496629ace0ced5cdad49fe6fd9556aac833",
            "messageTitle": "Implement sorting after certain operations",
            "messageBody": "",
            "fileTypesAndContributionMap": {
              "functional-code": {
                "insertions": 6,
                "deletions": 4
              },
              "test-code": {
                "insertions": 35,
                "deletions": 1
              }
            }
          }
        ]
      },
      {
        "date": "2020-10-25",
        "commitResults": [
          {
            "hash": "6c2ab0a0ce38dee40252f2a651e5c4067accd3a3",
            "messageTitle": "Implement proactive remind command",
            "messageBody": "",
            "fileTypesAndContributionMap": {
              "functional-code": {
                "insertions": 123,
                "deletions": 1
              },
              "test-code": {
                "insertions": 136,
                "deletions": 0
              }
            }
          }
        ]
      },
      {
        "date": "2020-10-26",
        "commitResults": [
          {
            "hash": "64bb101e4c6b1905ac258b124b6376c3ce3118a4",
            "messageTitle": "Implement edit user preference and storage in preferences.json",
            "messageBody": "",
            "fileTypesAndContributionMap": {
              "functional-code": {
                "insertions": 188,
                "deletions": 4
              }
            }
          }
        ]
      },
      {
        "date": "2020-10-27",
        "commitResults": [
          {
            "hash": "4a7dbd80f3e5de819d9b2a825513f5f8345faae0",
            "messageTitle": "Implement conflict management between meetings",
            "messageBody": "",
            "fileTypesAndContributionMap": {
              "functional-code": {
                "insertions": 130,
                "deletions": 0
              },
              "test-code": {
                "insertions": 11,
                "deletions": 0
              }
            }
          },
          {
            "hash": "ed4998b6c6f49dda77a3c2461cfe614dcdb7ba90",
            "messageTitle": "Fix checkstyle",
            "messageBody": "",
            "fileTypesAndContributionMap": {
              "functional-code": {
                "insertions": 29,
                "deletions": 10
              }
            }
          }
        ]
      },
      {
        "date": "2020-10-28",
        "commitResults": [
          {
            "hash": "53ce698ac3307fbbfcbc06051c32d893394bbef1",
            "messageTitle": "Update user guide",
            "messageBody": "",
            "fileTypesAndContributionMap": {
              "docs": {
                "insertions": 33,
                "deletions": 7
              }
            }
          },
          {
            "hash": "61568deb8f3017e59a19a343ee64ff47cee5e7dc",
            "messageTitle": "Update algorithm for conflict checking",
            "messageBody": "",
            "fileTypesAndContributionMap": {
              "functional-code": {
                "insertions": 83,
                "deletions": 61
              },
              "test-code": {
                "insertions": 8,
                "deletions": 4
              }
            }
          },
          {
            "hash": "13b37ad4bf7f0a4e3631a70046c7c58c063089ba",
            "messageTitle": "Fix minor bugs",
            "messageBody": "",
            "fileTypesAndContributionMap": {
              "functional-code": {
                "insertions": 2,
                "deletions": 2
              }
            }
          }
        ]
      },
      {
        "date": "2020-10-31",
        "commitResults": [
          {
            "hash": "7255ca2627299956b5f9f10cb3267e5ffc834ca4",
            "messageTitle": "Fix minor bugs",
            "messageBody": "",
            "fileTypesAndContributionMap": {
              "functional-code": {
                "insertions": 5,
                "deletions": 9
              },
              "other": {
                "insertions": 11,
                "deletions": 11
              },
              "test-code": {
                "insertions": 7,
                "deletions": 7
              }
            }
          }
        ]
      },
      {
        "date": "2020-11-02",
        "commitResults": [
          {
            "hash": "ab0d395a519e83b64db68969b7237f8739266c33",
            "messageTitle": "Minor update for v1.4 to improve code quality",
            "messageBody": "",
            "fileTypesAndContributionMap": {
              "functional-code": {
                "insertions": 51,
                "deletions": 79
              }
            }
          }
        ]
      },
      {
        "date": "2020-11-03",
        "commitResults": [
          {
            "hash": "895f345f29c7172942e0d4252e8a92f40a73a022",
            "messageTitle": "Improve coding standard",
            "messageBody": "",
            "fileTypesAndContributionMap": {
              "functional-code": {
                "insertions": 37,
                "deletions": 33
              },
              "test-code": {
                "insertions": 1,
                "deletions": 1
              }
            }
          },
          {
            "hash": "87d3193e9cc4ac18cc7c4fce50dbff367dbc44c9",
            "messageTitle": "Update user guide",
            "messageBody": "",
            "fileTypesAndContributionMap": {
              "docs": {
                "insertions": 119,
                "deletions": 101
              }
            }
          },
          {
            "hash": "f6ceef4159ed831822204bae024ca16e7165c2ef",
            "messageTitle": "Minor update user guide",
            "messageBody": "",
            "fileTypesAndContributionMap": {
              "docs": {
                "insertions": 11,
                "deletions": 11
              }
            }
          }
        ]
      },
      {
        "date": "2020-11-05",
        "commitResults": [
          {
            "hash": "80279b59b94502375b82c5c724933f3dfe9300a6",
            "messageTitle": "Update PPP",
            "messageBody": "",
            "fileTypesAndContributionMap": {
              "docs": {
                "insertions": 29,
                "deletions": 20
              }
            }
          }
        ]
      }
    ],
    "zhaohuanqdcn": [
      {
        "date": "2020-09-29",
        "commitResults": [
          {
            "hash": "0e0ba66dbd33c5df77dd76bb45e623e669ce6e2a",
            "messageTitle": "Update AboutUs",
            "messageBody": "",
            "fileTypesAndContributionMap": {
              "docs": {
                "insertions": 56,
                "deletions": 0
              }
            }
          },
          {
            "hash": "f93f6700e8f67fe160e46bf4a12038230e6886fd",
            "messageTitle": "Update UserGuide",
            "messageBody": "",
            "fileTypesAndContributionMap": {
              "docs": {
                "insertions": 6,
                "deletions": 6
              }
            }
          }
        ]
      },
      {
        "date": "2020-09-30",
        "commitResults": [
          {
            "hash": "7f668a2ba770a8067f8ecabb5abfefcb8876b3ab",
            "messageTitle": "Update DeveloperGuide",
            "messageBody": "",
            "fileTypesAndContributionMap": {
              "docs": {
                "insertions": 30,
                "deletions": 10
              }
            }
          }
        ]
      },
      {
        "date": "2020-10-06",
        "commitResults": [
          {
            "hash": "b4e094125b43f0111e349425b9158c7cd65fffcb",
            "messageTitle": "Update Model / Logic and List Meeting",
            "messageBody": "Update Model / Logic for meeting.\nImplement a new command list_meeting.\n",
            "fileTypesAndContributionMap": {
              "functional-code": {
                "insertions": 131,
                "deletions": 10
              },
              "test-code": {
                "insertions": 18,
                "deletions": 0
              }
            }
          },
          {
            "hash": "62ce1feb907816f56a5eb67c9cddc3814e8e135a",
            "messageTitle": "Strip Trailing White Space",
            "messageBody": "",
            "fileTypesAndContributionMap": {
              "functional-code": {
                "insertions": 1,
                "deletions": 1
              }
            }
          },
          {
            "hash": "13ce95aeff942658eedb4ec93f5878abd7c5fa1a",
            "messageTitle": "Update Model for Meetings",
            "messageBody": "",
            "fileTypesAndContributionMap": {
              "functional-code": {
                "insertions": 50,
                "deletions": 3
              },
              "test-code": {
                "insertions": 20,
                "deletions": 0
              }
            }
          },
          {
            "hash": "50b0dfd230ff8bf577b8658ed63584fd15022d29",
            "messageTitle": "Fix Typo",
            "messageBody": "",
            "fileTypesAndContributionMap": {
              "functional-code": {
                "insertions": 2,
                "deletions": 1
              },
              "docs": {
                "insertions": 1,
                "deletions": 1
              }
            }
          },
          {
            "hash": "a4d57adb65ebcefb1d0e891f6ca21a3f02aa049b",
            "messageTitle": "Add Model Tests for Meeting",
            "messageBody": "",
            "fileTypesAndContributionMap": {
              "test-code": {
                "insertions": 39,
                "deletions": 0
              }
            }
          }
        ]
      },
      {
        "date": "2020-10-07",
        "commitResults": [
          {
            "hash": "d1b2f1c68a5ed02994438d88df5774bad076ab45",
            "messageTitle": "Fix Typo for List Meeting",
            "messageBody": "",
            "fileTypesAndContributionMap": {
              "functional-code": {
                "insertions": 1,
                "deletions": 1
              },
              "docs": {
                "insertions": 1,
                "deletions": 1
              }
            }
          },
          {
            "hash": "041a5f48bf6ceb614c497fd6d049b2baac7351f0",
            "messageTitle": "Update AboutUs.md",
            "messageBody": "",
            "fileTypesAndContributionMap": {
              "docs": {
                "insertions": 1,
                "deletions": 1
              }
            }
          },
          {
            "hash": "b0a067115ea68c43564363287a3b2047998200a0",
            "messageTitle": "Update AboutUs.md",
            "messageBody": "",
            "fileTypesAndContributionMap": {
              "docs": {
                "insertions": 1,
                "deletions": 1
              }
            }
          },
          {
            "hash": "050b3da7ce3842aaa485cb802b533a37d1432ee4",
            "messageTitle": "Update Command Delete Meeting",
            "messageBody": "",
            "fileTypesAndContributionMap": {
              "functional-code": {
                "insertions": 86,
                "deletions": 0
              }
            }
          },
          {
            "hash": "1e25a9f11a0f9f52ca29cfcea886626756f6b4dc",
            "messageTitle": "Update UserGuide.md",
            "messageBody": "",
            "fileTypesAndContributionMap": {
              "docs": {
                "insertions": 26,
                "deletions": 24
              }
            }
          },
          {
            "hash": "f7327898e5208f8c3250abf743b98cdcb6087836",
            "messageTitle": "Update UserGuide.md",
            "messageBody": "",
            "fileTypesAndContributionMap": {
              "docs": {
                "insertions": 29,
                "deletions": 23
              }
            }
          },
          {
            "hash": "9335bb23b6fa4a15019bb2194b4d6e9215b3e4de",
            "messageTitle": "Update Tests for Delete Meeting",
            "messageBody": "",
            "fileTypesAndContributionMap": {
              "functional-code": {
                "insertions": 3,
                "deletions": 1
              },
              "test-code": {
                "insertions": 152,
                "deletions": 0
              }
            }
          }
        ]
      },
      {
        "date": "2020-10-12",
        "commitResults": [
          {
            "hash": "c0d6c0f0dbc55815bb25135e630ff44a375fac00",
            "messageTitle": "Fix Bugs for v1.2",
            "messageBody": "",
            "fileTypesAndContributionMap": {
              "functional-code": {
                "insertions": 35,
                "deletions": 5
              },
              "docs": {
                "insertions": 16,
                "deletions": 33
              },
              "test-code": {
                "insertions": 32,
                "deletions": 0
              }
            }
          }
        ]
      },
      {
        "date": "2020-10-21",
        "commitResults": [
          {
            "hash": "565dea50ac5e6622b655f31c9bfdaa8f5d17cfd5",
            "messageTitle": "Update user stories",
            "messageBody": "",
            "fileTypesAndContributionMap": {
              "docs": {
                "insertions": 8,
                "deletions": 28
              }
            }
          },
          {
            "hash": "31ed974126dd563fa2ea103f58d1ed8a0335283c",
            "messageTitle": "Update Model \u0026 Delete PUML",
            "messageBody": "",
            "fileTypesAndContributionMap": {
              "docs": {
                "insertions": 33,
                "deletions": 7
              }
            }
          },
          {
            "hash": "f009da6c2520f248f597c41bc141752c711e0972",
            "messageTitle": "Update delete / clear / list in DG",
            "messageBody": "",
            "fileTypesAndContributionMap": {
              "docs": {
                "insertions": 60,
                "deletions": 101
              }
            }
          },
          {
            "hash": "e3f3757c9fdf67edc0403993ce60641cfb780cf9",
            "messageTitle": "Add Assertions",
            "messageBody": "",
            "fileTypesAndContributionMap": {
              "functional-code": {
                "insertions": 3,
                "deletions": 0
              },
              "test-code": {
                "insertions": 7,
                "deletions": 2
              }
            }
          }
        ]
      },
      {
        "date": "2020-10-25",
        "commitResults": [
          {
            "hash": "527197053a77fb4deef3ee1fd763afb21faa7d73",
            "messageTitle": "Add Field Recurrence",
            "messageBody": "",
            "fileTypesAndContributionMap": {
              "functional-code": {
                "insertions": 112,
                "deletions": 14
              }
            }
          },
          {
            "hash": "3ae9bfba0544811a9f3a62eef25375d530369464",
            "messageTitle": "Forbid Editing Recurrence",
            "messageBody": "",
            "fileTypesAndContributionMap": {
              "functional-code": {
                "insertions": 2,
                "deletions": 9
              }
            }
          },
          {
            "hash": "24b6471404689275a048d90fc56d3d77a7b06b70",
            "messageTitle": "Update Add for Recurrence Meetings",
            "messageBody": "",
            "fileTypesAndContributionMap": {
              "functional-code": {
                "insertions": 54,
                "deletions": 10
              }
            }
          },
          {
            "hash": "eaceba02ffc85e9971a0c6992dd519ee4348664c",
            "messageTitle": "Refactor Tests with Recurrence",
            "messageBody": "",
            "fileTypesAndContributionMap": {
              "functional-code": {
                "insertions": 34,
                "deletions": 15
              },
              "test-code": {
                "insertions": 103,
                "deletions": 1
              }
            }
          },
          {
            "hash": "a85d7da082e2312770100cc548fea675fd9c2449",
            "messageTitle": "Update UserGuide.md",
            "messageBody": "",
            "fileTypesAndContributionMap": {
              "docs": {
                "insertions": 10,
                "deletions": 5
              }
            }
          },
          {
            "hash": "eb95d93c2881dba4bf6ec49636aedda630279fa6",
            "messageTitle": "Update Delete for Recurrences",
            "messageBody": "",
            "fileTypesAndContributionMap": {
              "functional-code": {
                "insertions": 123,
                "deletions": 23
              },
              "test-code": {
                "insertions": 71,
                "deletions": 3
              }
            }
          },
          {
            "hash": "3e782906fe4a2aa089089d88a0aa0137654b5b8c",
            "messageTitle": "Fix Delete and Update Docs",
            "messageBody": "",
            "fileTypesAndContributionMap": {
              "functional-code": {
                "insertions": 8,
                "deletions": 11
              },
              "docs": {
                "insertions": 17,
                "deletions": 12
              }
            }
          }
        ]
      },
      {
        "date": "2020-10-27",
        "commitResults": [
          {
            "hash": "1aec208b25c7a9af75e7425c0d05c67771db345f",
            "messageTitle": "Fix Typos",
            "messageBody": "",
            "fileTypesAndContributionMap": {
              "functional-code": {
                "insertions": 8,
                "deletions": 5
              }
            }
          }
        ]
      },
      {
        "date": "2020-10-28",
        "commitResults": [
          {
            "hash": "5294fbfe369661aa3134d57759e8daccac7cbed6",
            "messageTitle": "Implement System Timer",
            "messageBody": "",
            "fileTypesAndContributionMap": {
              "functional-code": {
                "insertions": 205,
                "deletions": 0
              },
              "test-code": {
                "insertions": 20,
                "deletions": 0
              }
            }
          },
          {
            "hash": "70eccbf2474d05818c16679b5c7916a81649033d",
            "messageTitle": "Bug Fix \u0026 Update UG",
            "messageBody": "",
            "fileTypesAndContributionMap": {
              "functional-code": {
                "insertions": 7,
                "deletions": 9
              },
              "docs": {
                "insertions": 8,
                "deletions": 1
              },
              "test-code": {
                "insertions": 22,
                "deletions": 0
              }
            }
          },
          {
            "hash": "8aea117525f8242051c8dd5c4e5c579fcb3ca5b4",
            "messageTitle": "More OOP \u0026 Update DG",
            "messageBody": "",
            "fileTypesAndContributionMap": {
              "functional-code": {
                "insertions": 21,
                "deletions": 15
              },
              "docs": {
                "insertions": 60,
                "deletions": 15
              },
              "test-code": {
                "insertions": 0,
                "deletions": 22
              }
            }
          }
        ]
      },
      {
        "date": "2020-11-04",
        "commitResults": [
          {
            "hash": "9b894588d37e496637ddd18c66fac42f768e5343",
            "messageTitle": "Fix Exit Command",
            "messageBody": "",
            "fileTypesAndContributionMap": {
              "functional-code": {
                "insertions": 17,
                "deletions": 3
              }
            }
          },
          {
            "hash": "c66b4f2b8415d327d626208735812bd8ecb9cd65",
            "messageTitle": "Fix Duraion Check",
            "messageBody": "",
            "fileTypesAndContributionMap": {
              "functional-code": {
                "insertions": 3,
                "deletions": 1
              },
              "docs": {
                "insertions": 1,
                "deletions": 1
              },
              "test-code": {
                "insertions": 12,
                "deletions": 2
              }
            }
          },
          {
            "hash": "466f30688a84897f251a042cab97efd6e0b4d3a7",
            "messageTitle": "Fix Popup Task",
            "messageBody": "",
            "fileTypesAndContributionMap": {
              "functional-code": {
                "insertions": 6,
                "deletions": 4
              }
            }
          },
          {
            "hash": "7c4f4db487cd867ffc223875abccbfa54f588640",
            "messageTitle": "Implement Rucurring Number",
            "messageBody": "",
            "fileTypesAndContributionMap": {
              "functional-code": {
                "insertions": 42,
                "deletions": 19
              },
              "docs": {
                "insertions": 13,
                "deletions": 11
              },
              "test-code": {
                "insertions": 39,
                "deletions": 9
              }
            }
          },
          {
            "hash": "722185a4258ef8fda29cfa3bf1c953e898064202",
            "messageTitle": "Update UserGuide.md",
            "messageBody": "",
            "fileTypesAndContributionMap": {
              "docs": {
                "insertions": 12,
                "deletions": 9
              }
            }
          },
          {
            "hash": "bbba946ec1d3a17ff62da354b999857ebbc40b99",
            "messageTitle": "Update UserGuide.md",
            "messageBody": "",
            "fileTypesAndContributionMap": {
              "docs": {
                "insertions": 1,
                "deletions": 1
              }
            }
          },
          {
            "hash": "913c54e31722d6e4e85bb1c0d144ae3391dc19f0",
            "messageTitle": "Update UserGuide.md",
            "messageBody": "",
            "fileTypesAndContributionMap": {
              "docs": {
                "insertions": 2,
                "deletions": 1
              }
            }
          },
          {
            "hash": "a816252c66b48e06de8fe5dd26ff3c3160e95352",
            "messageTitle": "Update PPP Draft",
            "messageBody": "",
            "fileTypesAndContributionMap": {
              "docs": {
                "insertions": 13,
                "deletions": 11
              }
            }
          }
        ]
      }
    ],
    "ramenmen": [
      {
        "date": "2020-09-29",
        "commitResults": [
          {
            "hash": "62fa945d69ce6e35d0c3f62fedd0e9c832541aad",
            "messageTitle": "Update readme",
            "messageBody": "",
            "fileTypesAndContributionMap": {
              "docs": {
                "insertions": 4,
                "deletions": 4
              }
            }
          },
          {
            "hash": "0ae400cdecbf6a8c6db1225ebdb51ebaf448cd1d",
            "messageTitle": "Add team doc",
            "messageBody": "",
            "fileTypesAndContributionMap": {
              "docs": {
                "insertions": 46,
                "deletions": 0
              }
            }
          },
          {
            "hash": "4c1d8951e944f66c102163a7e22e2b714271857b",
            "messageTitle": "Update User Guide",
            "messageBody": "",
            "fileTypesAndContributionMap": {
              "docs": {
                "insertions": 7,
                "deletions": 7
              }
            }
          },
          {
            "hash": "4545247c90151c2a3baa6fc05dd86c9f48107854",
            "messageTitle": "update Developer Guide",
            "messageBody": "",
            "fileTypesAndContributionMap": {
              "docs": {
                "insertions": 50,
                "deletions": 8
              }
            }
          }
        ]
      },
      {
        "date": "2020-09-30",
        "commitResults": [
          {
            "hash": "6b1a3dee32e2222d487ebd8df15bf1a86b0829e9",
            "messageTitle": "remove dummy profiles from about us",
            "messageBody": "",
            "fileTypesAndContributionMap": {
              "docs": {
                "insertions": 0,
                "deletions": 20
              }
            }
          }
        ]
      },
      {
        "date": "2020-10-05",
        "commitResults": [
          {
            "hash": "c883c6140589e4d5ee4babf7bc424223dbf22c74",
            "messageTitle": "Implement meeting class",
            "messageBody": "",
            "fileTypesAndContributionMap": {
              "functional-code": {
                "insertions": 557,
                "deletions": 0
              },
              "test-code": {
                "insertions": 617,
                "deletions": 0
              }
            }
          },
          {
            "hash": "1e38972e79d5f9b6feb7bb640b7f1a95a506084c",
            "messageTitle": "Fix checkstyle",
            "messageBody": "",
            "fileTypesAndContributionMap": {
              "functional-code": {
                "insertions": 25,
                "deletions": 20
              },
              "test-code": {
                "insertions": 4,
                "deletions": 4
              }
            }
          },
          {
            "hash": "ba50a07fa2c6014f07e771ba232e6cdd6be1d799",
            "messageTitle": "Fix checkstyle (again)",
            "messageBody": "",
            "fileTypesAndContributionMap": {
              "functional-code": {
                "insertions": 11,
                "deletions": 9
              }
            }
          },
          {
            "hash": "a92090e51d7dabc6314b7d77546ffa72904550f0",
            "messageTitle": "Fix checkstyleTest",
            "messageBody": "",
            "fileTypesAndContributionMap": {
              "test-code": {
                "insertions": 73,
                "deletions": 80
              }
            }
          },
          {
            "hash": "038553696840561afbe835517ed8b3995a0f2639",
            "messageTitle": "Fix tests",
            "messageBody": "",
            "fileTypesAndContributionMap": {
              "test-code": {
                "insertions": 12,
                "deletions": 11
              }
            }
          },
          {
            "hash": "ddceadb06d8a3daab52961485e9e0a013a96e5d3",
            "messageTitle": "Fix import in DateTimeTest",
            "messageBody": "",
            "fileTypesAndContributionMap": {
              "test-code": {
                "insertions": 0,
                "deletions": 2
              }
            }
          }
        ]
      },
      {
        "date": "2020-10-06",
        "commitResults": [
          {
            "hash": "8936940fb26adba5a475884ac665ccc52a7f6983",
            "messageTitle": "Add storage for meeting",
            "messageBody": "",
            "fileTypesAndContributionMap": {
              "functional-code": {
                "insertions": 214,
                "deletions": 7
              },
              "test-code": {
                "insertions": 4,
                "deletions": 4
              }
            }
          },
          {
            "hash": "3bafd2fe6f199d5ac56656f1ce34e0c39418cb78",
            "messageTitle": "Fix checkstyle",
            "messageBody": "",
            "fileTypesAndContributionMap": {
              "functional-code": {
                "insertions": 12,
                "deletions": 3
              }
            }
          },
          {
            "hash": "94e4d2acc9566d02a803f7492320c23b56863484",
            "messageTitle": "Fix addressbook test files",
            "messageBody": "",
            "fileTypesAndContributionMap": {
              "test-code": {
                "insertions": 8,
                "deletions": 3
              }
            }
          }
        ]
      },
      {
        "date": "2020-10-13",
        "commitResults": [
          {
            "hash": "899657d0f019162e3908fe4b0b56e968a48b43e5",
            "messageTitle": "try out markdown format",
            "messageBody": "",
            "fileTypesAndContributionMap": {
              "docs": {
                "insertions": 5,
                "deletions": 2
              }
            }
          },
          {
            "hash": "0f61335830d816265e9ba3400a52faf70ffee353",
            "messageTitle": "update command summary in user guide",
            "messageBody": "",
            "fileTypesAndContributionMap": {
              "docs": {
                "insertions": 14,
                "deletions": 8
              }
            }
          },
          {
            "hash": "f6a2435812410271c30c5736231848ce4017872f",
            "messageTitle": "separate meeting and contact commands in user guide",
            "messageBody": "",
            "fileTypesAndContributionMap": {
              "docs": {
                "insertions": 121,
                "deletions": 82
              }
            }
          },
          {
            "hash": "fc888c1889a4b1cec3e8501b61f44dd7fd4d8d88",
            "messageTitle": "remove constructor using localDateTime from dateTime class and update test cases",
            "messageBody": "",
            "fileTypesAndContributionMap": {
              "functional-code": {
                "insertions": 5,
                "deletions": 20
              },
              "docs": {
                "insertions": 1,
                "deletions": 1
              },
              "test-code": {
                "insertions": 33,
                "deletions": 15
              }
            }
          }
        ]
      },
      {
        "date": "2020-10-20",
        "commitResults": [
          {
            "hash": "1e5a7e0e2f3a576cc46d5229bf11c2aa94e8d4a1",
            "messageTitle": "Fix minor bugs",
            "messageBody": "",
            "fileTypesAndContributionMap": {
              "functional-code": {
                "insertions": 8,
                "deletions": 2
              }
            }
          },
          {
            "hash": "11a58a937f408b3abbe545ddca362aaf21f66a03",
            "messageTitle": "Add assert statements",
            "messageBody": "",
            "fileTypesAndContributionMap": {
              "functional-code": {
                "insertions": 11,
                "deletions": 4
              }
            }
          },
          {
            "hash": "2f1bed6f1a6ea28602926850bdf841e5a0bcce8b",
            "messageTitle": "Update DG for meeting (partial)",
            "messageBody": "",
            "fileTypesAndContributionMap": {
              "functional-code": {
                "insertions": 7,
                "deletions": 7
              },
              "docs": {
                "insertions": 83,
                "deletions": 0
              }
            }
          },
          {
            "hash": "11819a9e7a7279e6d943b7292023d5861c422fd1",
            "messageTitle": "Update DG (abit)",
            "messageBody": "",
            "fileTypesAndContributionMap": {
              "docs": {
                "insertions": 7,
                "deletions": 3
              }
            }
          }
        ]
      },
      {
        "date": "2020-10-21",
        "commitResults": [
          {
            "hash": "8469207d664d705317d0b6cd8516d0bc77e0ffc8",
            "messageTitle": "Update DG a bit more",
            "messageBody": "",
            "fileTypesAndContributionMap": {
              "docs": {
                "insertions": 25,
                "deletions": 2
              }
            }
          },
          {
            "hash": "482573b4b422d223ff491fa8d5b702cdf7d726ca",
            "messageTitle": "Still update DG",
            "messageBody": "",
            "fileTypesAndContributionMap": {
              "docs": {
                "insertions": 0,
                "deletions": 4
              }
            }
          },
          {
            "hash": "9ebbc413fd74f899982c6ac2b792d7828e9fcf69",
            "messageTitle": "Still update DG",
            "messageBody": "",
            "fileTypesAndContributionMap": {
              "docs": {
                "insertions": 21,
                "deletions": 0
              }
            }
          },
          {
            "hash": "7551c27f1696da08fcc78aa99f9279906ee3b46b",
            "messageTitle": "Still update DG",
            "messageBody": "",
            "fileTypesAndContributionMap": {
              "docs": {
                "insertions": 21,
                "deletions": 5
              }
            }
          },
          {
            "hash": "95c4bc81b33d1e0f6e9052054bde1b74894a02e1",
            "messageTitle": "Still update DG",
            "messageBody": "",
            "fileTypesAndContributionMap": {
              "docs": {
                "insertions": 95,
                "deletions": 46
              }
            }
          },
          {
            "hash": "db0cecf62d056876ab9cf6c445e332dfc4ae7a0e",
            "messageTitle": "Still update DG",
            "messageBody": "",
            "fileTypesAndContributionMap": {
              "docs": {
                "insertions": 19,
                "deletions": 26
              }
            }
          },
          {
            "hash": "3cd0569adf283f6a54005b46dfbd3b27990d1af6",
            "messageTitle": "Update DelPartSequenceDiagram.puml",
            "messageBody": "",
            "fileTypesAndContributionMap": {
              "docs": {
                "insertions": 1,
                "deletions": 1
              }
            }
          }
        ]
      },
      {
        "date": "2020-10-27",
        "commitResults": [
          {
            "hash": "37dd3f628176786d5883d704b582bda5c4cefae3",
            "messageTitle": "Add Ics Export Meetings Command",
            "messageBody": "",
            "fileTypesAndContributionMap": {
              "functional-code": {
                "insertions": 286,
                "deletions": 12
              },
              "test-code": {
                "insertions": 9,
                "deletions": 2
              }
            }
          },
          {
            "hash": "f2a6da28b09567ca3b42902823767ddfc5ef496f",
            "messageTitle": "Add Ics Export Meetings Command",
            "messageBody": "",
            "fileTypesAndContributionMap": {
              "functional-code": {
                "insertions": 1,
                "deletions": 1
              }
            }
          },
          {
            "hash": "7ef4a86688e4414873b88e7a32c7884b68613c89",
            "messageTitle": "Fix trailing whitespace",
            "messageBody": "",
            "fileTypesAndContributionMap": {
              "functional-code": {
                "insertions": 10,
                "deletions": 10
              }
            }
          },
          {
            "hash": "ef2d4e03be17be157bdb7aa22bee04651e0c2376",
            "messageTitle": "Fix small typo",
            "messageBody": "",
            "fileTypesAndContributionMap": {
              "functional-code": {
                "insertions": 1,
                "deletions": 1
              }
            }
          },
          {
            "hash": "8002f67a83cac117757be8f8133fac8de7187d90",
            "messageTitle": "Wonder why the checks are using an old version of the code",
            "messageBody": "",
            "fileTypesAndContributionMap": {
              "functional-code": {
                "insertions": 21,
                "deletions": 0
              }
            }
          },
          {
            "hash": "3c1e19efb2df44ebecc106bc7b8d28e505230430",
            "messageTitle": "Wonder why the checks are using an old version of the code",
            "messageBody": "",
            "fileTypesAndContributionMap": {
              "functional-code": {
                "insertions": 2,
                "deletions": 2
              }
            }
          },
          {
            "hash": "cb76e2725244d402c48309cadb33adf8652190ba",
            "messageTitle": "Wonder why the checks are using an old version of the code",
            "messageBody": "",
            "fileTypesAndContributionMap": {
              "functional-code": {
                "insertions": 1,
                "deletions": 1
              }
            }
          },
          {
            "hash": "469f0745639f050513f7a16d1482dd05cd0635ac",
            "messageTitle": "Add ICS to user guide",
            "messageBody": "",
            "fileTypesAndContributionMap": {
              "functional-code": {
                "insertions": 0,
                "deletions": 61
              },
              "docs": {
                "insertions": 11,
                "deletions": 0
              }
            }
          },
          {
            "hash": "7a742a76c3fa80d46489b0155b7840bcfd06252a",
            "messageTitle": "Update find_contact",
            "messageBody": "",
            "fileTypesAndContributionMap": {
              "functional-code": {
                "insertions": 1,
                "deletions": 1
              },
              "docs": {
                "insertions": 15,
                "deletions": 2
              }
            }
          }
        ]
      },
      {
        "date": "2020-11-03",
        "commitResults": [
          {
            "hash": "8334f5a9f9bc2e1b94a8c52eb3590d087b0b3b2d",
            "messageTitle": "Add draft ppp",
            "messageBody": "",
            "fileTypesAndContributionMap": {
              "docs": {
                "insertions": 49,
                "deletions": 46
              }
            }
          }
        ]
      }
    ],
    "AdithyaNarayan": [
      {
        "date": "2020-09-14",
        "commitResults": [
          {
            "hash": "2c9549cd0cdfe199c72f16e7c1817919c065999e",
            "messageTitle": "Update README.md",
            "messageBody": "",
            "fileTypesAndContributionMap": {
              "docs": {
                "insertions": 1,
                "deletions": 0
              }
            }
          }
        ]
      },
      {
        "date": "2020-09-29",
        "commitResults": [
          {
            "hash": "8d06275069030325ab3906da2e2b1c00787ece70",
            "messageTitle": "Update AboutUs.md",
            "messageBody": "",
            "fileTypesAndContributionMap": {
              "docs": {
                "insertions": 7,
                "deletions": 4
              }
            }
          },
          {
            "hash": "7a5b0f736007f9af3b3a4390f2c64b13e94ce5ea",
            "messageTitle": "Update general section of UserGuide",
            "messageBody": "",
            "fileTypesAndContributionMap": {
              "docs": {
                "insertions": 5,
                "deletions": 9
              }
            }
          },
          {
            "hash": "ae7c2de656763254d866ab6a8f4df317cd8e218c",
            "messageTitle": "Fix typo",
            "messageBody": "",
            "fileTypesAndContributionMap": {
              "docs": {
                "insertions": 1,
                "deletions": 1
              }
            }
          },
          {
            "hash": "d063fe65acb67c21dc8352dceabf5c329afa17b0",
            "messageTitle": "Update Non-Functional Requirements in Developer Guide",
            "messageBody": "",
            "fileTypesAndContributionMap": {
              "docs": {
                "insertions": 4,
                "deletions": 2
              }
            }
          },
          {
            "hash": "3529d3d3c37c8065aba2bb19e299090ea91588bd",
            "messageTitle": "Update README and index",
            "messageBody": "",
            "fileTypesAndContributionMap": {
              "docs": {
                "insertions": 19,
                "deletions": 19
              }
            }
          },
          {
            "hash": "fce6f0c98191426e47c7e82790adcda731b3c4d1",
            "messageTitle": "Update README.md",
            "messageBody": "",
            "fileTypesAndContributionMap": {
              "docs": {
                "insertions": 1,
                "deletions": 1
              }
            }
          }
        ]
      },
      {
        "date": "2020-10-06",
        "commitResults": [
          {
            "hash": "09c244f85b0b49116cd4a38d910986e54350ecca",
            "messageTitle": "Update Split pane",
            "messageBody": "",
            "fileTypesAndContributionMap": {
              "functional-code": {
                "insertions": 187,
                "deletions": 3
              }
            }
          },
          {
            "hash": "b5022e3538d0fcee9639db888d96db2ac6833a04",
            "messageTitle": "Update styles for header",
            "messageBody": "",
            "fileTypesAndContributionMap": {
              "functional-code": {
                "insertions": 36,
                "deletions": 21
              }
            }
          },
          {
            "hash": "751fe67301ff2f5340f6a34453a84289c38ab6a7",
            "messageTitle": "Add find contact command",
            "messageBody": "",
            "fileTypesAndContributionMap": {
              "functional-code": {
                "insertions": 96,
                "deletions": 12
              },
              "other": {
                "insertions": 20,
                "deletions": 20
              }
            }
          },
          {
            "hash": "609a4599d5790e8f6c82402aac0b9f93501c7aa0",
            "messageTitle": "Update test cases for find meeting",
            "messageBody": "",
            "fileTypesAndContributionMap": {
              "test-code": {
                "insertions": 126,
                "deletions": 0
              }
            }
          },
          {
            "hash": "1cf1ef6df0d2c899765e3eb545f5e42095668d83",
            "messageTitle": "Fix checkstyle",
            "messageBody": "",
            "fileTypesAndContributionMap": {
              "functional-code": {
                "insertions": 23,
                "deletions": 16
              },
              "test-code": {
                "insertions": 25,
                "deletions": 26
              }
            }
          },
          {
            "hash": "75c2030d0a5ad09de44a087e39f9026cf5d931b1",
            "messageTitle": "Fix checkstyle",
            "messageBody": "",
            "fileTypesAndContributionMap": {
              "functional-code": {
                "insertions": 2,
                "deletions": 1
              },
              "test-code": {
                "insertions": 0,
                "deletions": 8
              }
            }
          },
          {
            "hash": "6a7116f4a13391749b2bf7ca61c34ecf6c42e2f3",
            "messageTitle": "Update adi.md",
            "messageBody": "",
            "fileTypesAndContributionMap": {
              "docs": {
                "insertions": 1,
                "deletions": 1
              }
            }
          }
        ]
      },
      {
        "date": "2020-10-12",
        "commitResults": [
          {
            "hash": "9771d37eea1164ed01bbcedc8e8d8bfbaaa2b25b",
            "messageTitle": "Update docs for add_part",
            "messageBody": "",
            "fileTypesAndContributionMap": {
              "docs": {
                "insertions": 146,
                "deletions": 121
              }
            }
          },
          {
            "hash": "43a25aede361f875679c66891e4a91fceab8ab1c",
            "messageTitle": "Update meeting index",
            "messageBody": "",
            "fileTypesAndContributionMap": {
              "docs": {
                "insertions": 6,
                "deletions": 4
              }
            }
          }
        ]
      },
      {
        "date": "2020-10-20",
        "commitResults": [
          {
            "hash": "de26149e47a22d92afa75a83d7effb4fe66cb3d9",
            "messageTitle": "Update DG",
            "messageBody": "",
            "fileTypesAndContributionMap": {
              "docs": {
                "insertions": 367,
                "deletions": 257
              }
            }
          },
          {
            "hash": "0bcbfc31628f79a2304c307b9ef0c4fc53442d89",
            "messageTitle": "Fix typo",
            "messageBody": "",
            "fileTypesAndContributionMap": {
              "docs": {
                "insertions": 0,
                "deletions": 7
              }
            }
          }
        ]
      },
      {
        "date": "2020-10-21",
        "commitResults": [
          {
            "hash": "e1a9d0634045b872fd80a3ff620d1faa2169c815",
            "messageTitle": "Change - to *",
            "messageBody": "",
            "fileTypesAndContributionMap": {
              "docs": {
                "insertions": 120,
                "deletions": 120
              }
            }
          },
          {
            "hash": "ae13420ea47c33ea5c9f9d144a15bb8292506da5",
            "messageTitle": "Update DG",
            "messageBody": "",
            "fileTypesAndContributionMap": {
              "docs": {
                "insertions": 279,
                "deletions": 287
              }
            }
          },
          {
            "hash": "63558de8c80b03a30d666911905999485b489085",
            "messageTitle": "Remove Duplicate",
            "messageBody": "",
            "fileTypesAndContributionMap": {
              "docs": {
                "insertions": 0,
                "deletions": 28
              }
            }
          },
          {
            "hash": "331f16943b758990b028c7286243d61f42f71c42",
            "messageTitle": "Update colours to match consistency",
            "messageBody": "",
            "fileTypesAndContributionMap": {
              "docs": {
                "insertions": 4,
                "deletions": 5
              }
            }
          },
          {
            "hash": "1dc9baba8208392499c4d0caafb72245b66ff957",
            "messageTitle": "Update Command Box and Feedback Box",
            "messageBody": "",
            "fileTypesAndContributionMap": {
              "functional-code": {
                "insertions": 194,
                "deletions": 119
              }
            }
          }
        ]
      },
      {
        "date": "2020-10-24",
        "commitResults": [
          {
            "hash": "5c64d52c77fc200ccfe1bbc9297914b1a6ed34c3",
            "messageTitle": "Update UI for meeting",
            "messageBody": "",
            "fileTypesAndContributionMap": {
              "functional-code": {
                "insertions": 494,
                "deletions": 158
              }
            }
          },
          {
            "hash": "d02ea15544b2c19a5e14b189ff8c68d6c6c95369",
            "messageTitle": "Fix grey strips for empty list cells",
            "messageBody": "",
            "fileTypesAndContributionMap": {
              "functional-code": {
                "insertions": 10,
                "deletions": 18
              }
            }
          },
          {
            "hash": "3b5748ea099296b84420492300672af723f9e424",
            "messageTitle": "Fix alignment bugs on mac",
            "messageBody": "",
            "fileTypesAndContributionMap": {
              "functional-code": {
                "insertions": 62,
                "deletions": 52
              },
              "test-code": {
                "insertions": 46,
                "deletions": 0
              }
            }
          },
          {
            "hash": "dfce6b3bf600ee1a8ded41a696062b643292ec8c",
            "messageTitle": "Fix checkstyle",
            "messageBody": "",
            "fileTypesAndContributionMap": {
              "functional-code": {
                "insertions": 1,
                "deletions": 1
              }
            }
          }
        ]
      },
      {
        "date": "2020-10-26",
        "commitResults": [
          {
            "hash": "7f6cc8c002e447483cf1c5a40d1b931c5e9b904c",
            "messageTitle": "Add cli events like UP and DOWN click",
            "messageBody": "",
            "fileTypesAndContributionMap": {
              "functional-code": {
                "insertions": 122,
                "deletions": 6
              }
            }
          },
          {
            "hash": "db67dde2002eedaab03428ef67166412140d3a04",
            "messageTitle": "Add Test Cases for CommandSession",
            "messageBody": "",
            "fileTypesAndContributionMap": {
              "functional-code": {
                "insertions": 2,
                "deletions": 4
              },
              "other": {
                "insertions": 1,
                "deletions": 1
              },
              "test-code": {
                "insertions": 121,
                "deletions": 0
              }
            }
          },
          {
            "hash": "0097cc74e79de3709843491681647d89d9b8dafa",
            "messageTitle": "Fix checkstyle",
            "messageBody": "",
            "fileTypesAndContributionMap": {
              "functional-code": {
                "insertions": 14,
                "deletions": 3
              },
              "test-code": {
                "insertions": 2,
                "deletions": 2
              }
            }
          }
        ]
      },
      {
        "date": "2020-10-27",
        "commitResults": [
          {
            "hash": "a6d300b196eedc817bb7dcba7cb404081947d711",
            "messageTitle": "Add working undo command",
            "messageBody": "",
            "fileTypesAndContributionMap": {
              "functional-code": {
                "insertions": 369,
                "deletions": 66
              },
              "other": {
                "insertions": 1,
                "deletions": 1
              },
              "test-code": {
                "insertions": 70,
                "deletions": 34
              }
            }
          },
          {
            "hash": "4fa681d5e03e8a71e8df6d03c47798a1e13b2f8b",
            "messageTitle": "Add few test cases",
            "messageBody": "",
            "fileTypesAndContributionMap": {
              "test-code": {
                "insertions": 139,
                "deletions": 34
              }
            }
          },
          {
            "hash": "38eac3e23ff8ccc3de349cab91fc196b4a0eef66",
            "messageTitle": "Update test",
            "messageBody": "",
            "fileTypesAndContributionMap": {
              "test-code": {
                "insertions": 2,
                "deletions": 2
              }
            }
          },
          {
            "hash": "8806b77855906395558c0972ad03a1d2268ba4c9",
            "messageTitle": "Update docs",
            "messageBody": "",
            "fileTypesAndContributionMap": {
              "docs": {
                "insertions": 13,
                "deletions": 1
              }
            }
          },
          {
            "hash": "33b12b249d446ee52dcbd09d64aaafef454b0800",
            "messageTitle": "Fix checkstyle",
            "messageBody": "",
            "fileTypesAndContributionMap": {
              "functional-code": {
                "insertions": 48,
                "deletions": 34
              },
              "test-code": {
                "insertions": 78,
                "deletions": 46
              }
            }
          },
          {
            "hash": "b97c9f90fec397ff357c9295e466aaabef83d320",
            "messageTitle": "Update UG",
            "messageBody": "",
            "fileTypesAndContributionMap": {
              "functional-code": {
                "insertions": 7,
                "deletions": 4
              },
              "docs": {
                "insertions": 30,
                "deletions": 0
              }
            }
          },
          {
            "hash": "6f19b187c99a47a100e902b4eb9e87007258ee83",
            "messageTitle": "Fix checkstyle",
            "messageBody": "",
            "fileTypesAndContributionMap": {
              "functional-code": {
                "insertions": 2,
                "deletions": 2
              }
            }
          }
        ]
      },
      {
        "date": "2020-10-31",
        "commitResults": [
          {
            "hash": "fb0c6efa8ed602176767e5ae391891b05eee320e",
            "messageTitle": "Add popup notification with sound (temp)",
            "messageBody": "",
            "fileTypesAndContributionMap": {
              "functional-code": {
                "insertions": 283,
                "deletions": 31
              },
              "other": {
                "insertions": 3,
                "deletions": 0
              }
            }
          },
          {
            "hash": "a916a20fa1bdfdf5a188400792087579896ef015",
            "messageTitle": "Fix checkstyle",
            "messageBody": "",
            "fileTypesAndContributionMap": {
              "functional-code": {
                "insertions": 47,
                "deletions": 31
              },
              "test-code": {
                "insertions": 2,
                "deletions": 2
              }
            }
          },
          {
            "hash": "c7a707e6b94b246c287fa6be82d9a28203321e00",
            "messageTitle": "Fix checkstyle",
            "messageBody": "",
            "fileTypesAndContributionMap": {
              "functional-code": {
                "insertions": 22,
                "deletions": 21
              }
            }
          },
          {
            "hash": "edd9fd4bd9b60bdff05a3a40b250850c3c69af45",
            "messageTitle": "Fix fxml checkstyle",
            "messageBody": "",
            "fileTypesAndContributionMap": {
              "functional-code": {
                "insertions": 1,
                "deletions": 1
              }
            }
          },
          {
            "hash": "54e43ff49a567bc0d6d578cc208a964ab6b9c270",
            "messageTitle": "Fix test case issue with Point serialization",
            "messageBody": "",
            "fileTypesAndContributionMap": {
              "functional-code": {
                "insertions": 84,
                "deletions": 11
              },
              "test-code": {
                "insertions": 5,
                "deletions": 5
              }
            }
          }
        ]
      },
      {
        "date": "2020-11-03",
        "commitResults": [
          {
            "hash": "a284fd0fcc3d522157b59f88889b0ed343c59a5a",
            "messageTitle": "Bug fixes",
            "messageBody": "",
            "fileTypesAndContributionMap": {
              "functional-code": {
                "insertions": 32,
                "deletions": 26
              },
              "docs": {
                "insertions": 14,
                "deletions": 36
              }
            }
          },
          {
            "hash": "5595ec7e673d0019523ba63cbfc48041b583d2a1",
            "messageTitle": "Update caret position after up/down press",
            "messageBody": "",
            "fileTypesAndContributionMap": {
              "functional-code": {
                "insertions": 2,
                "deletions": 0
              }
            }
          }
        ]
      },
      {
        "date": "2020-11-05",
        "commitResults": [
          {
            "hash": "194b46b0bf3abe0fa20f5525bef2a3c606ac30da",
            "messageTitle": "Update PPP",
            "messageBody": "",
            "fileTypesAndContributionMap": {
              "docs": {
                "insertions": 2,
                "deletions": 1
              }
            }
          }
        ]
      }
    ],
    "xxzz-tt": [
      {
        "date": "2020-09-29",
        "commitResults": [
          {
            "hash": "eeb2f0f41b165b270a9a9261941424b48cc2a35f",
            "messageTitle": "Update features in user guide",
            "messageBody": "",
            "fileTypesAndContributionMap": {
              "docs": {
                "insertions": 108,
                "deletions": 16
              }
            }
          },
          {
            "hash": "bdc9535a31f91fd6ec3692f3f7ec0d9ef712a4af",
            "messageTitle": "Update use cases in DG",
            "messageBody": "",
            "fileTypesAndContributionMap": {
              "docs": {
                "insertions": 172,
                "deletions": 12
              }
            }
          },
          {
            "hash": "edbbb8ef9cc00623b8177148c302b4e2e441ac01",
            "messageTitle": "Update AboutUs",
            "messageBody": "",
            "fileTypesAndContributionMap": {
              "docs": {
                "insertions": 51,
                "deletions": 5
              }
            }
          }
        ]
      },
      {
        "date": "2020-09-30",
        "commitResults": [
          {
            "hash": "cf978371266da3083db6d9c5295894275f97d013",
            "messageTitle": "Rename photo",
            "messageBody": "",
            "fileTypesAndContributionMap": {
              "docs": {
                "insertions": 1,
                "deletions": 1
              }
            }
          }
        ]
      },
      {
        "date": "2020-10-06",
        "commitResults": [
          {
            "hash": "5cb04c46c43157691b5dee7366477d2c829548b1",
            "messageTitle": "Update commands in UG",
            "messageBody": "",
            "fileTypesAndContributionMap": {
              "docs": {
                "insertions": 46,
                "deletions": 45
              }
            }
          }
        ]
      },
      {
        "date": "2020-10-08",
        "commitResults": [
          {
            "hash": "773035a8846a52521e873e2dea6de5056eaa5637",
            "messageTitle": "Add meeting command",
            "messageBody": "",
            "fileTypesAndContributionMap": {
              "functional-code": {
                "insertions": 375,
                "deletions": 1
              },
              "test-code": {
                "insertions": 1,
                "deletions": 1
              }
            }
          },
          {
            "hash": "2686d7a0ecf04cf28df1b7cebcf3879a7cd9b574",
            "messageTitle": "Refactor add meeting command",
            "messageBody": "",
            "fileTypesAndContributionMap": {
              "functional-code": {
                "insertions": 47,
                "deletions": 65
              }
            }
          },
          {
            "hash": "c32adbedf48ec9d59d4224b3574ffe8540ef8b62",
            "messageTitle": "Update UG add meeting command",
            "messageBody": "",
            "fileTypesAndContributionMap": {
              "docs": {
                "insertions": 5,
                "deletions": 8
              }
            }
          }
        ]
      },
      {
        "date": "2020-10-10",
        "commitResults": [
          {
            "hash": "0a991f0a123c81001e4b438788d23b7922bb8f14",
            "messageTitle": "Add meeting command tests",
            "messageBody": "",
            "fileTypesAndContributionMap": {
              "test-code": {
                "insertions": 218,
                "deletions": 7
              }
            }
          },
          {
            "hash": "6a38a55a863112a22ebed1b4e6c7ee43ba3bb9b0",
            "messageTitle": "Fix checkstyle",
            "messageBody": "",
            "fileTypesAndContributionMap": {
              "functional-code": {
                "insertions": 1,
                "deletions": 1
              },
              "test-code": {
                "insertions": 6,
                "deletions": 1
              }
            }
          }
        ]
      },
      {
        "date": "2020-10-11",
        "commitResults": [
          {
            "hash": "9a46ae04632171684738b3c432bd58ec882a9d5d",
            "messageTitle": "Add edit meeting command",
            "messageBody": "",
            "fileTypesAndContributionMap": {
              "functional-code": {
                "insertions": 334,
                "deletions": 21
              }
            }
          },
          {
            "hash": "a5dd5cc97a64952386d769b5dc95a5dc103f80a7",
            "messageTitle": "Add tests",
            "messageBody": "",
            "fileTypesAndContributionMap": {
              "functional-code": {
                "insertions": 15,
                "deletions": 5
              },
              "test-code": {
                "insertions": 134,
                "deletions": 1
              }
            }
          },
          {
            "hash": "7349b9bda8e1782069cd2deddbe5765f1cd73d6f",
            "messageTitle": "update UG edit meeting command",
            "messageBody": "",
            "fileTypesAndContributionMap": {
              "docs": {
                "insertions": 12,
                "deletions": 8
              }
            }
          },
          {
            "hash": "b9b7afa4fcba30e6ddfe4c5b91e9777e4ff00ff6",
            "messageTitle": "Fix checkstyle - import lines",
            "messageBody": "",
            "fileTypesAndContributionMap": {
              "functional-code": {
                "insertions": 38,
                "deletions": 7
              },
              "other": {
                "insertions": 5,
                "deletions": 9
              },
              "test-code": {
                "insertions": 14,
                "deletions": 12
              }
            }
          }
        ]
      },
      {
        "date": "2020-10-12",
        "commitResults": [
          {
            "hash": "aba8c291722cc679acecbfb13ac0e021acca6f51",
            "messageTitle": "Refactor add participants to meeting command",
            "messageBody": "",
            "fileTypesAndContributionMap": {
              "functional-code": {
                "insertions": 41,
                "deletions": 36
              }
            }
          },
          {
            "hash": "50fa10d438b21d72ae4d2a7cae1cdf6ba4c3c8d4",
            "messageTitle": "Add command to delete participants from meeting",
            "messageBody": "",
            "fileTypesAndContributionMap": {
              "functional-code": {
                "insertions": 140,
                "deletions": 55
              }
            }
          }
        ]
      },
      {
        "date": "2020-10-13",
        "commitResults": [
          {
            "hash": "da9d344c05703255543e3a917539579646cfe31f",
            "messageTitle": "Add tests",
            "messageBody": "",
            "fileTypesAndContributionMap": {
              "functional-code": {
                "insertions": 36,
                "deletions": 26
              },
              "test-code": {
                "insertions": 66,
                "deletions": 1
              }
            }
          },
          {
            "hash": "3e7dd945955b6f9c51374c56765d6e616cb7ba00",
            "messageTitle": "Fix checkstyle",
            "messageBody": "",
            "fileTypesAndContributionMap": {
              "test-code": {
                "insertions": 1,
                "deletions": 1
              }
            }
          }
        ]
      },
      {
        "date": "2020-10-20",
        "commitResults": [
          {
            "hash": "cec3f0b58cf880d9bb62b4bdd539efde93840bdb",
            "messageTitle": "Update Add and Edit meeting features in DG",
            "messageBody": "",
            "fileTypesAndContributionMap": {
              "docs": {
                "insertions": 166,
                "deletions": 0
              }
            }
          },
          {
            "hash": "b022852f8adcc099d8efa8791887183003fd80e2",
            "messageTitle": "Enable assertions",
            "messageBody": "",
            "fileTypesAndContributionMap": {
              "other": {
                "insertions": 4,
                "deletions": 0
              }
            }
          }
        ]
      },
      {
        "date": "2020-10-25",
        "commitResults": [
          {
            "hash": "d18aed8b656147a3ee84b64f830d3d03c69a9970",
            "messageTitle": "Add UUID attribute",
            "messageBody": "",
            "fileTypesAndContributionMap": {
              "functional-code": {
                "insertions": 16,
                "deletions": 9
              },
              "test-code": {
                "insertions": 26,
                "deletions": 24
              }
            }
          },
          {
            "hash": "50c0b434fdb5ab8a799f91a57e9bdc4b1da317ed",
            "messageTitle": "Store person in hashmap",
            "messageBody": "",
            "fileTypesAndContributionMap": {
              "functional-code": {
                "insertions": 282,
                "deletions": 60
              }
            }
          }
        ]
      },
      {
        "date": "2020-10-26",
        "commitResults": [
          {
            "hash": "82f0b399cd35ff486d0b3d61b7449c9cce80f867",
            "messageTitle": "Fix bug",
            "messageBody": "",
            "fileTypesAndContributionMap": {
              "functional-code": {
                "insertions": 19,
                "deletions": 18
              }
            }
          },
          {
            "hash": "9e1fd97fc1c310223b11d4e8b8814e98468b7cc6",
            "messageTitle": "Fix checkstyle",
            "messageBody": "",
            "fileTypesAndContributionMap": {
              "functional-code": {
                "insertions": 79,
                "deletions": 61
              },
              "test-code": {
                "insertions": 85,
                "deletions": 22
              }
            }
          }
        ]
      },
      {
        "date": "2020-10-27",
        "commitResults": [
          {
            "hash": "767a78581e28d27756acbe6a9e9a0bbbdecdfc67",
            "messageTitle": "Fix bug and clean up code",
            "messageBody": "",
            "fileTypesAndContributionMap": {
              "functional-code": {
                "insertions": 39,
                "deletions": 17
              },
              "test-code": {
                "insertions": 10,
                "deletions": 0
              }
            }
          },
          {
            "hash": "85b4e704c342d122947ac4ab02fd4fed6df74b76",
            "messageTitle": "Strip trailing white spaces",
            "messageBody": "",
            "fileTypesAndContributionMap": {
              "functional-code": {
                "insertions": 1,
                "deletions": 3
              }
            }
          },
          {
            "hash": "84e549008f7db9cf87fd93cc25765362a874c1bc",
            "messageTitle": "Strip more whitespace",
            "messageBody": "",
            "fileTypesAndContributionMap": {
              "functional-code": {
                "insertions": 3,
                "deletions": 4
              },
              "test-code": {
                "insertions": 1,
                "deletions": 1
              }
            }
          },
          {
            "hash": "ef4f20ebcc2c2c3c4c5c1ee0069c9ed97de3a926",
            "messageTitle": "Implement new person map with other commands",
            "messageBody": "",
            "fileTypesAndContributionMap": {
              "functional-code": {
                "insertions": 12,
                "deletions": 11
              },
              "test-code": {
                "insertions": 6,
                "deletions": 10
              }
            }
          },
          {
            "hash": "9692e0b2ef31791bc981b4c4f951c9de1500b59f",
            "messageTitle": "Fix checkstyle again",
            "messageBody": "",
            "fileTypesAndContributionMap": {
              "functional-code": {
                "insertions": 2,
                "deletions": 4
              }
            }
          },
          {
            "hash": "f88ac098398f00e38a2c35193be5c8de82a7cfad",
            "messageTitle": "Fix test cases",
            "messageBody": "",
            "fileTypesAndContributionMap": {
              "test-code": {
                "insertions": 19,
                "deletions": 15
              }
            }
          },
          {
            "hash": "b8dbc56e3e2fe1145461b7fcb768bf8d6b80d8ec",
            "messageTitle": "Fix checkstyle yet again",
            "messageBody": "",
            "fileTypesAndContributionMap": {
              "test-code": {
                "insertions": 2,
                "deletions": 4
              }
            }
          },
          {
            "hash": "1d000cd36c277fa13bed30acbc451db51e5c660b",
            "messageTitle": "Fix date time test",
            "messageBody": "",
            "fileTypesAndContributionMap": {
              "functional-code": {
                "insertions": 1,
                "deletions": 1
              },
              "test-code": {
                "insertions": 6,
                "deletions": 4
              }
            }
          },
          {
            "hash": "fd398751bd5df4f6c54bb96ee6fbc6587c47354e",
            "messageTitle": "Fix test checkstyle",
            "messageBody": "",
            "fileTypesAndContributionMap": {
              "test-code": {
                "insertions": 8,
                "deletions": 6
              }
            }
          },
          {
            "hash": "9455410996aeaab0f669e83bd37419a2703e19b5",
            "messageTitle": "Fix test",
            "messageBody": "",
            "fileTypesAndContributionMap": {
              "test-code": {
                "insertions": 0,
                "deletions": 18
              }
            }
          },
          {
            "hash": "8ffb84c375e6e827f1e5c4517782cd0ddc6bfa3f",
            "messageTitle": "Refactor delete participant command",
            "messageBody": "",
            "fileTypesAndContributionMap": {
              "functional-code": {
                "insertions": 3,
                "deletions": 3
              }
            }
          },
          {
            "hash": "7dee0b937bc5f2864f3281727b1c10e552d77614",
            "messageTitle": "Organised UG",
            "messageBody": "",
            "fileTypesAndContributionMap": {
              "docs": {
                "insertions": 24,
                "deletions": 24
              }
            }
          }
        ]
      },
      {
        "date": "2020-10-28",
        "commitResults": [
          {
            "hash": "8dd002db3f2926a3efbdb3577e946f161066fba2",
            "messageTitle": "Fix bug for delete contact",
            "messageBody": "",
            "fileTypesAndContributionMap": {
              "functional-code": {
                "insertions": 25,
                "deletions": 1
              }
            }
          }
        ]
      },
      {
        "date": "2020-11-04",
        "commitResults": [
          {
            "hash": "4568323070deae492482e2c3e4ceffbe98789e84",
            "messageTitle": "Fix error prompt for invalid date",
            "messageBody": "",
            "fileTypesAndContributionMap": {
              "functional-code": {
                "insertions": 4,
                "deletions": 9
              }
            }
          },
          {
            "hash": "d650288ffc62f236ce2d50300e725542850b91e3",
            "messageTitle": "Change success message for add meeting and add participants",
            "messageBody": "",
            "fileTypesAndContributionMap": {
              "functional-code": {
                "insertions": 13,
                "deletions": 4
              }
            }
          },
          {
            "hash": "f63532243e111a627f1557f681c9607e800ca49b",
            "messageTitle": "Update PPP",
            "messageBody": "",
            "fileTypesAndContributionMap": {
              "functional-code": {
                "insertions": 1,
                "deletions": 7
              },
              "docs": {
                "insertions": 50,
                "deletions": 47
              }
            }
          },
          {
            "hash": "cdb5c7a272e83cfb743ecc89cc9e7ea015b259e5",
            "messageTitle": "Fix test",
            "messageBody": "",
            "fileTypesAndContributionMap": {
              "test-code": {
                "insertions": 5,
                "deletions": 7
              }
            }
          },
          {
            "hash": "63236ca7339da43cf48c1e91eb669a0213cca6d4",
            "messageTitle": "Fix checkstyle",
            "messageBody": "",
            "fileTypesAndContributionMap": {
              "test-code": {
                "insertions": 0,
                "deletions": 2
              }
            }
          }
        ]
      },
      {
        "date": "2020-11-05",
        "commitResults": [
          {
            "hash": "13c9d891c25a64eb9d388abfb079c7baf4c707f3",
            "messageTitle": "Reformat UG (partially) and update PPP",
            "messageBody": "",
            "fileTypesAndContributionMap": {
              "functional-code": {
                "insertions": 9,
                "deletions": 4
              },
              "docs": {
                "insertions": 54,
                "deletions": 31
              }
            }
          }
        ]
      },
      {
        "date": "2020-11-06",
        "commitResults": [
          {
            "hash": "8c76fde244c9ecd873a3f1b4635b1df7111cdd92",
            "messageTitle": "Fix data cleared bug",
            "messageBody": "",
            "fileTypesAndContributionMap": {
              "functional-code": {
                "insertions": 24,
                "deletions": 6
              }
            }
          },
          {
            "hash": "8cadabc1a22bac2eabeb7419126bac39008098c4",
            "messageTitle": "Update UG",
            "messageBody": "",
            "fileTypesAndContributionMap": {
              "functional-code": {
                "insertions": 28,
                "deletions": 4
              },
              "docs": {
                "insertions": 151,
                "deletions": 19
              }
            }
          },
          {
            "hash": "81dd9526f9ba94e4f0fe7ca11404eb390c9f96ad",
            "messageTitle": "Fix checkstyle",
            "messageBody": "",
            "fileTypesAndContributionMap": {
              "functional-code": {
                "insertions": 2,
                "deletions": 2
              },
              "test-code": {
                "insertions": 10,
                "deletions": 0
              }
            }
          },
          {
            "hash": "95369950a09a8382f7230ed9316f7be0f827d784",
            "messageTitle": "Fix checkstyle (again)",
            "messageBody": "",
            "fileTypesAndContributionMap": {
              "test-code": {
                "insertions": 30,
                "deletions": 7
              }
            }
          },
          {
            "hash": "9449b0f0f60257f49a90f7a09ad967b94f46a1d6",
            "messageTitle": "Add image",
            "messageBody": "",
            "fileTypesAndContributionMap": {
              "docs": {
                "insertions": 1,
                "deletions": 1
              }
            }
          }
        ]
      }
    ]
  },
  "authorFileTypeContributionMap": {
    "KOH-ZHE-HAO": {
      "docs": 214,
      "functional-code": 1085,
      "test-code": 526
    },
    "zhaohuanqdcn": {
      "docs": 239,
      "functional-code": 732,
      "test-code": 493
    },
    "ramenmen": {
      "docs": 252,
      "functional-code": 937,
      "test-code": 603
    },
    "AdithyaNarayan": {
      "docs": 189,
      "functional-code": 1701,
      "test-code": 492,
      "other": 4
    },
    "xxzz-tt": {
      "docs": 566,
      "functional-code": 1109,
      "test-code": 589,
      "other": 4
    }
  },
  "authorContributionVariance": {
    "KOH-ZHE-HAO": 21005.936,
    "zhaohuanqdcn": 9891.375,
    "ramenmen": 28181.123,
    "AdithyaNarayan": 46030.51,
    "xxzz-tt": 14170.522
  },
  "authorDisplayNameMap": {
    "KOH-ZHE-HAO": "CS2103T-W16-1 KOH .. HAO",
    "zhaohuanqdcn": "CS2103T-W16-1 ZHAO..HUAN",
    "ramenmen": "CS2103T-W16-1 LIU ..UYUE",
    "AdithyaNarayan": "CS2103T-W16-1 ADIT..ASAN",
    "xxzz-tt": "CS2103T-W16-1 TAN .. ZHI"
  }
}
