{
  "authorDailyContributionsMap": {
    "vanGoghhh": [],
    "BreadPeanutButter": [],
    "raythx98": [
      {
        "date": "2020-09-08",
        "commitResults": [
          {
            "hash": "59e1b5f1beff970729fd4eaba3b23a816b090ef4",
            "messageTitle": "Update README.md",
            "messageBody": "README file currently has no context of the nature of our project.\n\nAppended some relevant information to the file.\n\nLet\u0027s work together to make this software engineering project a great one!\n",
            "fileTypesAndContributionMap": {
              "docs": {
                "insertions": 4,
                "deletions": 0
              }
            }
          }
        ]
      },
      {
        "date": "2020-09-25",
        "commitResults": [
          {
            "hash": "dab35a6b8d1366e654d56c3c0a47a1711ae01407",
            "messageTitle": "Update README.md",
            "messageBody": "Updated README.md to to match our project, updated the link to display the correct badge for build status.\n",
            "fileTypesAndContributionMap": {
              "docs": {
                "insertions": 21,
                "deletions": 14
              }
            }
          },
          {
            "hash": "220efff7f07035be29f0a1b56ed1e4cc64c19a5f",
            "messageTitle": "Update individual project portfolio",
            "messageBody": "Related issue: #32\n",
            "fileTypesAndContributionMap": {
              "docs": {
                "insertions": 46,
                "deletions": 0
              }
            }
          },
          {
            "hash": "ec9d24fd6d0a24403f2601bd3f0eb109825c68d6",
            "messageTitle": "Improve Code Quality",
            "messageBody": "",
            "fileTypesAndContributionMap": {
              "docs": {
                "insertions": 5,
                "deletions": 5
              }
            }
          }
        ]
      }
    ],
    "g-erm": [],
    "ameliatjy": [
      {
        "date": "2020-09-25",
        "commitResults": [
          {
            "hash": "8f21abffa21ec11521df443cb93c46cc3a347d0e",
            "messageTitle": "Add members\u0027 individual pages",
            "messageBody": "",
            "fileTypesAndContributionMap": {
              "docs": {
                "insertions": 27,
                "deletions": 27
              }
            }
          },
          {
            "hash": "10e7fff1aa780779c6df76b268072a67cc796ab9",
            "messageTitle": "Change page header",
            "messageBody": "",
            "fileTypesAndContributionMap": {
              "docs": {
                "insertions": 1,
                "deletions": 4
              }
            }
          },
          {
            "hash": "56e8cfeb8961599733e10ac872aeebf2a477fd31",
            "messageTitle": "Update user profile, value proposition, user stories and use cases",
            "messageBody": "",
            "fileTypesAndContributionMap": {
              "docs": {
                "insertions": 112,
                "deletions": 17
              }
            }
          },
          {
            "hash": "c59741dd944abb1241c3e039d9fe7d2ed1cb9f32",
            "messageTitle": "Change package name",
            "messageBody": "",
            "fileTypesAndContributionMap": {
              "functional-code": {
                "insertions": 38,
                "deletions": 38
              },
              "other": {
                "insertions": 20,
                "deletions": 20
              },
              "docs": {
                "insertions": 2,
                "deletions": 2
              },
              "test-code": {
                "insertions": 45,
                "deletions": 45
              }
            }
          }
        ]
      },
      {
        "date": "2020-09-26",
        "commitResults": [
          {
            "hash": "06e906244e8a918c28064d5d4341ab59238402e8",
            "messageTitle": "Update individual project portfolio page",
            "messageBody": "",
            "fileTypesAndContributionMap": {
              "docs": {
                "insertions": 37,
                "deletions": 0
              }
            }
          }
        ]
      }
    ]
  },
  "authorFileTypeContributionMap": {
    "vanGoghhh": {
      "docs": 0,
      "functional-code": 0,
      "test-code": 0
    },
    "BreadPeanutButter": {
      "docs": 0,
      "functional-code": 0,
      "test-code": 0
    },
    "raythx98": {
      "docs": 67,
      "functional-code": 0,
      "test-code": 0
    },
    "g-erm": {
      "docs": 0,
      "functional-code": 0,
      "test-code": 0
    },
    "ameliatjy": {
      "docs": 178,
      "functional-code": 49,
      "test-code": 54
    }
  },
  "authorContributionVariance": {
    "vanGoghhh": 0.0,
    "BreadPeanutButter": 0.0,
    "raythx98": 183.90651,
    "g-erm": 0.0,
    "ameliatjy": 3533.4648
  },
  "authorDisplayNameMap": {
    "vanGoghhh": "CS2103T-T17-3 NIGE..HENG",
    "BreadPeanutButter": "CS2103T-T17-3 LEE .. JIE",
    "raythx98": "CS2103T-T17-3 TOH ..XIAN",
    "g-erm": "CS2103T-T17-3 TAN ..AINE",
    "ameliatjy": "CS2103T-T17-3 AMEL..N YU"
  }
}
