{
  "authorDailyContributionsMap": {
    "amylzting": [
      {
        "date": "2020-09-21",
        "commitResults": [
          {
            "hash": "695598af839814352fac955acdf384da1a72b8d5",
            "messageTitle": "Write content of README",
            "messageBody": "",
            "fileTypesAndContributionMap": {
              "docs": {
                "insertions": 15,
                "deletions": 11
              }
            }
          }
        ]
      },
      {
        "date": "2020-09-22",
        "commitResults": [
          {
            "hash": "06dca80d718979632cf74fdff3a7c897438bf31f",
            "messageTitle": "Add own profile to AboutUs",
            "messageBody": "",
            "fileTypesAndContributionMap": {
              "docs": {
                "insertions": 51,
                "deletions": 0
              }
            }
          },
          {
            "hash": "5eb9c6c7412200e87fed9bc7ed5188d396b2b7db",
            "messageTitle": "Update DG for find feature, NFR, and glossary",
            "messageBody": "",
            "fileTypesAndContributionMap": {
              "docs": {
                "insertions": 159,
                "deletions": 4
              }
            }
          },
          {
            "hash": "1814ac966059152d8added4ccaa4d98832bf1ae4",
            "messageTitle": "Edit contribution at DG",
            "messageBody": "",
            "fileTypesAndContributionMap": {
              "docs": {
                "insertions": 8,
                "deletions": 7
              }
            }
          },
          {
            "hash": "23b1be820cc12b97e31a23a9186fe51db4a942ad",
            "messageTitle": "Fix trailing whitespaces and new line at EOF",
            "messageBody": "",
            "fileTypesAndContributionMap": {
              "docs": {
                "insertions": 14,
                "deletions": 17
              }
            }
          }
        ]
      },
      {
        "date": "2020-09-23",
        "commitResults": [
          {
            "hash": "92cf2894f833a144944ae4a8d02a8ef8d0ee1449",
            "messageTitle": "Add whitespace to standardise format",
            "messageBody": "",
            "fileTypesAndContributionMap": {
              "docs": {
                "insertions": 5,
                "deletions": 5
              }
            }
          }
        ]
      },
      {
        "date": "2020-10-02",
        "commitResults": [
          {
            "hash": "320f812f0db9922c567805e69c2fac93db984c72",
            "messageTitle": "Update to parsers for find command",
            "messageBody": "Let\u0027s\n* update the parser class to parse for field prefix\nand keywords to search for.\n* update person to stock in StockListPanel.\n",
            "fileTypesAndContributionMap": {
              "functional-code": {
                "insertions": 29,
                "deletions": 9
              }
            }
          },
          {
            "hash": "1351c93e4af459c9412211334b067500d0c01a08",
            "messageTitle": "Fix boolean at match checker",
            "messageBody": "",
            "fileTypesAndContributionMap": {
              "functional-code": {
                "insertions": 1,
                "deletions": 1
              }
            }
          },
          {
            "hash": "04761dca1df9b38e5218770379a0387022191a2a",
            "messageTitle": "Package predicates for search",
            "messageBody": "Let\u0027s create a predicate package for\npredicates\n - NameContainsKeywordPredicate\n - SourceContainsKeywordPredicate\n - SerialNumberContainsKeywordPredicate\n - LocationContainsKeywordPredicate\n",
            "fileTypesAndContributionMap": {
              "functional-code": {
                "insertions": 2,
                "deletions": 2
              },
              "other": {
                "insertions": 12,
                "deletions": 4
              }
            }
          },
          {
            "hash": "abdbd6fd37c9ac0adf37b7e150e20ef8f42baf2a",
            "messageTitle": "Implement predicate classes for search",
            "messageBody": "Let\u0027s implement predicate classes\n - NameContainsKeywordPredicate\n - SourceContainsKeywordPredicate\n - SerialNumberContainsKeywordPredicate\n - LocationContainsKeywordPredicate\n",
            "fileTypesAndContributionMap": {
              "functional-code": {
                "insertions": 109,
                "deletions": 2
              }
            }
          },
          {
            "hash": "95d37df961502b6366ff05ec0001067696d70fa1",
            "messageTitle": "Implement the FindCommandParser class",
            "messageBody": "Let\u0027s implement the FindCommandParser class\nto parse any number of fields input by user.\n\nLet\u0027s add the serial number prefix.\n",
            "fileTypesAndContributionMap": {
              "functional-code": {
                "insertions": 83,
                "deletions": 8
              }
            }
          }
        ]
      },
      {
        "date": "2020-10-03",
        "commitResults": [
          {
            "hash": "c0708827bd865168ab3252158d7d2c5fa9ef075e",
            "messageTitle": "Add ability to find multiple fields",
            "messageBody": "Let\u0027s add the ability for users to find\nby typing multiple fields in search.\n- current: only last successful field will be shown\n",
            "fileTypesAndContributionMap": {
              "functional-code": {
                "insertions": 23,
                "deletions": 39
              }
            }
          },
          {
            "hash": "407bef914ba996bd1e53f7d8d8f9e0754f0be031",
            "messageTitle": "Add ability to find multiple fields",
            "messageBody": "Let\u0027s add the ability to find stocks using\nby searching based on multiple fields.\n\nFor flexibility, field search term that matches any of\nthe fields in the stock is displayed.\n",
            "fileTypesAndContributionMap": {
              "functional-code": {
                "insertions": 6,
                "deletions": 3
              }
            }
          },
          {
            "hash": "4f8faa946a9dfa403e301601589a2c628464490f",
            "messageTitle": "Add ability for to display search terms for user",
            "messageBody": "Let\u0027s\n* update the help/usage message for find command\n* add ability to display what user has searched for\n",
            "fileTypesAndContributionMap": {
              "functional-code": {
                "insertions": 37,
                "deletions": 6
              }
            }
          },
          {
            "hash": "ce5540c1801999c10a11a0ee80f87a1a2c24d378",
            "messageTitle": "Add javadocs for command, parser and predicate classes",
            "messageBody": "",
            "fileTypesAndContributionMap": {
              "functional-code": {
                "insertions": 55,
                "deletions": 29
              }
            }
          },
          {
            "hash": "13a01b95879a67fab4f1e679237f5980bfbe1eb7",
            "messageTitle": "Fix access issue caused by merging",
            "messageBody": "",
            "fileTypesAndContributionMap": {
              "functional-code": {
                "insertions": 1,
                "deletions": 1
              }
            }
          },
          {
            "hash": "7ce76f6af42274e81d0e36659612a0627c2bb7c4",
            "messageTitle": "Fix checkstyle issues",
            "messageBody": "",
            "fileTypesAndContributionMap": {
              "functional-code": {
                "insertions": 31,
                "deletions": 25
              }
            }
          },
          {
            "hash": "9c4cc8f8eca5726906a20574d0c066479732c93e",
            "messageTitle": "Fix checkstyle issues",
            "messageBody": "",
            "fileTypesAndContributionMap": {
              "functional-code": {
                "insertions": 5,
                "deletions": 17
              }
            }
          }
        ]
      },
      {
        "date": "2020-10-08",
        "commitResults": [
          {
            "hash": "34d090392a14b382b79b8eafd3c6386fe1753322",
            "messageTitle": "Update user guide for find feature",
            "messageBody": "",
            "fileTypesAndContributionMap": {
              "docs": {
                "insertions": 31,
                "deletions": 14
              }
            }
          }
        ]
      },
      {
        "date": "2020-10-10",
        "commitResults": [
          {
            "hash": "62a1a70fd8a74ceba9332517c732288725434b21",
            "messageTitle": "Implement findexact feature",
            "messageBody": "Let\u0027s implement the findexact command and parser.\n",
            "fileTypesAndContributionMap": {
              "functional-code": {
                "insertions": 189,
                "deletions": 0
              }
            }
          },
          {
            "hash": "d20a7a8e265921564d75c6ee28254ab87d5f9122",
            "messageTitle": "Edit message header in Messages",
            "messageBody": "",
            "fileTypesAndContributionMap": {
              "functional-code": {
                "insertions": 3,
                "deletions": 3
              }
            }
          },
          {
            "hash": "d33af232ad25b38d58e734effcb9773fc0080bfc",
            "messageTitle": "Edit command usage message",
            "messageBody": "",
            "fileTypesAndContributionMap": {
              "functional-code": {
                "insertions": 1,
                "deletions": 7
              }
            }
          },
          {
            "hash": "8c04d1ac33b0547083d68a857bb40a9bfbe9d77a",
            "messageTitle": "Remove unused import",
            "messageBody": "",
            "fileTypesAndContributionMap": {
              "functional-code": {
                "insertions": 0,
                "deletions": 1
              }
            }
          },
          {
            "hash": "9f63e06a6204a233ec579f9357f2343be4eef52a",
            "messageTitle": "Fix merge conflict",
            "messageBody": "",
            "fileTypesAndContributionMap": {
              "functional-code": {
                "insertions": 6,
                "deletions": 6
              }
            }
          }
        ]
      },
      {
        "date": "2020-10-12",
        "commitResults": [
          {
            "hash": "b0660c1e968179f1163a340226009cb85917ba56",
            "messageTitle": "Edit parser for findexact command",
            "messageBody": "",
            "fileTypesAndContributionMap": {
              "functional-code": {
                "insertions": 15,
                "deletions": 4
              }
            }
          },
          {
            "hash": "d50429d4b3c575b6a95bc100db8b10b24b35bd4a",
            "messageTitle": "Checkstyle changes",
            "messageBody": "",
            "fileTypesAndContributionMap": {
              "functional-code": {
                "insertions": 0,
                "deletions": 1
              }
            }
          },
          {
            "hash": "ad34c8edc62ead3f27c8820347947b1d500d5d05",
            "messageTitle": "Edit find command parser",
            "messageBody": "",
            "fileTypesAndContributionMap": {
              "functional-code": {
                "insertions": 14,
                "deletions": 4
              }
            }
          },
          {
            "hash": "641c57b523c6decd44c20e17ed3d3856262a6b6e",
            "messageTitle": "Update find predicates",
            "messageBody": "Let\u0027s update the predicates used\nto find stocks as stock fields should\ncontain all keywords specified.\n",
            "fileTypesAndContributionMap": {
              "functional-code": {
                "insertions": 12,
                "deletions": 8
              }
            }
          },
          {
            "hash": "7312eb718d1b1cca350ac3cce77d1de3950fc58d",
            "messageTitle": "Update User Guide for FindExact command",
            "messageBody": "",
            "fileTypesAndContributionMap": {
              "docs": {
                "insertions": 58,
                "deletions": 17
              }
            }
          }
        ]
      },
      {
        "date": "2020-10-13",
        "commitResults": [
          {
            "hash": "7c70187d085047bf51e9948abd5292412d30180e",
            "messageTitle": "Edit findexact command parser",
            "messageBody": "Let\u0027s edit findexact command parser so that\ninvalid prefixes such as q/, iq/ and nq/\nshows invalid command format message.\n",
            "fileTypesAndContributionMap": {
              "functional-code": {
                "insertions": 11,
                "deletions": 2
              }
            }
          },
          {
            "hash": "4244a5dfc6d5b372bc9b3e03640d08d8652955c6",
            "messageTitle": "Edit find command parser and fix checkstyle",
            "messageBody": "",
            "fileTypesAndContributionMap": {
              "functional-code": {
                "insertions": 11,
                "deletions": 9
              }
            }
          },
          {
            "hash": "4df1394bf4850644e2e03782496e5e380e2c19e1",
            "messageTitle": "Edit find field predicates and test",
            "messageBody": "",
            "fileTypesAndContributionMap": {
              "functional-code": {
                "insertions": 28,
                "deletions": 12
              },
              "test-code": {
                "insertions": 1,
                "deletions": 1
              }
            }
          },
          {
            "hash": "ec9ebbd08b20090d22ebbb001dd1c5d8bd11129e",
            "messageTitle": "Edit condition for predicate test",
            "messageBody": "",
            "fileTypesAndContributionMap": {
              "functional-code": {
                "insertions": 4,
                "deletions": 4
              }
            }
          }
        ]
      },
      {
        "date": "2020-10-14",
        "commitResults": [
          {
            "hash": "b1a9b54a3c64da0044388acbc09613b771c85eaf",
            "messageTitle": "Add tests for field predicates for find feature",
            "messageBody": "Let\u0027s add tests for classes:\n*NameContainsKeywordsPredicate\n*LocationContainsKeywordsPredicate\n*SourceContainsKeywordsPredicate\n*SerialNumberContainsKeywordsPredicate\n",
            "fileTypesAndContributionMap": {
              "test-code": {
                "insertions": 570,
                "deletions": 30
              }
            }
          },
          {
            "hash": "ab02d49ffc3c17f9cba167983b2ec25bcecb3a90",
            "messageTitle": "Add tests for find command",
            "messageBody": "",
            "fileTypesAndContributionMap": {
              "test-code": {
                "insertions": 100,
                "deletions": 5
              }
            }
          }
        ]
      }
    ],
    "AudreyFelicio": [
      {
        "date": "2020-09-04",
        "commitResults": [
          {
            "hash": "9f7e8ad5dd72cd11ccc4596b36c642275561a5b1",
            "messageTitle": "Add run to gradle",
            "messageBody": "",
            "fileTypesAndContributionMap": {
              "other": {
                "insertions": 2,
                "deletions": 0
              }
            }
          }
        ]
      },
      {
        "date": "2020-09-20",
        "commitResults": [
          {
            "hash": "467f4396c082029dc0a11b6a06bd9b96ed5afc0d",
            "messageTitle": "Add Audrey\u0027s profile to about us page",
            "messageBody": "",
            "fileTypesAndContributionMap": {
              "docs": {
                "insertions": 17,
                "deletions": 92
              }
            }
          }
        ]
      },
      {
        "date": "2020-09-21",
        "commitResults": [
          {
            "hash": "4443e00487969d8d2d15dd20fbee48d464ae22e9",
            "messageTitle": "Update personal contributions to the project",
            "messageBody": "",
            "fileTypesAndContributionMap": {
              "docs": {
                "insertions": 28,
                "deletions": 0
              }
            }
          },
          {
            "hash": "976d924280eb326fc1fcae1da5fc84f1f07f2c4f",
            "messageTitle": "Fix line ending",
            "messageBody": "",
            "fileTypesAndContributionMap": {
              "docs": {
                "insertions": 39,
                "deletions": 39
              }
            }
          },
          {
            "hash": "7aa478e25f10f1217c9075d209f2f8082098130f",
            "messageTitle": "Fix newline at end of file",
            "messageBody": "",
            "fileTypesAndContributionMap": {
              "docs": {
                "insertions": 1,
                "deletions": 1
              }
            }
          },
          {
            "hash": "079ea933ca5b0fd04ffd4f0cc2eb9ea8213494c4",
            "messageTitle": "Add user stories to developer guide",
            "messageBody": "",
            "fileTypesAndContributionMap": {
              "docs": {
                "insertions": 30,
                "deletions": 10
              }
            }
          }
        ]
      },
      {
        "date": "2020-09-25",
        "commitResults": [
          {
            "hash": "58031223f0efbee0986355bb13c9e5bf729b37b1",
            "messageTitle": "Update github actions build status badge",
            "messageBody": "",
            "fileTypesAndContributionMap": {
              "docs": {
                "insertions": 1,
                "deletions": 1
              }
            }
          },
          {
            "hash": "c758f0200e25362435dfc60153c1108eb7830009",
            "messageTitle": "Standardize headers format",
            "messageBody": "",
            "fileTypesAndContributionMap": {
              "docs": {
                "insertions": 4,
                "deletions": 4
              }
            }
          },
          {
            "hash": "1db9a328fb3fe8f3e842ee31b0853683926b3aa7",
            "messageTitle": "Add update use cases to developer guide",
            "messageBody": "",
            "fileTypesAndContributionMap": {
              "docs": {
                "insertions": 187,
                "deletions": 0
              }
            }
          },
          {
            "hash": "07eb37ab7d01fca23d3265b93b8f064908359fd1",
            "messageTitle": "Add instructions for manual testing of update",
            "messageBody": "",
            "fileTypesAndContributionMap": {
              "docs": {
                "insertions": 39,
                "deletions": 7
              }
            }
          }
        ]
      },
      {
        "date": "2020-09-26",
        "commitResults": [
          {
            "hash": "a09507990525f3d7d17ccb523d04bf186a6cadf3",
            "messageTitle": "Add missing update use cases",
            "messageBody": "",
            "fileTypesAndContributionMap": {
              "docs": {
                "insertions": 67,
                "deletions": 7
              }
            }
          },
          {
            "hash": "acb78de604bd21dece27d4ff4a9026d3e1debd41",
            "messageTitle": "Update home page of documentation website",
            "messageBody": "",
            "fileTypesAndContributionMap": {
              "docs": {
                "insertions": 20,
                "deletions": 6
              }
            }
          },
          {
            "hash": "ae389c080033884190761ef8afdcc3263d0aea00",
            "messageTitle": "Update serial number use cases",
            "messageBody": "",
            "fileTypesAndContributionMap": {
              "docs": {
                "insertions": 36,
                "deletions": 74
              }
            }
          }
        ]
      },
      {
        "date": "2020-09-27",
        "commitResults": [
          {
            "hash": "a3838070a0cbe13936e5eebb4c2b0206d0c551ac",
            "messageTitle": "Provide skeleton for update command",
            "messageBody": "",
            "fileTypesAndContributionMap": {
              "functional-code": {
                "insertions": 31,
                "deletions": 0
              }
            }
          }
        ]
      },
      {
        "date": "2020-09-29",
        "commitResults": [
          {
            "hash": "ddbd3cf0104087bb14e4e21bb343c862e171907a",
            "messageTitle": "Create class to hold updated stock information",
            "messageBody": "",
            "fileTypesAndContributionMap": {
              "functional-code": {
                "insertions": 100,
                "deletions": 0
              }
            }
          },
          {
            "hash": "14a984667e2940cd4d1d4766a4359fd12fe182c8",
            "messageTitle": "Add constructor and messages to update command",
            "messageBody": "",
            "fileTypesAndContributionMap": {
              "functional-code": {
                "insertions": 47,
                "deletions": 1
              }
            }
          }
        ]
      },
      {
        "date": "2020-10-01",
        "commitResults": [
          {
            "hash": "38874b0fbccf3bf20bbf8ef3451aa665cfabc9b0",
            "messageTitle": "Create skeleton for update command parser",
            "messageBody": "",
            "fileTypesAndContributionMap": {
              "functional-code": {
                "insertions": 60,
                "deletions": 0
              }
            }
          },
          {
            "hash": "9e4d58251c05d915c62db61da9d01f68442659bf",
            "messageTitle": "Add increment quantity to parser and remove unused arguments",
            "messageBody": "",
            "fileTypesAndContributionMap": {
              "functional-code": {
                "insertions": 22,
                "deletions": 10
              }
            }
          },
          {
            "hash": "41e08eb775ffd77705752910fda64b03de069506",
            "messageTitle": "Add skeleton to execute update command",
            "messageBody": "",
            "fileTypesAndContributionMap": {
              "functional-code": {
                "insertions": 26,
                "deletions": 0
              }
            }
          }
        ]
      },
      {
        "date": "2020-10-02",
        "commitResults": [
          {
            "hash": "93fbed9c6c9b3ba260eaebf56701206ca1ea721c",
            "messageTitle": "Make update command detectable by GUI",
            "messageBody": "",
            "fileTypesAndContributionMap": {
              "functional-code": {
                "insertions": 22,
                "deletions": 20
              }
            }
          },
          {
            "hash": "b56b3f349a99f0a81e2e1a66f6c9aa84d6875ffd",
            "messageTitle": "Enable update command to be executed",
            "messageBody": "",
            "fileTypesAndContributionMap": {
              "functional-code": {
                "insertions": 1,
                "deletions": 1
              }
            }
          },
          {
            "hash": "7059edca1b5f9b5507c0e847ed10af2e9f10df0c",
            "messageTitle": "Add ability to execute update increment quantity",
            "messageBody": "",
            "fileTypesAndContributionMap": {
              "functional-code": {
                "insertions": 29,
                "deletions": 2
              }
            }
          },
          {
            "hash": "cdf4650921d570db42e75b86b2c53781c5c926ca",
            "messageTitle": "Add javadoc comments",
            "messageBody": "",
            "fileTypesAndContributionMap": {
              "functional-code": {
                "insertions": 19,
                "deletions": 7
              }
            }
          }
        ]
      },
      {
        "date": "2020-10-04",
        "commitResults": [
          {
            "hash": "91742b6808662c96cf9887b0dd232102e246d187",
            "messageTitle": "Enable update command to update according to serial number",
            "messageBody": "",
            "fileTypesAndContributionMap": {
              "functional-code": {
                "insertions": 28,
                "deletions": 8
              }
            }
          },
          {
            "hash": "e9af8143fe1dd439d17e18e107a5cca5190c7b1a",
            "messageTitle": "Fix update increment quantity functionality",
            "messageBody": "",
            "fileTypesAndContributionMap": {
              "functional-code": {
                "insertions": 90,
                "deletions": 37
              }
            }
          }
        ]
      },
      {
        "date": "2020-10-05",
        "commitResults": [
          {
            "hash": "7e301cd1d4025309e3fcb694a6956e9adddd8879",
            "messageTitle": "Add javadocs comments",
            "messageBody": "",
            "fileTypesAndContributionMap": {
              "functional-code": {
                "insertions": 31,
                "deletions": 3
              }
            }
          },
          {
            "hash": "11b067493e72663de647f1cbc9d9371295a78d4f",
            "messageTitle": "Handle error when both increment and new quantity prefixes are present",
            "messageBody": "",
            "fileTypesAndContributionMap": {
              "functional-code": {
                "insertions": 12,
                "deletions": 0
              }
            }
          }
        ]
      },
      {
        "date": "2020-10-06",
        "commitResults": [
          {
            "hash": "83d0a86703665f484f506babcd55ae67998f963c",
            "messageTitle": "Add ability to update multiple stocks at once",
            "messageBody": "",
            "fileTypesAndContributionMap": {
              "functional-code": {
                "insertions": 65,
                "deletions": 28
              }
            }
          },
          {
            "hash": "9600aaa92941df28cc112508cf81efc88e6a796b",
            "messageTitle": "Fix update command equals function",
            "messageBody": "",
            "fileTypesAndContributionMap": {
              "functional-code": {
                "insertions": 3,
                "deletions": 1
              }
            }
          },
          {
            "hash": "ebac02cf73c67208451eb9fcdba6425ec4b38b53",
            "messageTitle": "Add javadocs comments",
            "messageBody": "",
            "fileTypesAndContributionMap": {
              "functional-code": {
                "insertions": 17,
                "deletions": 1
              }
            }
          },
          {
            "hash": "3b78a0db50401d1112ffc36adc75281dd36cece9",
            "messageTitle": "Fix wrongly displayed error message",
            "messageBody": "",
            "fileTypesAndContributionMap": {
              "functional-code": {
                "insertions": 9,
                "deletions": 3
              }
            }
          },
          {
            "hash": "73e44baee82f8c300243d29f6470e21f0ea24e92",
            "messageTitle": "Update documentation of update feature",
            "messageBody": "",
            "fileTypesAndContributionMap": {
              "docs": {
                "insertions": 41,
                "deletions": 21
              }
            }
          }
        ]
      },
      {
        "date": "2020-10-07",
        "commitResults": [
          {
            "hash": "ee73e4ad5ac017c1e01887bd756e8861a483e6b1",
            "messageTitle": "Fix to disallow multiple fields for some prefixes",
            "messageBody": "",
            "fileTypesAndContributionMap": {
              "functional-code": {
                "insertions": 28,
                "deletions": 0
              }
            }
          },
          {
            "hash": "b9ba57e21368d5120e065cabd4c62d4ee34b29bd",
            "messageTitle": "Fix display stock error",
            "messageBody": "",
            "fileTypesAndContributionMap": {
              "functional-code": {
                "insertions": 3,
                "deletions": 1
              }
            }
          },
          {
            "hash": "f7e5bdb1dad67276066873998680016e9af9f40c",
            "messageTitle": "Update UG",
            "messageBody": "",
            "fileTypesAndContributionMap": {
              "docs": {
                "insertions": 3,
                "deletions": 0
              }
            }
          },
          {
            "hash": "3cdfa5a28e6499827963f8d96ac8fc6ce6cb907d",
            "messageTitle": "Create builder for update stock descriptor",
            "messageBody": "",
            "fileTypesAndContributionMap": {
              "test-code": {
                "insertions": 105,
                "deletions": 15
              }
            }
          },
          {
            "hash": "e11aaab8328f2c0e20069d630057ee90737fe352",
            "messageTitle": "Complete typical stocks class",
            "messageBody": "",
            "fileTypesAndContributionMap": {
              "test-code": {
                "insertions": 22,
                "deletions": 0
              }
            }
          },
          {
            "hash": "8f0b21edf74dbcb89b0c99f4ed2bf6305c16a72c",
            "messageTitle": "Add serial number generator in typical stocks",
            "messageBody": "",
            "fileTypesAndContributionMap": {
              "test-code": {
                "insertions": 13,
                "deletions": 0
              }
            }
          }
        ]
      },
      {
        "date": "2020-10-08",
        "commitResults": [
          {
            "hash": "9faa6e736e44aecb5b1589cc7c0e7060eef5a639",
            "messageTitle": "Add assertion utils",
            "messageBody": "",
            "fileTypesAndContributionMap": {
              "test-code": {
                "insertions": 57,
                "deletions": 1
              }
            }
          },
          {
            "hash": "bf41fa42f90970b88126ec97e69b7cc71160503c",
            "messageTitle": "Add first test for update command",
            "messageBody": "",
            "fileTypesAndContributionMap": {
              "test-code": {
                "insertions": 28,
                "deletions": 3
              }
            }
          },
          {
            "hash": "b909b99048458e9070a570fe437c2531f3a07825",
            "messageTitle": "Add unfiltered list tests",
            "messageBody": "",
            "fileTypesAndContributionMap": {
              "test-code": {
                "insertions": 44,
                "deletions": 0
              }
            }
          },
          {
            "hash": "89e26f17befbc679da701c8eb2bd54d548212095",
            "messageTitle": "Add filtered list tests",
            "messageBody": "",
            "fileTypesAndContributionMap": {
              "test-code": {
                "insertions": 17,
                "deletions": 2
              }
            }
          },
          {
            "hash": "35e1aab965cf0640e96cec862955ce22af7df4e2",
            "messageTitle": "Add equals test",
            "messageBody": "",
            "fileTypesAndContributionMap": {
              "test-code": {
                "insertions": 32,
                "deletions": 2
              }
            }
          },
          {
            "hash": "79810b2ae4213ca91bbf07e6b51639a6d9ad8918",
            "messageTitle": "Add more success tests",
            "messageBody": "",
            "fileTypesAndContributionMap": {
              "test-code": {
                "insertions": 87,
                "deletions": 2
              }
            }
          },
          {
            "hash": "7f80eeff8b16f3e2d696d5864a96d5d84b22925b",
            "messageTitle": "Add serial number not found tests",
            "messageBody": "",
            "fileTypesAndContributionMap": {
              "test-code": {
                "insertions": 28,
                "deletions": 0
              }
            }
          }
        ]
      },
      {
        "date": "2020-10-09",
        "commitResults": [
          {
            "hash": "6c49c1b5e226c1910403fb20413f323d715d5970",
            "messageTitle": "Add failure tests for update command parser",
            "messageBody": "",
            "fileTypesAndContributionMap": {
              "test-code": {
                "insertions": 90,
                "deletions": 5
              }
            }
          },
          {
            "hash": "98675e8b200bbc38e4b0397212d15271f81431aa",
            "messageTitle": "Add success tests for update command parser",
            "messageBody": "",
            "fileTypesAndContributionMap": {
              "test-code": {
                "insertions": 209,
                "deletions": 2
              }
            }
          }
        ]
      },
      {
        "date": "2020-10-10",
        "commitResults": [
          {
            "hash": "ff386eedbd6db02c0010489ba87c50c3e1c8e54b",
            "messageTitle": "Add utilities to compute minimum edit distance",
            "messageBody": "",
            "fileTypesAndContributionMap": {
              "functional-code": {
                "insertions": 41,
                "deletions": 0
              }
            }
          }
        ]
      },
      {
        "date": "2020-10-12",
        "commitResults": [
          {
            "hash": "d2b23857c9ae6b3048edcd26653a6eae29fd301e",
            "messageTitle": "Create command words class",
            "messageBody": "",
            "fileTypesAndContributionMap": {
              "functional-code": {
                "insertions": 27,
                "deletions": 0
              },
              "other": {
                "insertions": 1,
                "deletions": 1
              }
            }
          },
          {
            "hash": "66f24b9b2f666a40fe4472b1cf5e1d4b8b9e177c",
            "messageTitle": "Make skeleton for suggestion feature",
            "messageBody": "",
            "fileTypesAndContributionMap": {
              "functional-code": {
                "insertions": 26,
                "deletions": 2
              }
            }
          },
          {
            "hash": "8117df52c886f601822eec3132e45223c458924c",
            "messageTitle": "PImplement suggestion for command word",
            "messageBody": "",
            "fileTypesAndContributionMap": {
              "functional-code": {
                "insertions": 53,
                "deletions": 4
              }
            }
          },
          {
            "hash": "37cde8ed46edd144eb786f537b19f77f0a6db1d4",
            "messageTitle": "Improve minimum edit distance heuristics",
            "messageBody": "",
            "fileTypesAndContributionMap": {
              "functional-code": {
                "insertions": 4,
                "deletions": 3
              }
            }
          },
          {
            "hash": "c28c7c5a05385a2c78985cac79a67c1242c7e29e",
            "messageTitle": "Add suggestion for exit command",
            "messageBody": "",
            "fileTypesAndContributionMap": {
              "functional-code": {
                "insertions": 17,
                "deletions": 2
              }
            }
          },
          {
            "hash": "79ec6d9bf9b203a8c1040592283bbcc58b01fb6b",
            "messageTitle": "Add suggestion for help and list commands",
            "messageBody": "",
            "fileTypesAndContributionMap": {
              "functional-code": {
                "insertions": 20,
                "deletions": 0
              }
            }
          }
        ]
      },
      {
        "date": "2020-10-13",
        "commitResults": [
          {
            "hash": "cd26f3682622f3d0cde3649cb70d716d13b8ab6a",
            "messageTitle": "Add suggestion for add command if command word is faulty",
            "messageBody": "",
            "fileTypesAndContributionMap": {
              "functional-code": {
                "insertions": 34,
                "deletions": 1
              }
            }
          },
          {
            "hash": "bdc9c41319fb00899809a4c95ec3928e408abc10",
            "messageTitle": "Fix user guide formatting and table errors",
            "messageBody": "",
            "fileTypesAndContributionMap": {
              "other": {
                "insertions": 1,
                "deletions": 1
              },
              "docs": {
                "insertions": 47,
                "deletions": 42
              }
            }
          },
          {
            "hash": "2ddd97932a5d251d99be0666cdf654b77b0d5e43",
            "messageTitle": "Update docs for update feature",
            "messageBody": "",
            "fileTypesAndContributionMap": {
              "docs": {
                "insertions": 51,
                "deletions": 14
              }
            }
          },
          {
            "hash": "3470f0c5dfb2fe5787996c4dc2903ac023b500ad",
            "messageTitle": "Update personal contributions",
            "messageBody": "",
            "fileTypesAndContributionMap": {
              "docs": {
                "insertions": 11,
                "deletions": 4
              }
            }
          }
        ]
      },
      {
        "date": "2020-10-14",
        "commitResults": [
          {
            "hash": "7af5c19f7db3218409ca4e4f59721d4b766a5b53",
            "messageTitle": "Enhance suggestion message for faulty add command",
            "messageBody": "",
            "fileTypesAndContributionMap": {
              "functional-code": {
                "insertions": 20,
                "deletions": 0
              }
            }
          },
          {
            "hash": "9407217333b4c565c0eb38cc18fd7da124ba0cf3",
            "messageTitle": "Add suggestion for delete command",
            "messageBody": "",
            "fileTypesAndContributionMap": {
              "functional-code": {
                "insertions": 25,
                "deletions": 1
              }
            }
          },
          {
            "hash": "f3f69f27c4a75d395b9d9406d602cf28c778e51d",
            "messageTitle": "Add suggestion for find command",
            "messageBody": "",
            "fileTypesAndContributionMap": {
              "functional-code": {
                "insertions": 18,
                "deletions": 0
              }
            }
          },
          {
            "hash": "9d5afa429ba28ce2097b7943bb04e896e3e83521",
            "messageTitle": "Add suggestion for update command",
            "messageBody": "",
            "fileTypesAndContributionMap": {
              "functional-code": {
                "insertions": 31,
                "deletions": 0
              }
            }
          },
          {
            "hash": "aaf0902027cfe58b3a6d00040ea41b2f58e64f32",
            "messageTitle": "Add suggestion for find exact command",
            "messageBody": "",
            "fileTypesAndContributionMap": {
              "functional-code": {
                "insertions": 20,
                "deletions": 0
              }
            }
          },
          {
            "hash": "0230a8884eda930750c1ed52b85ecdd3a97e26eb",
            "messageTitle": "Add suggestion for add command parsing errors",
            "messageBody": "",
            "fileTypesAndContributionMap": {
              "functional-code": {
                "insertions": 42,
                "deletions": 4
              }
            }
          },
          {
            "hash": "984978ae30b2c727f94e0bf96b1fcb3db212371d",
            "messageTitle": "Add suggestion for find command parser errors",
            "messageBody": "",
            "fileTypesAndContributionMap": {
              "functional-code": {
                "insertions": 16,
                "deletions": 4
              }
            }
          },
          {
            "hash": "53367770a360101e35d77a8ed75480910e91d76a",
            "messageTitle": "Add suggestion for find exact command parse errors",
            "messageBody": "",
            "fileTypesAndContributionMap": {
              "functional-code": {
                "insertions": 10,
                "deletions": 1
              }
            }
          },
          {
            "hash": "927ead2551ac9581f40bc806930f6351d49dd010",
            "messageTitle": "Add suggestion for delete command parse errors",
            "messageBody": "",
            "fileTypesAndContributionMap": {
              "functional-code": {
                "insertions": 11,
                "deletions": 2
              }
            }
          }
        ]
      },
      {
        "date": "2020-10-15",
        "commitResults": [
          {
            "hash": "a07b9c386fc6d8fa6b19a244d554a24c9a0fde57",
            "messageTitle": "Add suggestion for update command parse errors",
            "messageBody": "",
            "fileTypesAndContributionMap": {
              "functional-code": {
                "insertions": 18,
                "deletions": 3
              }
            }
          },
          {
            "hash": "0a340330a1cf6ec63ad6b9b14136058f4cb78144",
            "messageTitle": "Add javadocs and improve code quality",
            "messageBody": "",
            "fileTypesAndContributionMap": {
              "functional-code": {
                "insertions": 86,
                "deletions": 4
              }
            }
          },
          {
            "hash": "26208755994b8be9ab741fc28f4ef715c4ab8502",
            "messageTitle": "Enhance suggestion for help and list commands",
            "messageBody": "",
            "fileTypesAndContributionMap": {
              "functional-code": {
                "insertions": 40,
                "deletions": 3
              }
            }
          }
        ]
      }
    ],
    "kc-98": [
      {
        "date": "2020-09-19",
        "commitResults": [
          {
            "hash": "044a1ea8d78316d9cf7e0477cc31f89147812144",
            "messageTitle": "Update User Guide",
            "messageBody": "",
            "fileTypesAndContributionMap": {
              "docs": {
                "insertions": 97,
                "deletions": 126
              }
            }
          }
        ]
      },
      {
        "date": "2020-09-21",
        "commitResults": [
          {
            "hash": "22adffec0e2b79e4c5a91e651f0c22b703412d5a",
            "messageTitle": "Update Kaichao\u0027s AboutUs and Portfolio",
            "messageBody": "",
            "fileTypesAndContributionMap": {
              "docs": {
                "insertions": 42,
                "deletions": 1
              }
            }
          },
          {
            "hash": "14b9bdf19fe1a782a5c11883725f9f4aed378d60",
            "messageTitle": "Update NFR and Appendix (for delete) sections",
            "messageBody": "Let\u0027s update the current NFR to the discussed ones for\nWarenager.\n",
            "fileTypesAndContributionMap": {
              "docs": {
                "insertions": 24,
                "deletions": 16
              }
            }
          },
          {
            "hash": "261c01e25295d68148a2680466f32f552cb6ff0a",
            "messageTitle": "Update kaichao.md",
            "messageBody": "",
            "fileTypesAndContributionMap": {
              "docs": {
                "insertions": 2,
                "deletions": 0
              }
            }
          }
        ]
      },
      {
        "date": "2020-09-27",
        "commitResults": [
          {
            "hash": "49c7930093e01a86f82e4f0d9247d2a2df4b15e5",
            "messageTitle": "Update build.gradle mainClassName",
            "messageBody": "Let\u0027s change the mainClassName in build.gradle to\nseedu.stock.Main.\n",
            "fileTypesAndContributionMap": {
              "other": {
                "insertions": 1,
                "deletions": 1
              }
            }
          },
          {
            "hash": "73bd360ffd1837f4c0f0adf1080d4f0ea124e4eb",
            "messageTitle": "Add field names to stockcard",
            "messageBody": "",
            "fileTypesAndContributionMap": {
              "functional-code": {
                "insertions": 4,
                "deletions": 4
              }
            }
          }
        ]
      },
      {
        "date": "2020-09-28",
        "commitResults": [
          {
            "hash": "82ac01fa63256afa56eabf5ebe61375c75441d72",
            "messageTitle": "Add serial number storage and methods",
            "messageBody": "Let\u0027s utilise the existing stockbook json storage methods\nand morph into that of serial number storage.\n\nRationale: Update this serial number data whenever a new\nstock is added to generate a unique serial number for the\nstock and use this serial number as a key of calling other\nmethods.\n\nLet\u0027s\n- Create a new class AccQuantity that stores the accumulated\n  amount of stocks for each source company,\n- Create a new class SerialNumberSet that stores a pair of values,\n  source and accQuantity,\n- Update the respective LogicManager, StorageManager and\n  ModelManager to incorporate the usage of the new\n  SerialNumberSet,\n- Duplicate and modify any existing codes that relate to\n  StockBook under \"storage\" and \"util\" to store serial number\n  data in a similar way to stockbook.json.\n",
            "fileTypesAndContributionMap": {
              "functional-code": {
                "insertions": 894,
                "deletions": 29
              }
            }
          }
        ]
      },
      {
        "date": "2020-09-29",
        "commitResults": [
          {
            "hash": "80f96680aaf3d5e119c56962a7d3c9bcd76e4fc8",
            "messageTitle": "Add serial number generation feature",
            "messageBody": "Let\u0027s generate a incremented unique serial number each\ntime a new stock is added to the inventory. The increment\nshould be respective to each source company.\n\nGenerated serial number format:\n\u003cSource company\u003e\u003cAccumulated Quantity\u003e\n\nSerial number generated follows the case sensitivity\ncharacterisitc of add command parser.\n",
            "fileTypesAndContributionMap": {
              "functional-code": {
                "insertions": 38,
                "deletions": 10
              }
            }
          },
          {
            "hash": "c634e5e55c1c696c6346731a2f608228f9db428a",
            "messageTitle": "Fix checkstyle errors",
            "messageBody": "",
            "fileTypesAndContributionMap": {
              "functional-code": {
                "insertions": 57,
                "deletions": 26
              }
            }
          },
          {
            "hash": "3dd831352793c6c7b304a1952200016031eb37da",
            "messageTitle": "Fix checkstyle errors and edit javadoc comments",
            "messageBody": "",
            "fileTypesAndContributionMap": {
              "functional-code": {
                "insertions": 87,
                "deletions": 44
              }
            }
          },
          {
            "hash": "13cdd63eb3e65b945b9781b04ed58a7757d10338",
            "messageTitle": "Remove unused methods",
            "messageBody": "",
            "fileTypesAndContributionMap": {
              "functional-code": {
                "insertions": 0,
                "deletions": 6
              }
            }
          }
        ]
      },
      {
        "date": "2020-10-03",
        "commitResults": [
          {
            "hash": "d59fb97e3594838b484282f4bb938cfe3fc8c722",
            "messageTitle": "Refine javadocs and update class names",
            "messageBody": "AccQuantity has been refactored to AccumulatedQuantity.\n",
            "fileTypesAndContributionMap": {
              "functional-code": {
                "insertions": 103,
                "deletions": 101
              }
            }
          },
          {
            "hash": "29b56d59d2b7e51a3d6f78d00f989cd9dfcd7760",
            "messageTitle": "Add SerialNumber parser",
            "messageBody": "",
            "fileTypesAndContributionMap": {
              "functional-code": {
                "insertions": 20,
                "deletions": 4
              }
            }
          },
          {
            "hash": "a01c89a203bfa51ae69aa7b7c3b76dd032b7606b",
            "messageTitle": "Add delete feature for single stock deletion",
            "messageBody": "",
            "fileTypesAndContributionMap": {
              "functional-code": {
                "insertions": 41,
                "deletions": 33
              }
            }
          },
          {
            "hash": "35f6cfb7d56ebcf7c7d15ce7a056b3262234ed15",
            "messageTitle": "Add support for multiple deletion",
            "messageBody": "Let\u0027s:\n- Allow deletion of multiple stocks,\n- If some serial numbers given are invalid or is missing\n  delete those there are applicable, and display those\n  that are invalid.\n",
            "fileTypesAndContributionMap": {
              "functional-code": {
                "insertions": 95,
                "deletions": 21
              }
            }
          },
          {
            "hash": "4bc50b8946c0a0283ba15bd9f28bf02ac0b6a2c5",
            "messageTitle": "Fix checkstyle errors",
            "messageBody": "",
            "fileTypesAndContributionMap": {
              "functional-code": {
                "insertions": 22,
                "deletions": 10
              }
            }
          },
          {
            "hash": "f0e3dfdfeb69bdf44ef9dbf2752737fa56be38a4",
            "messageTitle": " Fix mimor checkstyle errors",
            "messageBody": "",
            "fileTypesAndContributionMap": {
              "functional-code": {
                "insertions": 1,
                "deletions": 2
              }
            }
          },
          {
            "hash": "78804747716e82f8215e7a59200f8cd7388bf64a",
            "messageTitle": "Update serial number fields to disregard duplicates",
            "messageBody": "",
            "fileTypesAndContributionMap": {
              "functional-code": {
                "insertions": 17,
                "deletions": 14
              }
            }
          },
          {
            "hash": "1b681156f26e541417aed54608dd8d903ac34808",
            "messageTitle": "Fix serial number method call",
            "messageBody": "",
            "fileTypesAndContributionMap": {
              "functional-code": {
                "insertions": 1,
                "deletions": 1
              }
            }
          },
          {
            "hash": "d59eea84598667cab9f2083e0173dd54cd19af50",
            "messageTitle": "Fix checkstyle errors",
            "messageBody": "",
            "fileTypesAndContributionMap": {
              "functional-code": {
                "insertions": 0,
                "deletions": 1
              }
            }
          }
        ]
      },
      {
        "date": "2020-10-06",
        "commitResults": [
          {
            "hash": "82ec000abbbac0ffb473601b074d04fb3001848d",
            "messageTitle": "Update user guide for delete",
            "messageBody": "",
            "fileTypesAndContributionMap": {
              "docs": {
                "insertions": 3,
                "deletions": 2
              }
            }
          },
          {
            "hash": "ef07ff79466a77f184deb01a6a679e336ab93ebd",
            "messageTitle": "Update developer guide for delete",
            "messageBody": "",
            "fileTypesAndContributionMap": {
              "docs": {
                "insertions": 30,
                "deletions": 13
              }
            }
          },
          {
            "hash": "4330a68ac105f32f5fcef3857cdbdf407da387e1",
            "messageTitle": "Update kaichao.md",
            "messageBody": "",
            "fileTypesAndContributionMap": {
              "docs": {
                "insertions": 9,
                "deletions": 3
              }
            }
          },
          {
            "hash": "ee7d1347a348acb0fe27823068d569cbc8ead369",
            "messageTitle": "Fix minor styling issues",
            "messageBody": "",
            "fileTypesAndContributionMap": {
              "docs": {
                "insertions": 5,
                "deletions": 4
              }
            }
          }
        ]
      },
      {
        "date": "2020-10-11",
        "commitResults": [
          {
            "hash": "f64d40da7920dc66ea3c3488de38a7ef4cb930be",
            "messageTitle": "Add JUnit Tests for DeleteCommand",
            "messageBody": "",
            "fileTypesAndContributionMap": {
              "functional-code": {
                "insertions": 7,
                "deletions": 3
              },
              "test-code": {
                "insertions": 204,
                "deletions": 22
              }
            }
          },
          {
            "hash": "19d0bfb247375ac4c459b1894d45052c04b1f947",
            "messageTitle": "Fix import styling errors",
            "messageBody": "",
            "fileTypesAndContributionMap": {
              "test-code": {
                "insertions": 4,
                "deletions": 5
              }
            }
          },
          {
            "hash": "4ab5909a9b39840044814125f29b75bb8ec0af2e",
            "messageTitle": "Fix import checkstyling",
            "messageBody": "",
            "fileTypesAndContributionMap": {
              "test-code": {
                "insertions": 2,
                "deletions": 2
              }
            }
          },
          {
            "hash": "21d580f51e133fde9ec84aea42a1a8dd4af38ac4",
            "messageTitle": "Fix import checkstyling",
            "messageBody": "",
            "fileTypesAndContributionMap": {
              "test-code": {
                "insertions": 4,
                "deletions": 5
              }
            }
          },
          {
            "hash": "1592e8006162837236efe7de31062f66418208d2",
            "messageTitle": "Fix import and lambda checkstyling",
            "messageBody": "",
            "fileTypesAndContributionMap": {
              "test-code": {
                "insertions": 7,
                "deletions": 7
              }
            }
          }
        ]
      },
      {
        "date": "2020-10-17",
        "commitResults": [
          {
            "hash": "4139477a74b946893d6b172440b2f75ab8da26af",
            "messageTitle": "Fix command box resize bug",
            "messageBody": "",
            "fileTypesAndContributionMap": {
              "functional-code": {
                "insertions": 19,
                "deletions": 22
              }
            }
          },
          {
            "hash": "fc989ee767ec973575a20793f057ac7ef5e4cfac",
            "messageTitle": "Fix correct icon not displaying issue",
            "messageBody": "",
            "fileTypesAndContributionMap": {
              "functional-code": {
                "insertions": 1,
                "deletions": 2
              }
            }
          },
          {
            "hash": "891ae4539181a33da99612d4864babe27f2aaf55",
            "messageTitle": "Fix checkstyle issues",
            "messageBody": "",
            "fileTypesAndContributionMap": {
              "functional-code": {
                "insertions": 1,
                "deletions": 2
              }
            }
          }
        ]
      },
      {
        "date": "2020-10-19",
        "commitResults": [
          {
            "hash": "d784bb3285b2ddd473569b1c98cbbb0ac7b2fee8",
            "messageTitle": "Add statistics piechart for source company",
            "messageBody": "Our warehouse manager often require statistics for quick\nwarehouse reviews. Adding such a visual aid can solve this\nissue.\n",
            "fileTypesAndContributionMap": {
              "functional-code": {
                "insertions": 321,
                "deletions": 4
              }
            }
          },
          {
            "hash": "639c1f6d18d3210703e74a3accb53ec3506106c7",
            "messageTitle": "Fix open and close statistics window bug",
            "messageBody": "",
            "fileTypesAndContributionMap": {
              "functional-code": {
                "insertions": 5,
                "deletions": 3
              }
            }
          },
          {
            "hash": "9628ac0eb9c049d6eb91129b1b6c6e131561901a",
            "messageTitle": "Fix missing prefix for statistics command",
            "messageBody": "",
            "fileTypesAndContributionMap": {
              "functional-code": {
                "insertions": 14,
                "deletions": 6
              },
              "other": {
                "insertions": 5,
                "deletions": 4
              }
            }
          },
          {
            "hash": "af1214afafda9ae61774d9d9ef46ab6f19d38a01",
            "messageTitle": "Fix checkstyle errors",
            "messageBody": "",
            "fileTypesAndContributionMap": {
              "functional-code": {
                "insertions": 0,
                "deletions": 1
              }
            }
          }
        ]
      }
    ],
    "Ashley-Lau": [
      {
        "date": "2020-09-21",
        "commitResults": [
          {
            "hash": "682a99f25f4f0dfadd8d56bbd8f6015eec3ab3b4",
            "messageTitle": "Update my info in aboutus, product scope in DG and readme",
            "messageBody": "",
            "fileTypesAndContributionMap": {
              "docs": {
                "insertions": 55,
                "deletions": 3
              }
            }
          },
          {
            "hash": "aa0dbc5c6ebbb218f233c0d33fbfaa55c4c89d4e",
            "messageTitle": "Fix trailing white space issue",
            "messageBody": "",
            "fileTypesAndContributionMap": {
              "docs": {
                "insertions": 36,
                "deletions": 36
              }
            }
          },
          {
            "hash": "f21aa833067568048657af59a76f99f13ae068f1",
            "messageTitle": "Fix more trailing white space issue",
            "messageBody": "",
            "fileTypesAndContributionMap": {
              "docs": {
                "insertions": 3,
                "deletions": 2
              }
            }
          },
          {
            "hash": "5e620cdec59069e695bc0a0a1cb46ab6b79330fb",
            "messageTitle": "Fix more trailing white space issue",
            "messageBody": "",
            "fileTypesAndContributionMap": {
              "docs": {
                "insertions": 0,
                "deletions": 1
              }
            }
          }
        ]
      },
      {
        "date": "2020-09-23",
        "commitResults": [
          {
            "hash": "a6b6a85184580fb8c3e9e91bebd4fa34037f993a",
            "messageTitle": "Augment code to suit warenager and added add command",
            "messageBody": "",
            "fileTypesAndContributionMap": {
              "functional-code": {
                "insertions": 1180,
                "deletions": 1567
              },
              "other": {
                "insertions": 172,
                "deletions": 181
              },
              "docs": {
                "insertions": 82,
                "deletions": 82
              },
              "test-code": {
                "insertions": 607,
                "deletions": 618
              }
            }
          },
          {
            "hash": "1b777122e59946ef929e65354365981375db1408",
            "messageTitle": "Fix naming issues",
            "messageBody": "",
            "fileTypesAndContributionMap": {
              "other": {
                "insertions": 710,
                "deletions": 729
              },
              "docs": {
                "insertions": 1,
                "deletions": 1
              }
            }
          },
          {
            "hash": "efbc81daa5e3d36e69a908041f36a748c3e54246",
            "messageTitle": "Fix checkstyle issues",
            "messageBody": "",
            "fileTypesAndContributionMap": {
              "functional-code": {
                "insertions": 76,
                "deletions": 73
              }
            }
          }
        ]
      },
      {
        "date": "2020-09-25",
        "commitResults": [
          {
            "hash": "510827ee20c339d854928ab010a8521689543a2d",
            "messageTitle": "Add use case and appendix for add to DG",
            "messageBody": "",
            "fileTypesAndContributionMap": {
              "docs": {
                "insertions": 54,
                "deletions": 0
              }
            }
          }
        ]
      },
      {
        "date": "2020-09-26",
        "commitResults": [
          {
            "hash": "2cfbef92169df1e946550727dddec61c416b8df6",
            "messageTitle": "Remove irrelevant test classes",
            "messageBody": "",
            "fileTypesAndContributionMap": {
              "test-code": {
                "insertions": 2,
                "deletions": 3687
              }
            }
          },
          {
            "hash": "a237c918d531c3f13fa9a980581ad83b0d9d00fc",
            "messageTitle": "Fix refactor issues",
            "messageBody": "",
            "fileTypesAndContributionMap": {
              "docs": {
                "insertions": 46,
                "deletions": 46
              }
            }
          }
        ]
      },
      {
        "date": "2020-10-01",
        "commitResults": [
          {
            "hash": "a12e419a28492750197d72550eab6fd91751ff09",
            "messageTitle": "Fix about us error",
            "messageBody": "",
            "fileTypesAndContributionMap": {
              "docs": {
                "insertions": 1,
                "deletions": 1
              }
            }
          }
        ]
      },
      {
        "date": "2020-10-05",
        "commitResults": [
          {
            "hash": "c2dcb50fa33b928cf5b17471829122b54b0f8492",
            "messageTitle": "Add test cases for stock except serial number",
            "messageBody": "",
            "fileTypesAndContributionMap": {
              "functional-code": {
                "insertions": 31,
                "deletions": 33
              },
              "test-code": {
                "insertions": 581,
                "deletions": 25
              }
            }
          }
        ]
      },
      {
        "date": "2020-10-07",
        "commitResults": [
          {
            "hash": "444dd746d703922afd84600e2623d97c9e093506",
            "messageTitle": "Fix duplicate header field in add command",
            "messageBody": "",
            "fileTypesAndContributionMap": {
              "functional-code": {
                "insertions": 16,
                "deletions": 0
              }
            }
          },
          {
            "hash": "1da1ee6b7b1f0b23dbaee713676fc9025b0fb644",
            "messageTitle": "Add AddCommandParserTest",
            "messageBody": "",
            "fileTypesAndContributionMap": {
              "functional-code": {
                "insertions": 23,
                "deletions": 22
              },
              "test-code": {
                "insertions": 192,
                "deletions": 5
              }
            }
          },
          {
            "hash": "824290e26902b63b38e731358d8eb58ea5afffe8",
            "messageTitle": "Add AddCommandTest",
            "messageBody": "",
            "fileTypesAndContributionMap": {
              "functional-code": {
                "insertions": 1,
                "deletions": 1
              },
              "test-code": {
                "insertions": 247,
                "deletions": 6
              }
            }
          }
        ]
      },
      {
        "date": "2020-10-08",
        "commitResults": [
          {
            "hash": "5f74acf4950b2ce4110d9d6984a04f16639c4bd0",
            "messageTitle": "Improve code",
            "messageBody": "",
            "fileTypesAndContributionMap": {
              "test-code": {
                "insertions": 91,
                "deletions": 0
              }
            }
          }
        ]
      },
      {
        "date": "2020-10-10",
        "commitResults": [
          {
            "hash": "185a1d416d74fa0ef5844647843df03c3a401abd",
            "messageTitle": "Edit add and feature section in UG",
            "messageBody": "",
            "fileTypesAndContributionMap": {
              "docs": {
                "insertions": 13,
                "deletions": 6
              }
            }
          },
          {
            "hash": "4f97077f4770efd37e94c20c35666a2f1e626a3c",
            "messageTitle": "Update invalid add command format",
            "messageBody": "",
            "fileTypesAndContributionMap": {
              "functional-code": {
                "insertions": 3,
                "deletions": 3
              }
            }
          },
          {
            "hash": "6eebca493303d566f35ad1ee89fee9d9b7a9e260",
            "messageTitle": "Update add in DG",
            "messageBody": "",
            "fileTypesAndContributionMap": {
              "docs": {
                "insertions": 8,
                "deletions": 2
              }
            }
          },
          {
            "hash": "97ac0a4c6f0fdc90db753a82c4e56917ebf39c82",
            "messageTitle": "Improve formatting in UG",
            "messageBody": "",
            "fileTypesAndContributionMap": {
              "docs": {
                "insertions": 1,
                "deletions": 1
              }
            }
          },
          {
            "hash": "ea1e72ff21695462147bff4b568f7b76adf02d7e",
            "messageTitle": "Update ashley.md",
            "messageBody": "",
            "fileTypesAndContributionMap": {
              "docs": {
                "insertions": 15,
                "deletions": 0
              }
            }
          }
        ]
      }
    ],
    "LimZeWeiDennis": [
      {
        "date": "2020-09-24",
        "commitResults": [
          {
            "hash": "00134f3c1405cce2022e6bc1eb02d820e09a478a",
            "messageTitle": "Updated the AboutUs and dennis.md",
            "messageBody": "",
            "fileTypesAndContributionMap": {
              "docs": {
                "insertions": 52,
                "deletions": 0
              }
            }
          },
          {
            "hash": "d7d582ce5e8ff011a34b521a65aaed3dfc756d80",
            "messageTitle": "Updated the AboutUs and dennis.md",
            "messageBody": "",
            "fileTypesAndContributionMap": {
              "docs": {
                "insertions": 18,
                "deletions": 16
              }
            }
          }
        ]
      },
      {
        "date": "2020-09-26",
        "commitResults": [
          {
            "hash": "8997f0bdc5f76acdd732b1a05a113fd6c77e4398",
            "messageTitle": "Updated the README.md and uploaded UI mockup",
            "messageBody": "",
            "fileTypesAndContributionMap": {
              "docs": {
                "insertions": 1,
                "deletions": 1
              }
            }
          },
          {
            "hash": "cf288589aee44021d6833eddeaef41d2316a62c3",
            "messageTitle": "Update README.md rename Warenager.png into UI.png",
            "messageBody": "",
            "fileTypesAndContributionMap": {
              "docs": {
                "insertions": 1,
                "deletions": 1
              }
            }
          },
          {
            "hash": "4088469015924cb41443eabf47efdd8ecdc9bb81",
            "messageTitle": "Update DeveloperGuide.md to include help and exit use cases",
            "messageBody": "",
            "fileTypesAndContributionMap": {
              "docs": {
                "insertions": 38,
                "deletions": 0
              }
            }
          },
          {
            "hash": "966b7f7b891b1c2a331255c49011f58c29fc7bf4",
            "messageTitle": "Rename UI.png to Ui.png",
            "messageBody": "",
            "fileTypesAndContributionMap": {
              "docs": {
                "insertions": 1,
                "deletions": 1
              }
            }
          }
        ]
      },
      {
        "date": "2020-10-04",
        "commitResults": [
          {
            "hash": "0709734d4514898d0a863e5a7793787d7381cdd0",
            "messageTitle": "Edit Help Window with clickable link, and minimal description for user. Change App Icon in MainWindow.fxml",
            "messageBody": "",
            "fileTypesAndContributionMap": {
              "functional-code": {
                "insertions": 190,
                "deletions": 31
              }
            }
          },
          {
            "hash": "c6d8208fdb8788efdec28a8afc43b02e3c12082d",
            "messageTitle": "Edit Help Window with clickable link, and minimal description for user. Change App Icon in MainWindow.fxml",
            "messageBody": "",
            "fileTypesAndContributionMap": {
              "functional-code": {
                "insertions": 0,
                "deletions": 15
              }
            }
          },
          {
            "hash": "e13f863d5128cc87b0429f5c8c6c2d6e5c4dcc7e",
            "messageTitle": "Edit Help Window with clickable link, and minimal description for user. Change App Icon in MainWindow.fxml",
            "messageBody": "",
            "fileTypesAndContributionMap": {
              "functional-code": {
                "insertions": 4,
                "deletions": 4
              }
            }
          },
          {
            "hash": "264dbc55a5dfd1a72c8d15ba61ca88f736dc44dd",
            "messageTitle": "Edit Help Window with clickable link, and minimal description for user. Change App Icon in MainWindow.fxml",
            "messageBody": "",
            "fileTypesAndContributionMap": {
              "functional-code": {
                "insertions": 5,
                "deletions": 4
              }
            }
          },
          {
            "hash": "3871ceeaa09c8e805cfdbbc06f947a184059e3bc",
            "messageTitle": "Edit Help Window with clickable link, and minimal description for user. Change App Icon in MainWindow.fxml",
            "messageBody": "",
            "fileTypesAndContributionMap": {
              "functional-code": {
                "insertions": 10,
                "deletions": 3
              }
            }
          },
          {
            "hash": "1c11f01e2e225a9be14475ee56424443dc38edd5",
            "messageTitle": "Edit Help Window with clickable link, and minimal description for user. Change App Icon in MainWindow.fxml",
            "messageBody": "",
            "fileTypesAndContributionMap": {
              "functional-code": {
                "insertions": 1,
                "deletions": 1
              }
            }
          }
        ]
      },
      {
        "date": "2020-10-06",
        "commitResults": [
          {
            "hash": "4bdfaf521346e68231b28b4019ac6f45f75ebdb6",
            "messageTitle": "Include Help Command into the Help window",
            "messageBody": "",
            "fileTypesAndContributionMap": {
              "functional-code": {
                "insertions": 29,
                "deletions": 1
              }
            }
          }
        ]
      },
      {
        "date": "2020-10-07",
        "commitResults": [
          {
            "hash": "528e16b911e902f9f41f706d9db4726982032058",
            "messageTitle": "Change description for delete in help window to include multiple",
            "messageBody": "",
            "fileTypesAndContributionMap": {
              "functional-code": {
                "insertions": 2,
                "deletions": 1
              }
            }
          },
          {
            "hash": "480c07dc8fc192fe71a3f5753023fab957704229",
            "messageTitle": "update colours of MainWindow, will work on adding the button soon",
            "messageBody": "",
            "fileTypesAndContributionMap": {
              "functional-code": {
                "insertions": 52,
                "deletions": 36
              }
            }
          },
          {
            "hash": "600dfc3a9217ca0030b622fe77d47d6f8dba717f",
            "messageTitle": "update colours of MainWindow, will work on adding the button soon",
            "messageBody": "",
            "fileTypesAndContributionMap": {
              "functional-code": {
                "insertions": 5,
                "deletions": 9
              }
            }
          },
          {
            "hash": "f3eddcd4cf9b96717bed1e78aa025f67fa0cd299",
            "messageTitle": "update colours of MainWindow, will work on adding the button soon",
            "messageBody": "",
            "fileTypesAndContributionMap": {
              "functional-code": {
                "insertions": 4,
                "deletions": 46
              }
            }
          },
          {
            "hash": "2bdd96e7a579535303620d0f5445c18d2c295e4b",
            "messageTitle": "update colours of MainWindow, will work on adding the button soon",
            "messageBody": "",
            "fileTypesAndContributionMap": {
              "functional-code": {
                "insertions": 1,
                "deletions": 7
              }
            }
          },
          {
            "hash": "c0fefce5af60b6b8e15f1cd912417251cccc05d9",
            "messageTitle": "edit indentation",
            "messageBody": "",
            "fileTypesAndContributionMap": {
              "functional-code": {
                "insertions": 0,
                "deletions": 2
              }
            }
          }
        ]
      },
      {
        "date": "2020-10-10",
        "commitResults": [
          {
            "hash": "f667db5072ffd363e67ea968097ef690782c3e39",
            "messageTitle": "Include ENTER button to the input text field",
            "messageBody": "",
            "fileTypesAndContributionMap": {
              "functional-code": {
                "insertions": 36,
                "deletions": 23
              }
            }
          },
          {
            "hash": "60c7ebc886d074761786d419999d315c309645df",
            "messageTitle": "Update Colour scheme and font sizes of the output",
            "messageBody": "",
            "fileTypesAndContributionMap": {
              "functional-code": {
                "insertions": 11,
                "deletions": 8
              }
            }
          },
          {
            "hash": "6157e2e40a9e8d0930b6a67b5f4378359b971b81",
            "messageTitle": "Edit order of import statements to fit lexicographical order",
            "messageBody": "",
            "fileTypesAndContributionMap": {
              "functional-code": {
                "insertions": 1,
                "deletions": 3
              }
            }
          },
          {
            "hash": "4d72c85caba6d171ac4b15cf94847631cc50114f",
            "messageTitle": "update colour scheme and font of main window",
            "messageBody": "",
            "fileTypesAndContributionMap": {
              "functional-code": {
                "insertions": 29,
                "deletions": 10
              }
            }
          },
          {
            "hash": "ee599ec2b885df8fed2961d1cd9858cde2cae59d",
            "messageTitle": "make helpwindow scrollable",
            "messageBody": "",
            "fileTypesAndContributionMap": {
              "functional-code": {
                "insertions": 85,
                "deletions": 81
              }
            }
          },
          {
            "hash": "c1ac350ce77d28d01972bd57e5ea5c0ff1edd34a",
            "messageTitle": "enabled list command",
            "messageBody": "",
            "fileTypesAndContributionMap": {
              "functional-code": {
                "insertions": 5,
                "deletions": 4
              }
            }
          },
          {
            "hash": "c87271911c36f8cea4672347a8557156c828d489",
            "messageTitle": "update userguide on list command",
            "messageBody": "",
            "fileTypesAndContributionMap": {
              "docs": {
                "insertions": 4,
                "deletions": 0
              }
            }
          },
          {
            "hash": "96c9647dc60cfb33df5af580ebaf98688359799a",
            "messageTitle": "update help window on list command",
            "messageBody": "",
            "fileTypesAndContributionMap": {
              "functional-code": {
                "insertions": 42,
                "deletions": 15
              }
            }
          }
        ]
      },
      {
        "date": "2020-10-12",
        "commitResults": [
          {
            "hash": "9134dc821073254cadf9560e80a152f59a836284",
            "messageTitle": "Fix window width to allow the button to stay on the right side of the window",
            "messageBody": "",
            "fileTypesAndContributionMap": {
              "functional-code": {
                "insertions": 18,
                "deletions": 21
              }
            }
          }
        ]
      },
      {
        "date": "2020-10-13",
        "commitResults": [
          {
            "hash": "eab71df21716265a3c8d53346b19430fcb91c3ae",
            "messageTitle": "Change to gridpane on CommandBox",
            "messageBody": "",
            "fileTypesAndContributionMap": {
              "functional-code": {
                "insertions": 17,
                "deletions": 9
              }
            }
          },
          {
            "hash": "ae4b75cd5a56872c40746cac79c804bb0128aacb",
            "messageTitle": "Update help and list command, does not allow arguments now",
            "messageBody": "",
            "fileTypesAndContributionMap": {
              "functional-code": {
                "insertions": 67,
                "deletions": 5
              }
            }
          },
          {
            "hash": "92740b98a360c2afeca36f44c5fd804a5a833675",
            "messageTitle": "fix newline",
            "messageBody": "",
            "fileTypesAndContributionMap": {
              "functional-code": {
                "insertions": 5,
                "deletions": 11
              }
            }
          },
          {
            "hash": "1b3bb56bdb8e5bd174fe35556b570cd2a72f12d8",
            "messageTitle": "fix spacing",
            "messageBody": "",
            "fileTypesAndContributionMap": {
              "functional-code": {
                "insertions": 5,
                "deletions": 5
              }
            }
          },
          {
            "hash": "7722cb792785f0c9897dd1ac877b326244fec43c",
            "messageTitle": "add spacing after method",
            "messageBody": "",
            "fileTypesAndContributionMap": {
              "functional-code": {
                "insertions": 1,
                "deletions": 2
              }
            }
          }
        ]
      },
      {
        "date": "2020-10-14",
        "commitResults": [
          {
            "hash": "73c1e2a9d949ece8997b362e7b0cddbcc3bc1e75",
            "messageTitle": "include findexact and update in the help window",
            "messageBody": "",
            "fileTypesAndContributionMap": {
              "functional-code": {
                "insertions": 34,
                "deletions": 8
              },
              "docs": {
                "insertions": 1,
                "deletions": 1
              }
            }
          },
          {
            "hash": "59ac38a3da8850ea1e16567ea5be8c6a5fb50abb",
            "messageTitle": "Implement listTest",
            "messageBody": "",
            "fileTypesAndContributionMap": {
              "test-code": {
                "insertions": 33,
                "deletions": 0
              }
            }
          },
          {
            "hash": "092baf0675615aff281436248846c84046f4101d",
            "messageTitle": "Edit order of import statements",
            "messageBody": "",
            "fileTypesAndContributionMap": {
              "test-code": {
                "insertions": 2,
                "deletions": 1
              }
            }
          },
          {
            "hash": "a72a365da0f911995c4919921879fac052e33fab",
            "messageTitle": "Edit spacing of import statements",
            "messageBody": "",
            "fileTypesAndContributionMap": {
              "test-code": {
                "insertions": 0,
                "deletions": 1
              }
            }
          },
          {
            "hash": "67a847f744ca10908bc3a2cd37ce0b6727c4a517",
            "messageTitle": "edit add command description on help window",
            "messageBody": "",
            "fileTypesAndContributionMap": {
              "functional-code": {
                "insertions": 3,
                "deletions": 3
              }
            }
          }
        ]
      }
    ]
  },
  "authorFileTypeContributionMap": {
    "amylzting": {
      "docs": 252,
      "functional-code": 523,
      "test-code": 670
    },
    "AudreyFelicio": {
      "docs": 446,
      "functional-code": 1057,
      "test-code": 723,
      "other": 3
    },
    "kc-98": {
      "docs": 136,
      "functional-code": 1492,
      "test-code": 200,
      "other": 1
    },
    "Ashley-Lau": {
      "docs": 210,
      "functional-code": 1374,
      "test-code": 1040
    },
    "LimZeWeiDennis": {
      "docs": 92,
      "functional-code": 387,
      "test-code": 33
    }
  },
  "authorContributionVariance": {
    "amylzting": 10803.092,
    "AudreyFelicio": 6931.22,
    "kc-98": 19672.717,
    "Ashley-Lau": 747201.0,
    "LimZeWeiDennis": 3587.2964
  },
  "authorDisplayNameMap": {
    "amylzting": "CS2103T-T15-3 AMY ..TING",
    "AudreyFelicio": "CS2103T-T15-3 AUDR..NWAR",
    "kc-98": "CS2103T-T15-3 ANG ..CHAO",
    "Ashley-Lau": "CS2103T-T15-3 LAU ..HLEY",
    "LimZeWeiDennis": "CS2103T-T15-3 LIM ..NNIS"
  }
}
