{
  "authorDailyContributionsMap": {
    "AlexCQY": [
      {
        "date": "2020-09-15",
        "commitResults": [
          {
            "hash": "7a966bdaf75941b03ff811e08990c89c0b1404e2",
            "messageTitle": "Changed readme to enable pr",
            "messageBody": "",
            "fileTypesAndContributionMap": {
              "docs": {
                "insertions": 1,
                "deletions": 1
              }
            }
          },
          {
            "hash": "233cb517b1247f624946cbdcbfcac49a9a7e0f46",
            "messageTitle": "Update index.md",
            "messageBody": "",
            "fileTypesAndContributionMap": {
              "docs": {
                "insertions": 2,
                "deletions": 2
              }
            }
          }
        ]
      },
      {
        "date": "2020-09-23",
        "commitResults": [
          {
            "hash": "616093192edb2df197c1a407db046f2eeec8fa83",
            "messageTitle": "edit AboutUs",
            "messageBody": "",
            "fileTypesAndContributionMap": {
              "docs": {
                "insertions": 4,
                "deletions": 6
              }
            }
          },
          {
            "hash": "da4d0849a322f5ec3024a09168f70cb24b4dfafc",
            "messageTitle": "update DG",
            "messageBody": "",
            "fileTypesAndContributionMap": {
              "docs": {
                "insertions": 18,
                "deletions": 12
              }
            }
          }
        ]
      },
      {
        "date": "2020-09-28",
        "commitResults": [
          {
            "hash": "4255985ac2e1f961e26f0394bb2cfc3e7cd5c4f3",
            "messageTitle": "test branch conflicts",
            "messageBody": "",
            "fileTypesAndContributionMap": {
              "docs": {
                "insertions": 1,
                "deletions": 0
              }
            }
          },
          {
            "hash": "d76a1387059456a0adf5a821d9f1e7bde2f393f7",
            "messageTitle": "fix readme",
            "messageBody": "",
            "fileTypesAndContributionMap": {
              "docs": {
                "insertions": 0,
                "deletions": 1
              }
            }
          }
        ]
      },
      {
        "date": "2020-09-29",
        "commitResults": [
          {
            "hash": "108e0251f787cb6141187ae3d28c5a6195f4968e",
            "messageTitle": "update some of editCommand to match student class",
            "messageBody": "",
            "fileTypesAndContributionMap": {
              "functional-code": {
                "insertions": 71,
                "deletions": 10
              }
            }
          },
          {
            "hash": "d5be71e57a5ee8a44694b6e181ffcc96681cd425",
            "messageTitle": "fix checkstyle",
            "messageBody": "",
            "fileTypesAndContributionMap": {
              "functional-code": {
                "insertions": 16,
                "deletions": 3
              }
            }
          },
          {
            "hash": "74718d8622a9f72cf7cd4ed5de3bbdd46f6e3791",
            "messageTitle": "add subject class",
            "messageBody": "",
            "fileTypesAndContributionMap": {
              "functional-code": {
                "insertions": 50,
                "deletions": 0
              }
            }
          }
        ]
      },
      {
        "date": "2020-09-30",
        "commitResults": [
          {
            "hash": "963e96a670fb5f5b49e7905c7d7a3358a6844c14",
            "messageTitle": "refactor for new student constructor",
            "messageBody": "",
            "fileTypesAndContributionMap": {
              "functional-code": {
                "insertions": 138,
                "deletions": 49
              },
              "test-code": {
                "insertions": 119,
                "deletions": 39
              }
            }
          },
          {
            "hash": "ebd4b1ad402b14ab3a4f6d5ee328c22ad14793ed",
            "messageTitle": "fix minor error",
            "messageBody": "",
            "fileTypesAndContributionMap": {
              "functional-code": {
                "insertions": 1,
                "deletions": 1
              }
            }
          }
        ]
      },
      {
        "date": "2020-10-06",
        "commitResults": [
          {
            "hash": "50307b6e1607933164d5caf7bcd930a4d1643e07",
            "messageTitle": "extract admin out from student",
            "messageBody": "",
            "fileTypesAndContributionMap": {
              "functional-code": {
                "insertions": 26,
                "deletions": 202
              },
              "other": {
                "insertions": 5,
                "deletions": 3
              },
              "test-code": {
                "insertions": 56,
                "deletions": 163
              }
            }
          }
        ]
      },
      {
        "date": "2020-10-07",
        "commitResults": [
          {
            "hash": "bf81c73d239dd60f058c7fa5f401ba61013ad424",
            "messageTitle": "Update Student Tests",
            "messageBody": "",
            "fileTypesAndContributionMap": {
              "functional-code": {
                "insertions": 5,
                "deletions": 2
              },
              "test-code": {
                "insertions": 29,
                "deletions": 28
              }
            }
          },
          {
            "hash": "547b1f4646b030046511a5894e580cbbc1a5d278",
            "messageTitle": "remove admin equals check in student",
            "messageBody": "",
            "fileTypesAndContributionMap": {
              "functional-code": {
                "insertions": 1,
                "deletions": 2
              }
            }
          },
          {
            "hash": "8c238781d51993778da43bfc394e1d108e498f64",
            "messageTitle": "Add Year Tests",
            "messageBody": "",
            "fileTypesAndContributionMap": {
              "functional-code": {
                "insertions": 2,
                "deletions": 1
              },
              "test-code": {
                "insertions": 42,
                "deletions": 0
              }
            }
          },
          {
            "hash": "0ea880256370575e0ef04b1084050be0ed684800",
            "messageTitle": "Add School Test",
            "messageBody": "",
            "fileTypesAndContributionMap": {
              "functional-code": {
                "insertions": 3,
                "deletions": 4
              },
              "test-code": {
                "insertions": 39,
                "deletions": 1
              }
            }
          },
          {
            "hash": "d65a14152be73c38ad0c6bfc3dad6890e8b9bcbd",
            "messageTitle": "fix checkstyle",
            "messageBody": "",
            "fileTypesAndContributionMap": {
              "test-code": {
                "insertions": 12,
                "deletions": 8
              }
            }
          },
          {
            "hash": "7fcacfef1d16f2f0a26f8e0e2c877245c8d69f59",
            "messageTitle": "update uniqueStudentListTests",
            "messageBody": "",
            "fileTypesAndContributionMap": {
              "test-code": {
                "insertions": 23,
                "deletions": 7
              }
            }
          },
          {
            "hash": "4de3ca37e165125d9dadf7a03553447bf607df0b",
            "messageTitle": "Change isSameStudent to check all id fields",
            "messageBody": "",
            "fileTypesAndContributionMap": {
              "functional-code": {
                "insertions": 2,
                "deletions": 2
              },
              "test-code": {
                "insertions": 8,
                "deletions": 8
              }
            }
          },
          {
            "hash": "c997e0f1daa0bc79dea3626db4f674085fc948e9",
            "messageTitle": "fix CI",
            "messageBody": "",
            "fileTypesAndContributionMap": {
              "test-code": {
                "insertions": 0,
                "deletions": 1
              }
            }
          },
          {
            "hash": "1e80f3e724198e4abb9861bfda628f65f12870aa",
            "messageTitle": "Update Year and relevant tests",
            "messageBody": "",
            "fileTypesAndContributionMap": {
              "functional-code": {
                "insertions": 3,
                "deletions": 3
              },
              "test-code": {
                "insertions": 9,
                "deletions": 4
              }
            }
          },
          {
            "hash": "6289171f69cce1b695acca297d3ef7bd8a71a7c1",
            "messageTitle": "fix CI",
            "messageBody": "",
            "fileTypesAndContributionMap": {
              "functional-code": {
                "insertions": 6,
                "deletions": 7
              },
              "test-code": {
                "insertions": 4,
                "deletions": 30
              }
            }
          }
        ]
      },
      {
        "date": "2020-10-08",
        "commitResults": [
          {
            "hash": "0dc974a1e82ae5f566a82a35b014f3c855c59284",
            "messageTitle": "update toString of year and indentatioin",
            "messageBody": "",
            "fileTypesAndContributionMap": {
              "functional-code": {
                "insertions": 4,
                "deletions": 4
              }
            }
          }
        ]
      },
      {
        "date": "2020-10-10",
        "commitResults": [
          {
            "hash": "20a10a7cab8d9094236dd15146dd3664ef5bc9ad",
            "messageTitle": "add JsonAdaptedAdmin",
            "messageBody": "",
            "fileTypesAndContributionMap": {
              "functional-code": {
                "insertions": 132,
                "deletions": 22
              },
              "test-code": {
                "insertions": 1,
                "deletions": 1
              }
            }
          }
        ]
      },
      {
        "date": "2020-10-11",
        "commitResults": [
          {
            "hash": "e44c46eaeb27f7fc9addfba530c49565991041e0",
            "messageTitle": "update json files",
            "messageBody": "",
            "fileTypesAndContributionMap": {
              "functional-code": {
                "insertions": 42,
                "deletions": 11
              },
              "test-code": {
                "insertions": 19,
                "deletions": 17
              }
            }
          },
          {
            "hash": "7b7afd3fcdc80a4bb5af8acbf98b8b625b24764c",
            "messageTitle": "add JsonAdpatedAdminTest",
            "messageBody": "",
            "fileTypesAndContributionMap": {
              "test-code": {
                "insertions": 4,
                "deletions": 0
              }
            }
          },
          {
            "hash": "c7ba05f8412d79b91149d40daa149d82616ef189",
            "messageTitle": "Re-organise json",
            "messageBody": "",
            "fileTypesAndContributionMap": {
              "functional-code": {
                "insertions": 0,
                "deletions": 3
              },
              "test-code": {
                "insertions": 184,
                "deletions": 2
              }
            }
          }
        ]
      },
      {
        "date": "2020-10-12",
        "commitResults": [
          {
            "hash": "340ac2184c0d9acaa00dea722ef6bfe2cb752cae",
            "messageTitle": "update classTime dayOfWeek",
            "messageBody": "",
            "fileTypesAndContributionMap": {
              "functional-code": {
                "insertions": 9,
                "deletions": 5
              },
              "test-code": {
                "insertions": 1,
                "deletions": 1
              }
            }
          },
          {
            "hash": "b0f077cc547729c1a727a3ee6423d95f5d6763cd",
            "messageTitle": "Add schedule command and parser",
            "messageBody": "",
            "fileTypesAndContributionMap": {
              "functional-code": {
                "insertions": 107,
                "deletions": 9
              },
              "test-code": {
                "insertions": 34,
                "deletions": 13
              }
            }
          },
          {
            "hash": "af0a1d5cbc267ca8c7f006170c4b5cc8a1a7cb5e",
            "messageTitle": "add unit tests for scheduleCommand",
            "messageBody": "",
            "fileTypesAndContributionMap": {
              "functional-code": {
                "insertions": 8,
                "deletions": 1
              },
              "test-code": {
                "insertions": 36,
                "deletions": 0
              }
            }
          },
          {
            "hash": "e6f15b7918cae0e11c757bc0c0f619057284c4c6",
            "messageTitle": "fix checkstyle",
            "messageBody": "",
            "fileTypesAndContributionMap": {
              "test-code": {
                "insertions": 1,
                "deletions": 6
              }
            }
          },
          {
            "hash": "67930f4cc0af006e8f741b725b0af8051972dae3",
            "messageTitle": "add unit test for ScheduleCommandParser",
            "messageBody": "",
            "fileTypesAndContributionMap": {
              "functional-code": {
                "insertions": 5,
                "deletions": 0
              },
              "test-code": {
                "insertions": 37,
                "deletions": 0
              }
            }
          },
          {
            "hash": "028f6a654a4881be0d6cced87f5e1e96f74be81a",
            "messageTitle": "fix checkstyle",
            "messageBody": "",
            "fileTypesAndContributionMap": {
              "functional-code": {
                "insertions": 3,
                "deletions": 3
              },
              "test-code": {
                "insertions": 3,
                "deletions": 4
              }
            }
          },
          {
            "hash": "aeaaa69b383da9bcc06a9156e8f7c276401963b6",
            "messageTitle": "add unit tests in parserTests",
            "messageBody": "",
            "fileTypesAndContributionMap": {
              "test-code": {
                "insertions": 10,
                "deletions": 8
              }
            }
          },
          {
            "hash": "6065b61b7e95b1973b883022068b016e55d842e4",
            "messageTitle": "fix checkstyl for CI",
            "messageBody": "",
            "fileTypesAndContributionMap": {
              "test-code": {
                "insertions": 9,
                "deletions": 1
              }
            }
          }
        ]
      },
      {
        "date": "2020-10-13",
        "commitResults": [
          {
            "hash": "6144966ae1652e44edf10f0ec75c07b4f7e7cae3",
            "messageTitle": "update classTime toString()",
            "messageBody": "",
            "fileTypesAndContributionMap": {
              "functional-code": {
                "insertions": 2,
                "deletions": 2
              }
            }
          },
          {
            "hash": "6c095d6c52d30046982653442c61ce8bb6f35ed0",
            "messageTitle": "update java doc to reeve",
            "messageBody": "",
            "fileTypesAndContributionMap": {
              "functional-code": {
                "insertions": 1,
                "deletions": 1
              }
            }
          },
          {
            "hash": "e0604dad880282ec365446c64c7b6273580e2a1f",
            "messageTitle": "fix checkstyle",
            "messageBody": "",
            "fileTypesAndContributionMap": {
              "functional-code": {
                "insertions": 1,
                "deletions": 1
              }
            }
          }
        ]
      },
      {
        "date": "2020-10-20",
        "commitResults": [
          {
            "hash": "056977e7631cbb2412f87d286d58ff7742a22d47",
            "messageTitle": "add ClassTime Comparable",
            "messageBody": "",
            "fileTypesAndContributionMap": {
              "functional-code": {
                "insertions": 16,
                "deletions": 1
              },
              "test-code": {
                "insertions": 15,
                "deletions": 0
              }
            }
          }
        ]
      },
      {
        "date": "2020-10-21",
        "commitResults": [
          {
            "hash": "a73249c99bc109e56550f56de8e718b272d92cf9",
            "messageTitle": "add classTime comaparable",
            "messageBody": "",
            "fileTypesAndContributionMap": {
              "functional-code": {
                "insertions": 74,
                "deletions": 44
              },
              "test-code": {
                "insertions": 103,
                "deletions": 70
              }
            }
          },
          {
            "hash": "59e08b8491312400d92a17855a3b188dd4bb30c2",
            "messageTitle": "checkstyle",
            "messageBody": "",
            "fileTypesAndContributionMap": {
              "test-code": {
                "insertions": 5,
                "deletions": 5
              }
            }
          },
          {
            "hash": "b42e6970663de471b6b17753c47d6150134170dc",
            "messageTitle": "add assertion",
            "messageBody": "",
            "fileTypesAndContributionMap": {
              "functional-code": {
                "insertions": 2,
                "deletions": 0
              }
            }
          }
        ]
      },
      {
        "date": "2020-10-22",
        "commitResults": [
          {
            "hash": "61298201a922a28025765b8f58a3a2cc659cc482",
            "messageTitle": "reverse refactor commits",
            "messageBody": "",
            "fileTypesAndContributionMap": {
              "functional-code": {
                "insertions": 44,
                "deletions": 74
              },
              "test-code": {
                "insertions": 68,
                "deletions": 101
              }
            }
          }
        ]
      }
    ],
    "VaishakAnand": [
      {
        "date": "2020-09-20",
        "commitResults": [
          {
            "hash": "ec2107fadf9e282545207360c6548ed81fe6e7b9",
            "messageTitle": "Update ReadMe",
            "messageBody": "",
            "fileTypesAndContributionMap": {
              "docs": {
                "insertions": 11,
                "deletions": 10
              }
            }
          }
        ]
      },
      {
        "date": "2020-09-23",
        "commitResults": [
          {
            "hash": "beb4b161af3bb572194d506ba10c03e58fb6d194",
            "messageTitle": "Update AboutUs",
            "messageBody": "",
            "fileTypesAndContributionMap": {
              "docs": {
                "insertions": 4,
                "deletions": 5
              }
            }
          }
        ]
      },
      {
        "date": "2020-09-24",
        "commitResults": [
          {
            "hash": "f32a663b255a13ec6cd442160c4bcc3973aa72f4",
            "messageTitle": "Update AboutUs.md",
            "messageBody": "",
            "fileTypesAndContributionMap": {
              "docs": {
                "insertions": 0,
                "deletions": 1
              }
            }
          }
        ]
      },
      {
        "date": "2020-09-27",
        "commitResults": [
          {
            "hash": "aa8568d864bc89707a2905794b81705b21c1e611",
            "messageTitle": "Update individual section",
            "messageBody": "",
            "fileTypesAndContributionMap": {
              "docs": {
                "insertions": 4,
                "deletions": 8
              }
            }
          },
          {
            "hash": "733f70295b37fe3657cbf45830596ab930c8fd3e",
            "messageTitle": "Update user stories for Edit, Delete, clear and list.",
            "messageBody": "",
            "fileTypesAndContributionMap": {
              "docs": {
                "insertions": 58,
                "deletions": 8
              }
            }
          },
          {
            "hash": "2029ebe4c0bc5fd18a1f0561479c29845f8e0c99",
            "messageTitle": "Update edit portion of UserGuide",
            "messageBody": "",
            "fileTypesAndContributionMap": {
              "docs": {
                "insertions": 10,
                "deletions": 4
              }
            }
          },
          {
            "hash": "7784822736804341d074860bf8de9f839baffc0c",
            "messageTitle": "Add written by",
            "messageBody": "",
            "fileTypesAndContributionMap": {
              "docs": {
                "insertions": 3,
                "deletions": 0
              }
            }
          },
          {
            "hash": "bdecd00ca5f19375c2e7d5cc28eeb66a62f992f0",
            "messageTitle": "Edit mistakes in Edit command",
            "messageBody": "",
            "fileTypesAndContributionMap": {
              "docs": {
                "insertions": 3,
                "deletions": 3
              }
            }
          },
          {
            "hash": "5816a75db4c0880f65872de69c3ede0b90a37625",
            "messageTitle": "Change location of Written by statement",
            "messageBody": "",
            "fileTypesAndContributionMap": {
              "docs": {
                "insertions": 1,
                "deletions": 2
              }
            }
          },
          {
            "hash": "c3f706ac66d8a1f92a630690ca64b03dbd7464c0",
            "messageTitle": "Minor mistake again",
            "messageBody": "",
            "fileTypesAndContributionMap": {
              "docs": {
                "insertions": 1,
                "deletions": 1
              }
            }
          }
        ]
      },
      {
        "date": "2020-10-07",
        "commitResults": [
          {
            "hash": "c56cdf6494d1f49936ff406a2a686f2bae505e75",
            "messageTitle": "Update new Admin classes (ClassTime, ClassVenue, AdditionalDetail)",
            "messageBody": "",
            "fileTypesAndContributionMap": {
              "functional-code": {
                "insertions": 189,
                "deletions": 134
              }
            }
          },
          {
            "hash": "8374de2fd3d800c58515ea19e6e13ec29b19c643",
            "messageTitle": "Fix Tests relating to Additional detail",
            "messageBody": "",
            "fileTypesAndContributionMap": {
              "functional-code": {
                "insertions": 67,
                "deletions": 113
              },
              "test-code": {
                "insertions": 28,
                "deletions": 26
              }
            }
          },
          {
            "hash": "5fa470a1552b32f5a43be748d030037b99b8b8b3",
            "messageTitle": "Remove redundant import",
            "messageBody": "",
            "fileTypesAndContributionMap": {
              "test-code": {
                "insertions": 0,
                "deletions": 1
              }
            }
          },
          {
            "hash": "2bd5cfda363646289255f230975cea88c1e6ca4e",
            "messageTitle": "Update EditCommandParser.java",
            "messageBody": "Removed a few unnoticed Tag mentions",
            "fileTypesAndContributionMap": {
              "functional-code": {
                "insertions": 4,
                "deletions": 4
              }
            }
          },
          {
            "hash": "3f4caa5d7e526e0e1abdeb196aa6d29d293b3373",
            "messageTitle": "Update SampleDataUtil.java",
            "messageBody": "Fixed wrong syntax for Year",
            "fileTypesAndContributionMap": {
              "functional-code": {
                "insertions": 1,
                "deletions": 1
              }
            }
          },
          {
            "hash": "0854ad2f5f9e6be3bddec3f9e4253e9fc370cc9c",
            "messageTitle": "Update JsonAdaptedAdditionalDetail.java",
            "messageBody": "Changed more tag references to AdditionalDetail refs",
            "fileTypesAndContributionMap": {
              "functional-code": {
                "insertions": 4,
                "deletions": 4
              }
            }
          },
          {
            "hash": "eae798ac737045ed35bae359a3df2fbc35a1deb1",
            "messageTitle": "Add ClassTimeTest",
            "messageBody": "",
            "fileTypesAndContributionMap": {
              "test-code": {
                "insertions": 59,
                "deletions": 0
              }
            }
          }
        ]
      },
      {
        "date": "2020-10-09",
        "commitResults": [
          {
            "hash": "6c9f7e66befa196ca8f3929ee2fe767e32a00438",
            "messageTitle": "Update edit command, some tests still failing",
            "messageBody": "",
            "fileTypesAndContributionMap": {
              "functional-code": {
                "insertions": 255,
                "deletions": 32
              },
              "test-code": {
                "insertions": 152,
                "deletions": 38
              }
            }
          },
          {
            "hash": "5f43991f691860e7553b5d34c55fd4c7406e92d7",
            "messageTitle": "Fix mistake that caused failing cases.",
            "messageBody": "",
            "fileTypesAndContributionMap": {
              "functional-code": {
                "insertions": 17,
                "deletions": 3
              }
            }
          }
        ]
      },
      {
        "date": "2020-10-10",
        "commitResults": [
          {
            "hash": "5d3fafb8df3de4e02bfde06d377eabcea299b2e5",
            "messageTitle": "Implement PR suggestions",
            "messageBody": "",
            "fileTypesAndContributionMap": {
              "functional-code": {
                "insertions": 19,
                "deletions": 13
              },
              "test-code": {
                "insertions": 14,
                "deletions": 15
              }
            }
          }
        ]
      },
      {
        "date": "2020-10-11",
        "commitResults": [
          {
            "hash": "f297ba54c93fbaf6443a237f366ae2174173d288",
            "messageTitle": "Add admin fields to EditCommandParserTest",
            "messageBody": "",
            "fileTypesAndContributionMap": {
              "functional-code": {
                "insertions": 4,
                "deletions": 2
              },
              "test-code": {
                "insertions": 115,
                "deletions": 26
              }
            }
          },
          {
            "hash": "33999adc30c5aee2318654ebb5df3f1ac4207270",
            "messageTitle": "Edit EditCommandTest",
            "messageBody": "",
            "fileTypesAndContributionMap": {
              "test-code": {
                "insertions": 8,
                "deletions": 4
              }
            }
          },
          {
            "hash": "3778a0bca1425681e47b85657bfec0a52d08e96e",
            "messageTitle": "Add checks for valid start and end time",
            "messageBody": "",
            "fileTypesAndContributionMap": {
              "functional-code": {
                "insertions": 14,
                "deletions": 0
              },
              "test-code": {
                "insertions": 11,
                "deletions": 0
              }
            }
          }
        ]
      },
      {
        "date": "2020-10-12",
        "commitResults": [
          {
            "hash": "5e4492ab6d559e81a0c1192c0ea633e28d7dd9c7",
            "messageTitle": "Remove unused commented line",
            "messageBody": "",
            "fileTypesAndContributionMap": {
              "functional-code": {
                "insertions": 0,
                "deletions": 1
              }
            }
          },
          {
            "hash": "ecdfc57cdbe10084b9d0b25b9f48842aa5feca04",
            "messageTitle": "Add isValidStartAndEndTime check in ParserUtil::parseClassTime, also refactor function names to be named more appropriately",
            "messageBody": "",
            "fileTypesAndContributionMap": {
              "functional-code": {
                "insertions": 6,
                "deletions": 4
              }
            }
          },
          {
            "hash": "0e49d09e367410ebd63a256bae7c5a67620c4d8c",
            "messageTitle": "Update UserGuide",
            "messageBody": "",
            "fileTypesAndContributionMap": {
              "docs": {
                "insertions": 2,
                "deletions": 2
              }
            }
          }
        ]
      },
      {
        "date": "2020-10-13",
        "commitResults": [
          {
            "hash": "a889e4c53160e4117e7a525d3553a193343546f2",
            "messageTitle": "Fix errors from merging other PRs",
            "messageBody": "",
            "fileTypesAndContributionMap": {
              "test-code": {
                "insertions": 50,
                "deletions": 47
              }
            }
          },
          {
            "hash": "bb3045751701135da8b5bcd69a9015dc358bdd76",
            "messageTitle": "Fix formatting",
            "messageBody": "",
            "fileTypesAndContributionMap": {
              "test-code": {
                "insertions": 2,
                "deletions": 2
              }
            }
          },
          {
            "hash": "96d5a4c9d91639717163be933473ae1724d5dcec",
            "messageTitle": "Fix errors from merging PRs",
            "messageBody": "",
            "fileTypesAndContributionMap": {
              "functional-code": {
                "insertions": 4,
                "deletions": 2
              },
              "test-code": {
                "insertions": 7,
                "deletions": 7
              }
            }
          }
        ]
      },
      {
        "date": "2020-10-19",
        "commitResults": [
          {
            "hash": "79074ef82758b08edb674769791afae9a2a571ec",
            "messageTitle": "Added AddAdditionalDetailCommand",
            "messageBody": "",
            "fileTypesAndContributionMap": {
              "functional-code": {
                "insertions": 108,
                "deletions": 0
              }
            }
          },
          {
            "hash": "163b8bf78685f63a0ec7d8065db6dfa6ef7e4947",
            "messageTitle": "Add DeleteAdditionalDetailCommand",
            "messageBody": "",
            "fileTypesAndContributionMap": {
              "functional-code": {
                "insertions": 106,
                "deletions": 17
              }
            }
          },
          {
            "hash": "ddcb42945e64729015fb7af665ab1e4fc52802c4",
            "messageTitle": "Add EditAdditionalDetailCommand",
            "messageBody": "",
            "fileTypesAndContributionMap": {
              "functional-code": {
                "insertions": 85,
                "deletions": 4
              }
            }
          },
          {
            "hash": "6f7414838303d33722ebac69cca43be3c26c21b8",
            "messageTitle": "Fix parsing for AddAdditionalCommand",
            "messageBody": "",
            "fileTypesAndContributionMap": {
              "functional-code": {
                "insertions": 98,
                "deletions": 30
              }
            }
          },
          {
            "hash": "e74c9e6af1dbfe824c32b307ec791951be0112d2",
            "messageTitle": "Add EditAdditionalDetailCommandParser",
            "messageBody": "",
            "fileTypesAndContributionMap": {
              "functional-code": {
                "insertions": 119,
                "deletions": 30
              }
            }
          },
          {
            "hash": "3856a9fbfafa1f47f1a02c692b9e7805b28e1cca",
            "messageTitle": " Add DeleteAdditionalDetailCommandParser",
            "messageBody": "",
            "fileTypesAndContributionMap": {
              "functional-code": {
                "insertions": 80,
                "deletions": 22
              }
            }
          },
          {
            "hash": "af367ab6aac2d7770e49dd0d4f88786e820302d6",
            "messageTitle": "Fix compilation errors",
            "messageBody": "",
            "fileTypesAndContributionMap": {
              "functional-code": {
                "insertions": 25,
                "deletions": 21
              },
              "test-code": {
                "insertions": 2,
                "deletions": 4
              }
            }
          },
          {
            "hash": "2a3fb0672f8a9215a59e6ef0a574ee5236f39726",
            "messageTitle": "Fix failing tests",
            "messageBody": "",
            "fileTypesAndContributionMap": {
              "functional-code": {
                "insertions": 9,
                "deletions": 3
              },
              "test-code": {
                "insertions": 16,
                "deletions": 16
              }
            }
          },
          {
            "hash": "489ddb1c5a60fb7116f8b490af496a9b40bc6a0c",
            "messageTitle": "Add Test for AddAdditionalDetailCommand",
            "messageBody": "",
            "fileTypesAndContributionMap": {
              "test-code": {
                "insertions": 127,
                "deletions": 0
              }
            }
          }
        ]
      },
      {
        "date": "2020-10-20",
        "commitResults": [
          {
            "hash": "16ac34fbf7e1e974b6940cfbc7e2faeb1be309bc",
            "messageTitle": "Remove editing additional details through edit student command",
            "messageBody": "",
            "fileTypesAndContributionMap": {
              "functional-code": {
                "insertions": 7,
                "deletions": 54
              },
              "test-code": {
                "insertions": 140,
                "deletions": 35
              }
            }
          },
          {
            "hash": "3a8bc6b848a8e969b108d31dfa86e0ae40b4d6ca",
            "messageTitle": "Fix bug in test that cost me hours of my life",
            "messageBody": "",
            "fileTypesAndContributionMap": {
              "test-code": {
                "insertions": 2,
                "deletions": 7
              }
            }
          },
          {
            "hash": "9647a5a8f9f93e0d4a47b8e48a722f66cecf71c5",
            "messageTitle": "Add test for DeleteAdditionalDetailCommand",
            "messageBody": "",
            "fileTypesAndContributionMap": {
              "test-code": {
                "insertions": 93,
                "deletions": 70
              }
            }
          },
          {
            "hash": "945e0cdad2c30f8a742669f6e1944b5f8e98b5d6",
            "messageTitle": "Add test for EditAdditionalDetailCommand",
            "messageBody": "",
            "fileTypesAndContributionMap": {
              "test-code": {
                "insertions": 176,
                "deletions": 0
              }
            }
          },
          {
            "hash": "73e6c7dda27c70f59bf6310b73f2a3d00ca8c66f",
            "messageTitle": "Add AddAdditionalDetailCommandParserTest",
            "messageBody": "",
            "fileTypesAndContributionMap": {
              "functional-code": {
                "insertions": 7,
                "deletions": 1
              },
              "test-code": {
                "insertions": 52,
                "deletions": 2
              }
            }
          },
          {
            "hash": "d39a750c4b159c36f2e31de7d141d23110a5bf15",
            "messageTitle": "Add EditAdditionalDetailCommandParserTest",
            "messageBody": "",
            "fileTypesAndContributionMap": {
              "functional-code": {
                "insertions": 20,
                "deletions": 2
              },
              "test-code": {
                "insertions": 66,
                "deletions": 0
              }
            }
          },
          {
            "hash": "947026feaaf4d09afd15ebac3cf19b34aff9ff77",
            "messageTitle": "Add DeleteAdditionalCommandParserTest",
            "messageBody": "",
            "fileTypesAndContributionMap": {
              "functional-code": {
                "insertions": 2,
                "deletions": 3
              },
              "test-code": {
                "insertions": 52,
                "deletions": 4
              }
            }
          },
          {
            "hash": "bb21dac88e15da587a0e1a7462047378ee604fe0",
            "messageTitle": "Fix ReeveParserTest",
            "messageBody": "",
            "fileTypesAndContributionMap": {
              "functional-code": {
                "insertions": 10,
                "deletions": 7
              },
              "test-code": {
                "insertions": 6,
                "deletions": 0
              }
            }
          },
          {
            "hash": "70e60b39b0e51e2bc6dbad67de58fb15214fbc29",
            "messageTitle": "Add AdditionalDetailCommandParserTest",
            "messageBody": "",
            "fileTypesAndContributionMap": {
              "functional-code": {
                "insertions": 5,
                "deletions": 3
              },
              "test-code": {
                "insertions": 68,
                "deletions": 0
              }
            }
          },
          {
            "hash": "f8e5e85a00a5b519a7a1013d4ae22b8a846f3eec",
            "messageTitle": "Edit Success Message",
            "messageBody": "",
            "fileTypesAndContributionMap": {
              "functional-code": {
                "insertions": 6,
                "deletions": 6
              },
              "test-code": {
                "insertions": 12,
                "deletions": 6
              }
            }
          },
          {
            "hash": "28bc8f888d64d2a26d4eacfa3e3ea5bf8fe6cac8",
            "messageTitle": "Edit output formatting",
            "messageBody": "",
            "fileTypesAndContributionMap": {
              "functional-code": {
                "insertions": 9,
                "deletions": 8
              }
            }
          },
          {
            "hash": "48cee7d1cca9010601251f461ac1978a8e3bf4da",
            "messageTitle": "Edit UserGuide",
            "messageBody": "",
            "fileTypesAndContributionMap": {
              "docs": {
                "insertions": 23,
                "deletions": 5
              }
            }
          }
        ]
      },
      {
        "date": "2020-10-23",
        "commitResults": [
          {
            "hash": "cf33134a1a7dbccda89afe00df3cbd85b836de3f",
            "messageTitle": "Added logging and assert statements",
            "messageBody": "",
            "fileTypesAndContributionMap": {
              "functional-code": {
                "insertions": 26,
                "deletions": 0
              }
            }
          }
        ]
      }
    ],
    "StopTakingAllTheNames": [
      {
        "date": "2020-09-23",
        "commitResults": [
          {
            "hash": "87c032fd3d5cfc246000ac4c8e8e88382e1bd080",
            "messageTitle": "Update AboutUs page",
            "messageBody": "",
            "fileTypesAndContributionMap": {
              "docs": {
                "insertions": 3,
                "deletions": 44
              }
            }
          }
        ]
      },
      {
        "date": "2020-09-27",
        "commitResults": [
          {
            "hash": "6c2f5ffc84a15c5a2d8b3011d3cfef1575d60792",
            "messageTitle": "Fix styling",
            "messageBody": "",
            "fileTypesAndContributionMap": {
              "docs": {
                "insertions": 1,
                "deletions": 1
              }
            }
          },
          {
            "hash": "b86708c570356a82804b13cabe381790c0f5f8f8",
            "messageTitle": "Update UserGuide entry for find command",
            "messageBody": "Added: command format\nTo add: examples of usage\n",
            "fileTypesAndContributionMap": {
              "docs": {
                "insertions": 9,
                "deletions": 7
              }
            }
          },
          {
            "hash": "c66ade1d0175f70dfbce356ea3b845314ae728b8",
            "messageTitle": "Edit title of find command section",
            "messageBody": "",
            "fileTypesAndContributionMap": {
              "docs": {
                "insertions": 1,
                "deletions": 1
              }
            }
          },
          {
            "hash": "f1aa0d9ab4e1a7d03bd9c540d5b421c2a47df5c6",
            "messageTitle": "Update DG",
            "messageBody": "* renamed all UCs to follow textbook numbering\n* add UC01 extension\n",
            "fileTypesAndContributionMap": {
              "docs": {
                "insertions": 22,
                "deletions": 10
              }
            }
          }
        ]
      },
      {
        "date": "2020-09-28",
        "commitResults": [
          {
            "hash": "7e43c90d66d69f7360038f3a10edf7467651a2ca",
            "messageTitle": "Fix #40",
            "messageBody": "* Rename choonsiong.png to csiongn.png\n* Moved CI status reference to tp\n* Rename all AddressBook references in UG to Reeve\n",
            "fileTypesAndContributionMap": {
              "docs": {
                "insertions": 6,
                "deletions": 6
              }
            }
          }
        ]
      },
      {
        "date": "2020-10-06",
        "commitResults": [
          {
            "hash": "6f2b55928ab5f2c4a56787088f49b3533ca44287",
            "messageTitle": "Refactor add and edit commands for new fields",
            "messageBody": "* Added: School, Year\n* Deprecated: Email, Address, Tags\n",
            "fileTypesAndContributionMap": {
              "functional-code": {
                "insertions": 94,
                "deletions": 264
              },
              "test-code": {
                "insertions": 92,
                "deletions": 173
              }
            }
          }
        ]
      },
      {
        "date": "2020-10-07",
        "commitResults": [
          {
            "hash": "daf67e7dd270ebdf6abed4927b491c0d917af337",
            "messageTitle": "Fix accidental word replacements in docs files",
            "messageBody": "",
            "fileTypesAndContributionMap": {
              "docs": {
                "insertions": 50,
                "deletions": 50
              }
            }
          },
          {
            "hash": "9ffc61c2152febda93e6f8b6f708a5f4d57f772b",
            "messageTitle": "Add Payment and Fee fields",
            "messageBody": "TODO: Implement\n",
            "fileTypesAndContributionMap": {
              "functional-code": {
                "insertions": 117,
                "deletions": 1
              },
              "test-code": {
                "insertions": 82,
                "deletions": 0
              }
            }
          }
        ]
      },
      {
        "date": "2020-10-11",
        "commitResults": [
          {
            "hash": "d8224f4af0cfea74ead6dc44c526a639d0cf86f9",
            "messageTitle": "Add ParserUtil tests and squash bugs",
            "messageBody": "Fixed:\n* parseYear()\n* parseSchool()\n",
            "fileTypesAndContributionMap": {
              "functional-code": {
                "insertions": 2,
                "deletions": 2
              },
              "test-code": {
                "insertions": 221,
                "deletions": 2
              }
            }
          },
          {
            "hash": "9b9af01ff065b7f4e38d8230c0a8970741fbfe72",
            "messageTitle": "Update user guide section on adding questions to a student.",
            "messageBody": "",
            "fileTypesAndContributionMap": {
              "docs": {
                "insertions": 19,
                "deletions": 2
              }
            }
          },
          {
            "hash": "149f4ecc709f998f925b0dfa1ef188ca6a8262dc",
            "messageTitle": "Rename parser",
            "messageBody": "",
            "fileTypesAndContributionMap": {
              "functional-code": {
                "insertions": 4,
                "deletions": 4
              },
              "other": {
                "insertions": 1,
                "deletions": 1
              },
              "test-code": {
                "insertions": 1,
                "deletions": 1
              }
            }
          }
        ]
      },
      {
        "date": "2020-10-12",
        "commitResults": [
          {
            "hash": "5fa83f105891fb632893cfdb7ec0cb164be74132",
            "messageTitle": "Add OverdueFeePredicate",
            "messageBody": "This predicate returns true IFF it has been more than a month since the student had last paid his fees.\n",
            "fileTypesAndContributionMap": {
              "functional-code": {
                "insertions": 24,
                "deletions": 0
              },
              "test-code": {
                "insertions": 54,
                "deletions": 0
              }
            }
          },
          {
            "hash": "bddc901088b0e1c52dc955b3e3be5bd4b0866d5a",
            "messageTitle": "Add Unpaid command for finding students with overdue fees",
            "messageBody": "",
            "fileTypesAndContributionMap": {
              "functional-code": {
                "insertions": 26,
                "deletions": 0
              },
              "test-code": {
                "insertions": 72,
                "deletions": 0
              }
            }
          },
          {
            "hash": "c19150745cf6017b615bb8f2f92ed487b6142abd",
            "messageTitle": "Update parsing of unpaid command",
            "messageBody": "",
            "fileTypesAndContributionMap": {
              "functional-code": {
                "insertions": 4,
                "deletions": 3
              },
              "test-code": {
                "insertions": 7,
                "deletions": 0
              }
            }
          },
          {
            "hash": "b317e17727722960ec1338efb128382e62911410",
            "messageTitle": "Add section for new command in user guide",
            "messageBody": "",
            "fileTypesAndContributionMap": {
              "docs": {
                "insertions": 8,
                "deletions": 11
              }
            }
          },
          {
            "hash": "a81e22ed9031ab013078bf73b9afbc2ccf704e2e",
            "messageTitle": "Modify predicate keyword list construction",
            "messageBody": "keywordsLists used in predicate constructors are now completely immutable.\n",
            "fileTypesAndContributionMap": {
              "functional-code": {
                "insertions": 3,
                "deletions": 3
              }
            }
          },
          {
            "hash": "9ab02249710e7c4a8975ba845a30abfef3229b8b",
            "messageTitle": "Remove missing import",
            "messageBody": "",
            "fileTypesAndContributionMap": {
              "functional-code": {
                "insertions": 0,
                "deletions": 1
              }
            }
          }
        ]
      },
      {
        "date": "2020-10-13",
        "commitResults": [
          {
            "hash": "7b97124159129d6e28b3e9fcfe82bf6f5c78c465",
            "messageTitle": "Fix styling",
            "messageBody": "",
            "fileTypesAndContributionMap": {
              "test-code": {
                "insertions": 1,
                "deletions": 3
              }
            }
          },
          {
            "hash": "6b256bff5488364ec8c11b822bbbbc16820066d8",
            "messageTitle": "Fix import styling",
            "messageBody": "",
            "fileTypesAndContributionMap": {
              "functional-code": {
                "insertions": 1,
                "deletions": 2
              }
            }
          },
          {
            "hash": "8e79b3d5222e8153a80963d4aa77814d6765ef2b",
            "messageTitle": "Add UI component to questions",
            "messageBody": "* Improved formatting for payment date\n",
            "fileTypesAndContributionMap": {
              "functional-code": {
                "insertions": 11,
                "deletions": 12
              }
            }
          },
          {
            "hash": "33bbbd27ed8275d43c204866621a63c2ccfe0394",
            "messageTitle": "Rename command",
            "messageBody": "",
            "fileTypesAndContributionMap": {
              "functional-code": {
                "insertions": 3,
                "deletions": 3
              },
              "other": {
                "insertions": 6,
                "deletions": 6
              },
              "test-code": {
                "insertions": 3,
                "deletions": 3
              }
            }
          },
          {
            "hash": "7cfc75f9f932c6d646f6d44e2c9f09c5558ae43f",
            "messageTitle": "Move prefixes to CliSyntax and improve UserGuide documentation",
            "messageBody": "",
            "fileTypesAndContributionMap": {
              "functional-code": {
                "insertions": 28,
                "deletions": 45
              },
              "docs": {
                "insertions": 3,
                "deletions": 3
              },
              "test-code": {
                "insertions": 28,
                "deletions": 28
              }
            }
          },
          {
            "hash": "0672c397e3434a49c667f204f5aa71716f8df447",
            "messageTitle": "Update command keyword in user guide",
            "messageBody": "",
            "fileTypesAndContributionMap": {
              "docs": {
                "insertions": 1,
                "deletions": 1
              }
            }
          },
          {
            "hash": "7950b342e3ac28d09018521ea00f935a33422c11",
            "messageTitle": "Improve GUI presentation",
            "messageBody": "",
            "fileTypesAndContributionMap": {
              "functional-code": {
                "insertions": 3,
                "deletions": 3
              },
              "test-code": {
                "insertions": 3,
                "deletions": 3
              }
            }
          },
          {
            "hash": "933ca655ed8ba8a06c083b433b89f420dcd7935f",
            "messageTitle": "Allow text wrapping for questions in FXML",
            "messageBody": "",
            "fileTypesAndContributionMap": {
              "functional-code": {
                "insertions": 1,
                "deletions": 1
              }
            }
          },
          {
            "hash": "ae997be40919bef0f496eba4fff02523342e0b1d",
            "messageTitle": "Fix styling",
            "messageBody": "",
            "fileTypesAndContributionMap": {
              "functional-code": {
                "insertions": 2,
                "deletions": 6
              },
              "test-code": {
                "insertions": 2,
                "deletions": 2
              }
            }
          }
        ]
      },
      {
        "date": "2020-10-14",
        "commitResults": [
          {
            "hash": "bc27fd289930f783528810090120ebfecb74e2eb",
            "messageTitle": "Rename OverDueFeePredicate to OverdueFeePredicate",
            "messageBody": "",
            "fileTypesAndContributionMap": {
              "other": {
                "insertions": 1,
                "deletions": 1
              }
            }
          }
        ]
      },
      {
        "date": "2020-10-20",
        "commitResults": [
          {
            "hash": "98104cd5ee8bc99dd3d2898bcb0deeb5b39bdeaf",
            "messageTitle": "Fix PaymentDate and Year constraints",
            "messageBody": "",
            "fileTypesAndContributionMap": {
              "functional-code": {
                "insertions": 2,
                "deletions": 2
              }
            }
          },
          {
            "hash": "856da40cb3349cd1782705a5aa21cdcf7dcc7cce",
            "messageTitle": "Update gradle file",
            "messageBody": "* Enabled assertions\n* Updated JAR name\n",
            "fileTypesAndContributionMap": {
              "other": {
                "insertions": 5,
                "deletions": 1
              }
            }
          }
        ]
      },
      {
        "date": "2020-10-21",
        "commitResults": [
          {
            "hash": "7b9a673596034f7998447fe90bafdc51c9b7c8ae",
            "messageTitle": "Update OverdueCommand segment in DG",
            "messageBody": "",
            "fileTypesAndContributionMap": {
              "docs": {
                "insertions": 43,
                "deletions": 1
              }
            }
          }
        ]
      }
    ],
    "csiongn": [
      {
        "date": "2020-09-23",
        "commitResults": [
          {
            "hash": "fa3111a6c43c54345a04a06f729aa7c70da1083a",
            "messageTitle": "Update AboutUs.md",
            "messageBody": "",
            "fileTypesAndContributionMap": {
              "docs": {
                "insertions": 4,
                "deletions": 6
              }
            }
          }
        ]
      },
      {
        "date": "2020-09-27",
        "commitResults": [
          {
            "hash": "cb48d5f998503f11896907521d543a8262d11e9f",
            "messageTitle": "Update Developer Guide",
            "messageBody": "",
            "fileTypesAndContributionMap": {
              "docs": {
                "insertions": 10,
                "deletions": 1
              }
            }
          },
          {
            "hash": "b0d7d1ae810174227418cb686cbf6cf18d473b2f",
            "messageTitle": "Update UG find command examples",
            "messageBody": "",
            "fileTypesAndContributionMap": {
              "docs": {
                "insertions": 3,
                "deletions": 3
              }
            }
          },
          {
            "hash": "5dc43aae2f8d9fdfd6ac9b9a989accd72fcd0af8",
            "messageTitle": "Update UG find command summary example",
            "messageBody": "",
            "fileTypesAndContributionMap": {
              "docs": {
                "insertions": 1,
                "deletions": 1
              }
            }
          },
          {
            "hash": "d8c4e412bf497265ba44c9d913f1037dd66690ca",
            "messageTitle": "Update incorrect reference of user to student",
            "messageBody": "",
            "fileTypesAndContributionMap": {
              "docs": {
                "insertions": 1,
                "deletions": 1
              }
            }
          }
        ]
      },
      {
        "date": "2020-10-08",
        "commitResults": [
          {
            "hash": "fd0e6ee3a8fe9d31f228b128c5a782f8217b2252",
            "messageTitle": "Implement find command to support finding by name, school, year or a combination",
            "messageBody": "",
            "fileTypesAndContributionMap": {
              "functional-code": {
                "insertions": 229,
                "deletions": 17
              },
              "test-code": {
                "insertions": 209,
                "deletions": 14
              }
            }
          },
          {
            "hash": "73170ffdfd4a572ffb5973dd60cc81a47d3db68e",
            "messageTitle": "Remove unused import",
            "messageBody": "",
            "fileTypesAndContributionMap": {
              "test-code": {
                "insertions": 0,
                "deletions": 1
              }
            }
          },
          {
            "hash": "5437240e7160f3be50c31c7a0f9ea623fc1c2b30",
            "messageTitle": "Fix accidental mistakes",
            "messageBody": "",
            "fileTypesAndContributionMap": {
              "functional-code": {
                "insertions": 3,
                "deletions": 3
              }
            }
          }
        ]
      },
      {
        "date": "2020-10-09",
        "commitResults": [
          {
            "hash": "7cae41be6ed0bd72f87ef39b5715bd311f4602c7",
            "messageTitle": "Update test cases",
            "messageBody": "",
            "fileTypesAndContributionMap": {
              "test-code": {
                "insertions": 59,
                "deletions": 21
              }
            }
          },
          {
            "hash": "0dbb05d1d657b391c4b67f154378161f1ec09928",
            "messageTitle": "Refactor find command",
            "messageBody": "",
            "fileTypesAndContributionMap": {
              "functional-code": {
                "insertions": 34,
                "deletions": 12
              },
              "test-code": {
                "insertions": 73,
                "deletions": 0
              }
            }
          },
          {
            "hash": "d8d8fd29a63fa3d5c3240f01b9c28207ba933b42",
            "messageTitle": "Fix conflicts from merging changes from master",
            "messageBody": "",
            "fileTypesAndContributionMap": {
              "functional-code": {
                "insertions": 15,
                "deletions": 11
              },
              "test-code": {
                "insertions": 16,
                "deletions": 13
              }
            }
          },
          {
            "hash": "7c2c5f1ffb6e034bf44e93a999b1cf23dd9c2373",
            "messageTitle": "Update user guide to clarify find command behaviour",
            "messageBody": "",
            "fileTypesAndContributionMap": {
              "docs": {
                "insertions": 3,
                "deletions": 1
              }
            }
          },
          {
            "hash": "ab56cd11318bd4e3a0be5d9dc7de3068e938bbcb",
            "messageTitle": "Add test cases",
            "messageBody": "",
            "fileTypesAndContributionMap": {
              "test-code": {
                "insertions": 26,
                "deletions": 4
              }
            }
          },
          {
            "hash": "2a6f1e3636cf28be715a88cf919de1bcfde8fa2f",
            "messageTitle": "Change test case",
            "messageBody": "",
            "fileTypesAndContributionMap": {
              "test-code": {
                "insertions": 1,
                "deletions": 1
              }
            }
          },
          {
            "hash": "f9003f4d5d05dfe82840ca1b7d0ce756e39a5f46",
            "messageTitle": "Fix checkstyle errors",
            "messageBody": "",
            "fileTypesAndContributionMap": {
              "test-code": {
                "insertions": 4,
                "deletions": 3
              }
            }
          },
          {
            "hash": "b1bdf965af5c856b3669f8857d1b8b13efc2e5e3",
            "messageTitle": "Remove references to AddressBook in EditCommand and SampleDataUtil",
            "messageBody": "",
            "fileTypesAndContributionMap": {
              "functional-code": {
                "insertions": 12,
                "deletions": 12
              }
            }
          }
        ]
      },
      {
        "date": "2020-10-11",
        "commitResults": [
          {
            "hash": "196531cb3ca79f7701e20702c2392fc562f34963",
            "messageTitle": "Change behaviour of SchoolContainsKeywordsPredicate and YearMatchPredicate",
            "messageBody": "",
            "fileTypesAndContributionMap": {
              "functional-code": {
                "insertions": 40,
                "deletions": 20
              },
              "docs": {
                "insertions": 12,
                "deletions": 7
              },
              "test-code": {
                "insertions": 82,
                "deletions": 15
              }
            }
          }
        ]
      },
      {
        "date": "2020-10-18",
        "commitResults": [
          {
            "hash": "925ddba186aac2fca9aeeba22fb73bd7b9b99085",
            "messageTitle": "Refactor year class",
            "messageBody": "",
            "fileTypesAndContributionMap": {
              "functional-code": {
                "insertions": 119,
                "deletions": 63
              },
              "test-code": {
                "insertions": 169,
                "deletions": 178
              }
            }
          },
          {
            "hash": "350f00492214486ae4116a7a1e74847f51100958",
            "messageTitle": "Fix checkstyle",
            "messageBody": "",
            "fileTypesAndContributionMap": {
              "functional-code": {
                "insertions": 27,
                "deletions": 18
              },
              "test-code": {
                "insertions": 103,
                "deletions": 14
              }
            }
          },
          {
            "hash": "60ed5737f0ee20462447be0bd12ba69338ae60de",
            "messageTitle": "Update error message",
            "messageBody": "",
            "fileTypesAndContributionMap": {
              "functional-code": {
                "insertions": 4,
                "deletions": 3
              }
            }
          }
        ]
      }
    ],
    "hogantan": [
      {
        "date": "2020-09-23",
        "commitResults": [
          {
            "hash": "b7877bf6d32e9152857b0bc5162edbe884cf6eef",
            "messageTitle": "Update about us",
            "messageBody": "",
            "fileTypesAndContributionMap": {
              "docs": {
                "insertions": 3,
                "deletions": 4
              }
            }
          }
        ]
      },
      {
        "date": "2020-09-27",
        "commitResults": [
          {
            "hash": "acc3a2db38fc4a6fd1da54237d80d048bb64d8fa",
            "messageTitle": "Update UG",
            "messageBody": "",
            "fileTypesAndContributionMap": {
              "docs": {
                "insertions": 27,
                "deletions": 25
              }
            }
          },
          {
            "hash": "f959530b952bc2634c65fc3850f56231240bbde5",
            "messageTitle": "Update DG",
            "messageBody": "",
            "fileTypesAndContributionMap": {
              "docs": {
                "insertions": 18,
                "deletions": 0
              }
            }
          },
          {
            "hash": "0a72d9f8b570a481b620246c4a2d276755507c8a",
            "messageTitle": "Update DG",
            "messageBody": "",
            "fileTypesAndContributionMap": {
              "docs": {
                "insertions": 1,
                "deletions": 1
              }
            }
          },
          {
            "hash": "56ddf5b7c1ffd741af5e816590dc2aaa161f7914",
            "messageTitle": "Update UG",
            "messageBody": "",
            "fileTypesAndContributionMap": {
              "docs": {
                "insertions": 1,
                "deletions": 1
              }
            }
          },
          {
            "hash": "dfab6b62f8292683c32bc7a7dd36cadee577bc5b",
            "messageTitle": "Update UG",
            "messageBody": "",
            "fileTypesAndContributionMap": {
              "docs": {
                "insertions": 1,
                "deletions": 1
              }
            }
          },
          {
            "hash": "c49b39e41ebf71b4c3aa47c5fd2082c07374b4b4",
            "messageTitle": "Update DG",
            "messageBody": "",
            "fileTypesAndContributionMap": {
              "docs": {
                "insertions": 1,
                "deletions": 1
              }
            }
          }
        ]
      },
      {
        "date": "2020-09-28",
        "commitResults": [
          {
            "hash": "26d131b9e5c82e659204be0eb3eda53914765cc1",
            "messageTitle": "Add Student Class",
            "messageBody": "Refactor Person to Student\n\nRefactor AddressBook to Reeve\n",
            "fileTypesAndContributionMap": {
              "functional-code": {
                "insertions": 641,
                "deletions": 431
              },
              "other": {
                "insertions": 323,
                "deletions": 329
              },
              "docs": {
                "insertions": 87,
                "deletions": 87
              },
              "test-code": {
                "insertions": 694,
                "deletions": 700
              }
            }
          },
          {
            "hash": "a9263144e43e121308266d6b66135080cf9522a2",
            "messageTitle": "Test",
            "messageBody": "",
            "fileTypesAndContributionMap": {
              "docs": {
                "insertions": 1,
                "deletions": 0
              }
            }
          }
        ]
      },
      {
        "date": "2020-10-05",
        "commitResults": [
          {
            "hash": "1d3868661c4d3c7635c73d5bf9524ab734323bf4",
            "messageTitle": "Update add command feature",
            "messageBody": "",
            "fileTypesAndContributionMap": {
              "functional-code": {
                "insertions": 119,
                "deletions": 40
              },
              "test-code": {
                "insertions": 4,
                "deletions": 4
              }
            }
          }
        ]
      },
      {
        "date": "2020-10-08",
        "commitResults": [
          {
            "hash": "ced75117730de9733953db4d2c6f8a384815da42",
            "messageTitle": "Update add command",
            "messageBody": "TODO:\nAdd and update test cases for add command\n",
            "fileTypesAndContributionMap": {
              "functional-code": {
                "insertions": 107,
                "deletions": 14
              },
              "test-code": {
                "insertions": 88,
                "deletions": 31
              }
            }
          },
          {
            "hash": "62c17740f201532a0ff20a5a18d1a448d171b674",
            "messageTitle": "Update index.md",
            "messageBody": "",
            "fileTypesAndContributionMap": {
              "docs": {
                "insertions": 2,
                "deletions": 2
              }
            }
          },
          {
            "hash": "7c1187619abb14bf81199226048f1ac6ed815cd5",
            "messageTitle": "Update index.md",
            "messageBody": "",
            "fileTypesAndContributionMap": {
              "docs": {
                "insertions": 2,
                "deletions": 2
              }
            }
          }
        ]
      },
      {
        "date": "2020-10-10",
        "commitResults": [
          {
            "hash": "a4e5c64c94d28fe97b410772f7f18f69160a8f4f",
            "messageTitle": "Add more test cases Update some address book and Reeve naming inconsistencies",
            "messageBody": "",
            "fileTypesAndContributionMap": {
              "functional-code": {
                "insertions": 54,
                "deletions": 57
              },
              "test-code": {
                "insertions": 102,
                "deletions": 37
              }
            }
          }
        ]
      },
      {
        "date": "2020-10-11",
        "commitResults": [
          {
            "hash": "e26701350cbc884c6d63589a5f44824d75e61c8c",
            "messageTitle": "Update GUI",
            "messageBody": "",
            "fileTypesAndContributionMap": {
              "functional-code": {
                "insertions": 65,
                "deletions": 44
              }
            }
          },
          {
            "hash": "36b242f9505f16eaef66a1cb9ae51c70abf983ad",
            "messageTitle": "Fix checkstyle erorrs",
            "messageBody": "",
            "fileTypesAndContributionMap": {
              "functional-code": {
                "insertions": 0,
                "deletions": 4
              }
            }
          }
        ]
      },
      {
        "date": "2020-10-13",
        "commitResults": [
          {
            "hash": "9aff7dd3bebb781138a4822b2068a28abed46b25",
            "messageTitle": "Update GUI",
            "messageBody": "",
            "fileTypesAndContributionMap": {
              "functional-code": {
                "insertions": 15,
                "deletions": 4
              }
            }
          },
          {
            "hash": "01a95323c03ef9564e0af34ef00d14bae60c811b",
            "messageTitle": "Update GUI",
            "messageBody": "",
            "fileTypesAndContributionMap": {
              "functional-code": {
                "insertions": 8,
                "deletions": 8
              }
            }
          },
          {
            "hash": "4e4a60ef2b0dbc7e5157208d10ef9717e7d04ee3",
            "messageTitle": "Update UG",
            "messageBody": "",
            "fileTypesAndContributionMap": {
              "docs": {
                "insertions": 16,
                "deletions": 12
              }
            }
          },
          {
            "hash": "aad07fe05dcf71669450c2c032ade876f08adb86",
            "messageTitle": "Update UG",
            "messageBody": "",
            "fileTypesAndContributionMap": {
              "docs": {
                "insertions": 1,
                "deletions": 1
              }
            }
          },
          {
            "hash": "c82b62ad4b6134b989f32b2feef2d0b34d149dc6",
            "messageTitle": "Update UG Update error message of add command",
            "messageBody": "",
            "fileTypesAndContributionMap": {
              "functional-code": {
                "insertions": 7,
                "deletions": 2
              },
              "docs": {
                "insertions": 2,
                "deletions": 2
              }
            }
          },
          {
            "hash": "72dee46eb704fc5730e848c0f58aee3afc5b95a6",
            "messageTitle": "Update UG",
            "messageBody": "",
            "fileTypesAndContributionMap": {
              "docs": {
                "insertions": 2,
                "deletions": 2
              }
            }
          }
        ]
      },
      {
        "date": "2020-10-19",
        "commitResults": [
          {
            "hash": "c1b8e13b95f53afb9e4ecabffec4ea99f23431a8",
            "messageTitle": "Update Help user guide link Update image in AboutUs Sync and update README and Product Website",
            "messageBody": "",
            "fileTypesAndContributionMap": {
              "functional-code": {
                "insertions": 6,
                "deletions": 2
              },
              "docs": {
                "insertions": 10,
                "deletions": 10
              }
            }
          },
          {
            "hash": "140696b152fd80122e0eea28b4aed1e6d2304a1d",
            "messageTitle": "Fix Checkstyle",
            "messageBody": "",
            "fileTypesAndContributionMap": {
              "docs": {
                "insertions": 1,
                "deletions": 1
              }
            }
          }
        ]
      }
    ]
  },
  "authorFileTypeContributionMap": {
    "AlexCQY": {
      "docs": 28,
      "functional-code": 374,
      "test-code": 567
    },
    "VaishakAnand": {
      "docs": 84,
      "functional-code": 913,
      "test-code": 1037
    },
    "StopTakingAllTheNames": {
      "docs": 110,
      "functional-code": 302,
      "test-code": 559,
      "other": 5
    },
    "csiongn": {
      "docs": 24,
      "functional-code": 386,
      "test-code": 562
    },
    "hogantan": {
      "docs": 87,
      "functional-code": 644,
      "test-code": 681
    }
  },
  "authorContributionVariance": {
    "AlexCQY": 10075.521,
    "VaishakAnand": 32745.812,
    "StopTakingAllTheNames": 8475.986,
    "csiongn": 11373.772,
    "hogantan": 151629.8
  },
  "authorDisplayNameMap": {
    "AlexCQY": "CS2103T-W15-2 ALEX.. YAO",
    "VaishakAnand": "CS2103T-W15-2 VAIS..NAND",
    "StopTakingAllTheNames": "CS2103T-W15-2 ONG .. GAO",
    "csiongn": "CS2103T-W15-2 NG C..IONG",
    "hogantan": "CS2103T-W15-2 HOGA.. HAN"
  }
}
