{
  "authorDailyContributionsMap": {
    "Raymond0212": [
      {
        "date": "2020-09-30",
        "commitResults": [
          {
            "hash": "824d2e940c354052ade3e6c4b9cfb22d1cdc3fa6",
            "messageTitle": "update target user, user stories and value proposition",
            "messageBody": "",
            "fileTypesAndContributionMap": {
              "docs": {
                "insertions": 34,
                "deletions": 11
              }
            }
          },
          {
            "hash": "cc14b9a898c00fca69cc7c15f1f777b250cf3ec6",
            "messageTitle": "update use cases in DeveloperGuide.md",
            "messageBody": "",
            "fileTypesAndContributionMap": {
              "docs": {
                "insertions": 111,
                "deletions": 12
              }
            }
          },
          {
            "hash": "e3d352b0fcd1b17c27b7e69ca88f96c8be75f226",
            "messageTitle": "update personal photo for Yongyan in AboutUs.md",
            "messageBody": "",
            "fileTypesAndContributionMap": {
              "docs": {
                "insertions": 1,
                "deletions": 1
              }
            }
          }
        ]
      },
      {
        "date": "2020-10-04",
        "commitResults": [
          {
            "hash": "5b6963f3f916eda85a51b6bc5d485dadf93d4365",
            "messageTitle": "correct format of photo",
            "messageBody": "",
            "fileTypesAndContributionMap": {
              "docs": {
                "insertions": 1,
                "deletions": 1
              }
            }
          }
        ]
      },
      {
        "date": "2020-10-07",
        "commitResults": [
          {
            "hash": "f1d897f3252551c5e1e7f0cd305d6d747b276126",
            "messageTitle": "update index.md for schedar",
            "messageBody": "",
            "fileTypesAndContributionMap": {
              "docs": {
                "insertions": 6,
                "deletions": 6
              }
            }
          }
        ]
      },
      {
        "date": "2020-10-13",
        "commitResults": [
          {
            "hash": "5391c9e3fe187c90994efacfab8474d196ec9354",
            "messageTitle": "Add list and exit command",
            "messageBody": "",
            "fileTypesAndContributionMap": {
              "functional-code": {
                "insertions": 41,
                "deletions": 336
              }
            }
          }
        ]
      },
      {
        "date": "2020-10-14",
        "commitResults": [
          {
            "hash": "b0a36f37f1692a7f6894e067931ab326df978978",
            "messageTitle": "fix styling issue",
            "messageBody": "",
            "fileTypesAndContributionMap": {
              "functional-code": {
                "insertions": 25,
                "deletions": 25
              },
              "docs": {
                "insertions": 7,
                "deletions": 7
              }
            }
          },
          {
            "hash": "647dbb345e0e784005fdfd700c15deae60e05a8f",
            "messageTitle": "fix styling issue",
            "messageBody": "",
            "fileTypesAndContributionMap": {
              "functional-code": {
                "insertions": 16,
                "deletions": 16
              }
            }
          },
          {
            "hash": "d570daf03bcb1b607fa967df8e44c3026cd9dfa7",
            "messageTitle": "fix styling issue",
            "messageBody": "",
            "fileTypesAndContributionMap": {
              "functional-code": {
                "insertions": 17,
                "deletions": 9
              }
            }
          },
          {
            "hash": "c78d9c614eb475d178ea55d79f929a628c77942b",
            "messageTitle": "fix styling issue",
            "messageBody": "",
            "fileTypesAndContributionMap": {
              "functional-code": {
                "insertions": 2,
                "deletions": 2
              }
            }
          },
          {
            "hash": "c2ac87eac97cbddc5c5bb9c50b3c5712be72813e",
            "messageTitle": "fix styling issue",
            "messageBody": "",
            "fileTypesAndContributionMap": {
              "functional-code": {
                "insertions": 2,
                "deletions": 2
              }
            }
          },
          {
            "hash": "c54deb7bed16ce98a355513625b9607ee19d192e",
            "messageTitle": "fix styling issue",
            "messageBody": "",
            "fileTypesAndContributionMap": {
              "functional-code": {
                "insertions": 1,
                "deletions": 1
              }
            }
          }
        ]
      },
      {
        "date": "2020-10-26",
        "commitResults": [
          {
            "hash": "0588c5b10cd4ba335248eb8ef1dc364d7dda16c5",
            "messageTitle": "add FindCommand and it\u0027s parser",
            "messageBody": "",
            "fileTypesAndContributionMap": {
              "functional-code": {
                "insertions": 110,
                "deletions": 43
              }
            }
          },
          {
            "hash": "3cc7c829d23edf2af562374dd4964289392f0d4a",
            "messageTitle": "update file encoding format",
            "messageBody": "",
            "fileTypesAndContributionMap": {
              "functional-code": {
                "insertions": 45,
                "deletions": 45
              }
            }
          },
          {
            "hash": "6e88b50cc79030a1298c04cdbc6578dc5eae6ddd",
            "messageTitle": "update file encoding format",
            "messageBody": "",
            "fileTypesAndContributionMap": {
              "functional-code": {
                "insertions": 30,
                "deletions": 30
              }
            }
          },
          {
            "hash": "7cfc485f1d78081f3d10c549927123a92164772f",
            "messageTitle": "fix style issue",
            "messageBody": "",
            "fileTypesAndContributionMap": {
              "functional-code": {
                "insertions": 13,
                "deletions": 4
              }
            }
          },
          {
            "hash": "ec0ba80ebe540d05cece45284cbb8bdc9a24ca55",
            "messageTitle": "fix style issue",
            "messageBody": "",
            "fileTypesAndContributionMap": {
              "functional-code": {
                "insertions": 1,
                "deletions": 1
              }
            }
          },
          {
            "hash": "6d66bd2e5a63bc86834b1c398179422a46d8c6f3",
            "messageTitle": "add sort command",
            "messageBody": "",
            "fileTypesAndContributionMap": {
              "functional-code": {
                "insertions": 34,
                "deletions": 0
              }
            }
          },
          {
            "hash": "09ca2b6e114b29fe9d78a3201e58c0a9203495c4",
            "messageTitle": "enable assertion in gradle",
            "messageBody": "",
            "fileTypesAndContributionMap": {
              "other": {
                "insertions": 4,
                "deletions": 0
              }
            }
          }
        ]
      },
      {
        "date": "2020-10-27",
        "commitResults": [
          {
            "hash": "530095f559476433d433556209c61306dc8b6cf2",
            "messageTitle": "update sort command",
            "messageBody": "",
            "fileTypesAndContributionMap": {
              "functional-code": {
                "insertions": 61,
                "deletions": 7
              }
            }
          },
          {
            "hash": "c9d7ec0933138da474fec59c48b8afcbcbf8ba03",
            "messageTitle": "update find command so that it searches both in description and title",
            "messageBody": "",
            "fileTypesAndContributionMap": {
              "functional-code": {
                "insertions": 8,
                "deletions": 10
              },
              "other": {
                "insertions": 16,
                "deletions": 16
              },
              "test-code": {
                "insertions": 4,
                "deletions": 4
              }
            }
          },
          {
            "hash": "6767225ed5d6637756d7533b9100c85203b798ea",
            "messageTitle": "update sort command",
            "messageBody": "",
            "fileTypesAndContributionMap": {
              "functional-code": {
                "insertions": 13,
                "deletions": 18
              }
            }
          },
          {
            "hash": "44fc0ed86e8c6c1a165e4d40997636674ea9de05",
            "messageTitle": "fix styling issue",
            "messageBody": "",
            "fileTypesAndContributionMap": {
              "functional-code": {
                "insertions": 3,
                "deletions": 1
              }
            }
          },
          {
            "hash": "05553de338ddf317bf535b9d994a73383d942e7b",
            "messageTitle": "fix styling issue",
            "messageBody": "",
            "fileTypesAndContributionMap": {
              "functional-code": {
                "insertions": 4,
                "deletions": 3
              }
            }
          },
          {
            "hash": "20c79d5d3ddc297618fc1a03fa6f7f04a14360bd",
            "messageTitle": "fix styling issue",
            "messageBody": "",
            "fileTypesAndContributionMap": {
              "functional-code": {
                "insertions": 0,
                "deletions": 30
              }
            }
          },
          {
            "hash": "3acbcfe957923f69b0f9b2780120d7f7c3ea2846",
            "messageTitle": "update testing file to fix style check",
            "messageBody": "",
            "fileTypesAndContributionMap": {
              "test-code": {
                "insertions": 8,
                "deletions": 4
              }
            }
          },
          {
            "hash": "fd4ac5314232f726af34fb4daf6870947fbf45f4",
            "messageTitle": "update junit test",
            "messageBody": "",
            "fileTypesAndContributionMap": {
              "test-code": {
                "insertions": 5,
                "deletions": 5
              }
            }
          },
          {
            "hash": "1271613cd2b4197a2e982e8a8058b8d114cbc6ed",
            "messageTitle": "update sort command",
            "messageBody": "",
            "fileTypesAndContributionMap": {
              "functional-code": {
                "insertions": 31,
                "deletions": 24
              }
            }
          },
          {
            "hash": "56ac9d9154ea53a3eba6d88dbfdf2e5af83b1eec",
            "messageTitle": "split ui into 2 columns",
            "messageBody": "",
            "fileTypesAndContributionMap": {
              "functional-code": {
                "insertions": 21,
                "deletions": 6
              }
            }
          },
          {
            "hash": "495620ba5b053b312ed140cc9d2a751aa00826a3",
            "messageTitle": "update ui fxml",
            "messageBody": "",
            "fileTypesAndContributionMap": {
              "functional-code": {
                "insertions": 70,
                "deletions": 0
              }
            }
          },
          {
            "hash": "7041ddea2a83697b777db6374510eb2441ff0239",
            "messageTitle": "update basic ui",
            "messageBody": "",
            "fileTypesAndContributionMap": {
              "functional-code": {
                "insertions": 3,
                "deletions": 3
              },
              "test-code": {
                "insertions": 1,
                "deletions": 1
              }
            }
          }
        ]
      },
      {
        "date": "2020-10-28",
        "commitResults": [
          {
            "hash": "5c660a65e67117474fe66bc78d1edbf28caf08bf",
            "messageTitle": "add sort command",
            "messageBody": "",
            "fileTypesAndContributionMap": {
              "functional-code": {
                "insertions": 26,
                "deletions": 15
              }
            }
          },
          {
            "hash": "003ac770cdbf876d6808c24e61e4d9a6415b9a30",
            "messageTitle": "fix encoding issue",
            "messageBody": "",
            "fileTypesAndContributionMap": {
              "functional-code": {
                "insertions": 51,
                "deletions": 51
              }
            }
          },
          {
            "hash": "d9bf668bb48e6a0f99ca84864cb6871171469fab",
            "messageTitle": "fix encoding issue",
            "messageBody": "",
            "fileTypesAndContributionMap": {
              "functional-code": {
                "insertions": 19,
                "deletions": 19
              }
            }
          },
          {
            "hash": "500daf1d433715421799df47fe19b6b9b8279995",
            "messageTitle": "fix styling issue",
            "messageBody": "",
            "fileTypesAndContributionMap": {
              "functional-code": {
                "insertions": 20,
                "deletions": 15
              }
            }
          },
          {
            "hash": "d091ba74adf4198037adb4848f704f6f0c3fb980",
            "messageTitle": "fix styling issue",
            "messageBody": "",
            "fileTypesAndContributionMap": {
              "functional-code": {
                "insertions": 3,
                "deletions": 3
              }
            }
          },
          {
            "hash": "afbbda279b002dfb5d3e8935823ce7b4633919c5",
            "messageTitle": "fix styling issue",
            "messageBody": "",
            "fileTypesAndContributionMap": {
              "functional-code": {
                "insertions": 2,
                "deletions": 4
              }
            }
          },
          {
            "hash": "d870faa1e050a6356e6bebd376de19f837adbb59",
            "messageTitle": "update junit test",
            "messageBody": "",
            "fileTypesAndContributionMap": {
              "test-code": {
                "insertions": 6,
                "deletions": 0
              }
            }
          },
          {
            "hash": "8c5a5e438112ea6d54d2f3dab14c8a8a8eaab1ff",
            "messageTitle": "update junit test",
            "messageBody": "",
            "fileTypesAndContributionMap": {
              "test-code": {
                "insertions": 12,
                "deletions": 0
              }
            }
          },
          {
            "hash": "79dcf6ac9f25dd686d22772000ad0547805dd8ff",
            "messageTitle": "update documents",
            "messageBody": "",
            "fileTypesAndContributionMap": {
              "functional-code": {
                "insertions": 1,
                "deletions": 1
              },
              "docs": {
                "insertions": 37,
                "deletions": 28
              }
            }
          },
          {
            "hash": "da815ad689caf8058be47f5c581451cdae4eb9ee",
            "messageTitle": "update userguide",
            "messageBody": "",
            "fileTypesAndContributionMap": {
              "docs": {
                "insertions": 13,
                "deletions": 3
              }
            }
          },
          {
            "hash": "405d97fc00f071e2d9f0ddb860601d9e7904733e",
            "messageTitle": "update version number",
            "messageBody": "",
            "fileTypesAndContributionMap": {
              "functional-code": {
                "insertions": 1,
                "deletions": 1
              }
            }
          }
        ]
      },
      {
        "date": "2020-10-29",
        "commitResults": [
          {
            "hash": "03d58cf3053b36d0913067b1a7b5166fbd37dbaf",
            "messageTitle": "update userguide",
            "messageBody": "",
            "fileTypesAndContributionMap": {
              "docs": {
                "insertions": 3,
                "deletions": 0
              }
            }
          },
          {
            "hash": "018d37f21fe53820019524392b804c355c878499",
            "messageTitle": "fix minor bug in find response",
            "messageBody": "",
            "fileTypesAndContributionMap": {
              "functional-code": {
                "insertions": 1,
                "deletions": 1
              }
            }
          }
        ]
      },
      {
        "date": "2020-11-02",
        "commitResults": [
          {
            "hash": "6218840822c96b1fab0bf5d79d7a005f77193c2a",
            "messageTitle": "refactor address to schedar",
            "messageBody": "",
            "fileTypesAndContributionMap": {
              "other": {
                "insertions": 944,
                "deletions": 944
              },
              "docs": {
                "insertions": 12,
                "deletions": 12
              },
              "test-code": {
                "insertions": 3,
                "deletions": 3
              }
            }
          },
          {
            "hash": "3dafaefffe44bdb970e6fdfc7db9950b390fe832",
            "messageTitle": "refactor address to schedar",
            "messageBody": "",
            "fileTypesAndContributionMap": {
              "functional-code": {
                "insertions": 8,
                "deletions": 10
              },
              "docs": {
                "insertions": 4,
                "deletions": 4
              },
              "test-code": {
                "insertions": 28,
                "deletions": 28
              }
            }
          }
        ]
      },
      {
        "date": "2020-11-06",
        "commitResults": [
          {
            "hash": "069a7c843b4a00898d83fa78c33a3a6a7f639612",
            "messageTitle": "change sort command to in-place sorting",
            "messageBody": "",
            "fileTypesAndContributionMap": {
              "functional-code": {
                "insertions": 3,
                "deletions": 3
              }
            }
          }
        ]
      },
      {
        "date": "2020-11-08",
        "commitResults": [
          {
            "hash": "5668977892f03ec4ddf76cd55a7c46c75d500dd7",
            "messageTitle": "add ppp for yongyan",
            "messageBody": "",
            "fileTypesAndContributionMap": {
              "docs": {
                "insertions": 37,
                "deletions": 0
              }
            }
          }
        ]
      },
      {
        "date": "2020-11-09",
        "commitResults": [
          {
            "hash": "7852c4895a543d7191c93cd731085f23b3f65243",
            "messageTitle": "add calendar ui",
            "messageBody": "",
            "fileTypesAndContributionMap": {
              "functional-code": {
                "insertions": 214,
                "deletions": 28
              }
            }
          },
          {
            "hash": "13b84140fdcda7d42b3d0ef07ccc080ae08be060",
            "messageTitle": "add calendar ui",
            "messageBody": "",
            "fileTypesAndContributionMap": {
              "functional-code": {
                "insertions": 1,
                "deletions": 1
              }
            }
          },
          {
            "hash": "4102d1cbd5b3cb1119b162e98c8db9d7c4247cb9",
            "messageTitle": "finished ui in months, but can\u0027t fill data",
            "messageBody": "",
            "fileTypesAndContributionMap": {
              "functional-code": {
                "insertions": 232,
                "deletions": 28
              }
            }
          },
          {
            "hash": "bceddeb90f7db5e21248afbe1c79fe875d303526",
            "messageTitle": "weekly ui update",
            "messageBody": "",
            "fileTypesAndContributionMap": {
              "functional-code": {
                "insertions": 600,
                "deletions": 308
              }
            }
          },
          {
            "hash": "81bc2bf57e3c0815db1ba3f8fe8531b6d7fb410e",
            "messageTitle": "update weekly ui",
            "messageBody": "",
            "fileTypesAndContributionMap": {
              "functional-code": {
                "insertions": 327,
                "deletions": 89
              },
              "other": {
                "insertions": 0,
                "deletions": 0
              }
            }
          },
          {
            "hash": "9db506570d1915f1bb6eec8c516ac4cea4fc2b84",
            "messageTitle": "upgrade ui",
            "messageBody": "",
            "fileTypesAndContributionMap": {
              "functional-code": {
                "insertions": 217,
                "deletions": 256
              }
            }
          },
          {
            "hash": "97eb0c0a1330524100804474729f04951ae99c0b",
            "messageTitle": "fix styling issue",
            "messageBody": "",
            "fileTypesAndContributionMap": {
              "functional-code": {
                "insertions": 163,
                "deletions": 152
              }
            }
          },
          {
            "hash": "de9407719cb81cb4c58df049ebaa33dca9a93b6d",
            "messageTitle": "fix styling issue",
            "messageBody": "",
            "fileTypesAndContributionMap": {
              "functional-code": {
                "insertions": 0,
                "deletions": 3
              }
            }
          },
          {
            "hash": "bbb06bba6996e7f79d01d3acf59d1f75f5bf5a5d",
            "messageTitle": "update documents",
            "messageBody": "",
            "fileTypesAndContributionMap": {
              "docs": {
                "insertions": 11,
                "deletions": 1
              }
            }
          },
          {
            "hash": "9490999937881cd214c6214ddb9a8c438fd9c132",
            "messageTitle": "update docs",
            "messageBody": "",
            "fileTypesAndContributionMap": {
              "docs": {
                "insertions": 1,
                "deletions": 1
              }
            }
          },
          {
            "hash": "c0010ab4e436b6e5480104083dcf4a117935603b",
            "messageTitle": "update yongyan\u0027s ppp",
            "messageBody": "",
            "fileTypesAndContributionMap": {
              "docs": {
                "insertions": 1,
                "deletions": 3
              }
            }
          },
          {
            "hash": "683d2aed152c4717f4668d85cb72e8134eeeeb0b",
            "messageTitle": "update yongyan\u0027s ppp",
            "messageBody": "",
            "fileTypesAndContributionMap": {
              "docs": {
                "insertions": 4,
                "deletions": 2
              }
            }
          },
          {
            "hash": "cb508d7a1ceba1ef724f99259a518c663b044791",
            "messageTitle": "update ui diagram",
            "messageBody": "",
            "fileTypesAndContributionMap": {
              "docs": {
                "insertions": 10,
                "deletions": 0
              }
            }
          },
          {
            "hash": "bbef01e71b15e9e1385bc1969a9a9694585525b6",
            "messageTitle": "update undoredostate disgram",
            "messageBody": "",
            "fileTypesAndContributionMap": {
              "docs": {
                "insertions": 19,
                "deletions": 19
              }
            }
          },
          {
            "hash": "12260d4474e3da97e1985c76f1d4fa7b2e7ad862",
            "messageTitle": "fix typo in command summary",
            "messageBody": "",
            "fileTypesAndContributionMap": {
              "docs": {
                "insertions": 1,
                "deletions": 1
              }
            }
          },
          {
            "hash": "a36ad9b855c9f9351854d7a5a23f6c6da60f2cc7",
            "messageTitle": "update DG",
            "messageBody": "",
            "fileTypesAndContributionMap": {
              "docs": {
                "insertions": 5,
                "deletions": 5
              }
            }
          },
          {
            "hash": "9cdaf238d880050953af38a6a06fa19e9ab0e9f5",
            "messageTitle": "update DG saving data",
            "messageBody": "",
            "fileTypesAndContributionMap": {
              "docs": {
                "insertions": 0,
                "deletions": 8
              }
            }
          }
        ]
      }
    ],
    "danadi7": [
      {
        "date": "2020-10-09",
        "commitResults": [
          {
            "hash": "0ee980acb25d6a32c97a28822d75553513b05263",
            "messageTitle": "Revert \"add remark and time classes (incomplete)\"",
            "messageBody": "",
            "fileTypesAndContributionMap": {
              "functional-code": {
                "insertions": 7,
                "deletions": 61
              }
            }
          },
          {
            "hash": "661681ada689d0012a913a2b20c2b8592f91bf6b",
            "messageTitle": "Revert \"modify person to task (incomplete)\"",
            "messageBody": "",
            "fileTypesAndContributionMap": {
              "functional-code": {
                "insertions": 0,
                "deletions": 63
              },
              "other": {
                "insertions": 34,
                "deletions": 35
              }
            }
          }
        ]
      },
      {
        "date": "2020-10-10",
        "commitResults": [
          {
            "hash": "d62e033b73a6bc4b4fbf09db75d597dd9d426b3d",
            "messageTitle": "Add new task models",
            "messageBody": "",
            "fileTypesAndContributionMap": {
              "functional-code": {
                "insertions": 912,
                "deletions": 0
              }
            }
          },
          {
            "hash": "9074685e7ff48a93539eefec6703513cfdcdb41c",
            "messageTitle": "Refactor existing models",
            "messageBody": "",
            "fileTypesAndContributionMap": {
              "functional-code": {
                "insertions": 202,
                "deletions": 76
              }
            }
          },
          {
            "hash": "3e278c5db525a82d541b8ead7783497129d7423f",
            "messageTitle": "Remove person models",
            "messageBody": "",
            "fileTypesAndContributionMap": {
              "functional-code": {
                "insertions": 0,
                "deletions": 679
              }
            }
          },
          {
            "hash": "75d477c8851cc67ccd0d5bbcc030789c00311925",
            "messageTitle": "Refactored commands to handle tasks",
            "messageBody": "",
            "fileTypesAndContributionMap": {
              "functional-code": {
                "insertions": 922,
                "deletions": 664
              },
              "other": {
                "insertions": 10,
                "deletions": 31
              }
            }
          },
          {
            "hash": "d159dda669b0513fe991f0743a98bd71cd135b52",
            "messageTitle": "Add new constructors and sample data",
            "messageBody": "",
            "fileTypesAndContributionMap": {
              "functional-code": {
                "insertions": 69,
                "deletions": 37
              }
            }
          },
          {
            "hash": "8307aa3604ec29ec3d943ebc82ba11214386ce17",
            "messageTitle": "Partial refactor of storage to adapt to new models",
            "messageBody": "",
            "fileTypesAndContributionMap": {
              "functional-code": {
                "insertions": 233,
                "deletions": 12
              }
            }
          },
          {
            "hash": "c3bdc41d0de9ce7ffc47aab99b24ec73907036be",
            "messageTitle": "Fix missing brace",
            "messageBody": "",
            "fileTypesAndContributionMap": {
              "functional-code": {
                "insertions": 1,
                "deletions": 0
              }
            }
          }
        ]
      },
      {
        "date": "2020-10-11",
        "commitResults": [
          {
            "hash": "d519d6987fdc3cbff44da252a170736b326316c5",
            "messageTitle": "Complete refactor of storage for new task models",
            "messageBody": "",
            "fileTypesAndContributionMap": {
              "functional-code": {
                "insertions": 89,
                "deletions": 296
              },
              "other": {
                "insertions": 102,
                "deletions": 46
              }
            }
          },
          {
            "hash": "6679267cca1cfa4a5e33a02d411c7fa0eef898c6",
            "messageTitle": "Refactor UI to show tasks",
            "messageBody": "",
            "fileTypesAndContributionMap": {
              "functional-code": {
                "insertions": 79,
                "deletions": 79
              },
              "other": {
                "insertions": 23,
                "deletions": 23
              }
            }
          },
          {
            "hash": "898aabae1cf13034adc37bd79ec6db117435d3ce",
            "messageTitle": "Fix prefixes and time format",
            "messageBody": "",
            "fileTypesAndContributionMap": {
              "functional-code": {
                "insertions": 2,
                "deletions": 2
              }
            }
          },
          {
            "hash": "ecee4dadccaf2dc2f69c0239371c74adf0de0064",
            "messageTitle": "Fix styling errors",
            "messageBody": "",
            "fileTypesAndContributionMap": {
              "functional-code": {
                "insertions": 67,
                "deletions": 28
              }
            }
          },
          {
            "hash": "c2ede515b1dd05c00e103f03974a076220a52fd3",
            "messageTitle": "Remove trailing whitespace",
            "messageBody": "",
            "fileTypesAndContributionMap": {
              "functional-code": {
                "insertions": 0,
                "deletions": 1
              }
            }
          },
          {
            "hash": "6bfed1cbd61da00afd9d0d66c5935ecafb6d9381",
            "messageTitle": "Fix styling errors",
            "messageBody": "",
            "fileTypesAndContributionMap": {
              "functional-code": {
                "insertions": 4,
                "deletions": 0
              }
            }
          },
          {
            "hash": "c8a4caf3935ac23eb26265df188436ae99d7746b",
            "messageTitle": "Fix invalid command messages",
            "messageBody": "",
            "fileTypesAndContributionMap": {
              "functional-code": {
                "insertions": 2,
                "deletions": 4
              }
            }
          }
        ]
      },
      {
        "date": "2020-10-14",
        "commitResults": [
          {
            "hash": "88465ddc1673db8b122f586407b124be2bfc2b29",
            "messageTitle": "Remove AB3 test cases",
            "messageBody": "",
            "fileTypesAndContributionMap": {
              "test-code": {
                "insertions": 0,
                "deletions": 4846
              }
            }
          }
        ]
      },
      {
        "date": "2020-10-21",
        "commitResults": [
          {
            "hash": "a66ecafc8aa0cc2825b2390f395247e4a5d1d0fb",
            "messageTitle": "Refactor testutil",
            "messageBody": "",
            "fileTypesAndContributionMap": {
              "test-code": {
                "insertions": 605,
                "deletions": 422
              }
            }
          }
        ]
      },
      {
        "date": "2020-10-22",
        "commitResults": [
          {
            "hash": "bc279c71177a47c8801d4f8abf64c111dd845bf5",
            "messageTitle": "Add tests for new models",
            "messageBody": "",
            "fileTypesAndContributionMap": {
              "test-code": {
                "insertions": 798,
                "deletions": 0
              }
            }
          },
          {
            "hash": "33f1fbc88a4a12f4005d6f400aa4b28d12ad773c",
            "messageTitle": "Remove person model tests",
            "messageBody": "",
            "fileTypesAndContributionMap": {
              "test-code": {
                "insertions": 0,
                "deletions": 517
              }
            }
          },
          {
            "hash": "baad73c216d918a9e958eee447959506861946fd",
            "messageTitle": "Add test cases for commands an parser",
            "messageBody": "",
            "fileTypesAndContributionMap": {
              "test-code": {
                "insertions": 1428,
                "deletions": 1263
              }
            }
          },
          {
            "hash": "9438365e1dc2038b38d2e2843cd611655cc14ab4",
            "messageTitle": "Refactor storage tests",
            "messageBody": "",
            "fileTypesAndContributionMap": {
              "test-code": {
                "insertions": 150,
                "deletions": 416
              }
            }
          },
          {
            "hash": "f7ad7e07770d13b05ee45d7a5e432ea90058df42",
            "messageTitle": "Fix test cases and remove broken ones",
            "messageBody": "",
            "fileTypesAndContributionMap": {
              "test-code": {
                "insertions": 7,
                "deletions": 9
              }
            }
          },
          {
            "hash": "c81dbe5695b822ddc45f9092436add32580be99b",
            "messageTitle": "Revert \"Remove AB3 tests\"",
            "messageBody": "",
            "fileTypesAndContributionMap": {
              "test-code": {
                "insertions": 4846,
                "deletions": 0
              }
            }
          },
          {
            "hash": "63fbb4fd1adc1660a3bbde7050f237e87c39a717",
            "messageTitle": "Update test methods with newly implemented commands",
            "messageBody": "",
            "fileTypesAndContributionMap": {
              "test-code": {
                "insertions": 15,
                "deletions": 0
              }
            }
          },
          {
            "hash": "4d880f611dbddb3b74a1baa22742524c44d22eb6",
            "messageTitle": "Add new test cases",
            "messageBody": "",
            "fileTypesAndContributionMap": {
              "test-code": {
                "insertions": 27,
                "deletions": 26
              }
            }
          },
          {
            "hash": "0575196f47c750b031c237c8e65a2ea2b447c701",
            "messageTitle": "Fix styling violations",
            "messageBody": "",
            "fileTypesAndContributionMap": {
              "functional-code": {
                "insertions": 1,
                "deletions": 0
              },
              "test-code": {
                "insertions": 48,
                "deletions": 83
              }
            }
          },
          {
            "hash": "f79ef80266206d073e06c5a9660419ff4e6ca035",
            "messageTitle": "Fix broken test cases",
            "messageBody": "",
            "fileTypesAndContributionMap": {
              "test-code": {
                "insertions": 42,
                "deletions": 28
              }
            }
          },
          {
            "hash": "bbf4b73380e48cb284ce30f8d81bd26e7d9b3343",
            "messageTitle": "Fix indentation",
            "messageBody": "",
            "fileTypesAndContributionMap": {
              "test-code": {
                "insertions": 28,
                "deletions": 24
              }
            }
          }
        ]
      },
      {
        "date": "2020-10-28",
        "commitResults": [
          {
            "hash": "ba8c76f6f077f5f821505256dba2344e7dee6cda",
            "messageTitle": "Make description, priority, tags optional",
            "messageBody": "",
            "fileTypesAndContributionMap": {
              "functional-code": {
                "insertions": 57,
                "deletions": 13
              }
            }
          },
          {
            "hash": "fc9a0348dfbf41ce13335dc134c7e2099d400a60",
            "messageTitle": "Refactor tests for optional fields",
            "messageBody": "",
            "fileTypesAndContributionMap": {
              "test-code": {
                "insertions": 14,
                "deletions": 43
              }
            }
          },
          {
            "hash": "04e6115c90a04bfbc2f8fe05b8bb7b995a6877cd",
            "messageTitle": "Enforce non-null constraint for deadlines and events",
            "messageBody": "",
            "fileTypesAndContributionMap": {
              "functional-code": {
                "insertions": 6,
                "deletions": 0
              }
            }
          },
          {
            "hash": "68d11f437220292aca506d7b1f604364f8011968",
            "messageTitle": "Fix test cases for TaskDate and TaskTime",
            "messageBody": "",
            "fileTypesAndContributionMap": {
              "test-code": {
                "insertions": 14,
                "deletions": 8
              }
            }
          },
          {
            "hash": "e3423fb349cad70fb835d67c7e11462af8120522",
            "messageTitle": "Remove unused import",
            "messageBody": "",
            "fileTypesAndContributionMap": {
              "test-code": {
                "insertions": 0,
                "deletions": 1
              }
            }
          },
          {
            "hash": "107d534aed6b2ae0fc099a38b25ad325222b2a5b",
            "messageTitle": "Fix Done command",
            "messageBody": "",
            "fileTypesAndContributionMap": {
              "functional-code": {
                "insertions": 3,
                "deletions": 0
              }
            }
          },
          {
            "hash": "f8a1a976a830cfd6e5206d9152ec904820c9de3d",
            "messageTitle": "Update UI for deadline and event type tasks",
            "messageBody": "",
            "fileTypesAndContributionMap": {
              "functional-code": {
                "insertions": 23,
                "deletions": 3
              }
            }
          },
          {
            "hash": "7bdf72deeed0b3471efb60045e47ebbe59e3ddfc",
            "messageTitle": "Modify description to default description if input is empty",
            "messageBody": "",
            "fileTypesAndContributionMap": {
              "functional-code": {
                "insertions": 19,
                "deletions": 15
              }
            }
          },
          {
            "hash": "f0bd6689baedd4f0f71b213f31890a6829d90cc3",
            "messageTitle": "Update test cases",
            "messageBody": "",
            "fileTypesAndContributionMap": {
              "test-code": {
                "insertions": 29,
                "deletions": 5
              }
            }
          },
          {
            "hash": "583be2d69cae75bc2fb547647a0ab9fb9db1cec7",
            "messageTitle": "Fix broken test case",
            "messageBody": "",
            "fileTypesAndContributionMap": {
              "functional-code": {
                "insertions": 1,
                "deletions": 1
              }
            }
          }
        ]
      },
      {
        "date": "2020-10-30",
        "commitResults": [
          {
            "hash": "a8c4dc1107507170d0aec05798a4181ec4e8132f",
            "messageTitle": "Update UG for v1.3 release",
            "messageBody": "",
            "fileTypesAndContributionMap": {
              "docs": {
                "insertions": 73,
                "deletions": 50
              }
            }
          }
        ]
      },
      {
        "date": "2020-11-09",
        "commitResults": [
          {
            "hash": "f12628fdf30d8b52cf0b9f49d6212bd911f5e76b",
            "messageTitle": "Update DG for v1.4",
            "messageBody": "",
            "fileTypesAndContributionMap": {
              "docs": {
                "insertions": 223,
                "deletions": 129
              }
            }
          },
          {
            "hash": "cac96cb4c505c1a351e5e3841351503fc40a1350",
            "messageTitle": "Fix gradle build file",
            "messageBody": "",
            "fileTypesAndContributionMap": {
              "other": {
                "insertions": 2,
                "deletions": 2
              }
            }
          },
          {
            "hash": "7d9a0cc20dd963f2c5baba3262f4fef6fc65054b",
            "messageTitle": "Update date and time parsers to use ISO Date and ISO Time",
            "messageBody": "",
            "fileTypesAndContributionMap": {
              "functional-code": {
                "insertions": 4,
                "deletions": 3
              }
            }
          },
          {
            "hash": "133d6513d57ad151b2148856c81636aedc5116e2",
            "messageTitle": " Update help message for date and time",
            "messageBody": "",
            "fileTypesAndContributionMap": {
              "functional-code": {
                "insertions": 4,
                "deletions": 2
              }
            }
          },
          {
            "hash": "61b83676415700c57ba68664a908d4e3c057cedd",
            "messageTitle": "Update usage string for commands",
            "messageBody": "",
            "fileTypesAndContributionMap": {
              "functional-code": {
                "insertions": 6,
                "deletions": 6
              }
            }
          },
          {
            "hash": "ee1407641da388d2def7a0b14ffcdadebb34711e",
            "messageTitle": "Remove unused imports",
            "messageBody": "",
            "fileTypesAndContributionMap": {
              "functional-code": {
                "insertions": 2,
                "deletions": 3
              }
            }
          },
          {
            "hash": "f1a386b8442b6f3bfb1186c730b26e66635e0f41",
            "messageTitle": "Update tests to catch new invalid cases",
            "messageBody": "",
            "fileTypesAndContributionMap": {
              "test-code": {
                "insertions": 5,
                "deletions": 0
              }
            }
          },
          {
            "hash": "3639e0951594011ecfd9bdac089a8aa62f307a36",
            "messageTitle": "Remove duplicate code",
            "messageBody": "",
            "fileTypesAndContributionMap": {
              "functional-code": {
                "insertions": 12,
                "deletions": 27
              },
              "test-code": {
                "insertions": 202,
                "deletions": 567
              }
            }
          },
          {
            "hash": "78dcd8a95a3442c25f2c3eb8daa470dce1b9e22d",
            "messageTitle": "Update done command",
            "messageBody": "",
            "fileTypesAndContributionMap": {
              "functional-code": {
                "insertions": 1,
                "deletions": 1
              }
            }
          },
          {
            "hash": "2805b498b5b05006f9214395990e4f78dfd3b5ba",
            "messageTitle": "Improve diagram readability",
            "messageBody": "",
            "fileTypesAndContributionMap": {
              "docs": {
                "insertions": 5,
                "deletions": 5
              }
            }
          },
          {
            "hash": "ecc67f36fe257100f44dae4c5870300df6f51c84",
            "messageTitle": "Fix documentation errors",
            "messageBody": "",
            "fileTypesAndContributionMap": {
              "docs": {
                "insertions": 5,
                "deletions": 5
              }
            }
          },
          {
            "hash": "cf391b464bb7c825b67f232b6816dabf4abd74c1",
            "messageTitle": "Add PPP for Daniel",
            "messageBody": "",
            "fileTypesAndContributionMap": {
              "docs": {
                "insertions": 42,
                "deletions": 1
              }
            }
          },
          {
            "hash": "6862f36b17052731daa3f46d85f767213f969311",
            "messageTitle": "Update UML diagram from AB3",
            "messageBody": "",
            "fileTypesAndContributionMap": {
              "docs": {
                "insertions": 8,
                "deletions": 8
              }
            }
          },
          {
            "hash": "09693e6bf09fac7c81f65646c245f830d7150391",
            "messageTitle": "Update PPP for Daniel",
            "messageBody": "",
            "fileTypesAndContributionMap": {
              "docs": {
                "insertions": 4,
                "deletions": 0
              }
            }
          },
          {
            "hash": "320233c47217b75942d10c084c620dbce3b9067d",
            "messageTitle": "Fix Done to be compatible with Undo command",
            "messageBody": "",
            "fileTypesAndContributionMap": {
              "functional-code": {
                "insertions": 39,
                "deletions": 17
              },
              "test-code": {
                "insertions": 0,
                "deletions": 31
              }
            }
          },
          {
            "hash": "dd5559fbe5d1845b2524c78b50b51dd8c1dde21f",
            "messageTitle": "Remove trailing whitespaces",
            "messageBody": "",
            "fileTypesAndContributionMap": {
              "docs": {
                "insertions": 19,
                "deletions": 23
              }
            }
          },
          {
            "hash": "d3efdafb129f101f05e14087b94110b128ef7b5d",
            "messageTitle": "Update DG",
            "messageBody": "",
            "fileTypesAndContributionMap": {
              "docs": {
                "insertions": 52,
                "deletions": 62
              }
            }
          },
          {
            "hash": "da4a384ff60c5ef7e6dc91154fcceb7e9f77fa9d",
            "messageTitle": "Update version number in MainApp",
            "messageBody": "",
            "fileTypesAndContributionMap": {
              "functional-code": {
                "insertions": 1,
                "deletions": 1
              }
            }
          }
        ]
      }
    ],
    "e0316059": [
      {
        "date": "2020-09-30",
        "commitResults": [
          {
            "hash": "dd6aabfbdf96b09ea89a0c781e4608b4d936fb9a",
            "messageTitle": "update about us",
            "messageBody": "",
            "fileTypesAndContributionMap": {
              "docs": {
                "insertions": 19,
                "deletions": 24
              }
            }
          },
          {
            "hash": "71c2414ee0e00ae8c7cae76824c0a94ff8b0c1b6",
            "messageTitle": "update AboutUs page",
            "messageBody": "",
            "fileTypesAndContributionMap": {
              "docs": {
                "insertions": 6,
                "deletions": 6
              }
            }
          },
          {
            "hash": "ae3c98c06518f7a19dea2ca953d5e4f357fbef50",
            "messageTitle": "update README page",
            "messageBody": "",
            "fileTypesAndContributionMap": {
              "docs": {
                "insertions": 10,
                "deletions": 10
              }
            }
          },
          {
            "hash": "38a802681e30d341ebb6b70c6eec41d5999d6b3d",
            "messageTitle": "update user guide",
            "messageBody": "",
            "fileTypesAndContributionMap": {
              "docs": {
                "insertions": 77,
                "deletions": 71
              }
            }
          }
        ]
      },
      {
        "date": "2020-10-07",
        "commitResults": [
          {
            "hash": "0ab586655bbbef3f640cb14c569cafba2a732e20",
            "messageTitle": "modify person to task",
            "messageBody": "",
            "fileTypesAndContributionMap": {
              "functional-code": {
                "insertions": 63,
                "deletions": 0
              },
              "other": {
                "insertions": 35,
                "deletions": 34
              }
            }
          },
          {
            "hash": "85ec7c4e23207a2983dfa9ba79abb25019def951",
            "messageTitle": "add remark and time classes (incomplete)",
            "messageBody": "",
            "fileTypesAndContributionMap": {
              "functional-code": {
                "insertions": 61,
                "deletions": 7
              }
            }
          }
        ]
      },
      {
        "date": "2020-10-14",
        "commitResults": [
          {
            "hash": "950146f4ed592d205e1f33b4a2715fbe29d7d7d6",
            "messageTitle": "implement done command and delete command",
            "messageBody": "",
            "fileTypesAndContributionMap": {
              "functional-code": {
                "insertions": 181,
                "deletions": 39
              }
            }
          }
        ]
      },
      {
        "date": "2020-10-22",
        "commitResults": [
          {
            "hash": "0d2ded78f3d8fd585db5360fec7cccebd136c17f",
            "messageTitle": "add help command",
            "messageBody": "",
            "fileTypesAndContributionMap": {
              "functional-code": {
                "insertions": 20,
                "deletions": 1
              }
            }
          }
        ]
      },
      {
        "date": "2020-10-27",
        "commitResults": [
          {
            "hash": "09243b0d04cbe2ee6b1d07a0d1a31d91d35192bf",
            "messageTitle": "implement help command",
            "messageBody": "",
            "fileTypesAndContributionMap": {
              "functional-code": {
                "insertions": 20,
                "deletions": 5
              }
            }
          },
          {
            "hash": "6a904e1ec3c4115d226244ee8bccd2181b33111c",
            "messageTitle": "add edit commands",
            "messageBody": "",
            "fileTypesAndContributionMap": {
              "functional-code": {
                "insertions": 992,
                "deletions": 94
              }
            }
          },
          {
            "hash": "9741e2337137f4e24660f7b8f93c73f615917955",
            "messageTitle": "fix style error",
            "messageBody": "",
            "fileTypesAndContributionMap": {
              "functional-code": {
                "insertions": 103,
                "deletions": 147
              }
            }
          },
          {
            "hash": "28a02d314c651129c97e39f2e478014013ebf2e2",
            "messageTitle": "modify edit message usage",
            "messageBody": "",
            "fileTypesAndContributionMap": {
              "functional-code": {
                "insertions": 54,
                "deletions": 19
              }
            }
          },
          {
            "hash": "43a72bb1d7c22bda5cce0424fc8725c3aa9719b3",
            "messageTitle": "debug (finish edit commands)",
            "messageBody": "",
            "fileTypesAndContributionMap": {
              "functional-code": {
                "insertions": 335,
                "deletions": 371
              }
            }
          }
        ]
      },
      {
        "date": "2020-10-28",
        "commitResults": [
          {
            "hash": "aa1d2a9a00bf6ab23a569fa1eb61e4b936d8ada1",
            "messageTitle": "add retrieve command",
            "messageBody": "",
            "fileTypesAndContributionMap": {
              "functional-code": {
                "insertions": 144,
                "deletions": 1
              }
            }
          },
          {
            "hash": "5e105f207b0dba008e717dd492ba95f2936e2b3b",
            "messageTitle": "add javadoc",
            "messageBody": "",
            "fileTypesAndContributionMap": {
              "functional-code": {
                "insertions": 7,
                "deletions": 0
              }
            }
          },
          {
            "hash": "514b7b1794bbf0131e4394ae7f60e2ceb0234f7f",
            "messageTitle": "fix style error",
            "messageBody": "",
            "fileTypesAndContributionMap": {
              "functional-code": {
                "insertions": 1,
                "deletions": 1
              }
            }
          },
          {
            "hash": "93e4675ba9a0c8c083dc04225187e0997013c19f",
            "messageTitle": "debug and fix style error",
            "messageBody": "",
            "fileTypesAndContributionMap": {
              "functional-code": {
                "insertions": 9,
                "deletions": 9
              },
              "test-code": {
                "insertions": 30,
                "deletions": 0
              }
            }
          },
          {
            "hash": "7cb891bb21ca720d9b031a51be312ab10d2a8d14",
            "messageTitle": "update user guide",
            "messageBody": "",
            "fileTypesAndContributionMap": {
              "docs": {
                "insertions": 24,
                "deletions": 8
              }
            }
          }
        ]
      },
      {
        "date": "2020-10-29",
        "commitResults": [
          {
            "hash": "e015591d5a95945200f075629999f037c75afe1a",
            "messageTitle": "debug",
            "messageBody": "",
            "fileTypesAndContributionMap": {
              "functional-code": {
                "insertions": 3,
                "deletions": 3
              }
            }
          }
        ]
      },
      {
        "date": "2020-10-30",
        "commitResults": [
          {
            "hash": "439d50997b8945dac334a175e80746f8c1217c26",
            "messageTitle": "add exception to handle invalid type selected in edit commands",
            "messageBody": "",
            "fileTypesAndContributionMap": {
              "functional-code": {
                "insertions": 22,
                "deletions": 12
              }
            }
          },
          {
            "hash": "de0b19ffc5830655d13bb730177e146702b924e5",
            "messageTitle": "fix style error",
            "messageBody": "",
            "fileTypesAndContributionMap": {
              "functional-code": {
                "insertions": 14,
                "deletions": 5
              }
            }
          }
        ]
      },
      {
        "date": "2020-11-08",
        "commitResults": [
          {
            "hash": "4540b527d04e34197dca59776205ac0538561f5e",
            "messageTitle": "add undo and redo commands and modifying the testing code",
            "messageBody": "",
            "fileTypesAndContributionMap": {
              "functional-code": {
                "insertions": 375,
                "deletions": 50
              },
              "test-code": {
                "insertions": 155,
                "deletions": 24
              }
            }
          },
          {
            "hash": "6b575788eb984d3f56c388897395d9f130f9d1c6",
            "messageTitle": "debug redo command, add delete command test",
            "messageBody": "",
            "fileTypesAndContributionMap": {
              "functional-code": {
                "insertions": 18,
                "deletions": 7
              },
              "test-code": {
                "insertions": 246,
                "deletions": 116
              }
            }
          },
          {
            "hash": "f9c849d7404af03c6927ff60921d6dfb973d50e7",
            "messageTitle": "add undo command test, redo command test",
            "messageBody": "",
            "fileTypesAndContributionMap": {
              "functional-code": {
                "insertions": 1,
                "deletions": 1
              },
              "test-code": {
                "insertions": 66,
                "deletions": 19
              }
            }
          }
        ]
      },
      {
        "date": "2020-11-09",
        "commitResults": [
          {
            "hash": "79db9456d2ef3f349658db0e3e0ff9aae6945060",
            "messageTitle": "add command history test, testapp, edit event descriptor test",
            "messageBody": "",
            "fileTypesAndContributionMap": {
              "test-code": {
                "insertions": 450,
                "deletions": 0
              }
            }
          },
          {
            "hash": "ffa91942053466e39a3f25fdae61df378525e401",
            "messageTitle": "dummy",
            "messageBody": "",
            "fileTypesAndContributionMap": {
              "test-code": {
                "insertions": 244,
                "deletions": 0
              }
            }
          },
          {
            "hash": "c03b227be28cbe535eec06e15c20554867c64590",
            "messageTitle": "fix style error",
            "messageBody": "",
            "fileTypesAndContributionMap": {
              "test-code": {
                "insertions": 2,
                "deletions": 1
              }
            }
          },
          {
            "hash": "84644734885d1a64764a438e5a723c9317bb4c3a",
            "messageTitle": "add count command and count command test",
            "messageBody": "",
            "fileTypesAndContributionMap": {
              "functional-code": {
                "insertions": 82,
                "deletions": 4
              },
              "test-code": {
                "insertions": 56,
                "deletions": 6
              }
            }
          },
          {
            "hash": "627dcebab6d8bb5249f14c64b867fb5bd1885b0d",
            "messageTitle": "modify retrieve command to handle exceptions",
            "messageBody": "",
            "fileTypesAndContributionMap": {
              "functional-code": {
                "insertions": 57,
                "deletions": 4
              },
              "other": {
                "insertions": 2,
                "deletions": 2
              },
              "test-code": {
                "insertions": 15,
                "deletions": 0
              }
            }
          },
          {
            "hash": "ab0ffcde173694d07a77cf6286f24dbe8d643b07",
            "messageTitle": "remove redundant lines",
            "messageBody": "",
            "fileTypesAndContributionMap": {
              "functional-code": {
                "insertions": 1,
                "deletions": 0
              },
              "test-code": {
                "insertions": 0,
                "deletions": 4
              }
            }
          },
          {
            "hash": "0c7d161e55cd4a4fc7ec6dab5c2b9be7f5c75a49",
            "messageTitle": "remove unused test",
            "messageBody": "",
            "fileTypesAndContributionMap": {
              "test-code": {
                "insertions": 0,
                "deletions": 245
              }
            }
          },
          {
            "hash": "b2add9f026fedc0eba0736b70ca65b3e710d172d",
            "messageTitle": "add mingsi project portfolio page",
            "messageBody": "",
            "fileTypesAndContributionMap": {
              "docs": {
                "insertions": 34,
                "deletions": 0
              }
            }
          },
          {
            "hash": "c6fc45b61041301beba70630a7b85fa739f51b28",
            "messageTitle": "format code",
            "messageBody": "",
            "fileTypesAndContributionMap": {
              "functional-code": {
                "insertions": 2,
                "deletions": 0
              },
              "test-code": {
                "insertions": 0,
                "deletions": 4
              }
            }
          },
          {
            "hash": "adefec0b85a19b781fc83e88ae6c48f0550deefe",
            "messageTitle": "fix style error",
            "messageBody": "",
            "fileTypesAndContributionMap": {
              "docs": {
                "insertions": 2,
                "deletions": 1
              }
            }
          },
          {
            "hash": "b516c43d443721be9cb5418f699be087dd59661b",
            "messageTitle": "Update e0316059.md",
            "messageBody": "",
            "fileTypesAndContributionMap": {
              "docs": {
                "insertions": 4,
                "deletions": 1
              }
            }
          },
          {
            "hash": "1352424c1a7f255f402352fe3487722062449af2",
            "messageTitle": "update user guide",
            "messageBody": "",
            "fileTypesAndContributionMap": {
              "docs": {
                "insertions": 40,
                "deletions": 2
              }
            }
          },
          {
            "hash": "dd5d66a7e07c91277f0d21a75b2796cf9a700766",
            "messageTitle": "modify dg",
            "messageBody": "",
            "fileTypesAndContributionMap": {
              "docs": {
                "insertions": 307,
                "deletions": 42
              },
              "test-code": {
                "insertions": 4,
                "deletions": 0
              }
            }
          },
          {
            "hash": "54837a35173a9a75a8e671b06e790aae8e563f12",
            "messageTitle": "Update CountSequenceDiagram.puml",
            "messageBody": "",
            "fileTypesAndContributionMap": {
              "docs": {
                "insertions": 2,
                "deletions": 1
              }
            }
          },
          {
            "hash": "ffc8b6b7e43599c02d3c3535a85b1bf6fd4636c7",
            "messageTitle": "Update EditSequenceDiagram.puml",
            "messageBody": "",
            "fileTypesAndContributionMap": {
              "docs": {
                "insertions": 2,
                "deletions": 0
              }
            }
          }
        ]
      }
    ]
  },
  "authorFileTypeContributionMap": {
    "Raymond0212": {
      "docs": 210,
      "functional-code": 1650,
      "test-code": 476,
      "other": 2
    },
    "danadi7": {
      "docs": 384,
      "functional-code": 1931,
      "test-code": 2315,
      "other": 2
    },
    "e0316059": {
      "docs": 415,
      "functional-code": 1622,
      "test-code": 827
    }
  },
  "authorContributionVariance": {
    "Raymond0212": 129995.4,
    "danadi7": 1499805.9,
    "e0316059": 93067.88
  },
  "authorDisplayNameMap": {
    "Raymond0212": "CS2103-T16-4 CHEN..GYAN",
    "danadi7": "CS2103-T16-4 DANI..NOTO",
    "e0316059": "CS2103-T16-4 QU M..NGSI"
  }
}
