{
  "authorDailyContributionsMap": {
    "KishenKumarrrrr": [
      {
        "date": "2020-09-13",
        "commitResults": [
          {
            "hash": "8d4cbb4deecfec99932cb4d60f6d3cc339853dc3",
            "messageTitle": "Update README.md",
            "messageBody": "",
            "fileTypesAndContributionMap": {
              "docs": {
                "insertions": 2,
                "deletions": 0
              }
            }
          }
        ]
      },
      {
        "date": "2020-09-22",
        "commitResults": [
          {
            "hash": "70dc3ae8c5f2d7d04df6930f49aa7f03bd141988",
            "messageTitle": "Add edit command in User Guide",
            "messageBody": "",
            "fileTypesAndContributionMap": {
              "docs": {
                "insertions": 20,
                "deletions": 9
              }
            }
          },
          {
            "hash": "447530b31641aaa75f7e97490cd23d0c0d8108da",
            "messageTitle": "Update AboutUs page",
            "messageBody": "",
            "fileTypesAndContributionMap": {
              "docs": {
                "insertions": 53,
                "deletions": 42
              }
            }
          },
          {
            "hash": "aa16093bb857e7d51053f93b3f15b868d952bd60",
            "messageTitle": "Update README",
            "messageBody": "",
            "fileTypesAndContributionMap": {
              "docs": {
                "insertions": 10,
                "deletions": 9
              }
            }
          },
          {
            "hash": "18888bba69ca99f23a8ff98f5e2e7e1f1169489f",
            "messageTitle": "Update product website",
            "messageBody": "",
            "fileTypesAndContributionMap": {
              "docs": {
                "insertions": 5,
                "deletions": 4
              }
            }
          },
          {
            "hash": "ce9ab3f5153cf5a837a28a54f93987685d95431a",
            "messageTitle": "Update use case for Developer Guide",
            "messageBody": "",
            "fileTypesAndContributionMap": {
              "docs": {
                "insertions": 80,
                "deletions": 8
              }
            }
          }
        ]
      },
      {
        "date": "2020-09-26",
        "commitResults": [
          {
            "hash": "7b2be7b7dad2b443546f27c745793b9f1152daa3",
            "messageTitle": "Rename Person class and person package to Bug and bug",
            "messageBody": "",
            "fileTypesAndContributionMap": {
              "other": {
                "insertions": 0,
                "deletions": 0
              }
            }
          },
          {
            "hash": "515157582f9dd698d2a77c3b3d7c906de711db29",
            "messageTitle": "Rename Person class",
            "messageBody": "",
            "fileTypesAndContributionMap": {
              "functional-code": {
                "insertions": 242,
                "deletions": 251
              },
              "docs": {
                "insertions": 35,
                "deletions": 35
              },
              "test-code": {
                "insertions": 222,
                "deletions": 228
              }
            }
          },
          {
            "hash": "256989aaf7ecb307df49c9ff743447385210e49e",
            "messageTitle": "Delete Phone class and usages",
            "messageBody": "",
            "fileTypesAndContributionMap": {
              "functional-code": {
                "insertions": 17,
                "deletions": 127
              },
              "test-code": {
                "insertions": 61,
                "deletions": 229
              }
            }
          },
          {
            "hash": "76a5c31e8a0b93a41b6eed50d2e7df885c6daf3f",
            "messageTitle": "Change Address to Description",
            "messageBody": "",
            "fileTypesAndContributionMap": {
              "functional-code": {
                "insertions": 63,
                "deletions": 67
              },
              "other": {
                "insertions": 11,
                "deletions": 11
              },
              "docs": {
                "insertions": 52,
                "deletions": 52
              },
              "test-code": {
                "insertions": 130,
                "deletions": 134
              }
            }
          }
        ]
      },
      {
        "date": "2020-09-28",
        "commitResults": [
          {
            "hash": "bc8e05e94c2079805b9f89d1a2209fd4751a1f1a",
            "messageTitle": "Add header in User Guide",
            "messageBody": "",
            "fileTypesAndContributionMap": {
              "docs": {
                "insertions": 5,
                "deletions": 1
              }
            }
          },
          {
            "hash": "b361c293ea854405cc47070b6197ed0083914927",
            "messageTitle": "Update UserGuide.md",
            "messageBody": "",
            "fileTypesAndContributionMap": {
              "docs": {
                "insertions": 2,
                "deletions": 3
              }
            }
          },
          {
            "hash": "9bcda38ea2f9ea515bc809e5d3c050e641467654",
            "messageTitle": "Remove implementation section",
            "messageBody": "",
            "fileTypesAndContributionMap": {
              "docs": {
                "insertions": 1,
                "deletions": 91
              }
            }
          }
        ]
      },
      {
        "date": "2020-10-03",
        "commitResults": [
          {
            "hash": "f898a95057621af498c18ad2d29fbdb5188b01be",
            "messageTitle": "Update State",
            "messageBody": "",
            "fileTypesAndContributionMap": {
              "functional-code": {
                "insertions": 55,
                "deletions": 23
              },
              "test-code": {
                "insertions": 100,
                "deletions": 43
              }
            }
          },
          {
            "hash": "ace17adf550389a626153883f676457bad688da4",
            "messageTitle": "Update import statements",
            "messageBody": "",
            "fileTypesAndContributionMap": {
              "test-code": {
                "insertions": 4,
                "deletions": 1
              }
            }
          }
        ]
      },
      {
        "date": "2020-10-05",
        "commitResults": [
          {
            "hash": "c37be73307cc96af6d93c8bd6dd5317fc9b12ccb",
            "messageTitle": "Change Ui CSS to remove phone and add border to state",
            "messageBody": "",
            "fileTypesAndContributionMap": {
              "functional-code": {
                "insertions": 0,
                "deletions": 1
              }
            }
          }
        ]
      },
      {
        "date": "2020-10-12",
        "commitResults": [
          {
            "hash": "dc0fa1151df9e9f5e7f78f302983e48c22cd041c",
            "messageTitle": "Update JavaDocs for Command and Logic",
            "messageBody": "",
            "fileTypesAndContributionMap": {
              "functional-code": {
                "insertions": 1,
                "deletions": 1
              },
              "test-code": {
                "insertions": 150,
                "deletions": 146
              }
            }
          }
        ]
      },
      {
        "date": "2020-10-19",
        "commitResults": [
          {
            "hash": "5008b1b4f3f79e5fc3ac7f318e76549524aa9d25",
            "messageTitle": "Update Help Command Window",
            "messageBody": "",
            "fileTypesAndContributionMap": {
              "functional-code": {
                "insertions": 128,
                "deletions": 18
              }
            }
          }
        ]
      },
      {
        "date": "2020-10-20",
        "commitResults": [
          {
            "hash": "3dd20a0f9a833d14dab6f3f867c22810c2e0ada9",
            "messageTitle": "Remove whitespace",
            "messageBody": "",
            "fileTypesAndContributionMap": {
              "docs": {
                "insertions": 20,
                "deletions": 31
              }
            }
          },
          {
            "hash": "e9a782ff278e3059335246410fb12835745eb6a4",
            "messageTitle": "Update Developer Guide",
            "messageBody": "",
            "fileTypesAndContributionMap": {
              "docs": {
                "insertions": 66,
                "deletions": 2
              }
            }
          }
        ]
      }
    ],
    "the-reefshark": [
      {
        "date": "2020-09-21",
        "commitResults": [
          {
            "hash": "3c89bfd6ed5dee202bab125ab1d9f83cadfa8c33",
            "messageTitle": "Update UserGuide.md",
            "messageBody": "",
            "fileTypesAndContributionMap": {
              "docs": {
                "insertions": 51,
                "deletions": 150
              }
            }
          }
        ]
      },
      {
        "date": "2020-09-22",
        "commitResults": [
          {
            "hash": "3b9cb5db0143be82e2152920216f879df1cd6011",
            "messageTitle": "Add self info in AboutUs.md Add the-reefshark.md Add the-reefshark.png",
            "messageBody": "",
            "fileTypesAndContributionMap": {
              "docs": {
                "insertions": 35,
                "deletions": 4
              }
            }
          },
          {
            "hash": "ce1067959f4e631a7f127f35d7b4794c82d7bd87",
            "messageTitle": "Revert \"Add self info in AboutUs.md\"",
            "messageBody": "This reverts commit 3b9cb5db0143be82e2152920216f879df1cd6011.\n",
            "fileTypesAndContributionMap": {
              "docs": {
                "insertions": 4,
                "deletions": 35
              }
            }
          },
          {
            "hash": "e96e79cc6647f30ae8972b776970024a58e62ed9",
            "messageTitle": "Update AboutUs",
            "messageBody": "",
            "fileTypesAndContributionMap": {
              "docs": {
                "insertions": 1714,
                "deletions": 4
              }
            }
          }
        ]
      },
      {
        "date": "2020-09-24",
        "commitResults": [
          {
            "hash": "fadc68924cf2ec87346b181acfb2825ccaf5be35",
            "messageTitle": "Fix CI status icon not being linked to repo Add Ui screenshots",
            "messageBody": "",
            "fileTypesAndContributionMap": {
              "docs": {
                "insertions": 6,
                "deletions": 2
              }
            }
          }
        ]
      },
      {
        "date": "2020-09-27",
        "commitResults": [
          {
            "hash": "3108c98258a85b9441a8ed33c42a3c30c3ccdd84",
            "messageTitle": "Remove User Guide header Fix UI Images not loading",
            "messageBody": "",
            "fileTypesAndContributionMap": {
              "docs": {
                "insertions": 2,
                "deletions": 3
              }
            }
          }
        ]
      },
      {
        "date": "2020-10-03",
        "commitResults": [
          {
            "hash": "dc5fb45360cd7a4fe4e0d1b35bb0c0d2b9a59dfb",
            "messageTitle": "Made parsing of \"s/\" prefix optional Remove \"missing state prefix\" test case",
            "messageBody": "",
            "fileTypesAndContributionMap": {
              "functional-code": {
                "insertions": 10,
                "deletions": 3
              },
              "test-code": {
                "insertions": 3,
                "deletions": 7
              }
            }
          },
          {
            "hash": "ee538eaa0c29f33ad07a01e003380b671e128b3f",
            "messageTitle": "Fix Checkstyle",
            "messageBody": "",
            "fileTypesAndContributionMap": {
              "functional-code": {
                "insertions": 1,
                "deletions": 1
              }
            }
          }
        ]
      },
      {
        "date": "2020-10-04",
        "commitResults": [
          {
            "hash": "6785c6e8cdb6794ffcd56545003b389ebb42f8cc",
            "messageTitle": "Update Add Bug error message",
            "messageBody": "",
            "fileTypesAndContributionMap": {
              "functional-code": {
                "insertions": 5,
                "deletions": 5
              }
            }
          }
        ]
      },
      {
        "date": "2020-10-20",
        "commitResults": [
          {
            "hash": "1acd9ee1489ed6d2327cc93a97fa34fb0a874244",
            "messageTitle": "Update DeveloperGuide.md",
            "messageBody": "",
            "fileTypesAndContributionMap": {
              "docs": {
                "insertions": 5,
                "deletions": 5
              }
            }
          }
        ]
      }
    ],
    "duynguyen24501": [
      {
        "date": "2020-09-22",
        "commitResults": [
          {
            "hash": "d37fd62542a4a9311c3e3cc082b80f4e02225d16",
            "messageTitle": "Update User Guide: Add list command",
            "messageBody": "",
            "fileTypesAndContributionMap": {
              "docs": {
                "insertions": 17,
                "deletions": 7
              }
            }
          },
          {
            "hash": "eab439ea29caebb1f6c66ec4179a640b8b47d414",
            "messageTitle": "Update Developer Guide: Add Target User Profile, Value Proposition and Glossary",
            "messageBody": "",
            "fileTypesAndContributionMap": {
              "docs": {
                "insertions": 3,
                "deletions": 3
              }
            }
          }
        ]
      },
      {
        "date": "2020-09-23",
        "commitResults": [
          {
            "hash": "3c7bce364dc5b157a590df9c21daed490795d13e",
            "messageTitle": "Update AboutUs.md",
            "messageBody": "",
            "fileTypesAndContributionMap": {
              "docs": {
                "insertions": 60,
                "deletions": 4
              }
            }
          },
          {
            "hash": "eaf876bde7df1ef6cb277a52875491dd056dcc28",
            "messageTitle": "Fix checkstyle for .md files",
            "messageBody": "",
            "fileTypesAndContributionMap": {
              "docs": {
                "insertions": 2,
                "deletions": 2
              }
            }
          },
          {
            "hash": "64fdab32aa704ddd149328d1ad08a6932099fd30",
            "messageTitle": "Delete redundant docs folder",
            "messageBody": "",
            "fileTypesAndContributionMap": {
              "docs": {
                "insertions": 0,
                "deletions": 1707
              }
            }
          }
        ]
      },
      {
        "date": "2020-09-26",
        "commitResults": [
          {
            "hash": "04e2c140417e3a3558ba43ec163d666e0b9e20d3",
            "messageTitle": "Renaming classes trial",
            "messageBody": "",
            "fileTypesAndContributionMap": {
              "functional-code": {
                "insertions": 345,
                "deletions": 358
              },
              "other": {
                "insertions": 306,
                "deletions": 311
              },
              "docs": {
                "insertions": 36,
                "deletions": 36
              },
              "test-code": {
                "insertions": 515,
                "deletions": 518
              }
            }
          },
          {
            "hash": "4d721b3e2a0ec6557f4b783f482dcef7c1e6c16a",
            "messageTitle": "Fix checkstyle some files",
            "messageBody": "",
            "fileTypesAndContributionMap": {
              "functional-code": {
                "insertions": 23,
                "deletions": 7
              }
            }
          },
          {
            "hash": "d6e8ff74476f679c01e1680a101c8a18f3c1d335",
            "messageTitle": "Fix checkstyle some test files",
            "messageBody": "",
            "fileTypesAndContributionMap": {
              "test-code": {
                "insertions": 16,
                "deletions": 10
              }
            }
          }
        ]
      },
      {
        "date": "2020-10-04",
        "commitResults": [
          {
            "hash": "042fa9d8d249b7864bd83f0a94ab6e3796b956ab",
            "messageTitle": "Update help command to reflect correct link",
            "messageBody": "",
            "fileTypesAndContributionMap": {
              "functional-code": {
                "insertions": 1,
                "deletions": 1
              }
            }
          },
          {
            "hash": "5e9554f0973c2b11d7969bfcdd9ff62fb301ca68",
            "messageTitle": "Refactor CreateEditedPerson to CreateEditedBug",
            "messageBody": "",
            "fileTypesAndContributionMap": {
              "functional-code": {
                "insertions": 8,
                "deletions": 8
              },
              "test-code": {
                "insertions": 6,
                "deletions": 6
              }
            }
          }
        ]
      },
      {
        "date": "2020-10-06",
        "commitResults": [
          {
            "hash": "55aaa3eaabf41be3585d1db55c9a21bb36dcefc8",
            "messageTitle": "Update skeleton for MoveCommand and MoveCommandParser class",
            "messageBody": "",
            "fileTypesAndContributionMap": {
              "functional-code": {
                "insertions": 141,
                "deletions": 7
              },
              "test-code": {
                "insertions": 9,
                "deletions": 9
              }
            }
          }
        ]
      },
      {
        "date": "2020-10-13",
        "commitResults": [
          {
            "hash": "e6dbca132eb36842362a33ae549362c5c8fd613e",
            "messageTitle": "Refactor data in storage test folder",
            "messageBody": "",
            "fileTypesAndContributionMap": {
              "test-code": {
                "insertions": 1,
                "deletions": 1
              }
            }
          },
          {
            "hash": "9678bb9f93e79e6fa565a02ae7d6ed35394ce80e",
            "messageTitle": "Minor spacing change of JavaDoc in storage main folder",
            "messageBody": "",
            "fileTypesAndContributionMap": {
              "functional-code": {
                "insertions": 2,
                "deletions": 2
              }
            }
          },
          {
            "hash": "b2d2e7d4b8309e3216388d488468051ae1b5bf68",
            "messageTitle": "Minor data update in test folder",
            "messageBody": "",
            "fileTypesAndContributionMap": {
              "test-code": {
                "insertions": 3,
                "deletions": 3
              }
            }
          }
        ]
      },
      {
        "date": "2020-10-20",
        "commitResults": [
          {
            "hash": "96074f2fd00f35c49e8eb70e625af75e95356ffe",
            "messageTitle": "Update draft Developer Guide for proposed feature",
            "messageBody": "",
            "fileTypesAndContributionMap": {
              "docs": {
                "insertions": 7,
                "deletions": 1
              }
            }
          },
          {
            "hash": "cc65ac968136f086dc44563e54ccd8a3566cf2c1",
            "messageTitle": "Update Developer Guide for proposed search command to follow the format",
            "messageBody": "",
            "fileTypesAndContributionMap": {
              "docs": {
                "insertions": 25,
                "deletions": 6
              }
            }
          },
          {
            "hash": "ac819bcb8a4ef6b97282ac45aab2a05fee038a5d",
            "messageTitle": "Add a new line at the end of Developer Guide file",
            "messageBody": "",
            "fileTypesAndContributionMap": {
              "docs": {
                "insertions": 1,
                "deletions": 0
              }
            }
          },
          {
            "hash": "d644bbb6b40495db56f39f78f1fcefac8ed0002f",
            "messageTitle": "Add newline at the end",
            "messageBody": "",
            "fileTypesAndContributionMap": {
              "docs": {
                "insertions": 1,
                "deletions": 1
              }
            }
          },
          {
            "hash": "77c7b520e7438ded47048a1e3391ca597cbe8820",
            "messageTitle": "Update proposed search command for DG",
            "messageBody": "",
            "fileTypesAndContributionMap": {
              "docs": {
                "insertions": 5,
                "deletions": 3
              }
            }
          }
        ]
      }
    ],
    "PhongTran98": [
      {
        "date": "2020-09-22",
        "commitResults": [
          {
            "hash": "abc7982da14d485199fe0d952e2a09e29cbb60bd",
            "messageTitle": "Add List, Exit, and Save feature\u0027s documentation to User Guide",
            "messageBody": "",
            "fileTypesAndContributionMap": {
              "docs": {
                "insertions": 11,
                "deletions": 4
              }
            }
          },
          {
            "hash": "0d5ca7a09453755f0b612b739dd6f06e05f467e3",
            "messageTitle": "Update AboutUs.md",
            "messageBody": "",
            "fileTypesAndContributionMap": {
              "docs": {
                "insertions": 35,
                "deletions": 4
              }
            }
          }
        ]
      },
      {
        "date": "2020-10-04",
        "commitResults": [
          {
            "hash": "5351bbcc8c10532114ef11461c91f9e7587ec77b",
            "messageTitle": "Rename AddressBookParser and related usages to KanBugTrackerParser",
            "messageBody": "",
            "fileTypesAndContributionMap": {
              "functional-code": {
                "insertions": 4,
                "deletions": 4
              },
              "other": {
                "insertions": 1,
                "deletions": 1
              },
              "test-code": {
                "insertions": 1,
                "deletions": 1
              }
            }
          },
          {
            "hash": "0f3af8b6e2feaf0ac60b4db48cd8d789060ab304",
            "messageTitle": "Undo undesired regression in UserGuide",
            "messageBody": "",
            "fileTypesAndContributionMap": {
              "functional-code": {
                "insertions": 0,
                "deletions": 1
              },
              "docs": {
                "insertions": 4,
                "deletions": 6
              }
            }
          }
        ]
      },
      {
        "date": "2020-10-08",
        "commitResults": [
          {
            "hash": "5091232d06594d20511d7a4b58bdd8849c70719d",
            "messageTitle": "Rename all person into bug in main package",
            "messageBody": "",
            "fileTypesAndContributionMap": {
              "functional-code": {
                "insertions": 70,
                "deletions": 213
              },
              "test-code": {
                "insertions": 66,
                "deletions": 65
              }
            }
          },
          {
            "hash": "cfd4eb813a8ecf053ae5cc8412379817ffb56905",
            "messageTitle": "Rename all person to bug in test package",
            "messageBody": "",
            "fileTypesAndContributionMap": {
              "test-code": {
                "insertions": 175,
                "deletions": 175
              }
            }
          },
          {
            "hash": "fe03b4f34082b833c6b742fdb03883b880c351f8",
            "messageTitle": "Change all AddressBook into KanBugTracker (both main and test) except json related",
            "messageBody": "",
            "fileTypesAndContributionMap": {
              "functional-code": {
                "insertions": 87,
                "deletions": 87
              },
              "test-code": {
                "insertions": 83,
                "deletions": 83
              }
            }
          },
          {
            "hash": "f14b70d62fcdaa74c63f207b4ad28f5cecaf4c5c",
            "messageTitle": "Rename AddressBook in filename and file path usage in strings to KanBugTracker",
            "messageBody": "",
            "fileTypesAndContributionMap": {
              "functional-code": {
                "insertions": 5,
                "deletions": 5
              },
              "test-code": {
                "insertions": 13,
                "deletions": 13
              }
            }
          },
          {
            "hash": "5a15109872d50e859a5e8aabf79b590719f198f7",
            "messageTitle": "Update JSON files\u0027 field names, change Person to Bug in fxml and css file",
            "messageBody": "",
            "fileTypesAndContributionMap": {
              "functional-code": {
                "insertions": 9,
                "deletions": 8
              },
              "test-code": {
                "insertions": 5,
                "deletions": 3
              }
            }
          },
          {
            "hash": "8a8967e7e94f49def14a3890aa8b660a8a67d9b9",
            "messageTitle": "Minor rename of addressbook into kanbugtracker in JsonRootName",
            "messageBody": "",
            "fileTypesAndContributionMap": {
              "functional-code": {
                "insertions": 1,
                "deletions": 1
              }
            }
          },
          {
            "hash": "bd194f1ba75db12c3b2d080b0c207534a6edb3e7",
            "messageTitle": "Change \u0027address book\u0027 in comments into \u0027bug tracker\u0027",
            "messageBody": "",
            "fileTypesAndContributionMap": {
              "functional-code": {
                "insertions": 28,
                "deletions": 28
              },
              "test-code": {
                "insertions": 6,
                "deletions": 6
              }
            }
          },
          {
            "hash": "dc0bb02ef52a264a47b40799d00d66d49fc24a9f",
            "messageTitle": "Update MoveCommand and MoveCommandParser to perform the feature correctly",
            "messageBody": "",
            "fileTypesAndContributionMap": {
              "functional-code": {
                "insertions": 15,
                "deletions": 6
              }
            }
          },
          {
            "hash": "8eac67e876a71251004a985fe8709ed84a865a38",
            "messageTitle": "Write tests for MoveCommand and MoveCommandParser",
            "messageBody": "",
            "fileTypesAndContributionMap": {
              "test-code": {
                "insertions": 162,
                "deletions": 3
              }
            }
          }
        ]
      },
      {
        "date": "2020-10-09",
        "commitResults": [
          {
            "hash": "ad34d75a7659e47bc7d3c649029d5b4957d00919",
            "messageTitle": "Fix check style",
            "messageBody": "",
            "fileTypesAndContributionMap": {
              "functional-code": {
                "insertions": 0,
                "deletions": 4
              },
              "test-code": {
                "insertions": 27,
                "deletions": 23
              }
            }
          },
          {
            "hash": "426e077c80d5240e3b5fb17eaab82dbc37771d4a",
            "messageTitle": "Change \\r\\n into \\n line ending",
            "messageBody": "",
            "fileTypesAndContributionMap": {
              "test-code": {
                "insertions": 160,
                "deletions": 160
              }
            }
          }
        ]
      },
      {
        "date": "2020-10-12",
        "commitResults": [
          {
            "hash": "603f6382d22ae6c8be78aae73386c62c6f78dcd0",
            "messageTitle": "Minor changes to comments in Model package",
            "messageBody": "",
            "fileTypesAndContributionMap": {
              "functional-code": {
                "insertions": 2,
                "deletions": 2
              }
            }
          }
        ]
      },
      {
        "date": "2020-10-20",
        "commitResults": [
          {
            "hash": "09254c96a3fee7b95606479ec7f8db6abb7d3e64",
            "messageTitle": "Update DG for Bug Priority feature",
            "messageBody": "",
            "fileTypesAndContributionMap": {
              "docs": {
                "insertions": 38,
                "deletions": 2
              }
            }
          },
          {
            "hash": "5c1f2595b108176f0b4554ecc15248894ca5a6d7",
            "messageTitle": "Minor adjustment to DG",
            "messageBody": "",
            "fileTypesAndContributionMap": {
              "docs": {
                "insertions": 1,
                "deletions": 1
              }
            }
          }
        ]
      }
    ],
    "Rogerlys": [
      {
        "date": "2020-09-22",
        "commitResults": [
          {
            "hash": "78dcb6e8857275484d1ef4cff0488ab352dcaf16",
            "messageTitle": "update add and delete for user guide",
            "messageBody": "",
            "fileTypesAndContributionMap": {
              "docs": {
                "insertions": 17,
                "deletions": 2
              }
            }
          },
          {
            "hash": "5ee84d198c5fffb847596d17ec2658bd5529c61f",
            "messageTitle": "Update readme NFR and user stories",
            "messageBody": "",
            "fileTypesAndContributionMap": {
              "docs": {
                "insertions": 18,
                "deletions": 13
              }
            }
          }
        ]
      },
      {
        "date": "2020-09-24",
        "commitResults": [
          {
            "hash": "d90505ff819581c2cd202d60372d400abdad03ef",
            "messageTitle": "update about us",
            "messageBody": "",
            "fileTypesAndContributionMap": {
              "docs": {
                "insertions": 8,
                "deletions": 7
              }
            }
          }
        ]
      },
      {
        "date": "2020-09-28",
        "commitResults": [
          {
            "hash": "6fc27fe0714d367090310a7602f9ef2b4c70591b",
            "messageTitle": "Dummy pull request for workflow",
            "messageBody": "",
            "fileTypesAndContributionMap": {
              "functional-code": {
                "insertions": 1,
                "deletions": 0
              }
            }
          }
        ]
      },
      {
        "date": "2020-10-02",
        "commitResults": [
          {
            "hash": "47c5656f815d8d64e7955c7eecf3cff6d7c54202",
            "messageTitle": "Rename email to state",
            "messageBody": "",
            "fileTypesAndContributionMap": {
              "functional-code": {
                "insertions": 49,
                "deletions": 49
              },
              "other": {
                "insertions": 5,
                "deletions": 5
              },
              "docs": {
                "insertions": 3,
                "deletions": 3
              },
              "test-code": {
                "insertions": 87,
                "deletions": 87
              }
            }
          },
          {
            "hash": "b09bea43bac0f3587d8488dc4a4e24c0baaf8347",
            "messageTitle": "fix checkstyle",
            "messageBody": "",
            "fileTypesAndContributionMap": {
              "functional-code": {
                "insertions": 8,
                "deletions": 7
              },
              "test-code": {
                "insertions": 6,
                "deletions": 6
              }
            }
          },
          {
            "hash": "6b172f666f9b9a11651e505d453d1f1cf4b2cf8b",
            "messageTitle": "Change more email to state",
            "messageBody": "",
            "fileTypesAndContributionMap": {
              "functional-code": {
                "insertions": 41,
                "deletions": 41
              },
              "test-code": {
                "insertions": 146,
                "deletions": 146
              }
            }
          }
        ]
      },
      {
        "date": "2020-10-03",
        "commitResults": [
          {
            "hash": "1b7d2f80f5fc406a8b3030395151fbee99b9a119",
            "messageTitle": "Add tests for parser",
            "messageBody": "",
            "fileTypesAndContributionMap": {
              "test-code": {
                "insertions": 20,
                "deletions": 0
              }
            }
          },
          {
            "hash": "b15398b162108075cf2578f7227eea7b23f649de",
            "messageTitle": "remove code that is not needed",
            "messageBody": "",
            "fileTypesAndContributionMap": {
              "test-code": {
                "insertions": 0,
                "deletions": 8
              }
            }
          }
        ]
      },
      {
        "date": "2020-10-06",
        "commitResults": [
          {
            "hash": "3917bc5cab16d7acb009d0f15008e2ab2e29eee4",
            "messageTitle": "update user guide to update the changes to add command",
            "messageBody": "",
            "fileTypesAndContributionMap": {
              "docs": {
                "insertions": 5,
                "deletions": 2
              }
            }
          }
        ]
      },
      {
        "date": "2020-10-10",
        "commitResults": [
          {
            "hash": "fc14bb73795f63fb8ce78980dc1c4f157b7c7c27",
            "messageTitle": "fix SampleDataUtil",
            "messageBody": "",
            "fileTypesAndContributionMap": {
              "functional-code": {
                "insertions": 6,
                "deletions": 6
              },
              "other": {
                "insertions": 4,
                "deletions": 1
              }
            }
          },
          {
            "hash": "88de5b155b43416bfe8f6cee45f6f86149f6c8eb",
            "messageTitle": "Update sample data util",
            "messageBody": "",
            "fileTypesAndContributionMap": {
              "functional-code": {
                "insertions": 20,
                "deletions": 21
              }
            }
          },
          {
            "hash": "1ce9f3734ab043a7e1db44e80819523726d0f2e4",
            "messageTitle": "fix checkstyle",
            "messageBody": "",
            "fileTypesAndContributionMap": {
              "functional-code": {
                "insertions": 19,
                "deletions": 19
              }
            }
          },
          {
            "hash": "536f33383707353c841043816e2cf85bdccef7cd",
            "messageTitle": "Fix checkstyle",
            "messageBody": "",
            "fileTypesAndContributionMap": {
              "test-code": {
                "insertions": 177,
                "deletions": 176
              }
            }
          }
        ]
      },
      {
        "date": "2020-10-12",
        "commitResults": [
          {
            "hash": "4002f11a71b6f75fb770438f718eb2220d34d568",
            "messageTitle": "Refactor testUtil",
            "messageBody": "",
            "fileTypesAndContributionMap": {
              "test-code": {
                "insertions": 1,
                "deletions": 1
              }
            }
          }
        ]
      },
      {
        "date": "2020-10-20",
        "commitResults": [
          {
            "hash": "71e74ee42d843ca53af4ce5ec68a056d03a14914",
            "messageTitle": "Add proposed change to DG",
            "messageBody": "",
            "fileTypesAndContributionMap": {
              "docs": {
                "insertions": 5,
                "deletions": 0
              }
            }
          },
          {
            "hash": "92753399a6f1406ae21549e7d66a46e113a2909f",
            "messageTitle": "no message",
            "messageBody": "",
            "fileTypesAndContributionMap": {
              "docs": {
                "insertions": 1,
                "deletions": 1
              }
            }
          },
          {
            "hash": "aaffab59ce2ce04c434d6a8a7d02675ebb46c053",
            "messageTitle": "Update Developer guide",
            "messageBody": "",
            "fileTypesAndContributionMap": {
              "docs": {
                "insertions": 1,
                "deletions": 1
              }
            }
          }
        ]
      }
    ]
  },
  "authorFileTypeContributionMap": {
    "KishenKumarrrrr": {
      "docs": 259,
      "functional-code": 315,
      "test-code": 381
    },
    "the-reefshark": {
      "docs": 76,
      "functional-code": 15,
      "test-code": 3
    },
    "duynguyen24501": {
      "docs": 102,
      "functional-code": 455,
      "test-code": 227
    },
    "PhongTran98": {
      "docs": 69,
      "functional-code": 213,
      "test-code": 441
    },
    "Rogerlys": {
      "docs": 46,
      "functional-code": 85,
      "test-code": 236,
      "other": 4
    }
  },
  "authorContributionVariance": {
    "KishenKumarrrrr": 58399.33,
    "the-reefshark": 47129.8,
    "duynguyen24501": 132857.84,
    "PhongTran98": 31032.975,
    "Rogerlys": 9661.592
  },
  "authorDisplayNameMap": {
    "KishenKumarrrrr": "CS2103T-W17-1 KISH..UMAR",
    "the-reefshark": "CS2103T-W17-1 RISH..IWAL",
    "duynguyen24501": "CS2103T-W17-1 NGUY.. DUY",
    "PhongTran98": "CS2103T-W17-1 TRAN..HONG",
    "Rogerlys": "CS2103T-W17-1 ROGE..IANG"
  }
}
