{
  "authorDailyContributionsMap": {
    "theodoreleebrant": [
      {
        "date": "2020-09-11",
        "commitResults": [
          {
            "hash": "6206fab660fafdd4ec10b43b5becf5f510af0b7e",
            "messageTitle": "Include CI badge",
            "messageBody": "",
            "fileTypesAndContributionMap": {
              "docs": {
                "insertions": 1,
                "deletions": 1
              }
            }
          }
        ]
      },
      {
        "date": "2020-09-21",
        "commitResults": [
          {
            "hash": "296aee3ce2ecd51df9489fe701ab3addaa3bf064",
            "messageTitle": "Refactor address to nusnetID",
            "messageBody": "TAskmaster does not need address, unlike address book. However, it needs\na unique identifier for a student, which is the nusnet ID.\n\nThe address field of the addressbook is therefore changed to nusnetID.\nThe validation of the nusnet ID is changed from the address validation.\n",
            "fileTypesAndContributionMap": {
              "functional-code": {
                "insertions": 67,
                "deletions": 67
              },
              "other": {
                "insertions": 12,
                "deletions": 11
              },
              "docs": {
                "insertions": 1,
                "deletions": 1
              },
              "test-code": {
                "insertions": 86,
                "deletions": 86
              }
            }
          },
          {
            "hash": "c8c18257375cef49f940047a1f20ea7e6b3aca69",
            "messageTitle": "Update User Guide",
            "messageBody": "Update User Guide with the draft UG.\n",
            "fileTypesAndContributionMap": {
              "docs": {
                "insertions": 65,
                "deletions": 169
              }
            }
          },
          {
            "hash": "32b5563e1a6eb96c3a7a90b8c886b54b58b26b5d",
            "messageTitle": "Remove trailing whitespace",
            "messageBody": "",
            "fileTypesAndContributionMap": {
              "docs": {
                "insertions": 1,
                "deletions": 1
              }
            }
          },
          {
            "hash": "ad68fdeb764bc13d6e103c32a8c7fa95d3ee26e7",
            "messageTitle": "Update AboutUs.md",
            "messageBody": "Remove trailing whitespace",
            "fileTypesAndContributionMap": {
              "docs": {
                "insertions": 1,
                "deletions": 1
              }
            }
          },
          {
            "hash": "1630e2cf1c8250149a467af5c41b5dd5e575d6ac",
            "messageTitle": "Update to conform with checkstyle",
            "messageBody": "Remove whitespace and add newline at EOF",
            "fileTypesAndContributionMap": {
              "docs": {
                "insertions": 5,
                "deletions": 5
              }
            }
          },
          {
            "hash": "ad775b5b6f0f8599e471229caee72901cd606769",
            "messageTitle": "Update file to conform with checkstyle",
            "messageBody": "Remove trailing whitespace and end file with EOF",
            "fileTypesAndContributionMap": {
              "docs": {
                "insertions": 5,
                "deletions": 5
              }
            }
          },
          {
            "hash": "5b51c5ef9427bf508f3462bc383f299f2aec8f31",
            "messageTitle": "Update file to conform with checkstyle",
            "messageBody": "Remove trailing whitespace and end file with EOF.",
            "fileTypesAndContributionMap": {
              "docs": {
                "insertions": 5,
                "deletions": 5
              }
            }
          },
          {
            "hash": "6909902e983b6fb3c4f12ef94166b891d78ca8ab",
            "messageTitle": "Update to conform with checkstyle",
            "messageBody": "Remove trailing whitespace and end file with EOF",
            "fileTypesAndContributionMap": {
              "docs": {
                "insertions": 5,
                "deletions": 5
              }
            }
          },
          {
            "hash": "fca760695b9822ff35cab2afadd5d673e4fe6e1e",
            "messageTitle": "Update file to conform with checkstyle",
            "messageBody": "Remove trailing whitespace and end file with EOF",
            "fileTypesAndContributionMap": {
              "docs": {
                "insertions": 5,
                "deletions": 5
              }
            }
          }
        ]
      },
      {
        "date": "2020-09-23",
        "commitResults": [
          {
            "hash": "2f54923c61ebbe0f5582888aaf6be44edf1b295a",
            "messageTitle": "Change package of NusnetID to student instead of person",
            "messageBody": "",
            "fileTypesAndContributionMap": {
              "functional-code": {
                "insertions": 3,
                "deletions": 3
              }
            }
          },
          {
            "hash": "8deec32dd853c2a974f54c4916253a6d1c86177f",
            "messageTitle": "Conform to code style",
            "messageBody": "Fix checkstyle issues\nChange NusnetID to NusnetId\n",
            "fileTypesAndContributionMap": {
              "functional-code": {
                "insertions": 60,
                "deletions": 59
              },
              "other": {
                "insertions": 9,
                "deletions": 9
              },
              "test-code": {
                "insertions": 51,
                "deletions": 51
              }
            }
          },
          {
            "hash": "26955f351270f37641030652086fc4895995690b",
            "messageTitle": "Update test for NusnetId",
            "messageBody": "",
            "fileTypesAndContributionMap": {
              "other": {
                "insertions": 8,
                "deletions": 7
              },
              "test-code": {
                "insertions": 0,
                "deletions": 101
              }
            }
          },
          {
            "hash": "2f0adcc5bbb839e584a206b1ff822e55531264df",
            "messageTitle": "More test updates",
            "messageBody": "",
            "fileTypesAndContributionMap": {
              "test-code": {
                "insertions": 87,
                "deletions": 269
              }
            }
          },
          {
            "hash": "ea265565ce8d961ce9e2b928aab1e2454658b433",
            "messageTitle": "Conform checkstyle for test files",
            "messageBody": "",
            "fileTypesAndContributionMap": {
              "test-code": {
                "insertions": 21,
                "deletions": 22
              }
            }
          },
          {
            "hash": "4ba5e9bea90dca8fd2891b64d2a133ad0a20ee90",
            "messageTitle": "Update test json file to reflect NusnetId",
            "messageBody": "",
            "fileTypesAndContributionMap": {
              "test-code": {
                "insertions": 8,
                "deletions": 8
              }
            }
          }
        ]
      },
      {
        "date": "2020-10-15",
        "commitResults": [
          {
            "hash": "7a3494c99513f81d7743a25b724b15d00832c157",
            "messageTitle": "Refactor Phone to Telegram",
            "messageBody": "",
            "fileTypesAndContributionMap": {
              "functional-code": {
                "insertions": 127,
                "deletions": 123
              },
              "other": {
                "insertions": 11,
                "deletions": 11
              },
              "docs": {
                "insertions": 9,
                "deletions": 9
              },
              "test-code": {
                "insertions": 198,
                "deletions": 194
              }
            }
          },
          {
            "hash": "8e49ed752f671795d930e48d5c2db4f1c1e1967c",
            "messageTitle": "Edit whitespace for checkstyle",
            "messageBody": "",
            "fileTypesAndContributionMap": {
              "other": {
                "insertions": 2,
                "deletions": 2
              },
              "docs": {
                "insertions": 3,
                "deletions": 3
              }
            }
          },
          {
            "hash": "39ee5d5d97b981e3eb331edcffe5d2670e208438",
            "messageTitle": "Change module name to taskmaster",
            "messageBody": "This is to reflect the application that we are building, which is\nno longer on an Address Book but rather a TA management system called\nTAskmaster.\n",
            "fileTypesAndContributionMap": {
              "other": {
                "insertions": 884,
                "deletions": 884
              },
              "docs": {
                "insertions": 10,
                "deletions": 10
              },
              "test-code": {
                "insertions": 3,
                "deletions": 3
              }
            }
          },
          {
            "hash": "e872ecf2959606ed30dc616501460fc2a14638db",
            "messageTitle": "Refactor for telegram field",
            "messageBody": "",
            "fileTypesAndContributionMap": {
              "functional-code": {
                "insertions": 0,
                "deletions": 0
              },
              "test-code": {
                "insertions": 0,
                "deletions": 0
              }
            }
          },
          {
            "hash": "a9ff47da61c25641156f0b98938546954ca033cb",
            "messageTitle": "Add EOF to conform to checkstyle",
            "messageBody": "",
            "fileTypesAndContributionMap": {
              "functional-code": {
                "insertions": 3,
                "deletions": 3
              },
              "other": {
                "insertions": 2,
                "deletions": 2
              },
              "test-code": {
                "insertions": 2,
                "deletions": 2
              }
            }
          },
          {
            "hash": "060347f271bd1e9ebf66170434cb793eaa66b358",
            "messageTitle": "Create pull request template",
            "messageBody": "",
            "fileTypesAndContributionMap": {
              "docs": {
                "insertions": 34,
                "deletions": 0
              }
            }
          },
          {
            "hash": "2b39ea4ddfe1ce1c08cfc48bd31ff2d54c6484b9",
            "messageTitle": "Change json file writing behaviour to include EOF",
            "messageBody": "",
            "fileTypesAndContributionMap": {
              "functional-code": {
                "insertions": 3,
                "deletions": 0
              }
            }
          }
        ]
      },
      {
        "date": "2020-10-16",
        "commitResults": [
          {
            "hash": "bf218b6c416018a913c11af1cbe57379f781c8ce",
            "messageTitle": "Update issue templates",
            "messageBody": "",
            "fileTypesAndContributionMap": {
              "docs": {
                "insertions": 58,
                "deletions": 0
              }
            }
          }
        ]
      },
      {
        "date": "2020-10-22",
        "commitResults": [
          {
            "hash": "46a537aa592bb6e900184850ec5939dec75ffd7e",
            "messageTitle": "Add base participation record with assertion and logging",
            "messageBody": "",
            "fileTypesAndContributionMap": {
              "functional-code": {
                "insertions": 25,
                "deletions": 0
              }
            }
          },
          {
            "hash": "854ca07f338326fc68e26bb9a922dfaa47783e3c",
            "messageTitle": "Update DG with Class Participation",
            "messageBody": "",
            "fileTypesAndContributionMap": {
              "docs": {
                "insertions": 52,
                "deletions": 0
              }
            }
          }
        ]
      },
      {
        "date": "2020-10-29",
        "commitResults": [
          {
            "hash": "aec3dc1337c9c0da0c1fc438e65823e8314c5e44",
            "messageTitle": "Update README.md",
            "messageBody": "",
            "fileTypesAndContributionMap": {
              "docs": {
                "insertions": 1,
                "deletions": 0
              }
            }
          },
          {
            "hash": "fab91ddc62104f420e1bfc490ab7b4963b8e66e1",
            "messageTitle": "Add Class Participation marks logic",
            "messageBody": "",
            "fileTypesAndContributionMap": {
              "functional-code": {
                "insertions": 429,
                "deletions": 38
              }
            }
          },
          {
            "hash": "4e7dc28e1dae3f0b3d757b494512af1b21750aae",
            "messageTitle": "Correct checkstyle issues",
            "messageBody": "",
            "fileTypesAndContributionMap": {
              "functional-code": {
                "insertions": 5,
                "deletions": 5
              }
            }
          },
          {
            "hash": "1d9ed2f0040d2f437b50c7410f7522a442ded838",
            "messageTitle": "Change tests to conform with new interface",
            "messageBody": "",
            "fileTypesAndContributionMap": {
              "test-code": {
                "insertions": 15,
                "deletions": 0
              }
            }
          },
          {
            "hash": "b160eda35a8e8cf84aeffdebb013b8bb974a140e",
            "messageTitle": "Move assertion for better checking",
            "messageBody": "",
            "fileTypesAndContributionMap": {
              "functional-code": {
                "insertions": 8,
                "deletions": 14
              }
            }
          },
          {
            "hash": "101b0e92fdbc88e0a79c9e0c51ed81a9a6464eaf",
            "messageTitle": "Remove max score",
            "messageBody": "",
            "fileTypesAndContributionMap": {
              "functional-code": {
                "insertions": 10,
                "deletions": 21
              }
            }
          }
        ]
      }
    ],
    "sc-arecrow": [
      {
        "date": "2020-09-20",
        "commitResults": [
          {
            "hash": "7592799c974d8954d355c853249d5a37e2096ce0",
            "messageTitle": "Update the Developer Guide",
            "messageBody": "Developer Guide contains information for AddressBook.\n\nLet\u0027s add and edit\n* target user profile\n* value proposition\n* user stories\n* use cases\n* glossary\nto reflect information for TAskmaster.\n",
            "fileTypesAndContributionMap": {
              "docs": {
                "insertions": 38,
                "deletions": 24
              }
            }
          }
        ]
      },
      {
        "date": "2020-09-21",
        "commitResults": [
          {
            "hash": "00e94be28387c94855e909ae97423e5500fbc665",
            "messageTitle": "Update README.md",
            "messageBody": "",
            "fileTypesAndContributionMap": {
              "docs": {
                "insertions": 1,
                "deletions": 1
              }
            }
          }
        ]
      },
      {
        "date": "2020-09-22",
        "commitResults": [
          {
            "hash": "c47d335bdcb60350cbf270680f3bf8fd9c917523",
            "messageTitle": "Update UserGuide.md",
            "messageBody": "",
            "fileTypesAndContributionMap": {
              "docs": {
                "insertions": 1,
                "deletions": 1
              }
            }
          },
          {
            "hash": "b885a2f2ccb65736a05eb2158ce6bc8e970223cd",
            "messageTitle": "Update file path of Ui.png",
            "messageBody": "",
            "fileTypesAndContributionMap": {
              "docs": {
                "insertions": 1,
                "deletions": 1
              }
            }
          },
          {
            "hash": "652fd5edd2df3ff8d37357b6d3afb1e52fca3d68",
            "messageTitle": "Refactor AddressBook and Person",
            "messageBody": "AddressBook3 uses AddressBook and Person in its code.\n\nLet\u0027s refactor these to Taskmaster and Student respectively.\n",
            "fileTypesAndContributionMap": {
              "functional-code": {
                "insertions": 728,
                "deletions": 725
              },
              "other": {
                "insertions": 242,
                "deletions": 242
              },
              "docs": {
                "insertions": 62,
                "deletions": 62
              },
              "test-code": {
                "insertions": 1008,
                "deletions": 1005
              }
            }
          },
          {
            "hash": "9541b50aaaad5a5f2af07426240ad5629bcd02c7",
            "messageTitle": "Implement Attendance class",
            "messageBody": "AddressBook does not have attendance feature.\n\nUsers of TAskmaster will be able to mark their students\u0027 attendance.\n\nLet\u0027s add an attendance class to represent a list of students\u0027\nattendance.\n",
            "fileTypesAndContributionMap": {
              "functional-code": {
                "insertions": 50,
                "deletions": 0
              }
            }
          }
        ]
      },
      {
        "date": "2020-09-26",
        "commitResults": [
          {
            "hash": "03c8fa15c8dc6e9e4adf3e763000928c05971612",
            "messageTitle": "Implement Attendance feature",
            "messageBody": "Users should have a way to mark the attendance of their students.\n\nLet\u0027s implement the Attendance feature to allow them to do so.\n",
            "fileTypesAndContributionMap": {
              "functional-code": {
                "insertions": 133,
                "deletions": 3
              }
            }
          },
          {
            "hash": "c1970d93ace0b3853c8138046898029ab7ac0a3b",
            "messageTitle": "Add Javadocs for Attendance feature.",
            "messageBody": "",
            "fileTypesAndContributionMap": {
              "functional-code": {
                "insertions": 61,
                "deletions": 28
              }
            }
          },
          {
            "hash": "31bb019766d31174c04e810d0481dfa161452f23",
            "messageTitle": "Redesign AttendanceList and Attendance",
            "messageBody": "GUI requires an ObservableList to display students\u0027 attendances.\n\nLet\u0027s\n* implement an Attendance class that represents a student\u0027s attendance\n* implement an AttendanceList class that represents a list of students\u0027\nattendances\n",
            "fileTypesAndContributionMap": {
              "functional-code": {
                "insertions": 167,
                "deletions": 47
              },
              "test-code": {
                "insertions": 6,
                "deletions": 0
              }
            }
          },
          {
            "hash": "e837e77e019936676020f932096640d2ce026ef7",
            "messageTitle": "Update UserGuide.md",
            "messageBody": "",
            "fileTypesAndContributionMap": {
              "functional-code": {
                "insertions": 5,
                "deletions": 6
              },
              "docs": {
                "insertions": 10,
                "deletions": 0
              }
            }
          },
          {
            "hash": "a26e3df52850966433673be7f5e29eeab460ad87",
            "messageTitle": "Fix checkstyle",
            "messageBody": "",
            "fileTypesAndContributionMap": {
              "test-code": {
                "insertions": 0,
                "deletions": 1
              }
            }
          },
          {
            "hash": "a644480914f0a46cddc4db43c1a1c9e17787e7d7",
            "messageTitle": "Fix checkstyle",
            "messageBody": "",
            "fileTypesAndContributionMap": {
              "test-code": {
                "insertions": 1,
                "deletions": 1
              }
            }
          }
        ]
      },
      {
        "date": "2020-10-09",
        "commitResults": [
          {
            "hash": "a331d4fe31898667010412e1dbeeecd5c54eaa8d",
            "messageTitle": "Create NamedAttendance class",
            "messageBody": "Ui needs to get name from nusnetId.\n\nLet\u0027s create a named attendance class that encapsulates an attendance\nobject and the name of the student with that nusnetId.\n",
            "fileTypesAndContributionMap": {
              "functional-code": {
                "insertions": 79,
                "deletions": 28
              },
              "test-code": {
                "insertions": 2,
                "deletions": 1
              }
            }
          },
          {
            "hash": "7da6b31463b3073b1f8904a3dd88a4d2237cc07b",
            "messageTitle": "Fix checkstyle issues",
            "messageBody": "",
            "fileTypesAndContributionMap": {
              "functional-code": {
                "insertions": 11,
                "deletions": 8
              }
            }
          },
          {
            "hash": "be7f778bd3da41cf4b72555026ad6c79de6ad9fd",
            "messageTitle": "Fixed checkstyle",
            "messageBody": "",
            "fileTypesAndContributionMap": {
              "test-code": {
                "insertions": 0,
                "deletions": 1
              }
            }
          },
          {
            "hash": "7540ef9ef5b3782b52e9ebe8450df0e6bca53696",
            "messageTitle": "Redesign the architecture for Attendance",
            "messageBody": "AttendanceList is in ModelManager\n\nCode will follow OOP principles better if it was shifted into\nTaskmaster.\n\nLet\u0027s shift attendanceList into Taskmaster and reorganize code.\n",
            "fileTypesAndContributionMap": {
              "functional-code": {
                "insertions": 55,
                "deletions": 22
              },
              "docs": {
                "insertions": 8,
                "deletions": 99
              },
              "test-code": {
                "insertions": 5,
                "deletions": 0
              }
            }
          }
        ]
      },
      {
        "date": "2020-10-16",
        "commitResults": [
          {
            "hash": "3b961828765160ec8f372e33d04ebc8bf305f228",
            "messageTitle": "Update StudentCard.java",
            "messageBody": "",
            "fileTypesAndContributionMap": {
              "functional-code": {
                "insertions": 1,
                "deletions": 1
              }
            }
          }
        ]
      },
      {
        "date": "2020-10-17",
        "commitResults": [
          {
            "hash": "ed3b7c78429efdff1e6bbdc3058395cab5f92d5a",
            "messageTitle": "Redesign Attendance to StudentRecord",
            "messageBody": "Name is separated from Attendance of student and GUI displays\ndata to the user based on NamedAttendance\n\nIn v1.3, sessions and class participation will be added.\n\nLet\u0027s\n* Refactor Attendance to StudentRecord\n* Remove NamedAttendance and shift Name of student into StudentRecord\n* Add a ClassParticipation to each StudentRecord\n",
            "fileTypesAndContributionMap": {
              "functional-code": {
                "insertions": 264,
                "deletions": 254
              },
              "other": {
                "insertions": 51,
                "deletions": 109
              },
              "test-code": {
                "insertions": 18,
                "deletions": 25
              }
            }
          },
          {
            "hash": "1a465cafdbdfb5f380b0dcea78495cdeec5d1d41",
            "messageTitle": "Fix checkstyle",
            "messageBody": "",
            "fileTypesAndContributionMap": {
              "functional-code": {
                "insertions": 15,
                "deletions": 14
              }
            }
          },
          {
            "hash": "c2d56e04c38bb285cc77088286083bdd52b62ed5",
            "messageTitle": "Fix checkstyle",
            "messageBody": "",
            "fileTypesAndContributionMap": {
              "test-code": {
                "insertions": 4,
                "deletions": 3
              }
            }
          },
          {
            "hash": "a64799b53f10aeb98b0b8362d41207a7e429ff9e",
            "messageTitle": "Remove storage test temporarily",
            "messageBody": "",
            "fileTypesAndContributionMap": {
              "test-code": {
                "insertions": 106,
                "deletions": 105
              }
            }
          }
        ]
      },
      {
        "date": "2020-10-22",
        "commitResults": [
          {
            "hash": "a44c9d86abf2cea8a99178177d79b56da6ab04a8",
            "messageTitle": "Add design details of StudentRecord to Developer Guide",
            "messageBody": "",
            "fileTypesAndContributionMap": {
              "docs": {
                "insertions": 76,
                "deletions": 0
              }
            }
          },
          {
            "hash": "005e7346df1766ee67b343189ab7ee884773cf93",
            "messageTitle": "Fix checkstyle",
            "messageBody": "",
            "fileTypesAndContributionMap": {
              "docs": {
                "insertions": 104,
                "deletions": 61
              }
            }
          },
          {
            "hash": "f4ebdd24c21bca46fabac8231fb2a8223c3cc0cb",
            "messageTitle": "Update version number",
            "messageBody": "",
            "fileTypesAndContributionMap": {
              "other": {
                "insertions": 0,
                "deletions": 24
              }
            }
          },
          {
            "hash": "55eb1193a2e699fe1ac6b7ab2c7064d809e3f7ee",
            "messageTitle": "Update version number",
            "messageBody": "",
            "fileTypesAndContributionMap": {
              "functional-code": {
                "insertions": 1,
                "deletions": 1
              }
            }
          }
        ]
      },
      {
        "date": "2020-10-23",
        "commitResults": [
          {
            "hash": "997578b09383d952924864fcb2d08f5b2dfcab5e",
            "messageTitle": "Add feature to mark all students\u0027 attendance",
            "messageBody": "To mark attendance of all students, users have to do so for each\nof the students, one by one.\n\nLet\u0027s improve the usability of TAskmaster by adding a feature to\nmark the attendance of all students in the list with one command.\n",
            "fileTypesAndContributionMap": {
              "functional-code": {
                "insertions": 74,
                "deletions": 8
              },
              "docs": {
                "insertions": 8,
                "deletions": 0
              },
              "test-code": {
                "insertions": 5,
                "deletions": 0
              }
            }
          },
          {
            "hash": "1d2e5626eacfcf14319e7712f7ec65f00fd02570",
            "messageTitle": "Add tests to test marking attendance of students",
            "messageBody": "Let\u0027s implement tests for\n* MarkCommand\n* MarkAllCommand\n* MarkCommandParser\n",
            "fileTypesAndContributionMap": {
              "functional-code": {
                "insertions": 37,
                "deletions": 0
              },
              "test-code": {
                "insertions": 140,
                "deletions": 3
              }
            }
          }
        ]
      },
      {
        "date": "2020-10-24",
        "commitResults": [
          {
            "hash": "9b6eb7d8826a89c0503303d271bba53fc36a5de6",
            "messageTitle": "Add tests to test student record list functions",
            "messageBody": "",
            "fileTypesAndContributionMap": {
              "functional-code": {
                "insertions": 18,
                "deletions": 2
              },
              "test-code": {
                "insertions": 116,
                "deletions": 0
              }
            }
          }
        ]
      },
      {
        "date": "2020-10-26",
        "commitResults": [
          {
            "hash": "d1c72b988f37360b4908ed1ab50cd0e4dd328771",
            "messageTitle": "Redesign StudentRecord to be immutable",
            "messageBody": "JavaFX ObservableList notifys the GUI to update when items are added or\ndeleted, but not when items are edited.\n\nThis results in the GUI not updating when a student\u0027s attendance is\nmarked (and their respective student record changed).\n\nLet\u0027s make StudentRecord immutable so that whenever a student\u0027s record\nis updated, the GUI will update correspondingly.\n",
            "fileTypesAndContributionMap": {
              "functional-code": {
                "insertions": 115,
                "deletions": 17
              },
              "other": {
                "insertions": 23,
                "deletions": 9
              },
              "test-code": {
                "insertions": 2,
                "deletions": 2
              }
            }
          }
        ]
      },
      {
        "date": "2020-10-28",
        "commitResults": [
          {
            "hash": "87fcf7d9fe5b97c88aded07074bf129ed117bfb8",
            "messageTitle": "Update UserGuide.md",
            "messageBody": "",
            "fileTypesAndContributionMap": {
              "docs": {
                "insertions": 1,
                "deletions": 0
              }
            }
          }
        ]
      }
    ],
    "jflim98": [
      {
        "date": "2020-09-11",
        "commitResults": [
          {
            "hash": "2c82acd99de4934cf969c4c3151c96be25b1c973",
            "messageTitle": "Update README.md",
            "messageBody": "",
            "fileTypesAndContributionMap": {
              "docs": {
                "insertions": 71,
                "deletions": 14
              }
            }
          }
        ]
      },
      {
        "date": "2020-09-22",
        "commitResults": [
          {
            "hash": "962f99e0a5d7de3319710c2ef3086da61235c773",
            "messageTitle": "Change remaining person to student",
            "messageBody": "",
            "fileTypesAndContributionMap": {
              "functional-code": {
                "insertions": 4,
                "deletions": 4
              }
            }
          },
          {
            "hash": "cc3a1a9fe8e62dfbcb3fdc0514275cc963b67430",
            "messageTitle": "Fix checkstyle",
            "messageBody": "",
            "fileTypesAndContributionMap": {
              "functional-code": {
                "insertions": 3,
                "deletions": 3
              }
            }
          },
          {
            "hash": "160e5861815fe693c4fc347565eb1851568abe1f",
            "messageTitle": "Add base for Ui",
            "messageBody": "",
            "fileTypesAndContributionMap": {
              "functional-code": {
                "insertions": 217,
                "deletions": 4
              }
            }
          }
        ]
      },
      {
        "date": "2020-10-09",
        "commitResults": [
          {
            "hash": "ae98a1f3a71ddd23878ffa708eb2e0e92f9f85ba",
            "messageTitle": "add stupid code",
            "messageBody": "",
            "fileTypesAndContributionMap": {
              "functional-code": {
                "insertions": 43,
                "deletions": 16
              }
            }
          },
          {
            "hash": "41305167ca9bc2b13b898d121bdcec0967886958",
            "messageTitle": "fixed fails",
            "messageBody": "",
            "fileTypesAndContributionMap": {
              "functional-code": {
                "insertions": 15,
                "deletions": 4
              }
            }
          },
          {
            "hash": "708f3944048bbea653feaafbf92ca4616b6bf2c6",
            "messageTitle": "Fix unused imports",
            "messageBody": "",
            "fileTypesAndContributionMap": {
              "functional-code": {
                "insertions": 0,
                "deletions": 5
              }
            }
          },
          {
            "hash": "1f3b51dd8681aaed2d73c627e074b3bd8b127033",
            "messageTitle": "Fix tests",
            "messageBody": "",
            "fileTypesAndContributionMap": {
              "test-code": {
                "insertions": 6,
                "deletions": 0
              }
            }
          }
        ]
      },
      {
        "date": "2020-10-12",
        "commitResults": [
          {
            "hash": "6c6f00e2c065b73170bc03eac21f512e1c9b3644",
            "messageTitle": "Remove redundant attendance menu item",
            "messageBody": "",
            "fileTypesAndContributionMap": {
              "functional-code": {
                "insertions": 11,
                "deletions": 1
              }
            }
          }
        ]
      },
      {
        "date": "2020-10-15",
        "commitResults": [
          {
            "hash": "ed0d5071be70bde73df349c0e895fe6ac662f3a6",
            "messageTitle": "Add name to attendance GUI",
            "messageBody": "",
            "fileTypesAndContributionMap": {
              "functional-code": {
                "insertions": 5,
                "deletions": 2
              }
            }
          }
        ]
      },
      {
        "date": "2020-10-16",
        "commitResults": [
          {
            "hash": "6d553d8156a15a524a2ef03c28ccb777eaa39390",
            "messageTitle": "Add @",
            "messageBody": "",
            "fileTypesAndContributionMap": {
              "functional-code": {
                "insertions": 1,
                "deletions": 1
              }
            }
          }
        ]
      },
      {
        "date": "2020-10-22",
        "commitResults": [
          {
            "hash": "31577e549f9c672b4c99cbf6f7c3ad0a692a7bae",
            "messageTitle": "Update attendance ui to display class participation",
            "messageBody": "",
            "fileTypesAndContributionMap": {
              "functional-code": {
                "insertions": 11,
                "deletions": 24
              }
            }
          },
          {
            "hash": "8cbef3adb6835ee8b710a5bfc60d3c05ba787756",
            "messageTitle": "Refactor attendance ui to class record ui and add support for class record fields and add assertions",
            "messageBody": "",
            "fileTypesAndContributionMap": {
              "functional-code": {
                "insertions": 15,
                "deletions": 4
              }
            }
          },
          {
            "hash": "7739221e349ffa4b653c96b071bdf87bf6a5afb7",
            "messageTitle": "Update developer guide",
            "messageBody": "",
            "fileTypesAndContributionMap": {
              "docs": {
                "insertions": 20,
                "deletions": 0
              }
            }
          }
        ]
      },
      {
        "date": "2020-10-23",
        "commitResults": [
          {
            "hash": "99ab5989f72114d7c0ddffd9c9f8895595eb42f6",
            "messageTitle": "Rename fields in Ui",
            "messageBody": "",
            "fileTypesAndContributionMap": {
              "functional-code": {
                "insertions": 5,
                "deletions": 5
              }
            }
          },
          {
            "hash": "2b3cbbf50d4bf752156ee7bc4273918b1645f4b1",
            "messageTitle": "Fix assertion bug in MainWindow.java",
            "messageBody": "",
            "fileTypesAndContributionMap": {
              "functional-code": {
                "insertions": 1,
                "deletions": 1
              }
            }
          }
        ]
      },
      {
        "date": "2020-10-25",
        "commitResults": [
          {
            "hash": "7eb60f067944d772362354b95c73f9f6e610b4cc",
            "messageTitle": "Refactor listView code and redsign UI",
            "messageBody": "",
            "fileTypesAndContributionMap": {
              "functional-code": {
                "insertions": 166,
                "deletions": 92
              },
              "other": {
                "insertions": 5,
                "deletions": 5
              }
            }
          },
          {
            "hash": "68eb01dc9d703ebaad6dc44394fcac7c98b6c4c0",
            "messageTitle": "Fix typos",
            "messageBody": "",
            "fileTypesAndContributionMap": {
              "functional-code": {
                "insertions": 3,
                "deletions": 2
              }
            }
          },
          {
            "hash": "acc78d404e61f12006b18dc42b4ca31cd1611330",
            "messageTitle": "Fix more typos",
            "messageBody": "",
            "fileTypesAndContributionMap": {
              "other": {
                "insertions": 0,
                "deletions": 0
              }
            }
          },
          {
            "hash": "f17807d079f4bd17e1879e7fc594a56fadc12fb7",
            "messageTitle": "Change ui",
            "messageBody": "",
            "fileTypesAndContributionMap": {
              "functional-code": {
                "insertions": 95,
                "deletions": 32
              }
            }
          }
        ]
      },
      {
        "date": "2020-10-26",
        "commitResults": [
          {
            "hash": "351584a2b49254f48f9989e043a7ffc07454e5cf",
            "messageTitle": "Change ui layout",
            "messageBody": "",
            "fileTypesAndContributionMap": {
              "functional-code": {
                "insertions": 63,
                "deletions": 29
              }
            }
          },
          {
            "hash": "85a0ae56e5d1c6452d17a834fb88d6aef1d89ed5",
            "messageTitle": "Redesign ui minor",
            "messageBody": "",
            "fileTypesAndContributionMap": {
              "functional-code": {
                "insertions": 16,
                "deletions": 35
              }
            }
          },
          {
            "hash": "e288c49420202abe0a5ec3685932af7b7cd424d2",
            "messageTitle": "Add support for session date",
            "messageBody": "",
            "fileTypesAndContributionMap": {
              "functional-code": {
                "insertions": 408,
                "deletions": 145
              }
            }
          },
          {
            "hash": "0a653aa0e5e0a15bbf25f0149aeac580b4f6d113",
            "messageTitle": "Fix no newline",
            "messageBody": "",
            "fileTypesAndContributionMap": {
              "functional-code": {
                "insertions": 53,
                "deletions": 67
              }
            }
          },
          {
            "hash": "6b0f6fa4e8e101babed47ae36d9f3fa1e6b41ef8",
            "messageTitle": "Fix checkstyle",
            "messageBody": "",
            "fileTypesAndContributionMap": {
              "functional-code": {
                "insertions": 11,
                "deletions": 7
              }
            }
          },
          {
            "hash": "febd17795be5c7cd118de5883bd9b2cd181567bc",
            "messageTitle": "Fix checkstyle",
            "messageBody": "",
            "fileTypesAndContributionMap": {
              "functional-code": {
                "insertions": 1,
                "deletions": 1
              }
            }
          },
          {
            "hash": "e3a6988c599116e008ccedfb3ff716afdef7c3d4",
            "messageTitle": "Fix checkstyle",
            "messageBody": "",
            "fileTypesAndContributionMap": {
              "functional-code": {
                "insertions": 2,
                "deletions": 2
              }
            }
          },
          {
            "hash": "5a3b105fd876d034f48ffb7f1c178657a3fa072c",
            "messageTitle": "Fix checkstyle",
            "messageBody": "",
            "fileTypesAndContributionMap": {
              "functional-code": {
                "insertions": 2,
                "deletions": 0
              }
            }
          },
          {
            "hash": "8296df5f361686c0c4a6f3b248260fd9d27d6251",
            "messageTitle": "Add support for session date",
            "messageBody": "",
            "fileTypesAndContributionMap": {
              "functional-code": {
                "insertions": 1,
                "deletions": 0
              }
            }
          },
          {
            "hash": "214f4135dddff4a14295bfab6143b9fac67121d4",
            "messageTitle": "Fix checkstyle",
            "messageBody": "",
            "fileTypesAndContributionMap": {
              "functional-code": {
                "insertions": 0,
                "deletions": 1
              }
            }
          },
          {
            "hash": "6f9f90d3697034767c0855b733c7c695897a3aed",
            "messageTitle": "Add support for session date",
            "messageBody": "",
            "fileTypesAndContributionMap": {
              "functional-code": {
                "insertions": 0,
                "deletions": 2
              }
            }
          }
        ]
      },
      {
        "date": "2020-10-29",
        "commitResults": [
          {
            "hash": "92a0aa85c9f4e0fb6c399db151b6296a09144c6c",
            "messageTitle": "Add ui support for goto command",
            "messageBody": "",
            "fileTypesAndContributionMap": {
              "functional-code": {
                "insertions": 52,
                "deletions": 24
              }
            }
          },
          {
            "hash": "565bed2a6d137df5c4d07c7bb5644baa953350d1",
            "messageTitle": "Add comments",
            "messageBody": "",
            "fileTypesAndContributionMap": {
              "functional-code": {
                "insertions": 1,
                "deletions": 0
              }
            }
          },
          {
            "hash": "bbce443397796d15058995c3b72e90db4121eef5",
            "messageTitle": "Merge with master",
            "messageBody": "",
            "fileTypesAndContributionMap": {
              "functional-code": {
                "insertions": 3,
                "deletions": 3
              }
            }
          },
          {
            "hash": "eace58f052339b551bb118f0bfee36e638913b80",
            "messageTitle": "Update tests",
            "messageBody": "",
            "fileTypesAndContributionMap": {
              "test-code": {
                "insertions": 6,
                "deletions": 0
              }
            }
          },
          {
            "hash": "025a741856a1079cde9d5b02ad297f69951d6935",
            "messageTitle": "Fix checkstyle",
            "messageBody": "",
            "fileTypesAndContributionMap": {
              "test-code": {
                "insertions": 1,
                "deletions": 1
              }
            }
          },
          {
            "hash": "0e3245c21dfce845a874d2de68e8577e811324bf",
            "messageTitle": "Update version",
            "messageBody": "",
            "fileTypesAndContributionMap": {
              "functional-code": {
                "insertions": 1,
                "deletions": 1
              }
            }
          }
        ]
      }
    ],
    "josuaaah": [
      {
        "date": "2020-09-20",
        "commitResults": [
          {
            "hash": "2aa7875b0bd5b5fc95d863a658a7740249c5832a",
            "messageTitle": "Edit AboutUs page",
            "messageBody": "",
            "fileTypesAndContributionMap": {
              "docs": {
                "insertions": 106,
                "deletions": 24
              }
            }
          }
        ]
      },
      {
        "date": "2020-09-21",
        "commitResults": [
          {
            "hash": "de8ff773ce8961edf10ac7f6efbce3d2de00af6e",
            "messageTitle": "Update README.md",
            "messageBody": "",
            "fileTypesAndContributionMap": {
              "docs": {
                "insertions": 13,
                "deletions": 68
              }
            }
          },
          {
            "hash": "2c843907bc4ea9037426535149fd11f6aba1776d",
            "messageTitle": "Update README.md",
            "messageBody": "",
            "fileTypesAndContributionMap": {
              "docs": {
                "insertions": 0,
                "deletions": 1
              }
            }
          },
          {
            "hash": "42cdb912667068d57a7c60c10c20cfbbcacba2de",
            "messageTitle": "Update index.md",
            "messageBody": "",
            "fileTypesAndContributionMap": {
              "docs": {
                "insertions": 10,
                "deletions": 6
              }
            }
          }
        ]
      },
      {
        "date": "2020-10-05",
        "commitResults": [
          {
            "hash": "5a2ddf32f7a046a30acbdca7619065dfac6e7240",
            "messageTitle": "Implement MarkCommandTest",
            "messageBody": "",
            "fileTypesAndContributionMap": {
              "functional-code": {
                "insertions": 9,
                "deletions": 6
              },
              "test-code": {
                "insertions": 42,
                "deletions": 0
              }
            }
          }
        ]
      },
      {
        "date": "2020-10-08",
        "commitResults": [
          {
            "hash": "ea278e086218970c06c15854d2cb0c90ab2f446e",
            "messageTitle": "Remove unused import from Model",
            "messageBody": "",
            "fileTypesAndContributionMap": {
              "functional-code": {
                "insertions": 0,
                "deletions": 1
              }
            }
          },
          {
            "hash": "c628a41fa4c806a2b4706571fb9884e19158cd73",
            "messageTitle": "Fix lexocographical ordering for static imports for MarkCommandTest",
            "messageBody": "",
            "fileTypesAndContributionMap": {
              "test-code": {
                "insertions": 1,
                "deletions": 1
              }
            }
          }
        ]
      },
      {
        "date": "2020-10-14",
        "commitResults": [
          {
            "hash": "7753f502aee8674d92cb8edddebf76d8f9bd5c8d",
            "messageTitle": "Implement MarkCommandTest",
            "messageBody": "",
            "fileTypesAndContributionMap": {
              "functional-code": {
                "insertions": 17,
                "deletions": 5
              },
              "test-code": {
                "insertions": 42,
                "deletions": 0
              }
            }
          },
          {
            "hash": "a11f2cc92e29685c8140c966c1c7d51ca405d757",
            "messageTitle": "Remove unused import from Model",
            "messageBody": "",
            "fileTypesAndContributionMap": {
              "functional-code": {
                "insertions": 0,
                "deletions": 7
              }
            }
          },
          {
            "hash": "e5c4c66660de11b8a294f592c1b3fd6a340dcc30",
            "messageTitle": "Fix lexocographical ordering for static imports for MarkCommandTest",
            "messageBody": "",
            "fileTypesAndContributionMap": {
              "test-code": {
                "insertions": 1,
                "deletions": 1
              }
            }
          },
          {
            "hash": "54c0496a4840abb228ce304295df6d120b987e3b",
            "messageTitle": "Implement StoreAttendanceCommandTest",
            "messageBody": "",
            "fileTypesAndContributionMap": {
              "test-code": {
                "insertions": 87,
                "deletions": 0
              }
            }
          },
          {
            "hash": "0a78cda4e8beada4ec1da4bd165caf519d4d52f2",
            "messageTitle": "Implement LoadAttendanceCommandTest",
            "messageBody": "",
            "fileTypesAndContributionMap": {
              "functional-code": {
                "insertions": 0,
                "deletions": 2
              },
              "test-code": {
                "insertions": 101,
                "deletions": 4
              }
            }
          },
          {
            "hash": "dba2eb32a695659d969ba9b26ec7b7954f88bea4",
            "messageTitle": "Fix spacing between import statements of storage test classes",
            "messageBody": "",
            "fileTypesAndContributionMap": {
              "test-code": {
                "insertions": 2,
                "deletions": 2
              }
            }
          },
          {
            "hash": "2d2e68dd40da2575c9fe11d0a00dc1df53f18f74",
            "messageTitle": "Fix checkstyle errors for Storage tests",
            "messageBody": "",
            "fileTypesAndContributionMap": {
              "test-code": {
                "insertions": 21,
                "deletions": 15
              }
            }
          },
          {
            "hash": "415029492b02d9fc682051d8d8ca349e699d8704",
            "messageTitle": "Add data to list of tracked files",
            "messageBody": "",
            "fileTypesAndContributionMap": {
              "other": {
                "insertions": 120,
                "deletions": 0
              }
            }
          },
          {
            "hash": "a7836dc456d9a688f31fce10db6ea9b6e523545f",
            "messageTitle": "Fix checkstyle errors in data and docs",
            "messageBody": "",
            "fileTypesAndContributionMap": {
              "other": {
                "insertions": 5,
                "deletions": 5
              },
              "docs": {
                "insertions": 5,
                "deletions": 21
              }
            }
          }
        ]
      },
      {
        "date": "2020-10-22",
        "commitResults": [
          {
            "hash": "7a675f23aac5cb54c5097b03e21fc2376bc6755d",
            "messageTitle": "Update DeveloperGuide.md",
            "messageBody": "",
            "fileTypesAndContributionMap": {
              "other": {
                "insertions": 2,
                "deletions": 2
              },
              "docs": {
                "insertions": 81,
                "deletions": 0
              }
            }
          },
          {
            "hash": "753973bcdf1357abfdfc8c44619b85662024c457",
            "messageTitle": "Delete test_non_existing_storage_file.json file from data",
            "messageBody": "",
            "fileTypesAndContributionMap": {
              "other": {
                "insertions": 0,
                "deletions": 24
              }
            }
          },
          {
            "hash": "a44788df1405ed2a805f140623766eea56fc99f5",
            "messageTitle": "Replace newline characters",
            "messageBody": "",
            "fileTypesAndContributionMap": {
              "docs": {
                "insertions": 1,
                "deletions": 1
              }
            }
          },
          {
            "hash": "415b7701c2a868bb3fe90e726597de417d8ae093",
            "messageTitle": "Remove new .puml files",
            "messageBody": "",
            "fileTypesAndContributionMap": {
              "other": {
                "insertions": 1,
                "deletions": 1
              },
              "docs": {
                "insertions": 0,
                "deletions": 51
              }
            }
          },
          {
            "hash": "7ea7751cff3ad2c7037bba13a0acf9f30f3339a2",
            "messageTitle": "Add more assertions to LoadAttendanceCommandTest.java",
            "messageBody": "",
            "fileTypesAndContributionMap": {
              "test-code": {
                "insertions": 108,
                "deletions": 106
              }
            }
          },
          {
            "hash": "0ec5a8bf1d6886165c4f4cfaf5d104dede3c34a2",
            "messageTitle": "Revert \"Add more assertions to LoadAttendanceCommandTest.java\"",
            "messageBody": "This reverts commit 474922c38493a461067b7b1004c9b45bce1c4f5d.\n",
            "fileTypesAndContributionMap": {
              "test-code": {
                "insertions": 0,
                "deletions": 2
              }
            }
          },
          {
            "hash": "ba631c3ce1b2a5d51c45b8f96d5bbd217770833d",
            "messageTitle": "Add more assertions to LoadAttendanceCommandTest.java",
            "messageBody": "",
            "fileTypesAndContributionMap": {
              "test-code": {
                "insertions": 2,
                "deletions": 0
              }
            }
          }
        ]
      },
      {
        "date": "2020-10-23",
        "commitResults": [
          {
            "hash": "077df68303e6dc43495a773c95acddba6e87c3a4",
            "messageTitle": "Add assertions for LoadAttendanceCommandTest.java",
            "messageBody": "",
            "fileTypesAndContributionMap": {
              "test-code": {
                "insertions": 106,
                "deletions": 106
              }
            }
          },
          {
            "hash": "bedb52aa8051823f49a6f671be7eaa5ae12f6e84",
            "messageTitle": "Revert \"Add assertions for LoadAttendanceCommandTest.java\"",
            "messageBody": "This reverts commit 077df68303e6dc43495a773c95acddba6e87c3a4.\n",
            "fileTypesAndContributionMap": {
              "test-code": {
                "insertions": 106,
                "deletions": 106
              }
            }
          },
          {
            "hash": "ec2000b98ab06e16799c7373ae2b326fcbd12653",
            "messageTitle": "Remove LoadAttendanceCommandTest",
            "messageBody": "",
            "fileTypesAndContributionMap": {
              "test-code": {
                "insertions": 0,
                "deletions": 106
              }
            }
          },
          {
            "hash": "068af903f886b96aca8e30eb74e2d3a72c838496",
            "messageTitle": "Implement Session",
            "messageBody": "",
            "fileTypesAndContributionMap": {
              "functional-code": {
                "insertions": 139,
                "deletions": 0
              },
              "other": {
                "insertions": 5,
                "deletions": 5
              },
              "test-code": {
                "insertions": 2,
                "deletions": 0
              }
            }
          },
          {
            "hash": "4fd8688f27d71c8f839f1f2052b6335638e9f421",
            "messageTitle": "Move StudentRecord and related classes to record package in model package",
            "messageBody": "",
            "fileTypesAndContributionMap": {
              "functional-code": {
                "insertions": 26,
                "deletions": 26
              },
              "other": {
                "insertions": 5,
                "deletions": 5
              },
              "test-code": {
                "insertions": 4,
                "deletions": 4
              }
            }
          },
          {
            "hash": "2da07cd36ce4087af83234838d34273d856fab5e",
            "messageTitle": "Implement SessionList",
            "messageBody": "",
            "fileTypesAndContributionMap": {
              "functional-code": {
                "insertions": 142,
                "deletions": 0
              }
            }
          }
        ]
      },
      {
        "date": "2020-10-24",
        "commitResults": [
          {
            "hash": "0596fea2ae2d320be7ef4d31f46017ed7beb0212",
            "messageTitle": "Set placeholder current session for Taskmaster",
            "messageBody": "",
            "fileTypesAndContributionMap": {
              "functional-code": {
                "insertions": 80,
                "deletions": 36
              },
              "test-code": {
                "insertions": 2,
                "deletions": 2
              }
            }
          },
          {
            "hash": "5fdd4862ccedc05b209754cf57d05c7ea5ca4a1f",
            "messageTitle": "Fix error in markStudentWithNusnetId method in Taskmaster.java",
            "messageBody": "",
            "fileTypesAndContributionMap": {
              "functional-code": {
                "insertions": 1,
                "deletions": 4
              }
            }
          },
          {
            "hash": "02d9e0bde1b33f49e52db46f282434c47b8aa50e",
            "messageTitle": "Add SessionList to Taskmaster with temporarily one placeholder session",
            "messageBody": "",
            "fileTypesAndContributionMap": {
              "functional-code": {
                "insertions": 15,
                "deletions": 9
              }
            }
          }
        ]
      },
      {
        "date": "2020-10-25",
        "commitResults": [
          {
            "hash": "2ca7a0865ca7ae4bd6863e6ed8fe6ce4fac69df6",
            "messageTitle": "Implement NewSessionCommand",
            "messageBody": "",
            "fileTypesAndContributionMap": {
              "functional-code": {
                "insertions": 159,
                "deletions": 0
              },
              "test-code": {
                "insertions": 30,
                "deletions": 0
              }
            }
          },
          {
            "hash": "fc2ed42a558c3305da0c60b286ba3a084397a024",
            "messageTitle": "Implement NewSessionCommandParser",
            "messageBody": "",
            "fileTypesAndContributionMap": {
              "functional-code": {
                "insertions": 134,
                "deletions": 11
              }
            }
          },
          {
            "hash": "2ce4567574be66794447c8a7f111e1497e056fdf",
            "messageTitle": "Implement ChangeSessionCommand",
            "messageBody": "",
            "fileTypesAndContributionMap": {
              "functional-code": {
                "insertions": 131,
                "deletions": 10
              },
              "test-code": {
                "insertions": 11,
                "deletions": 0
              }
            }
          },
          {
            "hash": "7417ed1150bebb507e936102cb145f08095c19cb",
            "messageTitle": "Implement ChangeSessionCommandParser",
            "messageBody": "",
            "fileTypesAndContributionMap": {
              "functional-code": {
                "insertions": 49,
                "deletions": 23
              }
            }
          },
          {
            "hash": "7cfe207286db1e321e29e263e7be63b7721eb33a",
            "messageTitle": "Fix issue with .json file created after StorageAttendanceCommandTest is run",
            "messageBody": "",
            "fileTypesAndContributionMap": {
              "functional-code": {
                "insertions": 6,
                "deletions": 21
              },
              "test-code": {
                "insertions": 7,
                "deletions": 5
              }
            }
          },
          {
            "hash": "8641544d679b2d1823e93bff56e6de0e80ab93f6",
            "messageTitle": "Fix checkstyle errors",
            "messageBody": "",
            "fileTypesAndContributionMap": {
              "functional-code": {
                "insertions": 56,
                "deletions": 38
              }
            }
          }
        ]
      },
      {
        "date": "2020-10-27",
        "commitResults": [
          {
            "hash": "b0659fe108d157f9471c0e6ce233fcecd637d60c",
            "messageTitle": "Allow session list to be empty",
            "messageBody": "",
            "fileTypesAndContributionMap": {
              "functional-code": {
                "insertions": 149,
                "deletions": 26
              }
            }
          },
          {
            "hash": "b3c7bce27d1b454f4ddfb792c5110fe667e84e10",
            "messageTitle": "Edit tests to be compatible with new SessionExceptions",
            "messageBody": "",
            "fileTypesAndContributionMap": {
              "functional-code": {
                "insertions": 68,
                "deletions": 21
              },
              "test-code": {
                "insertions": 100,
                "deletions": 27
              }
            }
          },
          {
            "hash": "8cb26179235f85bd1d79acf76a812c2015ba1ee4",
            "messageTitle": "Add more tests to cover cases where SessionException is thrown",
            "messageBody": "",
            "fileTypesAndContributionMap": {
              "functional-code": {
                "insertions": 11,
                "deletions": 3
              },
              "test-code": {
                "insertions": 40,
                "deletions": 0
              }
            }
          }
        ]
      },
      {
        "date": "2020-10-28",
        "commitResults": [
          {
            "hash": "0c62fdadb9c4f873cea2381c6a6a054c6d5348e5",
            "messageTitle": "Update UserGuide.md with session and goto commands",
            "messageBody": "",
            "fileTypesAndContributionMap": {
              "docs": {
                "insertions": 28,
                "deletions": 9
              }
            }
          },
          {
            "hash": "712a2e6690a16ff0fee566035614e70dba364853",
            "messageTitle": "Fix checkstyle errors",
            "messageBody": "",
            "fileTypesAndContributionMap": {
              "functional-code": {
                "insertions": 8,
                "deletions": 7
              },
              "test-code": {
                "insertions": 8,
                "deletions": 9
              }
            }
          }
        ]
      }
    ],
    "jayarengam": [
      {
        "date": "2020-09-21",
        "commitResults": [
          {
            "hash": "8a8a8793bf725840ebe50af4e23e682cc4c2a48b",
            "messageTitle": "Update Developer Guide:",
            "messageBody": "- Complete use cases for v1.2\n- Update non-functional requirements\n",
            "fileTypesAndContributionMap": {
              "docs": {
                "insertions": 35,
                "deletions": 6
              }
            }
          },
          {
            "hash": "6ca25f7bbfeb9c548972f941883358d393440273",
            "messageTitle": "Developer Guide:",
            "messageBody": "- Fix typo relating to previous commit\n- Edit Value Proposition to reflect v1.2 features\n",
            "fileTypesAndContributionMap": {
              "docs": {
                "insertions": 2,
                "deletions": 3
              }
            }
          },
          {
            "hash": "10192041189c768d7b8d26cc05c88a61282cefb7",
            "messageTitle": "Add EOF newline to DeveloperGuide.md",
            "messageBody": "",
            "fileTypesAndContributionMap": {
              "docs": {
                "insertions": 1,
                "deletions": 1
              }
            }
          }
        ]
      },
      {
        "date": "2020-10-09",
        "commitResults": [
          {
            "hash": "9dff21641420f33c3d5f2585649bdf7c9a7951a1",
            "messageTitle": "Change preliminaries before implementing Storage",
            "messageBody": "- Update Use Cases in Developer guide\n- Fix bug in sample data\n- Add additional methods to Attendance, Storage and Storage Manager\n",
            "fileTypesAndContributionMap": {
              "functional-code": {
                "insertions": 24,
                "deletions": 1
              },
              "docs": {
                "insertions": 58,
                "deletions": 0
              }
            }
          },
          {
            "hash": "7f2736c2d40ef95fef9fa28bbb58eeb52d290f89",
            "messageTitle": "Implement saving and loading of Attendance to json",
            "messageBody": "Logic:\n- Add StoreAttendanceCommand and LoadAttendanceCommand,\n  and their respective parsers\n- Update LogicManager to pass Storage object to above commands\n  before execution\n\nModel:\n- Update Model to include getAttendanceList() and clearAttendance() methods\n\nStorage:\n- Add Jackson-compatible representations of Attendance and AttendanceList\n- Add saveAttendance and readAttendance methods to TaskMasterStorage\n",
            "fileTypesAndContributionMap": {
              "functional-code": {
                "insertions": 506,
                "deletions": 1
              },
              "test-code": {
                "insertions": 11,
                "deletions": 0
              }
            }
          }
        ]
      },
      {
        "date": "2020-10-13",
        "commitResults": [
          {
            "hash": "3888400c6e1ba443562454e1e6445d25cec5eab1",
            "messageTitle": "Fix bug in MarkCommandParser",
            "messageBody": "- Bug relates to NoSuchElementException not being caught if Attendance\n    type param is empty\n- Remove duplicate method in Attendance\n",
            "fileTypesAndContributionMap": {
              "functional-code": {
                "insertions": 4,
                "deletions": 6
              }
            }
          },
          {
            "hash": "554f075592241ded98acc39eca609eaf8fd13019",
            "messageTitle": "Update user guide",
            "messageBody": "",
            "fileTypesAndContributionMap": {
              "docs": {
                "insertions": 21,
                "deletions": 1
              }
            }
          },
          {
            "hash": "73a0934c874371f6369813023a93b4bbdcafb0dc",
            "messageTitle": "Update user guide",
            "messageBody": "",
            "fileTypesAndContributionMap": {
              "docs": {
                "insertions": 8,
                "deletions": 4
              }
            }
          }
        ]
      },
      {
        "date": "2020-10-14",
        "commitResults": [
          {
            "hash": "0517b0aa68b89a19d70550ff59d019dee3abadc1",
            "messageTitle": "Refactor Storage classes to use List\u003cAttendance\u003e instead of AttendanceList",
            "messageBody": "- Add methods to Taskmaster for use in storage-related Commands\n",
            "fileTypesAndContributionMap": {
              "functional-code": {
                "insertions": 115,
                "deletions": 47
              },
              "test-code": {
                "insertions": 22,
                "deletions": 2
              }
            }
          }
        ]
      },
      {
        "date": "2020-10-15",
        "commitResults": [
          {
            "hash": "b9408477814e3b20e2967e7a1fc514149f1e8910",
            "messageTitle": "Replace AddressBook icon with TAskmaster icon",
            "messageBody": "Update corresponding test in AppUtilTest\n",
            "fileTypesAndContributionMap": {
              "functional-code": {
                "insertions": 1,
                "deletions": 1
              },
              "test-code": {
                "insertions": 1,
                "deletions": 1
              }
            }
          },
          {
            "hash": "53c87dc066eaf1ffb93fe2287b35b0cc3e302bea",
            "messageTitle": "Change reference to file in UiManager.java",
            "messageBody": "",
            "fileTypesAndContributionMap": {
              "functional-code": {
                "insertions": 1,
                "deletions": 1
              }
            }
          }
        ]
      },
      {
        "date": "2020-10-22",
        "commitResults": [
          {
            "hash": "1724a87c0e237be34287151aa706fe6c011de80a",
            "messageTitle": "Update Developer Guide with design details",
            "messageBody": "- Design details for Storage of SessionList\n",
            "fileTypesAndContributionMap": {
              "docs": {
                "insertions": 42,
                "deletions": 7
              }
            }
          },
          {
            "hash": "b392702fcd03a26c3ffbf5e3ef450f2dc036f5a9",
            "messageTitle": "Add assertions and fix typo in StorageCommand",
            "messageBody": "",
            "fileTypesAndContributionMap": {
              "functional-code": {
                "insertions": 13,
                "deletions": 2
              },
              "test-code": {
                "insertions": 4,
                "deletions": 4
              }
            }
          },
          {
            "hash": "e363e0f2b223d12d75da151fc573fa5036bbbcdb",
            "messageTitle": "Revert \"Add additional assertions into LoadAttendanceCommandTest\"",
            "messageBody": "",
            "fileTypesAndContributionMap": {
              "test-code": {
                "insertions": 106,
                "deletions": 108
              }
            }
          }
        ]
      },
      {
        "date": "2020-10-23",
        "commitResults": [
          {
            "hash": "14fdcdcdcb8086ed73ace2ecc140046aac6841b4",
            "messageTitle": "Enable assertions in gradle",
            "messageBody": "",
            "fileTypesAndContributionMap": {
              "other": {
                "insertions": 4,
                "deletions": 0
              }
            }
          },
          {
            "hash": "452f84fec03a91324f53e3e1429dd039c69698e4",
            "messageTitle": "Tweak UML diagrams in DG",
            "messageBody": "",
            "fileTypesAndContributionMap": {
              "docs": {
                "insertions": 4,
                "deletions": 4
              }
            }
          }
        ]
      },
      {
        "date": "2020-10-29",
        "commitResults": [
          {
            "hash": "273b34b75fd18f97df9ea1300a9a8cc4044fb4fa",
            "messageTitle": "Implement Storage for SessionList and Session",
            "messageBody": "- Remove LoadAttendanceCommand and StoreAttendanceCommand\n- Remove storage for Attendance classes\n- Add Json equivalents for StudentRecord, Session, SessionList\n- Update MainApp to load SessionList from file on start\n- Update Model to save SessionList after commands are executed\n",
            "fileTypesAndContributionMap": {
              "functional-code": {
                "insertions": 296,
                "deletions": 373
              },
              "other": {
                "insertions": 20,
                "deletions": 8
              },
              "test-code": {
                "insertions": 40,
                "deletions": 125
              }
            }
          },
          {
            "hash": "18e3b6b7f174c2c1e6a04173b59176d6fef4bf49",
            "messageTitle": "Update Developer and User Guide",
            "messageBody": "",
            "fileTypesAndContributionMap": {
              "docs": {
                "insertions": 11,
                "deletions": 53
              }
            }
          },
          {
            "hash": "f8e9bb29252916c550005ca05442d221ac08dc28",
            "messageTitle": "Refactor Taskmaster instantiation",
            "messageBody": "- Refactor ensures that ReadOnlyTaskmaster maintains read-only property\n",
            "fileTypesAndContributionMap": {
              "functional-code": {
                "insertions": 11,
                "deletions": 10
              }
            }
          },
          {
            "hash": "4cd869fb9d0f2b347b868e5c82c01f4f16e162f8",
            "messageTitle": "Remove stray javadoc",
            "messageBody": "",
            "fileTypesAndContributionMap": {
              "functional-code": {
                "insertions": 0,
                "deletions": 6
              }
            }
          },
          {
            "hash": "0dd238675a471552d03828eff822d4fd23d0d825",
            "messageTitle": "Update Storage to store ClassParticipation",
            "messageBody": "",
            "fileTypesAndContributionMap": {
              "functional-code": {
                "insertions": 24,
                "deletions": 14
              },
              "test-code": {
                "insertions": 0,
                "deletions": 3
              }
            }
          },
          {
            "hash": "3a6abbd6fc7ca9d1b5bf43dc1264ceef9f83cfc2",
            "messageTitle": "Fix checkstyle errors",
            "messageBody": "",
            "fileTypesAndContributionMap": {
              "functional-code": {
                "insertions": 2,
                "deletions": 5
              }
            }
          }
        ]
      }
    ]
  },
  "authorFileTypeContributionMap": {
    "theodoreleebrant": {
      "docs": 212,
      "functional-code": 907,
      "test-code": 720,
      "other": 4
    },
    "sc-arecrow": {
      "docs": 211,
      "functional-code": 1342,
      "test-code": 1195,
      "other": 1
    },
    "jflim98": {
      "docs": 20,
      "functional-code": 702,
      "test-code": 10
    },
    "josuaaah": {
      "docs": 157,
      "functional-code": 1009,
      "test-code": 200,
      "other": 30
    },
    "jayarengam": {
      "docs": 101,
      "functional-code": 525,
      "test-code": 55,
      "other": 2
    }
  },
  "authorContributionVariance": {
    "theodoreleebrant": 96785.914,
    "sc-arecrow": 232423.72,
    "jflim98": 11894.344,
    "josuaaah": 22618.225,
    "jayarengam": 18468.414
  },
  "authorDisplayNameMap": {
    "theodoreleebrant": "CS2103-F09-1 THEO..RANT",
    "sc-arecrow": "CS2103-F09-1 GOH ..HIAK",
    "jflim98": "CS2103-F09-1 LIM ..FENG",
    "josuaaah": "CS2103-F09-1 JOSH..IANG",
    "jayarengam": "CS2103-F09-1 JAYA..NGAM"
  }
}
